ARM GAS  C:\Users\honor\AppData\Local\Temp\ccuWKR9G.s 			page 1


   1              		.cpu cortex-m4
   2              		.arch armv7e-m
   3              		.fpu fpv4-sp-d16
   4              		.eabi_attribute 27, 1
   5              		.eabi_attribute 28, 1
   6              		.eabi_attribute 20, 1
   7              		.eabi_attribute 21, 1
   8              		.eabi_attribute 23, 3
   9              		.eabi_attribute 24, 1
  10              		.eabi_attribute 25, 1
  11              		.eabi_attribute 26, 1
  12              		.eabi_attribute 30, 1
  13              		.eabi_attribute 34, 1
  14              		.eabi_attribute 18, 4
  15              		.file	"ax_oled_1305.c"
  16              		.text
  17              	.Ltext0:
  18              		.cfi_sections	.debug_frame
  19              		.section	.text.SPI_Send_Byte,"ax",%progbits
  20              		.align	1
  21              		.syntax unified
  22              		.thumb
  23              		.thumb_func
  25              	SPI_Send_Byte:
  26              	.LVL0:
  27              	.LFB256:
  28              		.file 1 "hal_bsp/hal/driver/spi_oled/ax_oled_1305.c"
   1:hal_bsp/hal/driver/spi_oled/ax_oled_1305.c **** /**
   2:hal_bsp/hal/driver/spi_oled/ax_oled_1305.c ****  *
   3:hal_bsp/hal/driver/spi_oled/ax_oled_1305.c ****  ******************************************************************************
   4:hal_bsp/hal/driver/spi_oled/ax_oled_1305.c ****  * @作  者  修改2026.1.18
   5:hal_bsp/hal/driver/spi_oled/ax_oled_1305.c ****  * @内  容  OLED显示驱动程序
   6:hal_bsp/hal/driver/spi_oled/ax_oled_1305.c ****  *
   7:hal_bsp/hal/driver/spi_oled/ax_oled_1305.c ****  * GND：接地引脚
   8:hal_bsp/hal/driver/spi_oled/ax_oled_1305.c ****  * VCC：接电源引脚，接3.3V直流电源
   9:hal_bsp/hal/driver/spi_oled/ax_oled_1305.c ****  * D0：SPI的时钟线SCLK（SCK）
  10:hal_bsp/hal/driver/spi_oled/ax_oled_1305.c ****  * D1：SPI的数据线SDIN (MOSI)
  11:hal_bsp/hal/driver/spi_oled/ax_oled_1305.c ****  * RES：复位接口，低电平初始化（复位），正常时高电平
  12:hal_bsp/hal/driver/spi_oled/ax_oled_1305.c ****  * DC：用来选择命令or数据，低电平命令，高电平数据（0:命令 1:数据）
  13:hal_bsp/hal/driver/spi_oled/ax_oled_1305.c ****  * CS：片选线，内部有上拉电阻，要做下拉使能低电平有效
  14:hal_bsp/hal/driver/spi_oled/ax_oled_1305.c ****  * CUBEMX 选择SPI接口，MODE:Transmit Only Master,16分频为5Mbps左右 MOSI:PA7/CSK:PB3
  15:hal_bsp/hal/driver/spi_oled/ax_oled_1305.c ****  * 需要增加两个GPIO，默认高电平，配置为下拉 定义DC和RES接口DC:PB4/RES:PB5
  16:hal_bsp/hal/driver/spi_oled/ax_oled_1305.c ****  *
  17:hal_bsp/hal/driver/spi_oled/ax_oled_1305.c ****  * 调用方法:
  18:hal_bsp/hal/driver/spi_oled/ax_oled_1305.c ****  * #include "ax_oled_1305.h"
  19:hal_bsp/hal/driver/spi_oled/ax_oled_1305.c ****  * AX_OLED_Init();
  20:hal_bsp/hal/driver/spi_oled/ax_oled_1305.c ****  * char* ch = "hello motor!";
  21:hal_bsp/hal/driver/spi_oled/ax_oled_1305.c ****  * AX_OLED_DispStr(0, 0, (uint8_t*)ch, 0);  // OLED指定位置显示ASCII字符串（6X8）
  22:hal_bsp/hal/driver/spi_oled/ax_oled_1305.c ****  ******************************************************************************
  23:hal_bsp/hal/driver/spi_oled/ax_oled_1305.c ****  */
  24:hal_bsp/hal/driver/spi_oled/ax_oled_1305.c **** 
  25:hal_bsp/hal/driver/spi_oled/ax_oled_1305.c **** #include "ax_oled_1305.h"
  26:hal_bsp/hal/driver/spi_oled/ax_oled_1305.c **** 
  27:hal_bsp/hal/driver/spi_oled/ax_oled_1305.c **** #include <math.h>
  28:hal_bsp/hal/driver/spi_oled/ax_oled_1305.c **** #include <stdio.h>
  29:hal_bsp/hal/driver/spi_oled/ax_oled_1305.c **** #include <string.h>
  30:hal_bsp/hal/driver/spi_oled/ax_oled_1305.c **** 
ARM GAS  C:\Users\honor\AppData\Local\Temp\ccuWKR9G.s 			page 2


  31:hal_bsp/hal/driver/spi_oled/ax_oled_1305.c **** #include "ax_oled_ascii.h"
  32:hal_bsp/hal/driver/spi_oled/ax_oled_1305.c **** #include "spi.h"
  33:hal_bsp/hal/driver/spi_oled/ax_oled_1305.c **** // OLED句柄定义
  34:hal_bsp/hal/driver/spi_oled/ax_oled_1305.c **** static AX_OLED_Config ax_oled_config = {0};
  35:hal_bsp/hal/driver/spi_oled/ax_oled_1305.c **** 
  36:hal_bsp/hal/driver/spi_oled/ax_oled_1305.c **** //  函数定义
  37:hal_bsp/hal/driver/spi_oled/ax_oled_1305.c **** static void OLED_Set_GPIO_DC(uint8_t dc);
  38:hal_bsp/hal/driver/spi_oled/ax_oled_1305.c **** static void OLED_Set_GPIO_RST(uint8_t rst);
  39:hal_bsp/hal/driver/spi_oled/ax_oled_1305.c **** static uint8_t SPI_Send_Byte(uint8_t dat);
  40:hal_bsp/hal/driver/spi_oled/ax_oled_1305.c **** static void OLED_WriteCmd(uint8_t data);
  41:hal_bsp/hal/driver/spi_oled/ax_oled_1305.c **** static void OLED_WriteData(uint8_t data);
  42:hal_bsp/hal/driver/spi_oled/ax_oled_1305.c **** static void OLED_Set_Pos(uint8_t x, uint8_t y);
  43:hal_bsp/hal/driver/spi_oled/ax_oled_1305.c **** 
  44:hal_bsp/hal/driver/spi_oled/ax_oled_1305.c **** static void OLED_Set_GPIO_DC(uint8_t dc) {
  45:hal_bsp/hal/driver/spi_oled/ax_oled_1305.c ****     if (dc) {
  46:hal_bsp/hal/driver/spi_oled/ax_oled_1305.c ****         HAL_GPIO_WritePin(ax_oled_config.dc_gpio_port, ax_oled_config.dc_gpio_pin, GPIO_PIN_SET);
  47:hal_bsp/hal/driver/spi_oled/ax_oled_1305.c ****     } else {
  48:hal_bsp/hal/driver/spi_oled/ax_oled_1305.c ****         HAL_GPIO_WritePin(ax_oled_config.dc_gpio_port, ax_oled_config.dc_gpio_pin, GPIO_PIN_RESET);
  49:hal_bsp/hal/driver/spi_oled/ax_oled_1305.c ****     }
  50:hal_bsp/hal/driver/spi_oled/ax_oled_1305.c **** }
  51:hal_bsp/hal/driver/spi_oled/ax_oled_1305.c **** 
  52:hal_bsp/hal/driver/spi_oled/ax_oled_1305.c **** static void OLED_Set_GPIO_RST(uint8_t rst) {
  53:hal_bsp/hal/driver/spi_oled/ax_oled_1305.c ****     if (rst) {
  54:hal_bsp/hal/driver/spi_oled/ax_oled_1305.c ****         HAL_GPIO_WritePin(ax_oled_config.reset_gpio_port, ax_oled_config.reset_gpio_pin, GPIO_PIN_S
  55:hal_bsp/hal/driver/spi_oled/ax_oled_1305.c ****     } else {
  56:hal_bsp/hal/driver/spi_oled/ax_oled_1305.c ****         HAL_GPIO_WritePin(ax_oled_config.reset_gpio_port, ax_oled_config.reset_gpio_pin, GPIO_PIN_R
  57:hal_bsp/hal/driver/spi_oled/ax_oled_1305.c ****     }
  58:hal_bsp/hal/driver/spi_oled/ax_oled_1305.c **** }
  59:hal_bsp/hal/driver/spi_oled/ax_oled_1305.c **** 
  60:hal_bsp/hal/driver/spi_oled/ax_oled_1305.c **** /**
  61:hal_bsp/hal/driver/spi_oled/ax_oled_1305.c ****  * @简  述  OLED初始化
  62:hal_bsp/hal/driver/spi_oled/ax_oled_1305.c ****  * @参  数  无
  63:hal_bsp/hal/driver/spi_oled/ax_oled_1305.c ****  * @返回值  无
  64:hal_bsp/hal/driver/spi_oled/ax_oled_1305.c ****  */
  65:hal_bsp/hal/driver/spi_oled/ax_oled_1305.c **** void AX_OLED_Init(AX_OLED_Config* config) {
  66:hal_bsp/hal/driver/spi_oled/ax_oled_1305.c ****     // 深拷贝配置
  67:hal_bsp/hal/driver/spi_oled/ax_oled_1305.c ****     ax_oled_config.hspi = config->hspi;
  68:hal_bsp/hal/driver/spi_oled/ax_oled_1305.c ****     ax_oled_config.reset_gpio_port = config->reset_gpio_port;
  69:hal_bsp/hal/driver/spi_oled/ax_oled_1305.c ****     ax_oled_config.reset_gpio_pin = config->reset_gpio_pin;
  70:hal_bsp/hal/driver/spi_oled/ax_oled_1305.c ****     ax_oled_config.dc_gpio_port = config->dc_gpio_port;
  71:hal_bsp/hal/driver/spi_oled/ax_oled_1305.c ****     ax_oled_config.dc_gpio_pin = config->dc_gpio_pin;
  72:hal_bsp/hal/driver/spi_oled/ax_oled_1305.c **** 
  73:hal_bsp/hal/driver/spi_oled/ax_oled_1305.c ****     //__HAL_SPI_ENABLE(&hspi1);//已经自动开启
  74:hal_bsp/hal/driver/spi_oled/ax_oled_1305.c **** 
  75:hal_bsp/hal/driver/spi_oled/ax_oled_1305.c ****     // 启动传输
  76:hal_bsp/hal/driver/spi_oled/ax_oled_1305.c ****     SPI_Send_Byte(0xff);
  77:hal_bsp/hal/driver/spi_oled/ax_oled_1305.c **** 
  78:hal_bsp/hal/driver/spi_oled/ax_oled_1305.c ****     // 配置DC和RES引脚为输出
  79:hal_bsp/hal/driver/spi_oled/ax_oled_1305.c ****     OLED_Set_GPIO_RST(1);
  80:hal_bsp/hal/driver/spi_oled/ax_oled_1305.c ****     HAL_Delay(100);
  81:hal_bsp/hal/driver/spi_oled/ax_oled_1305.c ****     OLED_Set_GPIO_RST(0);
  82:hal_bsp/hal/driver/spi_oled/ax_oled_1305.c ****     HAL_Delay(200);
  83:hal_bsp/hal/driver/spi_oled/ax_oled_1305.c ****     OLED_Set_GPIO_RST(1);
  84:hal_bsp/hal/driver/spi_oled/ax_oled_1305.c **** 
  85:hal_bsp/hal/driver/spi_oled/ax_oled_1305.c ****     OLED_WriteCmd(0xAE);  //--turn off oled panel
  86:hal_bsp/hal/driver/spi_oled/ax_oled_1305.c ****     OLED_WriteCmd(0x00);  //---set low column address
  87:hal_bsp/hal/driver/spi_oled/ax_oled_1305.c ****     OLED_WriteCmd(0x10);  //---set high column address
ARM GAS  C:\Users\honor\AppData\Local\Temp\ccuWKR9G.s 			page 3


  88:hal_bsp/hal/driver/spi_oled/ax_oled_1305.c ****     OLED_WriteCmd(0x40);  //--set start line address  Set Mapping RAM Display Start Line (0x00~0x3F
  89:hal_bsp/hal/driver/spi_oled/ax_oled_1305.c ****     OLED_WriteCmd(0x81);  //--set contrast control register
  90:hal_bsp/hal/driver/spi_oled/ax_oled_1305.c ****     OLED_WriteCmd(0xEF);  // Set SEG Output Current Brightness
  91:hal_bsp/hal/driver/spi_oled/ax_oled_1305.c ****     OLED_WriteCmd(0xA1);  //--Set SEG/Column Mapping     0xa0左右反置 0xa1正常
  92:hal_bsp/hal/driver/spi_oled/ax_oled_1305.c ****     OLED_WriteCmd(0xC8);  // Set COM/Row Scan Direction   0xc0上下反置 0xc8正常
  93:hal_bsp/hal/driver/spi_oled/ax_oled_1305.c ****     OLED_WriteCmd(0xA6);  //--set normal display
  94:hal_bsp/hal/driver/spi_oled/ax_oled_1305.c ****     OLED_WriteCmd(0xA8);  //--set multiplex ratio(1 to 64)
  95:hal_bsp/hal/driver/spi_oled/ax_oled_1305.c ****     OLED_WriteCmd(0x3f);  //--1/64 duty
  96:hal_bsp/hal/driver/spi_oled/ax_oled_1305.c ****     OLED_WriteCmd(0xD3);  //-set display offset	Shift Mapping RAM Counter (0x00~0x3F)
  97:hal_bsp/hal/driver/spi_oled/ax_oled_1305.c ****     OLED_WriteCmd(0x00);  //-not offset
  98:hal_bsp/hal/driver/spi_oled/ax_oled_1305.c ****     OLED_WriteCmd(0xd5);  //--set display clock divide ratio/oscillator frequency
  99:hal_bsp/hal/driver/spi_oled/ax_oled_1305.c ****     OLED_WriteCmd(0x80);  //--set divide ratio, Set Clock as 100 Frames/Sec
 100:hal_bsp/hal/driver/spi_oled/ax_oled_1305.c ****     OLED_WriteCmd(0xD9);  //--set pre-charge period
 101:hal_bsp/hal/driver/spi_oled/ax_oled_1305.c ****     OLED_WriteCmd(0xF1);  // Set Pre-Charge as 15 Clocks & Discharge as 1 Clock
 102:hal_bsp/hal/driver/spi_oled/ax_oled_1305.c ****     OLED_WriteCmd(0xDA);  //--set com pins hardware configuration
 103:hal_bsp/hal/driver/spi_oled/ax_oled_1305.c ****     OLED_WriteCmd(0x12);
 104:hal_bsp/hal/driver/spi_oled/ax_oled_1305.c ****     OLED_WriteCmd(0xDB);  //--set vcomh
 105:hal_bsp/hal/driver/spi_oled/ax_oled_1305.c ****     OLED_WriteCmd(0x40);  // Set VCOM Deselect Level
 106:hal_bsp/hal/driver/spi_oled/ax_oled_1305.c ****     OLED_WriteCmd(0x20);  //-Set Page Addressing Mode (0x00/0x01/0x02)
 107:hal_bsp/hal/driver/spi_oled/ax_oled_1305.c ****     OLED_WriteCmd(0x02);  //
 108:hal_bsp/hal/driver/spi_oled/ax_oled_1305.c ****     OLED_WriteCmd(0x8D);  //--set Charge Pump enable/disable
 109:hal_bsp/hal/driver/spi_oled/ax_oled_1305.c ****     OLED_WriteCmd(0x14);  //--set(0x10) disable
 110:hal_bsp/hal/driver/spi_oled/ax_oled_1305.c ****     OLED_WriteCmd(0xA4);  // Disable Entire Display On (0xa4/0xa5)
 111:hal_bsp/hal/driver/spi_oled/ax_oled_1305.c ****     OLED_WriteCmd(0xA6);  // Disable Inverse Display On (0xa6/a7)
 112:hal_bsp/hal/driver/spi_oled/ax_oled_1305.c ****     OLED_WriteCmd(0xAF);  //--turn on oled panel
 113:hal_bsp/hal/driver/spi_oled/ax_oled_1305.c **** 
 114:hal_bsp/hal/driver/spi_oled/ax_oled_1305.c ****     AX_OLED_ClearScreen();
 115:hal_bsp/hal/driver/spi_oled/ax_oled_1305.c **** }
 116:hal_bsp/hal/driver/spi_oled/ax_oled_1305.c **** 
 117:hal_bsp/hal/driver/spi_oled/ax_oled_1305.c **** /**
 118:hal_bsp/hal/driver/spi_oled/ax_oled_1305.c ****  * @简  述  OLED屏幕清除
 119:hal_bsp/hal/driver/spi_oled/ax_oled_1305.c ****  * @参  数  无
 120:hal_bsp/hal/driver/spi_oled/ax_oled_1305.c ****  * @返回值	 无
 121:hal_bsp/hal/driver/spi_oled/ax_oled_1305.c ****  */
 122:hal_bsp/hal/driver/spi_oled/ax_oled_1305.c **** void AX_OLED_ClearScreen(void) {
 123:hal_bsp/hal/driver/spi_oled/ax_oled_1305.c ****     uint8_t i, n;
 124:hal_bsp/hal/driver/spi_oled/ax_oled_1305.c ****     for (i = 0; i < 8; i++) {
 125:hal_bsp/hal/driver/spi_oled/ax_oled_1305.c ****         OLED_WriteCmd(0xb0 + i);  // 设置页地址（0~7）
 126:hal_bsp/hal/driver/spi_oled/ax_oled_1305.c ****         OLED_WriteCmd(0x00);      // 设置显示位置—列低地址
 127:hal_bsp/hal/driver/spi_oled/ax_oled_1305.c ****         OLED_WriteCmd(0x10);      // 设置显示位置—列高地址
 128:hal_bsp/hal/driver/spi_oled/ax_oled_1305.c ****         for (n = 0; n < 128; n++)
 129:hal_bsp/hal/driver/spi_oled/ax_oled_1305.c ****             OLED_WriteData(0);
 130:hal_bsp/hal/driver/spi_oled/ax_oled_1305.c ****     }  // 更新显示
 131:hal_bsp/hal/driver/spi_oled/ax_oled_1305.c **** }
 132:hal_bsp/hal/driver/spi_oled/ax_oled_1305.c **** 
 133:hal_bsp/hal/driver/spi_oled/ax_oled_1305.c **** /**
 134:hal_bsp/hal/driver/spi_oled/ax_oled_1305.c ****  * @简  述  OLED指定位置显示一个ASCII字符（6X8）
 135:hal_bsp/hal/driver/spi_oled/ax_oled_1305.c ****  * @参  数  x：横坐标 0~123，超出范围不显示
 136:hal_bsp/hal/driver/spi_oled/ax_oled_1305.c ****  *          y：纵坐标 0~6，超出范围不显示
 137:hal_bsp/hal/driver/spi_oled/ax_oled_1305.c ****  *          ch：显示字符
 138:hal_bsp/hal/driver/spi_oled/ax_oled_1305.c ****  *          mode：显示模式，0-正常显示，1-反白显示
 139:hal_bsp/hal/driver/spi_oled/ax_oled_1305.c ****  * @返回值
 140:hal_bsp/hal/driver/spi_oled/ax_oled_1305.c ****  */
 141:hal_bsp/hal/driver/spi_oled/ax_oled_1305.c **** void AX_OLED_DispChar(uint8_t x, uint8_t y, uint8_t ch, uint8_t mode) {
 142:hal_bsp/hal/driver/spi_oled/ax_oled_1305.c ****     uint8_t c = 0, i = 0;
 143:hal_bsp/hal/driver/spi_oled/ax_oled_1305.c **** 
 144:hal_bsp/hal/driver/spi_oled/ax_oled_1305.c ****     c = ch - ' ';  // 得到偏移后的值
ARM GAS  C:\Users\honor\AppData\Local\Temp\ccuWKR9G.s 			page 4


 145:hal_bsp/hal/driver/spi_oled/ax_oled_1305.c **** 
 146:hal_bsp/hal/driver/spi_oled/ax_oled_1305.c ****     // 显示范围控制，超出部分不显示
 147:hal_bsp/hal/driver/spi_oled/ax_oled_1305.c ****     if ((x < 123) && (y < 8)) {
 148:hal_bsp/hal/driver/spi_oled/ax_oled_1305.c ****         if (mode != 0) {
 149:hal_bsp/hal/driver/spi_oled/ax_oled_1305.c ****             OLED_Set_Pos(x, y);
 150:hal_bsp/hal/driver/spi_oled/ax_oled_1305.c ****             for (i = 0; i < 6; i++)
 151:hal_bsp/hal/driver/spi_oled/ax_oled_1305.c ****                 OLED_WriteData(~ASCII6X8[c * 6 + i]);
 152:hal_bsp/hal/driver/spi_oled/ax_oled_1305.c ****         } else {
 153:hal_bsp/hal/driver/spi_oled/ax_oled_1305.c ****             OLED_Set_Pos(x, y);
 154:hal_bsp/hal/driver/spi_oled/ax_oled_1305.c ****             for (i = 0; i < 6; i++)
 155:hal_bsp/hal/driver/spi_oled/ax_oled_1305.c ****                 OLED_WriteData(ASCII6X8[c * 6 + i]);
 156:hal_bsp/hal/driver/spi_oled/ax_oled_1305.c ****         }
 157:hal_bsp/hal/driver/spi_oled/ax_oled_1305.c ****     }
 158:hal_bsp/hal/driver/spi_oled/ax_oled_1305.c **** }
 159:hal_bsp/hal/driver/spi_oled/ax_oled_1305.c **** 
 160:hal_bsp/hal/driver/spi_oled/ax_oled_1305.c **** /**
 161:hal_bsp/hal/driver/spi_oled/ax_oled_1305.c ****  * @简  述  OLED指定位置显示ASCII字符串（8X16）,自动换行。
 162:hal_bsp/hal/driver/spi_oled/ax_oled_1305.c ****  * @参  数  x：横坐标 0~123，超出范围不显示
 163:hal_bsp/hal/driver/spi_oled/ax_oled_1305.c ****  *          y：纵坐标 0~7，超出范围不显示
 164:hal_bsp/hal/driver/spi_oled/ax_oled_1305.c ****  *          ch：字符串指针
 165:hal_bsp/hal/driver/spi_oled/ax_oled_1305.c ****  *          mode：显示模式，0-正常显示，1-反白显示
 166:hal_bsp/hal/driver/spi_oled/ax_oled_1305.c ****  * @返回值
 167:hal_bsp/hal/driver/spi_oled/ax_oled_1305.c ****  */
 168:hal_bsp/hal/driver/spi_oled/ax_oled_1305.c **** void AX_OLED_DispStr(uint8_t x, uint8_t y, uint8_t* ch, uint8_t mode) {
 169:hal_bsp/hal/driver/spi_oled/ax_oled_1305.c ****     uint8_t j = 0;
 170:hal_bsp/hal/driver/spi_oled/ax_oled_1305.c **** 
 171:hal_bsp/hal/driver/spi_oled/ax_oled_1305.c ****     if ((x < 123) && (y < 8)) {
 172:hal_bsp/hal/driver/spi_oled/ax_oled_1305.c ****         while (ch[j] != '\0') {
 173:hal_bsp/hal/driver/spi_oled/ax_oled_1305.c ****             AX_OLED_DispChar(x, y, ch[j], mode);
 174:hal_bsp/hal/driver/spi_oled/ax_oled_1305.c ****             x += 6;
 175:hal_bsp/hal/driver/spi_oled/ax_oled_1305.c **** 
 176:hal_bsp/hal/driver/spi_oled/ax_oled_1305.c ****             if (x > 122) {
 177:hal_bsp/hal/driver/spi_oled/ax_oled_1305.c ****                 x = 0;
 178:hal_bsp/hal/driver/spi_oled/ax_oled_1305.c ****                 y += 1;  // 当y>6时，超出部分不再显示
 179:hal_bsp/hal/driver/spi_oled/ax_oled_1305.c ****             }
 180:hal_bsp/hal/driver/spi_oled/ax_oled_1305.c ****             j++;
 181:hal_bsp/hal/driver/spi_oled/ax_oled_1305.c ****         }
 182:hal_bsp/hal/driver/spi_oled/ax_oled_1305.c ****     }
 183:hal_bsp/hal/driver/spi_oled/ax_oled_1305.c **** }
 184:hal_bsp/hal/driver/spi_oled/ax_oled_1305.c **** /**
 185:hal_bsp/hal/driver/spi_oled/ax_oled_1305.c ****  * @简  述  OLED指定位置显示一个数字（8X16）
 186:hal_bsp/hal/driver/spi_oled/ax_oled_1305.c ****  * @参  数  x：横坐标 0~120，超出范围不显示
 187:hal_bsp/hal/driver/spi_oled/ax_oled_1305.c ****  *          y：纵坐标 0~6，超出范围不显示
 188:hal_bsp/hal/driver/spi_oled/ax_oled_1305.c ****  *          num：显示的数字
 189:hal_bsp/hal/driver/spi_oled/ax_oled_1305.c ****  *          mode：显示模式，0-正常显示，1-反白显示
 190:hal_bsp/hal/driver/spi_oled/ax_oled_1305.c ****  * @返回值
 191:hal_bsp/hal/driver/spi_oled/ax_oled_1305.c ****  */
 192:hal_bsp/hal/driver/spi_oled/ax_oled_1305.c **** void AX_OLED_DispNum(uint8_t x, uint8_t y, uint8_t num, uint8_t mode)  // 显示单个数字
 193:hal_bsp/hal/driver/spi_oled/ax_oled_1305.c **** {
 194:hal_bsp/hal/driver/spi_oled/ax_oled_1305.c ****     if (num < 10) {
 195:hal_bsp/hal/driver/spi_oled/ax_oled_1305.c ****         AX_OLED_DispChar(x, y, ('0' + num), mode);
 196:hal_bsp/hal/driver/spi_oled/ax_oled_1305.c ****     }
 197:hal_bsp/hal/driver/spi_oled/ax_oled_1305.c **** }
 198:hal_bsp/hal/driver/spi_oled/ax_oled_1305.c **** 
 199:hal_bsp/hal/driver/spi_oled/ax_oled_1305.c **** /**
 200:hal_bsp/hal/driver/spi_oled/ax_oled_1305.c ****  * @简  述  OLED指定位置显示整数值（可显示负数）
 201:hal_bsp/hal/driver/spi_oled/ax_oled_1305.c ****  * @参  数  x：横坐标 0~122，超出范围不显示
ARM GAS  C:\Users\honor\AppData\Local\Temp\ccuWKR9G.s 			page 5


 202:hal_bsp/hal/driver/spi_oled/ax_oled_1305.c ****  *          y：纵坐标 0~7，超出范围不显示
 203:hal_bsp/hal/driver/spi_oled/ax_oled_1305.c ****  *          value：显示的整数值，32位有符号整型
 204:hal_bsp/hal/driver/spi_oled/ax_oled_1305.c ****  *          digits：显示的数字位数（包含负号位置，如-123需要4位）
 205:hal_bsp/hal/driver/spi_oled/ax_oled_1305.c ****  *          mode：显示模式，0-正常显示，1-反白显示
 206:hal_bsp/hal/driver/spi_oled/ax_oled_1305.c ****  * @说  明  1. 如果显示负数，digits参数需要包含负号占用的位置
 207:hal_bsp/hal/driver/spi_oled/ax_oled_1305.c ****  *          2. 如果实际位数少于digits，会在左侧用0填充
 208:hal_bsp/hal/driver/spi_oled/ax_oled_1305.c ****  *          3. 如果实际位数多于digits，只会显示最低的digits位
 209:hal_bsp/hal/driver/spi_oled/ax_oled_1305.c ****  * @返回值  无
 210:hal_bsp/hal/driver/spi_oled/ax_oled_1305.c ****  */
 211:hal_bsp/hal/driver/spi_oled/ax_oled_1305.c **** void AX_OLED_DispInteger(uint8_t x, uint8_t y, int32_t value,
 212:hal_bsp/hal/driver/spi_oled/ax_oled_1305.c ****                          uint8_t digits, uint8_t mode) {
 213:hal_bsp/hal/driver/spi_oled/ax_oled_1305.c ****     uint8_t num_digits[10] = {0};  // 存储每一位数字
 214:hal_bsp/hal/driver/spi_oled/ax_oled_1305.c ****     uint8_t i;
 215:hal_bsp/hal/driver/spi_oled/ax_oled_1305.c ****     uint32_t temp;
 216:hal_bsp/hal/driver/spi_oled/ax_oled_1305.c ****     uint8_t start_x = x;
 217:hal_bsp/hal/driver/spi_oled/ax_oled_1305.c ****     uint8_t actual_digits = 0;
 218:hal_bsp/hal/driver/spi_oled/ax_oled_1305.c **** 
 219:hal_bsp/hal/driver/spi_oled/ax_oled_1305.c ****     // 参数检查
 220:hal_bsp/hal/driver/spi_oled/ax_oled_1305.c ****     if (digits == 0 || digits > 10) {
 221:hal_bsp/hal/driver/spi_oled/ax_oled_1305.c ****         return;  // 参数错误，直接返回
 222:hal_bsp/hal/driver/spi_oled/ax_oled_1305.c ****     }
 223:hal_bsp/hal/driver/spi_oled/ax_oled_1305.c **** 
 224:hal_bsp/hal/driver/spi_oled/ax_oled_1305.c ****     // 处理负数和提取数字
 225:hal_bsp/hal/driver/spi_oled/ax_oled_1305.c ****     if (value < 0) {
 226:hal_bsp/hal/driver/spi_oled/ax_oled_1305.c ****         // 显示负号
 227:hal_bsp/hal/driver/spi_oled/ax_oled_1305.c ****         AX_OLED_DispChar(start_x, y, '-', mode);
 228:hal_bsp/hal/driver/spi_oled/ax_oled_1305.c ****         start_x += 6;  // 负号占用一个字符宽度
 229:hal_bsp/hal/driver/spi_oled/ax_oled_1305.c **** 
 230:hal_bsp/hal/driver/spi_oled/ax_oled_1305.c ****         // 计算实际需要显示的数字位数（不包括负号）
 231:hal_bsp/hal/driver/spi_oled/ax_oled_1305.c ****         uint8_t num_digits_needed = digits - 1;
 232:hal_bsp/hal/driver/spi_oled/ax_oled_1305.c **** 
 233:hal_bsp/hal/driver/spi_oled/ax_oled_1305.c ****         // 提取绝对值
 234:hal_bsp/hal/driver/spi_oled/ax_oled_1305.c ****         temp = (uint32_t)(-value);
 235:hal_bsp/hal/driver/spi_oled/ax_oled_1305.c **** 
 236:hal_bsp/hal/driver/spi_oled/ax_oled_1305.c ****         // 提取每一位数字（从低位到高位）
 237:hal_bsp/hal/driver/spi_oled/ax_oled_1305.c ****         for (i = 0; i < num_digits_needed; i++) {
 238:hal_bsp/hal/driver/spi_oled/ax_oled_1305.c ****             num_digits[i] = temp % 10;
 239:hal_bsp/hal/driver/spi_oled/ax_oled_1305.c ****             temp /= 10;
 240:hal_bsp/hal/driver/spi_oled/ax_oled_1305.c ****             if (temp == 0) {
 241:hal_bsp/hal/driver/spi_oled/ax_oled_1305.c ****                 break;
 242:hal_bsp/hal/driver/spi_oled/ax_oled_1305.c ****             }
 243:hal_bsp/hal/driver/spi_oled/ax_oled_1305.c ****         }
 244:hal_bsp/hal/driver/spi_oled/ax_oled_1305.c **** 
 245:hal_bsp/hal/driver/spi_oled/ax_oled_1305.c ****         // 从最高位开始显示数字
 246:hal_bsp/hal/driver/spi_oled/ax_oled_1305.c ****         for (i = 0; i < num_digits_needed; i++) {
 247:hal_bsp/hal/driver/spi_oled/ax_oled_1305.c ****             uint8_t digit_index = num_digits_needed - i - 1;
 248:hal_bsp/hal/driver/spi_oled/ax_oled_1305.c ****             AX_OLED_DispNum(start_x + (i * 6), y,
 249:hal_bsp/hal/driver/spi_oled/ax_oled_1305.c ****                             num_digits[digit_index], mode);
 250:hal_bsp/hal/driver/spi_oled/ax_oled_1305.c ****         }
 251:hal_bsp/hal/driver/spi_oled/ax_oled_1305.c ****     } else {
 252:hal_bsp/hal/driver/spi_oled/ax_oled_1305.c ****         // 处理正数
 253:hal_bsp/hal/driver/spi_oled/ax_oled_1305.c ****         temp = (uint32_t)value;
 254:hal_bsp/hal/driver/spi_oled/ax_oled_1305.c **** 
 255:hal_bsp/hal/driver/spi_oled/ax_oled_1305.c ****         // 提取每一位数字（从低位到高位）
 256:hal_bsp/hal/driver/spi_oled/ax_oled_1305.c ****         for (i = 0; i < digits; i++) {
 257:hal_bsp/hal/driver/spi_oled/ax_oled_1305.c ****             num_digits[i] = temp % 10;
 258:hal_bsp/hal/driver/spi_oled/ax_oled_1305.c ****             temp /= 10;
ARM GAS  C:\Users\honor\AppData\Local\Temp\ccuWKR9G.s 			page 6


 259:hal_bsp/hal/driver/spi_oled/ax_oled_1305.c ****             actual_digits++;
 260:hal_bsp/hal/driver/spi_oled/ax_oled_1305.c ****             if (temp == 0) {
 261:hal_bsp/hal/driver/spi_oled/ax_oled_1305.c ****                 break;
 262:hal_bsp/hal/driver/spi_oled/ax_oled_1305.c ****             }
 263:hal_bsp/hal/driver/spi_oled/ax_oled_1305.c ****         }
 264:hal_bsp/hal/driver/spi_oled/ax_oled_1305.c **** 
 265:hal_bsp/hal/driver/spi_oled/ax_oled_1305.c ****         // 如果实际位数少于要求位数，用0填充
 266:hal_bsp/hal/driver/spi_oled/ax_oled_1305.c ****         for (i = actual_digits; i < digits; i++) {
 267:hal_bsp/hal/driver/spi_oled/ax_oled_1305.c ****             num_digits[i] = 0;
 268:hal_bsp/hal/driver/spi_oled/ax_oled_1305.c ****         }
 269:hal_bsp/hal/driver/spi_oled/ax_oled_1305.c **** 
 270:hal_bsp/hal/driver/spi_oled/ax_oled_1305.c ****         // 从最高位开始显示数字
 271:hal_bsp/hal/driver/spi_oled/ax_oled_1305.c ****         for (i = 0; i < digits; i++) {
 272:hal_bsp/hal/driver/spi_oled/ax_oled_1305.c ****             uint8_t digit_index = digits - i - 1;
 273:hal_bsp/hal/driver/spi_oled/ax_oled_1305.c ****             AX_OLED_DispNum(start_x + (i * 6), y,
 274:hal_bsp/hal/driver/spi_oled/ax_oled_1305.c ****                             num_digits[digit_index], mode);
 275:hal_bsp/hal/driver/spi_oled/ax_oled_1305.c ****         }
 276:hal_bsp/hal/driver/spi_oled/ax_oled_1305.c ****     }
 277:hal_bsp/hal/driver/spi_oled/ax_oled_1305.c **** }
 278:hal_bsp/hal/driver/spi_oled/ax_oled_1305.c **** 
 279:hal_bsp/hal/driver/spi_oled/ax_oled_1305.c **** /**
 280:hal_bsp/hal/driver/spi_oled/ax_oled_1305.c ****  * @简  述  OLED指定位置显示一个ASCII字符（8X16）
 281:hal_bsp/hal/driver/spi_oled/ax_oled_1305.c ****  * @参  数  x：横坐标 0~120，超出范围不显示
 282:hal_bsp/hal/driver/spi_oled/ax_oled_1305.c ****  *          y：纵坐标 0~6，超出范围不显示
 283:hal_bsp/hal/driver/spi_oled/ax_oled_1305.c ****  *          ch：显示字符
 284:hal_bsp/hal/driver/spi_oled/ax_oled_1305.c ****  *          mode：显示模式，0-正常显示，1-反白显示
 285:hal_bsp/hal/driver/spi_oled/ax_oled_1305.c ****  * @返回值
 286:hal_bsp/hal/driver/spi_oled/ax_oled_1305.c ****  */
 287:hal_bsp/hal/driver/spi_oled/ax_oled_1305.c **** void AX_OLED_Disp16Char(uint8_t x, uint8_t y, uint8_t ch, uint8_t mode) {
 288:hal_bsp/hal/driver/spi_oled/ax_oled_1305.c ****     uint8_t c = 0, i = 0;
 289:hal_bsp/hal/driver/spi_oled/ax_oled_1305.c **** 
 290:hal_bsp/hal/driver/spi_oled/ax_oled_1305.c ****     c = ch - ' ';  // 得到偏移后的值
 291:hal_bsp/hal/driver/spi_oled/ax_oled_1305.c **** 
 292:hal_bsp/hal/driver/spi_oled/ax_oled_1305.c ****     // 显示范围控制，超出部分不显示
 293:hal_bsp/hal/driver/spi_oled/ax_oled_1305.c ****     if ((x < 121) && (y < 7)) {
 294:hal_bsp/hal/driver/spi_oled/ax_oled_1305.c ****         if (mode != 0) {
 295:hal_bsp/hal/driver/spi_oled/ax_oled_1305.c ****             OLED_Set_Pos(x, y);
 296:hal_bsp/hal/driver/spi_oled/ax_oled_1305.c ****             for (i = 0; i < 8; i++)
 297:hal_bsp/hal/driver/spi_oled/ax_oled_1305.c ****                 OLED_WriteData(~ASCII8X16[c * 16 + i]);
 298:hal_bsp/hal/driver/spi_oled/ax_oled_1305.c ****             OLED_Set_Pos(x, y + 1);
 299:hal_bsp/hal/driver/spi_oled/ax_oled_1305.c ****             for (i = 0; i < 8; i++)
 300:hal_bsp/hal/driver/spi_oled/ax_oled_1305.c ****                 OLED_WriteData(~ASCII8X16[c * 16 + i + 8]);
 301:hal_bsp/hal/driver/spi_oled/ax_oled_1305.c ****         } else {
 302:hal_bsp/hal/driver/spi_oled/ax_oled_1305.c ****             OLED_Set_Pos(x, y);
 303:hal_bsp/hal/driver/spi_oled/ax_oled_1305.c ****             for (i = 0; i < 8; i++)
 304:hal_bsp/hal/driver/spi_oled/ax_oled_1305.c ****                 OLED_WriteData(ASCII8X16[c * 16 + i]);
 305:hal_bsp/hal/driver/spi_oled/ax_oled_1305.c ****             OLED_Set_Pos(x, y + 1);
 306:hal_bsp/hal/driver/spi_oled/ax_oled_1305.c ****             for (i = 0; i < 8; i++)
 307:hal_bsp/hal/driver/spi_oled/ax_oled_1305.c ****                 OLED_WriteData(ASCII8X16[c * 16 + i + 8]);
 308:hal_bsp/hal/driver/spi_oled/ax_oled_1305.c ****         }
 309:hal_bsp/hal/driver/spi_oled/ax_oled_1305.c ****     }
 310:hal_bsp/hal/driver/spi_oled/ax_oled_1305.c **** }
 311:hal_bsp/hal/driver/spi_oled/ax_oled_1305.c **** 
 312:hal_bsp/hal/driver/spi_oled/ax_oled_1305.c **** /**
 313:hal_bsp/hal/driver/spi_oled/ax_oled_1305.c ****  * @简  述  OLED指定位置显示ASCII字符串（8X16）,自动换行。
 314:hal_bsp/hal/driver/spi_oled/ax_oled_1305.c ****  * @参  数  x：横坐标 0~120，超出范围不显示
 315:hal_bsp/hal/driver/spi_oled/ax_oled_1305.c ****  *          y：纵坐标 0~6，超出范围不显示
ARM GAS  C:\Users\honor\AppData\Local\Temp\ccuWKR9G.s 			page 7


 316:hal_bsp/hal/driver/spi_oled/ax_oled_1305.c ****  *          ch：字符串指针
 317:hal_bsp/hal/driver/spi_oled/ax_oled_1305.c ****  *          mode：显示模式，0-正常显示，1-反白显示
 318:hal_bsp/hal/driver/spi_oled/ax_oled_1305.c ****  * @返回值
 319:hal_bsp/hal/driver/spi_oled/ax_oled_1305.c ****  */
 320:hal_bsp/hal/driver/spi_oled/ax_oled_1305.c **** void AX_OLED_Disp16Str(uint8_t x, uint8_t y, uint8_t* ch, uint8_t mode) {
 321:hal_bsp/hal/driver/spi_oled/ax_oled_1305.c ****     uint8_t j = 0;
 322:hal_bsp/hal/driver/spi_oled/ax_oled_1305.c **** 
 323:hal_bsp/hal/driver/spi_oled/ax_oled_1305.c ****     if ((x < 121) && (y < 7)) {
 324:hal_bsp/hal/driver/spi_oled/ax_oled_1305.c ****         while (ch[j] != '\0') {
 325:hal_bsp/hal/driver/spi_oled/ax_oled_1305.c ****             AX_OLED_Disp16Char(x, y, ch[j], mode);
 326:hal_bsp/hal/driver/spi_oled/ax_oled_1305.c ****             x += 8;
 327:hal_bsp/hal/driver/spi_oled/ax_oled_1305.c **** 
 328:hal_bsp/hal/driver/spi_oled/ax_oled_1305.c ****             if (x > 120) {
 329:hal_bsp/hal/driver/spi_oled/ax_oled_1305.c ****                 x = 0;
 330:hal_bsp/hal/driver/spi_oled/ax_oled_1305.c ****                 y += 2;  // 当y>6时，超出部分不再显示
 331:hal_bsp/hal/driver/spi_oled/ax_oled_1305.c ****             }
 332:hal_bsp/hal/driver/spi_oled/ax_oled_1305.c ****             j++;
 333:hal_bsp/hal/driver/spi_oled/ax_oled_1305.c ****         }
 334:hal_bsp/hal/driver/spi_oled/ax_oled_1305.c ****     }
 335:hal_bsp/hal/driver/spi_oled/ax_oled_1305.c **** }
 336:hal_bsp/hal/driver/spi_oled/ax_oled_1305.c **** 
 337:hal_bsp/hal/driver/spi_oled/ax_oled_1305.c **** /**
 338:hal_bsp/hal/driver/spi_oled/ax_oled_1305.c ****  * @简  述  OLED指定位置显示一个数字（8X16）
 339:hal_bsp/hal/driver/spi_oled/ax_oled_1305.c ****  * @参  数  x：横坐标 0~120，超出范围不显示
 340:hal_bsp/hal/driver/spi_oled/ax_oled_1305.c ****  *          y：纵坐标 0~6，超出范围不显示
 341:hal_bsp/hal/driver/spi_oled/ax_oled_1305.c ****  *          num：显示的数字
 342:hal_bsp/hal/driver/spi_oled/ax_oled_1305.c ****  *          mode：显示模式，0-正常显示，1-反白显示
 343:hal_bsp/hal/driver/spi_oled/ax_oled_1305.c ****  * @返回值
 344:hal_bsp/hal/driver/spi_oled/ax_oled_1305.c ****  */
 345:hal_bsp/hal/driver/spi_oled/ax_oled_1305.c **** void AX_OLED_Disp16Num(uint8_t x, uint8_t y, uint8_t num, uint8_t mode)  // 显示单个数字
 346:hal_bsp/hal/driver/spi_oled/ax_oled_1305.c **** {
 347:hal_bsp/hal/driver/spi_oled/ax_oled_1305.c ****     if (num < 10) {
 348:hal_bsp/hal/driver/spi_oled/ax_oled_1305.c ****         AX_OLED_Disp16Char(x, y, ('0' + num), mode);
 349:hal_bsp/hal/driver/spi_oled/ax_oled_1305.c ****     }
 350:hal_bsp/hal/driver/spi_oled/ax_oled_1305.c **** }
 351:hal_bsp/hal/driver/spi_oled/ax_oled_1305.c **** 
 352:hal_bsp/hal/driver/spi_oled/ax_oled_1305.c **** /**
 353:hal_bsp/hal/driver/spi_oled/ax_oled_1305.c ****  * @简  述  OLED指定位置像素显示整数值,可显示负数）8*16
 354:hal_bsp/hal/driver/spi_oled/ax_oled_1305.c ****  * @参  数  x：横坐标 0~120，超出范围不显示
 355:hal_bsp/hal/driver/spi_oled/ax_oled_1305.c ****  *          y：纵坐标 0~6，超出范围不显示
 356:hal_bsp/hal/driver/spi_oled/ax_oled_1305.c ****  *          value：显示的整数值，32位有符号整型
 357:hal_bsp/hal/driver/spi_oled/ax_oled_1305.c ****  *          digits：显示的数字位数（包含负号位置，如-123需要4位）
 358:hal_bsp/hal/driver/spi_oled/ax_oled_1305.c ****  *          mode：显示模式，0-正常显示，1-反白显示
 359:hal_bsp/hal/driver/spi_oled/ax_oled_1305.c ****  * @说  明  1. 如果显示负数，digits参数需要包含负号占用的位置
 360:hal_bsp/hal/driver/spi_oled/ax_oled_1305.c ****  *          2. 如果实际位数少于digits，会在左侧用0填充
 361:hal_bsp/hal/driver/spi_oled/ax_oled_1305.c ****  *          3. 如果实际位数多于digits，只会显示最低的digits位
 362:hal_bsp/hal/driver/spi_oled/ax_oled_1305.c ****  * @返回值  无
 363:hal_bsp/hal/driver/spi_oled/ax_oled_1305.c ****  */
 364:hal_bsp/hal/driver/spi_oled/ax_oled_1305.c **** void AX_OLED_Disp16Integer(uint8_t x, uint8_t y, int32_t value,
 365:hal_bsp/hal/driver/spi_oled/ax_oled_1305.c ****                            uint8_t digits, uint8_t mode) {
 366:hal_bsp/hal/driver/spi_oled/ax_oled_1305.c ****     uint8_t num_digits[10] = {0};  // 存储每一位数字
 367:hal_bsp/hal/driver/spi_oled/ax_oled_1305.c ****     uint8_t i;
 368:hal_bsp/hal/driver/spi_oled/ax_oled_1305.c ****     uint32_t temp;
 369:hal_bsp/hal/driver/spi_oled/ax_oled_1305.c ****     uint8_t start_x = x;
 370:hal_bsp/hal/driver/spi_oled/ax_oled_1305.c ****     uint8_t actual_digits = 0;
 371:hal_bsp/hal/driver/spi_oled/ax_oled_1305.c **** 
 372:hal_bsp/hal/driver/spi_oled/ax_oled_1305.c ****     // 参数检查
ARM GAS  C:\Users\honor\AppData\Local\Temp\ccuWKR9G.s 			page 8


 373:hal_bsp/hal/driver/spi_oled/ax_oled_1305.c ****     if (digits == 0 || digits > 10) {
 374:hal_bsp/hal/driver/spi_oled/ax_oled_1305.c ****         return;  // 参数错误，直接返回
 375:hal_bsp/hal/driver/spi_oled/ax_oled_1305.c ****     }
 376:hal_bsp/hal/driver/spi_oled/ax_oled_1305.c **** 
 377:hal_bsp/hal/driver/spi_oled/ax_oled_1305.c ****     // 处理负数和提取数字
 378:hal_bsp/hal/driver/spi_oled/ax_oled_1305.c ****     if (value < 0) {
 379:hal_bsp/hal/driver/spi_oled/ax_oled_1305.c ****         // 显示负号
 380:hal_bsp/hal/driver/spi_oled/ax_oled_1305.c ****         AX_OLED_Disp16Char(start_x, y, '-', mode);
 381:hal_bsp/hal/driver/spi_oled/ax_oled_1305.c ****         start_x += 8;  // 负号占用一个字符宽度（16点阵字体通常8像素宽）
 382:hal_bsp/hal/driver/spi_oled/ax_oled_1305.c **** 
 383:hal_bsp/hal/driver/spi_oled/ax_oled_1305.c ****         // 计算实际需要显示的数字位数（不包括负号）
 384:hal_bsp/hal/driver/spi_oled/ax_oled_1305.c ****         uint8_t num_digits_needed = digits - 1;
 385:hal_bsp/hal/driver/spi_oled/ax_oled_1305.c ****         if (num_digits_needed == 0) {
 386:hal_bsp/hal/driver/spi_oled/ax_oled_1305.c ****             return;  // 只有负号没有数字，直接返回
 387:hal_bsp/hal/driver/spi_oled/ax_oled_1305.c ****         }
 388:hal_bsp/hal/driver/spi_oled/ax_oled_1305.c **** 
 389:hal_bsp/hal/driver/spi_oled/ax_oled_1305.c ****         // 提取绝对值（注意处理INT32_MIN边界情况）
 390:hal_bsp/hal/driver/spi_oled/ax_oled_1305.c ****         if (value == INT32_MIN) {
 391:hal_bsp/hal/driver/spi_oled/ax_oled_1305.c ****             temp = (uint32_t)INT32_MAX + 1;
 392:hal_bsp/hal/driver/spi_oled/ax_oled_1305.c ****         } else {
 393:hal_bsp/hal/driver/spi_oled/ax_oled_1305.c ****             temp = (uint32_t)(-value);
 394:hal_bsp/hal/driver/spi_oled/ax_oled_1305.c ****         }
 395:hal_bsp/hal/driver/spi_oled/ax_oled_1305.c **** 
 396:hal_bsp/hal/driver/spi_oled/ax_oled_1305.c ****         // 提取每一位数字（从低位到高位）
 397:hal_bsp/hal/driver/spi_oled/ax_oled_1305.c ****         for (i = 0; i < num_digits_needed; i++) {
 398:hal_bsp/hal/driver/spi_oled/ax_oled_1305.c ****             num_digits[i] = temp % 10;
 399:hal_bsp/hal/driver/spi_oled/ax_oled_1305.c ****             temp /= 10;
 400:hal_bsp/hal/driver/spi_oled/ax_oled_1305.c ****             if (temp == 0) {
 401:hal_bsp/hal/driver/spi_oled/ax_oled_1305.c ****                 actual_digits = i + 1;
 402:hal_bsp/hal/driver/spi_oled/ax_oled_1305.c ****                 break;
 403:hal_bsp/hal/driver/spi_oled/ax_oled_1305.c ****             }
 404:hal_bsp/hal/driver/spi_oled/ax_oled_1305.c ****         }
 405:hal_bsp/hal/driver/spi_oled/ax_oled_1305.c **** 
 406:hal_bsp/hal/driver/spi_oled/ax_oled_1305.c ****         // 如果循环结束但temp不为0，说明数字位数多于需要显示的位数
 407:hal_bsp/hal/driver/spi_oled/ax_oled_1305.c ****         if (temp > 0) {
 408:hal_bsp/hal/driver/spi_oled/ax_oled_1305.c ****             actual_digits = num_digits_needed;  // 显示所有请求的位数
 409:hal_bsp/hal/driver/spi_oled/ax_oled_1305.c ****         }
 410:hal_bsp/hal/driver/spi_oled/ax_oled_1305.c **** 
 411:hal_bsp/hal/driver/spi_oled/ax_oled_1305.c ****         // 如果实际位数少于要求位数，用0填充
 412:hal_bsp/hal/driver/spi_oled/ax_oled_1305.c ****         for (i = actual_digits; i < num_digits_needed; i++) {
 413:hal_bsp/hal/driver/spi_oled/ax_oled_1305.c ****             num_digits[i] = 0;
 414:hal_bsp/hal/driver/spi_oled/ax_oled_1305.c ****         }
 415:hal_bsp/hal/driver/spi_oled/ax_oled_1305.c **** 
 416:hal_bsp/hal/driver/spi_oled/ax_oled_1305.c ****         // 从最高位开始显示数字
 417:hal_bsp/hal/driver/spi_oled/ax_oled_1305.c ****         for (i = 0; i < num_digits_needed; i++) {
 418:hal_bsp/hal/driver/spi_oled/ax_oled_1305.c ****             uint8_t digit_index = num_digits_needed - i - 1;
 419:hal_bsp/hal/driver/spi_oled/ax_oled_1305.c ****             AX_OLED_Disp16Num(start_x + (i * 8), y,
 420:hal_bsp/hal/driver/spi_oled/ax_oled_1305.c ****                               num_digits[digit_index], mode);
 421:hal_bsp/hal/driver/spi_oled/ax_oled_1305.c ****         }
 422:hal_bsp/hal/driver/spi_oled/ax_oled_1305.c ****     } else {
 423:hal_bsp/hal/driver/spi_oled/ax_oled_1305.c ****         // 处理正数
 424:hal_bsp/hal/driver/spi_oled/ax_oled_1305.c ****         temp = (uint32_t)value;
 425:hal_bsp/hal/driver/spi_oled/ax_oled_1305.c **** 
 426:hal_bsp/hal/driver/spi_oled/ax_oled_1305.c ****         // 提取每一位数字（从低位到高位）
 427:hal_bsp/hal/driver/spi_oled/ax_oled_1305.c ****         for (i = 0; i < digits; i++) {
 428:hal_bsp/hal/driver/spi_oled/ax_oled_1305.c ****             num_digits[i] = temp % 10;
 429:hal_bsp/hal/driver/spi_oled/ax_oled_1305.c ****             temp /= 10;
ARM GAS  C:\Users\honor\AppData\Local\Temp\ccuWKR9G.s 			page 9


 430:hal_bsp/hal/driver/spi_oled/ax_oled_1305.c ****             actual_digits++;
 431:hal_bsp/hal/driver/spi_oled/ax_oled_1305.c ****             if (temp == 0) {
 432:hal_bsp/hal/driver/spi_oled/ax_oled_1305.c ****                 break;
 433:hal_bsp/hal/driver/spi_oled/ax_oled_1305.c ****             }
 434:hal_bsp/hal/driver/spi_oled/ax_oled_1305.c ****         }
 435:hal_bsp/hal/driver/spi_oled/ax_oled_1305.c **** 
 436:hal_bsp/hal/driver/spi_oled/ax_oled_1305.c ****         // 如果实际位数少于要求位数，用0填充
 437:hal_bsp/hal/driver/spi_oled/ax_oled_1305.c ****         for (i = actual_digits; i < digits; i++) {
 438:hal_bsp/hal/driver/spi_oled/ax_oled_1305.c ****             num_digits[i] = 0;
 439:hal_bsp/hal/driver/spi_oled/ax_oled_1305.c ****         }
 440:hal_bsp/hal/driver/spi_oled/ax_oled_1305.c **** 
 441:hal_bsp/hal/driver/spi_oled/ax_oled_1305.c ****         // 从最高位开始显示数字
 442:hal_bsp/hal/driver/spi_oled/ax_oled_1305.c ****         for (i = 0; i < digits; i++) {
 443:hal_bsp/hal/driver/spi_oled/ax_oled_1305.c ****             uint8_t digit_index = digits - i - 1;
 444:hal_bsp/hal/driver/spi_oled/ax_oled_1305.c ****             AX_OLED_Disp16Num(start_x + (i * 8), y,
 445:hal_bsp/hal/driver/spi_oled/ax_oled_1305.c ****                               num_digits[digit_index], mode);
 446:hal_bsp/hal/driver/spi_oled/ax_oled_1305.c ****         }
 447:hal_bsp/hal/driver/spi_oled/ax_oled_1305.c ****     }
 448:hal_bsp/hal/driver/spi_oled/ax_oled_1305.c **** }
 449:hal_bsp/hal/driver/spi_oled/ax_oled_1305.c **** 
 450:hal_bsp/hal/driver/spi_oled/ax_oled_1305.c **** /**
 451:hal_bsp/hal/driver/spi_oled/ax_oled_1305.c ****  * @简  述  OLED指定位置显示一个汉字（16X16）
 452:hal_bsp/hal/driver/spi_oled/ax_oled_1305.c ****  * @参  数  x：横坐标 0~112，超出范围不显示
 453:hal_bsp/hal/driver/spi_oled/ax_oled_1305.c ****  *          y：纵坐标 0~6，超出范围不显示
 454:hal_bsp/hal/driver/spi_oled/ax_oled_1305.c ****  *          pbuf：汉字编码数据指针
 455:hal_bsp/hal/driver/spi_oled/ax_oled_1305.c ****  *          mode：显示模式，0-正常显示，1-反白显示
 456:hal_bsp/hal/driver/spi_oled/ax_oled_1305.c ****  * @返回值
 457:hal_bsp/hal/driver/spi_oled/ax_oled_1305.c ****  */
 458:hal_bsp/hal/driver/spi_oled/ax_oled_1305.c **** void AX_OLED_DispChinese(uint8_t x, uint8_t y, const uint8_t* pbuf, uint8_t mode) {
 459:hal_bsp/hal/driver/spi_oled/ax_oled_1305.c ****     uint8_t t;
 460:hal_bsp/hal/driver/spi_oled/ax_oled_1305.c **** 
 461:hal_bsp/hal/driver/spi_oled/ax_oled_1305.c ****     if ((x < 113) && (y < 7)) {
 462:hal_bsp/hal/driver/spi_oled/ax_oled_1305.c ****         if (mode) {
 463:hal_bsp/hal/driver/spi_oled/ax_oled_1305.c ****             OLED_Set_Pos(x, y);
 464:hal_bsp/hal/driver/spi_oled/ax_oled_1305.c ****             for (t = 0; t < 16; t++) {
 465:hal_bsp/hal/driver/spi_oled/ax_oled_1305.c ****                 OLED_WriteData(~*pbuf++);
 466:hal_bsp/hal/driver/spi_oled/ax_oled_1305.c ****             }
 467:hal_bsp/hal/driver/spi_oled/ax_oled_1305.c ****             OLED_Set_Pos(x, y + 1);
 468:hal_bsp/hal/driver/spi_oled/ax_oled_1305.c ****             for (t = 0; t < 16; t++) {
 469:hal_bsp/hal/driver/spi_oled/ax_oled_1305.c ****                 OLED_WriteData(~*pbuf++);
 470:hal_bsp/hal/driver/spi_oled/ax_oled_1305.c ****             }
 471:hal_bsp/hal/driver/spi_oled/ax_oled_1305.c ****         } else {
 472:hal_bsp/hal/driver/spi_oled/ax_oled_1305.c ****             OLED_Set_Pos(x, y);
 473:hal_bsp/hal/driver/spi_oled/ax_oled_1305.c ****             for (t = 0; t < 16; t++) {
 474:hal_bsp/hal/driver/spi_oled/ax_oled_1305.c ****                 OLED_WriteData(*pbuf++);
 475:hal_bsp/hal/driver/spi_oled/ax_oled_1305.c ****             }
 476:hal_bsp/hal/driver/spi_oled/ax_oled_1305.c ****             OLED_Set_Pos(x, y + 1);
 477:hal_bsp/hal/driver/spi_oled/ax_oled_1305.c ****             for (t = 0; t < 16; t++) {
 478:hal_bsp/hal/driver/spi_oled/ax_oled_1305.c ****                 OLED_WriteData(*pbuf++);
 479:hal_bsp/hal/driver/spi_oled/ax_oled_1305.c ****             }
 480:hal_bsp/hal/driver/spi_oled/ax_oled_1305.c ****         }
 481:hal_bsp/hal/driver/spi_oled/ax_oled_1305.c ****     }
 482:hal_bsp/hal/driver/spi_oled/ax_oled_1305.c **** }
 483:hal_bsp/hal/driver/spi_oled/ax_oled_1305.c **** 
 484:hal_bsp/hal/driver/spi_oled/ax_oled_1305.c **** /**
 485:hal_bsp/hal/driver/spi_oled/ax_oled_1305.c ****  * @简  述  OLED指定位置显示一个指定尺寸照片
 486:hal_bsp/hal/driver/spi_oled/ax_oled_1305.c ****  * @参  数  x：图片起始点横坐标，0~127
ARM GAS  C:\Users\honor\AppData\Local\Temp\ccuWKR9G.s 			page 10


 487:hal_bsp/hal/driver/spi_oled/ax_oled_1305.c ****  *          y：图片起始点纵坐标，0~7
 488:hal_bsp/hal/driver/spi_oled/ax_oled_1305.c ****  *          xsize：X轴图片尺寸，1~128
 489:hal_bsp/hal/driver/spi_oled/ax_oled_1305.c ****  *          ysize：Y轴图片尺寸，1~8
 490:hal_bsp/hal/driver/spi_oled/ax_oled_1305.c ****  *          pbuf：照片数据指针
 491:hal_bsp/hal/driver/spi_oled/ax_oled_1305.c ****  *          mode：显示模式，0-正常显示，1-反白显示
 492:hal_bsp/hal/driver/spi_oled/ax_oled_1305.c ****  * @返回值
 493:hal_bsp/hal/driver/spi_oled/ax_oled_1305.c ****  */
 494:hal_bsp/hal/driver/spi_oled/ax_oled_1305.c **** void AX_OLED_DispPicture(uint8_t x, uint8_t y, uint8_t xsize, uint8_t ysize, const uint8_t* pbuf, u
 495:hal_bsp/hal/driver/spi_oled/ax_oled_1305.c ****     uint8_t tx, ty;
 496:hal_bsp/hal/driver/spi_oled/ax_oled_1305.c **** 
 497:hal_bsp/hal/driver/spi_oled/ax_oled_1305.c ****     // 参数过滤
 498:hal_bsp/hal/driver/spi_oled/ax_oled_1305.c ****     if (x > 127 || y > 7)
 499:hal_bsp/hal/driver/spi_oled/ax_oled_1305.c ****         return;
 500:hal_bsp/hal/driver/spi_oled/ax_oled_1305.c ****     if ((x + xsize) > 128 || (y + ysize) > 8)
 501:hal_bsp/hal/driver/spi_oled/ax_oled_1305.c ****         return;
 502:hal_bsp/hal/driver/spi_oled/ax_oled_1305.c **** 
 503:hal_bsp/hal/driver/spi_oled/ax_oled_1305.c ****     if (mode) {
 504:hal_bsp/hal/driver/spi_oled/ax_oled_1305.c ****         for (ty = y; ty < ysize; ty++) {
 505:hal_bsp/hal/driver/spi_oled/ax_oled_1305.c ****             OLED_Set_Pos(x, ty);
 506:hal_bsp/hal/driver/spi_oled/ax_oled_1305.c ****             for (tx = x; tx < xsize; tx++) {
 507:hal_bsp/hal/driver/spi_oled/ax_oled_1305.c ****                 OLED_WriteData(~*pbuf++);
 508:hal_bsp/hal/driver/spi_oled/ax_oled_1305.c ****             }
 509:hal_bsp/hal/driver/spi_oled/ax_oled_1305.c ****         }
 510:hal_bsp/hal/driver/spi_oled/ax_oled_1305.c ****     } else {
 511:hal_bsp/hal/driver/spi_oled/ax_oled_1305.c ****         for (ty = y; ty < ysize; ty++) {
 512:hal_bsp/hal/driver/spi_oled/ax_oled_1305.c ****             OLED_Set_Pos(x, ty);
 513:hal_bsp/hal/driver/spi_oled/ax_oled_1305.c ****             for (tx = x; tx < xsize; tx++) {
 514:hal_bsp/hal/driver/spi_oled/ax_oled_1305.c ****                 OLED_WriteData(*pbuf++);
 515:hal_bsp/hal/driver/spi_oled/ax_oled_1305.c ****             }
 516:hal_bsp/hal/driver/spi_oled/ax_oled_1305.c ****         }
 517:hal_bsp/hal/driver/spi_oled/ax_oled_1305.c ****     }
 518:hal_bsp/hal/driver/spi_oled/ax_oled_1305.c **** }
 519:hal_bsp/hal/driver/spi_oled/ax_oled_1305.c **** 
 520:hal_bsp/hal/driver/spi_oled/ax_oled_1305.c **** /* 底层操作函数-----------------------------------------------------*/
 521:hal_bsp/hal/driver/spi_oled/ax_oled_1305.c **** /**
 522:hal_bsp/hal/driver/spi_oled/ax_oled_1305.c ****  * @简  述  SPI3写入读取一个字节函数
 523:hal_bsp/hal/driver/spi_oled/ax_oled_1305.c ****  * @参  数  dat：要写入的字节
 524:hal_bsp/hal/driver/spi_oled/ax_oled_1305.c ****  * @返回值  读出字节
 525:hal_bsp/hal/driver/spi_oled/ax_oled_1305.c ****  */
 526:hal_bsp/hal/driver/spi_oled/ax_oled_1305.c **** /* 底层操作函数-----------------------------------------------------*/
 527:hal_bsp/hal/driver/spi_oled/ax_oled_1305.c **** /**
 528:hal_bsp/hal/driver/spi_oled/ax_oled_1305.c ****  * @简  述  SPI1写入读取一个字节函数
 529:hal_bsp/hal/driver/spi_oled/ax_oled_1305.c ****  * @参  数  dat：要写入的字节
 530:hal_bsp/hal/driver/spi_oled/ax_oled_1305.c ****  * @返回值  读出字节
 531:hal_bsp/hal/driver/spi_oled/ax_oled_1305.c ****  */
 532:hal_bsp/hal/driver/spi_oled/ax_oled_1305.c **** static uint8_t SPI_Send_Byte(uint8_t dat) {
  29              		.loc 1 532 43 view -0
  30              		.cfi_startproc
  31              		@ args = 0, pretend = 0, frame = 16
  32              		@ frame_needed = 0, uses_anonymous_args = 0
  33              		.loc 1 532 43 is_stmt 0 view .LVU1
  34 0000 00B5     		push	{lr}
  35              	.LCFI0:
  36              		.cfi_def_cfa_offset 4
  37              		.cfi_offset 14, -4
  38 0002 87B0     		sub	sp, sp, #28
  39              	.LCFI1:
ARM GAS  C:\Users\honor\AppData\Local\Temp\ccuWKR9G.s 			page 11


  40              		.cfi_def_cfa_offset 32
  41 0004 8DF80F00 		strb	r0, [sp, #15]
 533:hal_bsp/hal/driver/spi_oled/ax_oled_1305.c ****     uint8_t rx_data;
  42              		.loc 1 533 5 is_stmt 1 view .LVU2
 534:hal_bsp/hal/driver/spi_oled/ax_oled_1305.c **** 
 535:hal_bsp/hal/driver/spi_oled/ax_oled_1305.c ****     /* 使用HAL_SPI_TransmitReceive进行全双工SPI通信 */
 536:hal_bsp/hal/driver/spi_oled/ax_oled_1305.c ****     HAL_StatusTypeDef status = HAL_SPI_TransmitReceive(ax_oled_config.hspi, &dat, &rx_data, 1, HAL_
  43              		.loc 1 536 5 view .LVU3
  44              		.loc 1 536 32 is_stmt 0 view .LVU4
  45 0008 4FF0FF33 		mov	r3, #-1
  46 000c 0093     		str	r3, [sp]
  47 000e 0123     		movs	r3, #1
  48 0010 0DF11702 		add	r2, sp, #23
  49 0014 0DF10F01 		add	r1, sp, #15
  50 0018 0448     		ldr	r0, .L3
  51              	.LVL1:
  52              		.loc 1 536 32 view .LVU5
  53 001a 0068     		ldr	r0, [r0]
  54 001c FFF7FEFF 		bl	HAL_SPI_TransmitReceive
  55              	.LVL2:
 537:hal_bsp/hal/driver/spi_oled/ax_oled_1305.c **** 
 538:hal_bsp/hal/driver/spi_oled/ax_oled_1305.c ****     /* 可选：检查传输状态 */
 539:hal_bsp/hal/driver/spi_oled/ax_oled_1305.c ****     if (status != HAL_OK) {
  56              		.loc 1 539 5 is_stmt 1 view .LVU6
 540:hal_bsp/hal/driver/spi_oled/ax_oled_1305.c ****         // 处理错误，这里可以根据需要添加错误处理代码
 541:hal_bsp/hal/driver/spi_oled/ax_oled_1305.c ****         // 例如：Error_Handler();
 542:hal_bsp/hal/driver/spi_oled/ax_oled_1305.c ****     }
  57              		.loc 1 542 5 view .LVU7
 543:hal_bsp/hal/driver/spi_oled/ax_oled_1305.c **** 
 544:hal_bsp/hal/driver/spi_oled/ax_oled_1305.c ****     /* 返回接收到的数据 */
 545:hal_bsp/hal/driver/spi_oled/ax_oled_1305.c ****     return rx_data;
  58              		.loc 1 545 5 view .LVU8
 546:hal_bsp/hal/driver/spi_oled/ax_oled_1305.c **** }
  59              		.loc 1 546 1 is_stmt 0 view .LVU9
  60 0020 9DF81700 		ldrb	r0, [sp, #23]	@ zero_extendqisi2
  61 0024 07B0     		add	sp, sp, #28
  62              	.LCFI2:
  63              		.cfi_def_cfa_offset 4
  64              		@ sp needed
  65 0026 5DF804FB 		ldr	pc, [sp], #4
  66              	.L4:
  67 002a 00BF     		.align	2
  68              	.L3:
  69 002c 00000000 		.word	.LANCHOR0
  70              		.cfi_endproc
  71              	.LFE256:
  73              		.section	.text.OLED_WriteData,"ax",%progbits
  74              		.align	1
  75              		.syntax unified
  76              		.thumb
  77              		.thumb_func
  79              	OLED_WriteData:
  80              	.LVL3:
  81              	.LFB258:
 547:hal_bsp/hal/driver/spi_oled/ax_oled_1305.c **** 
 548:hal_bsp/hal/driver/spi_oled/ax_oled_1305.c **** /**
 549:hal_bsp/hal/driver/spi_oled/ax_oled_1305.c ****  * @简  述  设置OLED的DC引脚状态
ARM GAS  C:\Users\honor\AppData\Local\Temp\ccuWKR9G.s 			page 12


 550:hal_bsp/hal/driver/spi_oled/ax_oled_1305.c ****  * @参  数  dc：DC引脚状态，0表示命令模式，1表示数据模式
 551:hal_bsp/hal/driver/spi_oled/ax_oled_1305.c ****  * @返回值  无
 552:hal_bsp/hal/driver/spi_oled/ax_oled_1305.c ****  * @说  明  DC引脚用于区分SPI传输的数据类型：
 553:hal_bsp/hal/driver/spi_oled/ax_oled_1305.c ****  *          - 低电平(0)：SPI发送的是命令
 554:hal_bsp/hal/driver/spi_oled/ax_oled_1305.c ****  *          - 高电平(1)：SPI发送的是数据
 555:hal_bsp/hal/driver/spi_oled/ax_oled_1305.c ****  *          此函数通过配置结构体中的GPIO端口和引脚信息来控制实际硬件引�
 556:hal_bsp/hal/driver/spi_oled/ax_oled_1305.c ****  */
 557:hal_bsp/hal/driver/spi_oled/ax_oled_1305.c **** static void OLED_WriteCmd(uint8_t data) {
 558:hal_bsp/hal/driver/spi_oled/ax_oled_1305.c ****     OLED_Set_GPIO_DC(0);
 559:hal_bsp/hal/driver/spi_oled/ax_oled_1305.c ****     SPI_Send_Byte(data);  // 发送片擦除命令
 560:hal_bsp/hal/driver/spi_oled/ax_oled_1305.c ****     OLED_Set_GPIO_DC(1);
 561:hal_bsp/hal/driver/spi_oled/ax_oled_1305.c **** }
 562:hal_bsp/hal/driver/spi_oled/ax_oled_1305.c **** 
 563:hal_bsp/hal/driver/spi_oled/ax_oled_1305.c **** /**
 564:hal_bsp/hal/driver/spi_oled/ax_oled_1305.c ****  * @brief
 565:hal_bsp/hal/driver/spi_oled/ax_oled_1305.c ****  * @param  None
 566:hal_bsp/hal/driver/spi_oled/ax_oled_1305.c ****  * @retval None
 567:hal_bsp/hal/driver/spi_oled/ax_oled_1305.c ****  */
 568:hal_bsp/hal/driver/spi_oled/ax_oled_1305.c **** static void OLED_WriteData(uint8_t data) {
  82              		.loc 1 568 42 is_stmt 1 view -0
  83              		.cfi_startproc
  84              		@ args = 0, pretend = 0, frame = 0
  85              		@ frame_needed = 0, uses_anonymous_args = 0
  86              		.loc 1 568 42 is_stmt 0 view .LVU11
  87 0000 08B5     		push	{r3, lr}
  88              	.LCFI3:
  89              		.cfi_def_cfa_offset 8
  90              		.cfi_offset 3, -8
  91              		.cfi_offset 14, -4
 569:hal_bsp/hal/driver/spi_oled/ax_oled_1305.c ****     SPI_Send_Byte(data);  // 发送片擦除命令
  92              		.loc 1 569 5 is_stmt 1 view .LVU12
  93 0002 FFF7FEFF 		bl	SPI_Send_Byte
  94              	.LVL4:
 570:hal_bsp/hal/driver/spi_oled/ax_oled_1305.c **** }
  95              		.loc 1 570 1 is_stmt 0 view .LVU13
  96 0006 08BD     		pop	{r3, pc}
  97              		.cfi_endproc
  98              	.LFE258:
 100              		.section	.text.OLED_Set_GPIO_RST,"ax",%progbits
 101              		.align	1
 102              		.syntax unified
 103              		.thumb
 104              		.thumb_func
 106              	OLED_Set_GPIO_RST:
 107              	.LVL5:
 108              	.LFB243:
  52:hal_bsp/hal/driver/spi_oled/ax_oled_1305.c ****     if (rst) {
 109              		.loc 1 52 44 is_stmt 1 view -0
 110              		.cfi_startproc
 111              		@ args = 0, pretend = 0, frame = 0
 112              		@ frame_needed = 0, uses_anonymous_args = 0
  52:hal_bsp/hal/driver/spi_oled/ax_oled_1305.c ****     if (rst) {
 113              		.loc 1 52 44 is_stmt 0 view .LVU15
 114 0000 08B5     		push	{r3, lr}
 115              	.LCFI4:
 116              		.cfi_def_cfa_offset 8
 117              		.cfi_offset 3, -8
ARM GAS  C:\Users\honor\AppData\Local\Temp\ccuWKR9G.s 			page 13


 118              		.cfi_offset 14, -4
  53:hal_bsp/hal/driver/spi_oled/ax_oled_1305.c ****         HAL_GPIO_WritePin(ax_oled_config.reset_gpio_port, ax_oled_config.reset_gpio_pin, GPIO_PIN_S
 119              		.loc 1 53 5 is_stmt 1 view .LVU16
  53:hal_bsp/hal/driver/spi_oled/ax_oled_1305.c ****         HAL_GPIO_WritePin(ax_oled_config.reset_gpio_port, ax_oled_config.reset_gpio_pin, GPIO_PIN_S
 120              		.loc 1 53 8 is_stmt 0 view .LVU17
 121 0002 30B1     		cbz	r0, .L8
  54:hal_bsp/hal/driver/spi_oled/ax_oled_1305.c ****     } else {
 122              		.loc 1 54 9 is_stmt 1 view .LVU18
 123 0004 064B     		ldr	r3, .L11
 124 0006 0122     		movs	r2, #1
 125 0008 1989     		ldrh	r1, [r3, #8]
 126 000a 5868     		ldr	r0, [r3, #4]
 127              	.LVL6:
  54:hal_bsp/hal/driver/spi_oled/ax_oled_1305.c ****     } else {
 128              		.loc 1 54 9 is_stmt 0 view .LVU19
 129 000c FFF7FEFF 		bl	HAL_GPIO_WritePin
 130              	.LVL7:
 131              	.L7:
  58:hal_bsp/hal/driver/spi_oled/ax_oled_1305.c **** 
 132              		.loc 1 58 1 view .LVU20
 133 0010 08BD     		pop	{r3, pc}
 134              	.LVL8:
 135              	.L8:
  56:hal_bsp/hal/driver/spi_oled/ax_oled_1305.c ****     }
 136              		.loc 1 56 9 is_stmt 1 view .LVU21
 137 0012 034B     		ldr	r3, .L11
 138 0014 0022     		movs	r2, #0
 139 0016 1989     		ldrh	r1, [r3, #8]
 140 0018 5868     		ldr	r0, [r3, #4]
 141              	.LVL9:
  56:hal_bsp/hal/driver/spi_oled/ax_oled_1305.c ****     }
 142              		.loc 1 56 9 is_stmt 0 view .LVU22
 143 001a FFF7FEFF 		bl	HAL_GPIO_WritePin
 144              	.LVL10:
  58:hal_bsp/hal/driver/spi_oled/ax_oled_1305.c **** 
 145              		.loc 1 58 1 view .LVU23
 146 001e F7E7     		b	.L7
 147              	.L12:
 148              		.align	2
 149              	.L11:
 150 0020 00000000 		.word	.LANCHOR0
 151              		.cfi_endproc
 152              	.LFE243:
 154              		.section	.text.OLED_Set_GPIO_DC,"ax",%progbits
 155              		.align	1
 156              		.syntax unified
 157              		.thumb
 158              		.thumb_func
 160              	OLED_Set_GPIO_DC:
 161              	.LVL11:
 162              	.LFB242:
  44:hal_bsp/hal/driver/spi_oled/ax_oled_1305.c ****     if (dc) {
 163              		.loc 1 44 42 is_stmt 1 view -0
 164              		.cfi_startproc
 165              		@ args = 0, pretend = 0, frame = 0
 166              		@ frame_needed = 0, uses_anonymous_args = 0
  44:hal_bsp/hal/driver/spi_oled/ax_oled_1305.c ****     if (dc) {
ARM GAS  C:\Users\honor\AppData\Local\Temp\ccuWKR9G.s 			page 14


 167              		.loc 1 44 42 is_stmt 0 view .LVU25
 168 0000 08B5     		push	{r3, lr}
 169              	.LCFI5:
 170              		.cfi_def_cfa_offset 8
 171              		.cfi_offset 3, -8
 172              		.cfi_offset 14, -4
  45:hal_bsp/hal/driver/spi_oled/ax_oled_1305.c ****         HAL_GPIO_WritePin(ax_oled_config.dc_gpio_port, ax_oled_config.dc_gpio_pin, GPIO_PIN_SET);
 173              		.loc 1 45 5 is_stmt 1 view .LVU26
  45:hal_bsp/hal/driver/spi_oled/ax_oled_1305.c ****         HAL_GPIO_WritePin(ax_oled_config.dc_gpio_port, ax_oled_config.dc_gpio_pin, GPIO_PIN_SET);
 174              		.loc 1 45 8 is_stmt 0 view .LVU27
 175 0002 30B1     		cbz	r0, .L14
  46:hal_bsp/hal/driver/spi_oled/ax_oled_1305.c ****     } else {
 176              		.loc 1 46 9 is_stmt 1 view .LVU28
 177 0004 064B     		ldr	r3, .L17
 178 0006 0122     		movs	r2, #1
 179 0008 198A     		ldrh	r1, [r3, #16]
 180 000a D868     		ldr	r0, [r3, #12]
 181              	.LVL12:
  46:hal_bsp/hal/driver/spi_oled/ax_oled_1305.c ****     } else {
 182              		.loc 1 46 9 is_stmt 0 view .LVU29
 183 000c FFF7FEFF 		bl	HAL_GPIO_WritePin
 184              	.LVL13:
 185              	.L13:
  50:hal_bsp/hal/driver/spi_oled/ax_oled_1305.c **** 
 186              		.loc 1 50 1 view .LVU30
 187 0010 08BD     		pop	{r3, pc}
 188              	.LVL14:
 189              	.L14:
  48:hal_bsp/hal/driver/spi_oled/ax_oled_1305.c ****     }
 190              		.loc 1 48 9 is_stmt 1 view .LVU31
 191 0012 034B     		ldr	r3, .L17
 192 0014 0022     		movs	r2, #0
 193 0016 198A     		ldrh	r1, [r3, #16]
 194 0018 D868     		ldr	r0, [r3, #12]
 195              	.LVL15:
  48:hal_bsp/hal/driver/spi_oled/ax_oled_1305.c ****     }
 196              		.loc 1 48 9 is_stmt 0 view .LVU32
 197 001a FFF7FEFF 		bl	HAL_GPIO_WritePin
 198              	.LVL16:
  50:hal_bsp/hal/driver/spi_oled/ax_oled_1305.c **** 
 199              		.loc 1 50 1 view .LVU33
 200 001e F7E7     		b	.L13
 201              	.L18:
 202              		.align	2
 203              	.L17:
 204 0020 00000000 		.word	.LANCHOR0
 205              		.cfi_endproc
 206              	.LFE242:
 208              		.section	.text.OLED_WriteCmd,"ax",%progbits
 209              		.align	1
 210              		.syntax unified
 211              		.thumb
 212              		.thumb_func
 214              	OLED_WriteCmd:
 215              	.LVL17:
 216              	.LFB257:
 557:hal_bsp/hal/driver/spi_oled/ax_oled_1305.c ****     OLED_Set_GPIO_DC(0);
ARM GAS  C:\Users\honor\AppData\Local\Temp\ccuWKR9G.s 			page 15


 217              		.loc 1 557 41 is_stmt 1 view -0
 218              		.cfi_startproc
 219              		@ args = 0, pretend = 0, frame = 0
 220              		@ frame_needed = 0, uses_anonymous_args = 0
 557:hal_bsp/hal/driver/spi_oled/ax_oled_1305.c ****     OLED_Set_GPIO_DC(0);
 221              		.loc 1 557 41 is_stmt 0 view .LVU35
 222 0000 10B5     		push	{r4, lr}
 223              	.LCFI6:
 224              		.cfi_def_cfa_offset 8
 225              		.cfi_offset 4, -8
 226              		.cfi_offset 14, -4
 227 0002 0446     		mov	r4, r0
 558:hal_bsp/hal/driver/spi_oled/ax_oled_1305.c ****     SPI_Send_Byte(data);  // 发送片擦除命令
 228              		.loc 1 558 5 is_stmt 1 view .LVU36
 229 0004 0020     		movs	r0, #0
 230              	.LVL18:
 558:hal_bsp/hal/driver/spi_oled/ax_oled_1305.c ****     SPI_Send_Byte(data);  // 发送片擦除命令
 231              		.loc 1 558 5 is_stmt 0 view .LVU37
 232 0006 FFF7FEFF 		bl	OLED_Set_GPIO_DC
 233              	.LVL19:
 559:hal_bsp/hal/driver/spi_oled/ax_oled_1305.c ****     OLED_Set_GPIO_DC(1);
 234              		.loc 1 559 5 is_stmt 1 view .LVU38
 235 000a 2046     		mov	r0, r4
 236 000c FFF7FEFF 		bl	SPI_Send_Byte
 237              	.LVL20:
 560:hal_bsp/hal/driver/spi_oled/ax_oled_1305.c **** }
 238              		.loc 1 560 5 view .LVU39
 239 0010 0120     		movs	r0, #1
 240 0012 FFF7FEFF 		bl	OLED_Set_GPIO_DC
 241              	.LVL21:
 561:hal_bsp/hal/driver/spi_oled/ax_oled_1305.c **** 
 242              		.loc 1 561 1 is_stmt 0 view .LVU40
 243 0016 10BD     		pop	{r4, pc}
 244              		.cfi_endproc
 245              	.LFE257:
 247              		.section	.text.OLED_Set_Pos,"ax",%progbits
 248              		.align	1
 249              		.syntax unified
 250              		.thumb
 251              		.thumb_func
 253              	OLED_Set_Pos:
 254              	.LVL22:
 255              	.LFB259:
 571:hal_bsp/hal/driver/spi_oled/ax_oled_1305.c **** 
 572:hal_bsp/hal/driver/spi_oled/ax_oled_1305.c **** static void OLED_Set_Pos(uint8_t x, uint8_t y) {
 256              		.loc 1 572 48 is_stmt 1 view -0
 257              		.cfi_startproc
 258              		@ args = 0, pretend = 0, frame = 0
 259              		@ frame_needed = 0, uses_anonymous_args = 0
 260              		.loc 1 572 48 is_stmt 0 view .LVU42
 261 0000 10B5     		push	{r4, lr}
 262              	.LCFI7:
 263              		.cfi_def_cfa_offset 8
 264              		.cfi_offset 4, -8
 265              		.cfi_offset 14, -4
 266 0002 0446     		mov	r4, r0
 573:hal_bsp/hal/driver/spi_oled/ax_oled_1305.c ****     OLED_WriteCmd(0xb0 + y);
ARM GAS  C:\Users\honor\AppData\Local\Temp\ccuWKR9G.s 			page 16


 267              		.loc 1 573 5 is_stmt 1 view .LVU43
 268 0004 A1F15000 		sub	r0, r1, #80
 269              	.LVL23:
 270              		.loc 1 573 5 is_stmt 0 view .LVU44
 271 0008 C0B2     		uxtb	r0, r0
 272 000a FFF7FEFF 		bl	OLED_WriteCmd
 273              	.LVL24:
 574:hal_bsp/hal/driver/spi_oled/ax_oled_1305.c ****     OLED_WriteCmd(((x & 0xf0) >> 4) | 0x10);
 274              		.loc 1 574 5 is_stmt 1 view .LVU45
 275              		.loc 1 574 31 is_stmt 0 view .LVU46
 276 000e 2009     		lsrs	r0, r4, #4
 277              		.loc 1 574 5 view .LVU47
 278 0010 40F01000 		orr	r0, r0, #16
 279 0014 FFF7FEFF 		bl	OLED_WriteCmd
 280              	.LVL25:
 575:hal_bsp/hal/driver/spi_oled/ax_oled_1305.c ****     OLED_WriteCmd((x & 0x0f) | 0x01);
 281              		.loc 1 575 5 is_stmt 1 view .LVU48
 282              		.loc 1 575 30 is_stmt 0 view .LVU49
 283 0018 04F00E00 		and	r0, r4, #14
 284              		.loc 1 575 5 view .LVU50
 285 001c 40F00100 		orr	r0, r0, #1
 286 0020 FFF7FEFF 		bl	OLED_WriteCmd
 287              	.LVL26:
 576:hal_bsp/hal/driver/spi_oled/ax_oled_1305.c **** }
 288              		.loc 1 576 1 view .LVU51
 289 0024 10BD     		pop	{r4, pc}
 290              		.cfi_endproc
 291              	.LFE259:
 293              		.section	.text.AX_OLED_ClearScreen,"ax",%progbits
 294              		.align	1
 295              		.global	AX_OLED_ClearScreen
 296              		.syntax unified
 297              		.thumb
 298              		.thumb_func
 300              	AX_OLED_ClearScreen:
 301              	.LFB245:
 122:hal_bsp/hal/driver/spi_oled/ax_oled_1305.c ****     uint8_t i, n;
 302              		.loc 1 122 32 is_stmt 1 view -0
 303              		.cfi_startproc
 304              		@ args = 0, pretend = 0, frame = 0
 305              		@ frame_needed = 0, uses_anonymous_args = 0
 306 0000 38B5     		push	{r3, r4, r5, lr}
 307              	.LCFI8:
 308              		.cfi_def_cfa_offset 16
 309              		.cfi_offset 3, -16
 310              		.cfi_offset 4, -12
 311              		.cfi_offset 5, -8
 312              		.cfi_offset 14, -4
 123:hal_bsp/hal/driver/spi_oled/ax_oled_1305.c ****     for (i = 0; i < 8; i++) {
 313              		.loc 1 123 5 view .LVU53
 124:hal_bsp/hal/driver/spi_oled/ax_oled_1305.c ****         OLED_WriteCmd(0xb0 + i);  // 设置页地址（0~7）
 314              		.loc 1 124 5 view .LVU54
 315              	.LVL27:
 124:hal_bsp/hal/driver/spi_oled/ax_oled_1305.c ****         OLED_WriteCmd(0xb0 + i);  // 设置页地址（0~7）
 316              		.loc 1 124 12 is_stmt 0 view .LVU55
 317 0002 0025     		movs	r5, #0
 124:hal_bsp/hal/driver/spi_oled/ax_oled_1305.c ****         OLED_WriteCmd(0xb0 + i);  // 设置页地址（0~7）
ARM GAS  C:\Users\honor\AppData\Local\Temp\ccuWKR9G.s 			page 17


 318              		.loc 1 124 5 view .LVU56
 319 0004 09E0     		b	.L24
 320              	.LVL28:
 321              	.L26:
 129:hal_bsp/hal/driver/spi_oled/ax_oled_1305.c ****     }  // 更新显示
 322              		.loc 1 129 13 is_stmt 1 discriminator 3 view .LVU57
 323 0006 0020     		movs	r0, #0
 324 0008 FFF7FEFF 		bl	OLED_WriteData
 325              	.LVL29:
 128:hal_bsp/hal/driver/spi_oled/ax_oled_1305.c ****             OLED_WriteData(0);
 326              		.loc 1 128 30 discriminator 3 view .LVU58
 128:hal_bsp/hal/driver/spi_oled/ax_oled_1305.c ****             OLED_WriteData(0);
 327              		.loc 1 128 31 is_stmt 0 discriminator 3 view .LVU59
 328 000c 0134     		adds	r4, r4, #1
 329              	.LVL30:
 128:hal_bsp/hal/driver/spi_oled/ax_oled_1305.c ****             OLED_WriteData(0);
 330              		.loc 1 128 31 discriminator 3 view .LVU60
 331 000e E4B2     		uxtb	r4, r4
 332              	.LVL31:
 333              	.L25:
 128:hal_bsp/hal/driver/spi_oled/ax_oled_1305.c ****             OLED_WriteData(0);
 334              		.loc 1 128 21 is_stmt 1 discriminator 1 view .LVU61
 128:hal_bsp/hal/driver/spi_oled/ax_oled_1305.c ****             OLED_WriteData(0);
 335              		.loc 1 128 9 is_stmt 0 discriminator 1 view .LVU62
 336 0010 14F0800F 		tst	r4, #128
 337 0014 F7D0     		beq	.L26
 124:hal_bsp/hal/driver/spi_oled/ax_oled_1305.c ****         OLED_WriteCmd(0xb0 + i);  // 设置页地址（0~7）
 338              		.loc 1 124 24 is_stmt 1 discriminator 2 view .LVU63
 124:hal_bsp/hal/driver/spi_oled/ax_oled_1305.c ****         OLED_WriteCmd(0xb0 + i);  // 设置页地址（0~7）
 339              		.loc 1 124 25 is_stmt 0 discriminator 2 view .LVU64
 340 0016 0135     		adds	r5, r5, #1
 341              	.LVL32:
 124:hal_bsp/hal/driver/spi_oled/ax_oled_1305.c ****         OLED_WriteCmd(0xb0 + i);  // 设置页地址（0~7）
 342              		.loc 1 124 25 discriminator 2 view .LVU65
 343 0018 EDB2     		uxtb	r5, r5
 344              	.LVL33:
 345              	.L24:
 124:hal_bsp/hal/driver/spi_oled/ax_oled_1305.c ****         OLED_WriteCmd(0xb0 + i);  // 设置页地址（0~7）
 346              		.loc 1 124 17 is_stmt 1 discriminator 1 view .LVU66
 124:hal_bsp/hal/driver/spi_oled/ax_oled_1305.c ****         OLED_WriteCmd(0xb0 + i);  // 设置页地址（0~7）
 347              		.loc 1 124 5 is_stmt 0 discriminator 1 view .LVU67
 348 001a 072D     		cmp	r5, #7
 349 001c 0CD8     		bhi	.L29
 125:hal_bsp/hal/driver/spi_oled/ax_oled_1305.c ****         OLED_WriteCmd(0x00);      // 设置显示位置—列低地址
 350              		.loc 1 125 9 is_stmt 1 view .LVU68
 351 001e A5F15000 		sub	r0, r5, #80
 352 0022 C0B2     		uxtb	r0, r0
 353 0024 FFF7FEFF 		bl	OLED_WriteCmd
 354              	.LVL34:
 126:hal_bsp/hal/driver/spi_oled/ax_oled_1305.c ****         OLED_WriteCmd(0x10);      // 设置显示位置—列高地址
 355              		.loc 1 126 9 view .LVU69
 356 0028 0020     		movs	r0, #0
 357 002a FFF7FEFF 		bl	OLED_WriteCmd
 358              	.LVL35:
 127:hal_bsp/hal/driver/spi_oled/ax_oled_1305.c ****         for (n = 0; n < 128; n++)
 359              		.loc 1 127 9 view .LVU70
 360 002e 1020     		movs	r0, #16
ARM GAS  C:\Users\honor\AppData\Local\Temp\ccuWKR9G.s 			page 18


 361 0030 FFF7FEFF 		bl	OLED_WriteCmd
 362              	.LVL36:
 128:hal_bsp/hal/driver/spi_oled/ax_oled_1305.c ****             OLED_WriteData(0);
 363              		.loc 1 128 9 view .LVU71
 128:hal_bsp/hal/driver/spi_oled/ax_oled_1305.c ****             OLED_WriteData(0);
 364              		.loc 1 128 16 is_stmt 0 view .LVU72
 365 0034 0024     		movs	r4, #0
 128:hal_bsp/hal/driver/spi_oled/ax_oled_1305.c ****             OLED_WriteData(0);
 366              		.loc 1 128 9 view .LVU73
 367 0036 EBE7     		b	.L25
 368              	.LVL37:
 369              	.L29:
 131:hal_bsp/hal/driver/spi_oled/ax_oled_1305.c **** 
 370              		.loc 1 131 1 view .LVU74
 371 0038 38BD     		pop	{r3, r4, r5, pc}
 131:hal_bsp/hal/driver/spi_oled/ax_oled_1305.c **** 
 372              		.loc 1 131 1 view .LVU75
 373              		.cfi_endproc
 374              	.LFE245:
 376              		.section	.text.AX_OLED_Init,"ax",%progbits
 377              		.align	1
 378              		.global	AX_OLED_Init
 379              		.syntax unified
 380              		.thumb
 381              		.thumb_func
 383              	AX_OLED_Init:
 384              	.LVL38:
 385              	.LFB244:
  65:hal_bsp/hal/driver/spi_oled/ax_oled_1305.c ****     // 深拷贝配置
 386              		.loc 1 65 43 is_stmt 1 view -0
 387              		.cfi_startproc
 388              		@ args = 0, pretend = 0, frame = 0
 389              		@ frame_needed = 0, uses_anonymous_args = 0
  65:hal_bsp/hal/driver/spi_oled/ax_oled_1305.c ****     // 深拷贝配置
 390              		.loc 1 65 43 is_stmt 0 view .LVU77
 391 0000 08B5     		push	{r3, lr}
 392              	.LCFI9:
 393              		.cfi_def_cfa_offset 8
 394              		.cfi_offset 3, -8
 395              		.cfi_offset 14, -4
  67:hal_bsp/hal/driver/spi_oled/ax_oled_1305.c ****     ax_oled_config.reset_gpio_port = config->reset_gpio_port;
 396              		.loc 1 67 5 is_stmt 1 view .LVU78
  67:hal_bsp/hal/driver/spi_oled/ax_oled_1305.c ****     ax_oled_config.reset_gpio_port = config->reset_gpio_port;
 397              		.loc 1 67 33 is_stmt 0 view .LVU79
 398 0002 0268     		ldr	r2, [r0]
  67:hal_bsp/hal/driver/spi_oled/ax_oled_1305.c ****     ax_oled_config.reset_gpio_port = config->reset_gpio_port;
 399              		.loc 1 67 25 view .LVU80
 400 0004 394B     		ldr	r3, .L32
 401 0006 1A60     		str	r2, [r3]
  68:hal_bsp/hal/driver/spi_oled/ax_oled_1305.c ****     ax_oled_config.reset_gpio_pin = config->reset_gpio_pin;
 402              		.loc 1 68 5 is_stmt 1 view .LVU81
  68:hal_bsp/hal/driver/spi_oled/ax_oled_1305.c ****     ax_oled_config.reset_gpio_pin = config->reset_gpio_pin;
 403              		.loc 1 68 44 is_stmt 0 view .LVU82
 404 0008 4268     		ldr	r2, [r0, #4]
  68:hal_bsp/hal/driver/spi_oled/ax_oled_1305.c ****     ax_oled_config.reset_gpio_pin = config->reset_gpio_pin;
 405              		.loc 1 68 36 view .LVU83
 406 000a 5A60     		str	r2, [r3, #4]
ARM GAS  C:\Users\honor\AppData\Local\Temp\ccuWKR9G.s 			page 19


  69:hal_bsp/hal/driver/spi_oled/ax_oled_1305.c ****     ax_oled_config.dc_gpio_port = config->dc_gpio_port;
 407              		.loc 1 69 5 is_stmt 1 view .LVU84
  69:hal_bsp/hal/driver/spi_oled/ax_oled_1305.c ****     ax_oled_config.dc_gpio_port = config->dc_gpio_port;
 408              		.loc 1 69 43 is_stmt 0 view .LVU85
 409 000c 0289     		ldrh	r2, [r0, #8]
  69:hal_bsp/hal/driver/spi_oled/ax_oled_1305.c ****     ax_oled_config.dc_gpio_port = config->dc_gpio_port;
 410              		.loc 1 69 35 view .LVU86
 411 000e 1A81     		strh	r2, [r3, #8]	@ movhi
  70:hal_bsp/hal/driver/spi_oled/ax_oled_1305.c ****     ax_oled_config.dc_gpio_pin = config->dc_gpio_pin;
 412              		.loc 1 70 5 is_stmt 1 view .LVU87
  70:hal_bsp/hal/driver/spi_oled/ax_oled_1305.c ****     ax_oled_config.dc_gpio_pin = config->dc_gpio_pin;
 413              		.loc 1 70 41 is_stmt 0 view .LVU88
 414 0010 C268     		ldr	r2, [r0, #12]
  70:hal_bsp/hal/driver/spi_oled/ax_oled_1305.c ****     ax_oled_config.dc_gpio_pin = config->dc_gpio_pin;
 415              		.loc 1 70 33 view .LVU89
 416 0012 DA60     		str	r2, [r3, #12]
  71:hal_bsp/hal/driver/spi_oled/ax_oled_1305.c **** 
 417              		.loc 1 71 5 is_stmt 1 view .LVU90
  71:hal_bsp/hal/driver/spi_oled/ax_oled_1305.c **** 
 418              		.loc 1 71 40 is_stmt 0 view .LVU91
 419 0014 028A     		ldrh	r2, [r0, #16]
  71:hal_bsp/hal/driver/spi_oled/ax_oled_1305.c **** 
 420              		.loc 1 71 32 view .LVU92
 421 0016 1A82     		strh	r2, [r3, #16]	@ movhi
  76:hal_bsp/hal/driver/spi_oled/ax_oled_1305.c **** 
 422              		.loc 1 76 5 is_stmt 1 view .LVU93
 423 0018 FF20     		movs	r0, #255
 424              	.LVL39:
  76:hal_bsp/hal/driver/spi_oled/ax_oled_1305.c **** 
 425              		.loc 1 76 5 is_stmt 0 view .LVU94
 426 001a FFF7FEFF 		bl	SPI_Send_Byte
 427              	.LVL40:
  79:hal_bsp/hal/driver/spi_oled/ax_oled_1305.c ****     HAL_Delay(100);
 428              		.loc 1 79 5 is_stmt 1 view .LVU95
 429 001e 0120     		movs	r0, #1
 430 0020 FFF7FEFF 		bl	OLED_Set_GPIO_RST
 431              	.LVL41:
  80:hal_bsp/hal/driver/spi_oled/ax_oled_1305.c ****     OLED_Set_GPIO_RST(0);
 432              		.loc 1 80 5 view .LVU96
 433 0024 6420     		movs	r0, #100
 434 0026 FFF7FEFF 		bl	HAL_Delay
 435              	.LVL42:
  81:hal_bsp/hal/driver/spi_oled/ax_oled_1305.c ****     HAL_Delay(200);
 436              		.loc 1 81 5 view .LVU97
 437 002a 0020     		movs	r0, #0
 438 002c FFF7FEFF 		bl	OLED_Set_GPIO_RST
 439              	.LVL43:
  82:hal_bsp/hal/driver/spi_oled/ax_oled_1305.c ****     OLED_Set_GPIO_RST(1);
 440              		.loc 1 82 5 view .LVU98
 441 0030 C820     		movs	r0, #200
 442 0032 FFF7FEFF 		bl	HAL_Delay
 443              	.LVL44:
  83:hal_bsp/hal/driver/spi_oled/ax_oled_1305.c **** 
 444              		.loc 1 83 5 view .LVU99
 445 0036 0120     		movs	r0, #1
 446 0038 FFF7FEFF 		bl	OLED_Set_GPIO_RST
 447              	.LVL45:
ARM GAS  C:\Users\honor\AppData\Local\Temp\ccuWKR9G.s 			page 20


  85:hal_bsp/hal/driver/spi_oled/ax_oled_1305.c ****     OLED_WriteCmd(0x00);  //---set low column address
 448              		.loc 1 85 5 view .LVU100
 449 003c AE20     		movs	r0, #174
 450 003e FFF7FEFF 		bl	OLED_WriteCmd
 451              	.LVL46:
  86:hal_bsp/hal/driver/spi_oled/ax_oled_1305.c ****     OLED_WriteCmd(0x10);  //---set high column address
 452              		.loc 1 86 5 view .LVU101
 453 0042 0020     		movs	r0, #0
 454 0044 FFF7FEFF 		bl	OLED_WriteCmd
 455              	.LVL47:
  87:hal_bsp/hal/driver/spi_oled/ax_oled_1305.c ****     OLED_WriteCmd(0x40);  //--set start line address  Set Mapping RAM Display Start Line (0x00~0x3F
 456              		.loc 1 87 5 view .LVU102
 457 0048 1020     		movs	r0, #16
 458 004a FFF7FEFF 		bl	OLED_WriteCmd
 459              	.LVL48:
  88:hal_bsp/hal/driver/spi_oled/ax_oled_1305.c ****     OLED_WriteCmd(0x81);  //--set contrast control register
 460              		.loc 1 88 5 view .LVU103
 461 004e 4020     		movs	r0, #64
 462 0050 FFF7FEFF 		bl	OLED_WriteCmd
 463              	.LVL49:
  89:hal_bsp/hal/driver/spi_oled/ax_oled_1305.c ****     OLED_WriteCmd(0xEF);  // Set SEG Output Current Brightness
 464              		.loc 1 89 5 view .LVU104
 465 0054 8120     		movs	r0, #129
 466 0056 FFF7FEFF 		bl	OLED_WriteCmd
 467              	.LVL50:
  90:hal_bsp/hal/driver/spi_oled/ax_oled_1305.c ****     OLED_WriteCmd(0xA1);  //--Set SEG/Column Mapping     0xa0左右反置 0xa1正常
 468              		.loc 1 90 5 view .LVU105
 469 005a EF20     		movs	r0, #239
 470 005c FFF7FEFF 		bl	OLED_WriteCmd
 471              	.LVL51:
  91:hal_bsp/hal/driver/spi_oled/ax_oled_1305.c ****     OLED_WriteCmd(0xC8);  // Set COM/Row Scan Direction   0xc0上下反置 0xc8正常
 472              		.loc 1 91 5 view .LVU106
 473 0060 A120     		movs	r0, #161
 474 0062 FFF7FEFF 		bl	OLED_WriteCmd
 475              	.LVL52:
  92:hal_bsp/hal/driver/spi_oled/ax_oled_1305.c ****     OLED_WriteCmd(0xA6);  //--set normal display
 476              		.loc 1 92 5 view .LVU107
 477 0066 C820     		movs	r0, #200
 478 0068 FFF7FEFF 		bl	OLED_WriteCmd
 479              	.LVL53:
  93:hal_bsp/hal/driver/spi_oled/ax_oled_1305.c ****     OLED_WriteCmd(0xA8);  //--set multiplex ratio(1 to 64)
 480              		.loc 1 93 5 view .LVU108
 481 006c A620     		movs	r0, #166
 482 006e FFF7FEFF 		bl	OLED_WriteCmd
 483              	.LVL54:
  94:hal_bsp/hal/driver/spi_oled/ax_oled_1305.c ****     OLED_WriteCmd(0x3f);  //--1/64 duty
 484              		.loc 1 94 5 view .LVU109
 485 0072 A820     		movs	r0, #168
 486 0074 FFF7FEFF 		bl	OLED_WriteCmd
 487              	.LVL55:
  95:hal_bsp/hal/driver/spi_oled/ax_oled_1305.c ****     OLED_WriteCmd(0xD3);  //-set display offset	Shift Mapping RAM Counter (0x00~0x3F)
 488              		.loc 1 95 5 view .LVU110
 489 0078 3F20     		movs	r0, #63
 490 007a FFF7FEFF 		bl	OLED_WriteCmd
 491              	.LVL56:
  96:hal_bsp/hal/driver/spi_oled/ax_oled_1305.c ****     OLED_WriteCmd(0x00);  //-not offset
 492              		.loc 1 96 5 view .LVU111
ARM GAS  C:\Users\honor\AppData\Local\Temp\ccuWKR9G.s 			page 21


 493 007e D320     		movs	r0, #211
 494 0080 FFF7FEFF 		bl	OLED_WriteCmd
 495              	.LVL57:
  97:hal_bsp/hal/driver/spi_oled/ax_oled_1305.c ****     OLED_WriteCmd(0xd5);  //--set display clock divide ratio/oscillator frequency
 496              		.loc 1 97 5 view .LVU112
 497 0084 0020     		movs	r0, #0
 498 0086 FFF7FEFF 		bl	OLED_WriteCmd
 499              	.LVL58:
  98:hal_bsp/hal/driver/spi_oled/ax_oled_1305.c ****     OLED_WriteCmd(0x80);  //--set divide ratio, Set Clock as 100 Frames/Sec
 500              		.loc 1 98 5 view .LVU113
 501 008a D520     		movs	r0, #213
 502 008c FFF7FEFF 		bl	OLED_WriteCmd
 503              	.LVL59:
  99:hal_bsp/hal/driver/spi_oled/ax_oled_1305.c ****     OLED_WriteCmd(0xD9);  //--set pre-charge period
 504              		.loc 1 99 5 view .LVU114
 505 0090 8020     		movs	r0, #128
 506 0092 FFF7FEFF 		bl	OLED_WriteCmd
 507              	.LVL60:
 100:hal_bsp/hal/driver/spi_oled/ax_oled_1305.c ****     OLED_WriteCmd(0xF1);  // Set Pre-Charge as 15 Clocks & Discharge as 1 Clock
 508              		.loc 1 100 5 view .LVU115
 509 0096 D920     		movs	r0, #217
 510 0098 FFF7FEFF 		bl	OLED_WriteCmd
 511              	.LVL61:
 101:hal_bsp/hal/driver/spi_oled/ax_oled_1305.c ****     OLED_WriteCmd(0xDA);  //--set com pins hardware configuration
 512              		.loc 1 101 5 view .LVU116
 513 009c F120     		movs	r0, #241
 514 009e FFF7FEFF 		bl	OLED_WriteCmd
 515              	.LVL62:
 102:hal_bsp/hal/driver/spi_oled/ax_oled_1305.c ****     OLED_WriteCmd(0x12);
 516              		.loc 1 102 5 view .LVU117
 517 00a2 DA20     		movs	r0, #218
 518 00a4 FFF7FEFF 		bl	OLED_WriteCmd
 519              	.LVL63:
 103:hal_bsp/hal/driver/spi_oled/ax_oled_1305.c ****     OLED_WriteCmd(0xDB);  //--set vcomh
 520              		.loc 1 103 5 view .LVU118
 521 00a8 1220     		movs	r0, #18
 522 00aa FFF7FEFF 		bl	OLED_WriteCmd
 523              	.LVL64:
 104:hal_bsp/hal/driver/spi_oled/ax_oled_1305.c ****     OLED_WriteCmd(0x40);  // Set VCOM Deselect Level
 524              		.loc 1 104 5 view .LVU119
 525 00ae DB20     		movs	r0, #219
 526 00b0 FFF7FEFF 		bl	OLED_WriteCmd
 527              	.LVL65:
 105:hal_bsp/hal/driver/spi_oled/ax_oled_1305.c ****     OLED_WriteCmd(0x20);  //-Set Page Addressing Mode (0x00/0x01/0x02)
 528              		.loc 1 105 5 view .LVU120
 529 00b4 4020     		movs	r0, #64
 530 00b6 FFF7FEFF 		bl	OLED_WriteCmd
 531              	.LVL66:
 106:hal_bsp/hal/driver/spi_oled/ax_oled_1305.c ****     OLED_WriteCmd(0x02);  //
 532              		.loc 1 106 5 view .LVU121
 533 00ba 2020     		movs	r0, #32
 534 00bc FFF7FEFF 		bl	OLED_WriteCmd
 535              	.LVL67:
 107:hal_bsp/hal/driver/spi_oled/ax_oled_1305.c ****     OLED_WriteCmd(0x8D);  //--set Charge Pump enable/disable
 536              		.loc 1 107 5 view .LVU122
 537 00c0 0220     		movs	r0, #2
 538 00c2 FFF7FEFF 		bl	OLED_WriteCmd
ARM GAS  C:\Users\honor\AppData\Local\Temp\ccuWKR9G.s 			page 22


 539              	.LVL68:
 108:hal_bsp/hal/driver/spi_oled/ax_oled_1305.c ****     OLED_WriteCmd(0x14);  //--set(0x10) disable
 540              		.loc 1 108 5 view .LVU123
 541 00c6 8D20     		movs	r0, #141
 542 00c8 FFF7FEFF 		bl	OLED_WriteCmd
 543              	.LVL69:
 109:hal_bsp/hal/driver/spi_oled/ax_oled_1305.c ****     OLED_WriteCmd(0xA4);  // Disable Entire Display On (0xa4/0xa5)
 544              		.loc 1 109 5 view .LVU124
 545 00cc 1420     		movs	r0, #20
 546 00ce FFF7FEFF 		bl	OLED_WriteCmd
 547              	.LVL70:
 110:hal_bsp/hal/driver/spi_oled/ax_oled_1305.c ****     OLED_WriteCmd(0xA6);  // Disable Inverse Display On (0xa6/a7)
 548              		.loc 1 110 5 view .LVU125
 549 00d2 A420     		movs	r0, #164
 550 00d4 FFF7FEFF 		bl	OLED_WriteCmd
 551              	.LVL71:
 111:hal_bsp/hal/driver/spi_oled/ax_oled_1305.c ****     OLED_WriteCmd(0xAF);  //--turn on oled panel
 552              		.loc 1 111 5 view .LVU126
 553 00d8 A620     		movs	r0, #166
 554 00da FFF7FEFF 		bl	OLED_WriteCmd
 555              	.LVL72:
 112:hal_bsp/hal/driver/spi_oled/ax_oled_1305.c **** 
 556              		.loc 1 112 5 view .LVU127
 557 00de AF20     		movs	r0, #175
 558 00e0 FFF7FEFF 		bl	OLED_WriteCmd
 559              	.LVL73:
 114:hal_bsp/hal/driver/spi_oled/ax_oled_1305.c **** }
 560              		.loc 1 114 5 view .LVU128
 561 00e4 FFF7FEFF 		bl	AX_OLED_ClearScreen
 562              	.LVL74:
 115:hal_bsp/hal/driver/spi_oled/ax_oled_1305.c **** 
 563              		.loc 1 115 1 is_stmt 0 view .LVU129
 564 00e8 08BD     		pop	{r3, pc}
 565              	.L33:
 566 00ea 00BF     		.align	2
 567              	.L32:
 568 00ec 00000000 		.word	.LANCHOR0
 569              		.cfi_endproc
 570              	.LFE244:
 572              		.section	.text.AX_OLED_DispChar,"ax",%progbits
 573              		.align	1
 574              		.global	AX_OLED_DispChar
 575              		.syntax unified
 576              		.thumb
 577              		.thumb_func
 579              	AX_OLED_DispChar:
 580              	.LVL75:
 581              	.LFB246:
 141:hal_bsp/hal/driver/spi_oled/ax_oled_1305.c ****     uint8_t c = 0, i = 0;
 582              		.loc 1 141 71 is_stmt 1 view -0
 583              		.cfi_startproc
 584              		@ args = 0, pretend = 0, frame = 0
 585              		@ frame_needed = 0, uses_anonymous_args = 0
 142:hal_bsp/hal/driver/spi_oled/ax_oled_1305.c **** 
 586              		.loc 1 142 5 view .LVU131
 144:hal_bsp/hal/driver/spi_oled/ax_oled_1305.c **** 
 587              		.loc 1 144 5 view .LVU132
ARM GAS  C:\Users\honor\AppData\Local\Temp\ccuWKR9G.s 			page 23


 147:hal_bsp/hal/driver/spi_oled/ax_oled_1305.c ****         if (mode != 0) {
 588              		.loc 1 147 5 view .LVU133
 147:hal_bsp/hal/driver/spi_oled/ax_oled_1305.c ****         if (mode != 0) {
 589              		.loc 1 147 8 is_stmt 0 view .LVU134
 590 0000 7A28     		cmp	r0, #122
 591 0002 29D8     		bhi	.L42
 141:hal_bsp/hal/driver/spi_oled/ax_oled_1305.c ****     uint8_t c = 0, i = 0;
 592              		.loc 1 141 71 discriminator 1 view .LVU135
 593 0004 38B5     		push	{r3, r4, r5, lr}
 594              	.LCFI10:
 595              		.cfi_def_cfa_offset 16
 596              		.cfi_offset 3, -16
 597              		.cfi_offset 4, -12
 598              		.cfi_offset 5, -8
 599              		.cfi_offset 14, -4
 600 0006 1D46     		mov	r5, r3
 601 0008 203A     		subs	r2, r2, #32
 602              	.LVL76:
 141:hal_bsp/hal/driver/spi_oled/ax_oled_1305.c ****     uint8_t c = 0, i = 0;
 603              		.loc 1 141 71 discriminator 1 view .LVU136
 604 000a D4B2     		uxtb	r4, r2
 147:hal_bsp/hal/driver/spi_oled/ax_oled_1305.c ****         if (mode != 0) {
 605              		.loc 1 147 19 discriminator 1 view .LVU137
 606 000c 0729     		cmp	r1, #7
 607 000e 12D8     		bhi	.L34
 148:hal_bsp/hal/driver/spi_oled/ax_oled_1305.c ****             OLED_Set_Pos(x, y);
 608              		.loc 1 148 9 is_stmt 1 view .LVU138
 148:hal_bsp/hal/driver/spi_oled/ax_oled_1305.c ****             OLED_Set_Pos(x, y);
 609              		.loc 1 148 12 is_stmt 0 view .LVU139
 610 0010 93B1     		cbz	r3, .L36
 149:hal_bsp/hal/driver/spi_oled/ax_oled_1305.c ****             for (i = 0; i < 6; i++)
 611              		.loc 1 149 13 is_stmt 1 view .LVU140
 612 0012 FFF7FEFF 		bl	OLED_Set_Pos
 613              	.LVL77:
 150:hal_bsp/hal/driver/spi_oled/ax_oled_1305.c ****                 OLED_WriteData(~ASCII6X8[c * 6 + i]);
 614              		.loc 1 150 13 view .LVU141
 150:hal_bsp/hal/driver/spi_oled/ax_oled_1305.c ****                 OLED_WriteData(~ASCII6X8[c * 6 + i]);
 615              		.loc 1 150 20 is_stmt 0 view .LVU142
 616 0016 0025     		movs	r5, #0
 150:hal_bsp/hal/driver/spi_oled/ax_oled_1305.c ****                 OLED_WriteData(~ASCII6X8[c * 6 + i]);
 617              		.loc 1 150 13 view .LVU143
 618 0018 0BE0     		b	.L37
 619              	.LVL78:
 620              	.L38:
 151:hal_bsp/hal/driver/spi_oled/ax_oled_1305.c ****         } else {
 621              		.loc 1 151 17 is_stmt 1 discriminator 3 view .LVU144
 151:hal_bsp/hal/driver/spi_oled/ax_oled_1305.c ****         } else {
 622              		.loc 1 151 44 is_stmt 0 discriminator 3 view .LVU145
 623 001a 04EB4403 		add	r3, r4, r4, lsl #1
 151:hal_bsp/hal/driver/spi_oled/ax_oled_1305.c ****         } else {
 624              		.loc 1 151 48 discriminator 3 view .LVU146
 625 001e 05EB4303 		add	r3, r5, r3, lsl #1
 151:hal_bsp/hal/driver/spi_oled/ax_oled_1305.c ****         } else {
 626              		.loc 1 151 41 discriminator 3 view .LVU147
 627 0022 0E4A     		ldr	r2, .L45
 628 0024 D05C     		ldrb	r0, [r2, r3]	@ zero_extendqisi2
 151:hal_bsp/hal/driver/spi_oled/ax_oled_1305.c ****         } else {
ARM GAS  C:\Users\honor\AppData\Local\Temp\ccuWKR9G.s 			page 24


 629              		.loc 1 151 17 discriminator 3 view .LVU148
 630 0026 C043     		mvns	r0, r0
 631 0028 C0B2     		uxtb	r0, r0
 632 002a FFF7FEFF 		bl	OLED_WriteData
 633              	.LVL79:
 150:hal_bsp/hal/driver/spi_oled/ax_oled_1305.c ****                 OLED_WriteData(~ASCII6X8[c * 6 + i]);
 634              		.loc 1 150 32 is_stmt 1 discriminator 3 view .LVU149
 150:hal_bsp/hal/driver/spi_oled/ax_oled_1305.c ****                 OLED_WriteData(~ASCII6X8[c * 6 + i]);
 635              		.loc 1 150 33 is_stmt 0 discriminator 3 view .LVU150
 636 002e 0135     		adds	r5, r5, #1
 637              	.LVL80:
 150:hal_bsp/hal/driver/spi_oled/ax_oled_1305.c ****                 OLED_WriteData(~ASCII6X8[c * 6 + i]);
 638              		.loc 1 150 33 discriminator 3 view .LVU151
 639 0030 EDB2     		uxtb	r5, r5
 640              	.LVL81:
 641              	.L37:
 150:hal_bsp/hal/driver/spi_oled/ax_oled_1305.c ****                 OLED_WriteData(~ASCII6X8[c * 6 + i]);
 642              		.loc 1 150 25 is_stmt 1 discriminator 1 view .LVU152
 150:hal_bsp/hal/driver/spi_oled/ax_oled_1305.c ****                 OLED_WriteData(~ASCII6X8[c * 6 + i]);
 643              		.loc 1 150 13 is_stmt 0 discriminator 1 view .LVU153
 644 0032 052D     		cmp	r5, #5
 645 0034 F1D9     		bls	.L38
 646              	.LVL82:
 647              	.L34:
 158:hal_bsp/hal/driver/spi_oled/ax_oled_1305.c **** 
 648              		.loc 1 158 1 view .LVU154
 649 0036 38BD     		pop	{r3, r4, r5, pc}
 650              	.LVL83:
 651              	.L36:
 153:hal_bsp/hal/driver/spi_oled/ax_oled_1305.c ****             for (i = 0; i < 6; i++)
 652              		.loc 1 153 13 is_stmt 1 view .LVU155
 653 0038 FFF7FEFF 		bl	OLED_Set_Pos
 654              	.LVL84:
 154:hal_bsp/hal/driver/spi_oled/ax_oled_1305.c ****                 OLED_WriteData(ASCII6X8[c * 6 + i]);
 655              		.loc 1 154 13 view .LVU156
 154:hal_bsp/hal/driver/spi_oled/ax_oled_1305.c ****                 OLED_WriteData(ASCII6X8[c * 6 + i]);
 656              		.loc 1 154 13 is_stmt 0 view .LVU157
 657 003c 09E0     		b	.L39
 658              	.LVL85:
 659              	.L40:
 155:hal_bsp/hal/driver/spi_oled/ax_oled_1305.c ****         }
 660              		.loc 1 155 17 is_stmt 1 discriminator 3 view .LVU158
 155:hal_bsp/hal/driver/spi_oled/ax_oled_1305.c ****         }
 661              		.loc 1 155 43 is_stmt 0 discriminator 3 view .LVU159
 662 003e 04EB4403 		add	r3, r4, r4, lsl #1
 155:hal_bsp/hal/driver/spi_oled/ax_oled_1305.c ****         }
 663              		.loc 1 155 47 discriminator 3 view .LVU160
 664 0042 05EB4303 		add	r3, r5, r3, lsl #1
 155:hal_bsp/hal/driver/spi_oled/ax_oled_1305.c ****         }
 665              		.loc 1 155 17 discriminator 3 view .LVU161
 666 0046 054A     		ldr	r2, .L45
 667 0048 D05C     		ldrb	r0, [r2, r3]	@ zero_extendqisi2
 668 004a FFF7FEFF 		bl	OLED_WriteData
 669              	.LVL86:
 154:hal_bsp/hal/driver/spi_oled/ax_oled_1305.c ****                 OLED_WriteData(ASCII6X8[c * 6 + i]);
 670              		.loc 1 154 32 is_stmt 1 discriminator 3 view .LVU162
 154:hal_bsp/hal/driver/spi_oled/ax_oled_1305.c ****                 OLED_WriteData(ASCII6X8[c * 6 + i]);
ARM GAS  C:\Users\honor\AppData\Local\Temp\ccuWKR9G.s 			page 25


 671              		.loc 1 154 33 is_stmt 0 discriminator 3 view .LVU163
 672 004e 0135     		adds	r5, r5, #1
 673              	.LVL87:
 154:hal_bsp/hal/driver/spi_oled/ax_oled_1305.c ****                 OLED_WriteData(ASCII6X8[c * 6 + i]);
 674              		.loc 1 154 33 discriminator 3 view .LVU164
 675 0050 EDB2     		uxtb	r5, r5
 676              	.LVL88:
 677              	.L39:
 154:hal_bsp/hal/driver/spi_oled/ax_oled_1305.c ****                 OLED_WriteData(ASCII6X8[c * 6 + i]);
 678              		.loc 1 154 25 is_stmt 1 discriminator 1 view .LVU165
 154:hal_bsp/hal/driver/spi_oled/ax_oled_1305.c ****                 OLED_WriteData(ASCII6X8[c * 6 + i]);
 679              		.loc 1 154 13 is_stmt 0 discriminator 1 view .LVU166
 680 0052 052D     		cmp	r5, #5
 681 0054 F3D9     		bls	.L40
 682 0056 EEE7     		b	.L34
 683              	.LVL89:
 684              	.L42:
 685              	.LCFI11:
 686              		.cfi_def_cfa_offset 0
 687              		.cfi_restore 3
 688              		.cfi_restore 4
 689              		.cfi_restore 5
 690              		.cfi_restore 14
 154:hal_bsp/hal/driver/spi_oled/ax_oled_1305.c ****                 OLED_WriteData(ASCII6X8[c * 6 + i]);
 691              		.loc 1 154 13 discriminator 1 view .LVU167
 692 0058 7047     		bx	lr
 693              	.L46:
 694 005a 00BF     		.align	2
 695              	.L45:
 696 005c 00000000 		.word	.LANCHOR1
 697              		.cfi_endproc
 698              	.LFE246:
 700              		.section	.text.AX_OLED_DispStr,"ax",%progbits
 701              		.align	1
 702              		.global	AX_OLED_DispStr
 703              		.syntax unified
 704              		.thumb
 705              		.thumb_func
 707              	AX_OLED_DispStr:
 708              	.LVL90:
 709              	.LFB247:
 168:hal_bsp/hal/driver/spi_oled/ax_oled_1305.c ****     uint8_t j = 0;
 710              		.loc 1 168 71 is_stmt 1 view -0
 711              		.cfi_startproc
 712              		@ args = 0, pretend = 0, frame = 0
 713              		@ frame_needed = 0, uses_anonymous_args = 0
 169:hal_bsp/hal/driver/spi_oled/ax_oled_1305.c **** 
 714              		.loc 1 169 5 view .LVU169
 171:hal_bsp/hal/driver/spi_oled/ax_oled_1305.c ****         while (ch[j] != '\0') {
 715              		.loc 1 171 5 view .LVU170
 171:hal_bsp/hal/driver/spi_oled/ax_oled_1305.c ****         while (ch[j] != '\0') {
 716              		.loc 1 171 8 is_stmt 0 view .LVU171
 717 0000 7A28     		cmp	r0, #122
 718 0002 1DD8     		bhi	.L54
 168:hal_bsp/hal/driver/spi_oled/ax_oled_1305.c ****     uint8_t j = 0;
 719              		.loc 1 168 71 discriminator 1 view .LVU172
 720 0004 2DE9F041 		push	{r4, r5, r6, r7, r8, lr}
ARM GAS  C:\Users\honor\AppData\Local\Temp\ccuWKR9G.s 			page 26


 721              	.LCFI12:
 722              		.cfi_def_cfa_offset 24
 723              		.cfi_offset 4, -24
 724              		.cfi_offset 5, -20
 725              		.cfi_offset 6, -16
 726              		.cfi_offset 7, -12
 727              		.cfi_offset 8, -8
 728              		.cfi_offset 14, -4
 729 0008 0446     		mov	r4, r0
 730 000a 0E46     		mov	r6, r1
 731 000c 1746     		mov	r7, r2
 732 000e 9846     		mov	r8, r3
 171:hal_bsp/hal/driver/spi_oled/ax_oled_1305.c ****         while (ch[j] != '\0') {
 733              		.loc 1 171 19 discriminator 1 view .LVU173
 734 0010 0729     		cmp	r1, #7
 735 0012 13D9     		bls	.L52
 736              	.LVL91:
 737              	.L47:
 183:hal_bsp/hal/driver/spi_oled/ax_oled_1305.c **** /**
 738              		.loc 1 183 1 view .LVU174
 739 0014 BDE8F081 		pop	{r4, r5, r6, r7, r8, pc}
 740              	.LVL92:
 741              	.L50:
 180:hal_bsp/hal/driver/spi_oled/ax_oled_1305.c ****         }
 742              		.loc 1 180 13 is_stmt 1 view .LVU175
 180:hal_bsp/hal/driver/spi_oled/ax_oled_1305.c ****         }
 743              		.loc 1 180 14 is_stmt 0 view .LVU176
 744 0018 0135     		adds	r5, r5, #1
 745              	.LVL93:
 180:hal_bsp/hal/driver/spi_oled/ax_oled_1305.c ****         }
 746              		.loc 1 180 14 view .LVU177
 747 001a EDB2     		uxtb	r5, r5
 748              	.LVL94:
 749              	.L49:
 172:hal_bsp/hal/driver/spi_oled/ax_oled_1305.c ****             AX_OLED_DispChar(x, y, ch[j], mode);
 750              		.loc 1 172 15 is_stmt 1 view .LVU178
 172:hal_bsp/hal/driver/spi_oled/ax_oled_1305.c ****             AX_OLED_DispChar(x, y, ch[j], mode);
 751              		.loc 1 172 18 is_stmt 0 view .LVU179
 752 001c 7A5D     		ldrb	r2, [r7, r5]	@ zero_extendqisi2
 172:hal_bsp/hal/driver/spi_oled/ax_oled_1305.c ****             AX_OLED_DispChar(x, y, ch[j], mode);
 753              		.loc 1 172 15 view .LVU180
 754 001e 002A     		cmp	r2, #0
 755 0020 F8D0     		beq	.L47
 173:hal_bsp/hal/driver/spi_oled/ax_oled_1305.c ****             x += 6;
 756              		.loc 1 173 13 is_stmt 1 view .LVU181
 757 0022 4346     		mov	r3, r8
 758 0024 3146     		mov	r1, r6
 759 0026 2046     		mov	r0, r4
 760 0028 FFF7FEFF 		bl	AX_OLED_DispChar
 761              	.LVL95:
 174:hal_bsp/hal/driver/spi_oled/ax_oled_1305.c **** 
 762              		.loc 1 174 13 view .LVU182
 174:hal_bsp/hal/driver/spi_oled/ax_oled_1305.c **** 
 763              		.loc 1 174 15 is_stmt 0 view .LVU183
 764 002c 0634     		adds	r4, r4, #6
 765              	.LVL96:
 174:hal_bsp/hal/driver/spi_oled/ax_oled_1305.c **** 
ARM GAS  C:\Users\honor\AppData\Local\Temp\ccuWKR9G.s 			page 27


 766              		.loc 1 174 15 view .LVU184
 767 002e E4B2     		uxtb	r4, r4
 768              	.LVL97:
 176:hal_bsp/hal/driver/spi_oled/ax_oled_1305.c ****                 x = 0;
 769              		.loc 1 176 13 is_stmt 1 view .LVU185
 176:hal_bsp/hal/driver/spi_oled/ax_oled_1305.c ****                 x = 0;
 770              		.loc 1 176 16 is_stmt 0 view .LVU186
 771 0030 7A2C     		cmp	r4, #122
 772 0032 F1D9     		bls	.L50
 177:hal_bsp/hal/driver/spi_oled/ax_oled_1305.c ****                 y += 1;  // 当y>6时，超出部分不再显示
 773              		.loc 1 177 17 is_stmt 1 view .LVU187
 774              	.LVL98:
 178:hal_bsp/hal/driver/spi_oled/ax_oled_1305.c ****             }
 775              		.loc 1 178 17 view .LVU188
 178:hal_bsp/hal/driver/spi_oled/ax_oled_1305.c ****             }
 776              		.loc 1 178 19 is_stmt 0 view .LVU189
 777 0034 0136     		adds	r6, r6, #1
 778              	.LVL99:
 178:hal_bsp/hal/driver/spi_oled/ax_oled_1305.c ****             }
 779              		.loc 1 178 19 view .LVU190
 780 0036 F6B2     		uxtb	r6, r6
 781              	.LVL100:
 177:hal_bsp/hal/driver/spi_oled/ax_oled_1305.c ****                 y += 1;  // 当y>6时，超出部分不再显示
 782              		.loc 1 177 19 view .LVU191
 783 0038 0024     		movs	r4, #0
 784 003a EDE7     		b	.L50
 785              	.LVL101:
 786              	.L52:
 169:hal_bsp/hal/driver/spi_oled/ax_oled_1305.c **** 
 787              		.loc 1 169 13 view .LVU192
 788 003c 0025     		movs	r5, #0
 789 003e EDE7     		b	.L49
 790              	.L54:
 791              	.LCFI13:
 792              		.cfi_def_cfa_offset 0
 793              		.cfi_restore 4
 794              		.cfi_restore 5
 795              		.cfi_restore 6
 796              		.cfi_restore 7
 797              		.cfi_restore 8
 798              		.cfi_restore 14
 169:hal_bsp/hal/driver/spi_oled/ax_oled_1305.c **** 
 799              		.loc 1 169 13 view .LVU193
 800 0040 7047     		bx	lr
 801              		.cfi_endproc
 802              	.LFE247:
 804              		.section	.text.AX_OLED_DispNum,"ax",%progbits
 805              		.align	1
 806              		.global	AX_OLED_DispNum
 807              		.syntax unified
 808              		.thumb
 809              		.thumb_func
 811              	AX_OLED_DispNum:
 812              	.LVL102:
 813              	.LFB248:
 193:hal_bsp/hal/driver/spi_oled/ax_oled_1305.c ****     if (num < 10) {
 814              		.loc 1 193 1 is_stmt 1 view -0
ARM GAS  C:\Users\honor\AppData\Local\Temp\ccuWKR9G.s 			page 28


 815              		.cfi_startproc
 816              		@ args = 0, pretend = 0, frame = 0
 817              		@ frame_needed = 0, uses_anonymous_args = 0
 194:hal_bsp/hal/driver/spi_oled/ax_oled_1305.c ****         AX_OLED_DispChar(x, y, ('0' + num), mode);
 818              		.loc 1 194 5 view .LVU195
 194:hal_bsp/hal/driver/spi_oled/ax_oled_1305.c ****         AX_OLED_DispChar(x, y, ('0' + num), mode);
 819              		.loc 1 194 8 is_stmt 0 view .LVU196
 820 0000 092A     		cmp	r2, #9
 821 0002 00D9     		bls	.L63
 822 0004 7047     		bx	lr
 823              	.L63:
 193:hal_bsp/hal/driver/spi_oled/ax_oled_1305.c ****     if (num < 10) {
 824              		.loc 1 193 1 view .LVU197
 825 0006 08B5     		push	{r3, lr}
 826              	.LCFI14:
 827              		.cfi_def_cfa_offset 8
 828              		.cfi_offset 3, -8
 829              		.cfi_offset 14, -4
 195:hal_bsp/hal/driver/spi_oled/ax_oled_1305.c ****     }
 830              		.loc 1 195 9 is_stmt 1 view .LVU198
 831 0008 3032     		adds	r2, r2, #48
 832              	.LVL103:
 195:hal_bsp/hal/driver/spi_oled/ax_oled_1305.c ****     }
 833              		.loc 1 195 9 is_stmt 0 view .LVU199
 834 000a D2B2     		uxtb	r2, r2
 835 000c FFF7FEFF 		bl	AX_OLED_DispChar
 836              	.LVL104:
 197:hal_bsp/hal/driver/spi_oled/ax_oled_1305.c **** 
 837              		.loc 1 197 1 view .LVU200
 838 0010 08BD     		pop	{r3, pc}
 839              		.cfi_endproc
 840              	.LFE248:
 842              		.section	.text.AX_OLED_DispInteger,"ax",%progbits
 843              		.align	1
 844              		.global	AX_OLED_DispInteger
 845              		.syntax unified
 846              		.thumb
 847              		.thumb_func
 849              	AX_OLED_DispInteger:
 850              	.LVL105:
 851              	.LFB249:
 212:hal_bsp/hal/driver/spi_oled/ax_oled_1305.c ****     uint8_t num_digits[10] = {0};  // 存储每一位数字
 852              		.loc 1 212 56 is_stmt 1 view -0
 853              		.cfi_startproc
 854              		@ args = 4, pretend = 0, frame = 16
 855              		@ frame_needed = 0, uses_anonymous_args = 0
 212:hal_bsp/hal/driver/spi_oled/ax_oled_1305.c ****     uint8_t num_digits[10] = {0};  // 存储每一位数字
 856              		.loc 1 212 56 is_stmt 0 view .LVU202
 857 0000 2DE9F043 		push	{r4, r5, r6, r7, r8, r9, lr}
 858              	.LCFI15:
 859              		.cfi_def_cfa_offset 28
 860              		.cfi_offset 4, -28
 861              		.cfi_offset 5, -24
 862              		.cfi_offset 6, -20
 863              		.cfi_offset 7, -16
 864              		.cfi_offset 8, -12
 865              		.cfi_offset 9, -8
ARM GAS  C:\Users\honor\AppData\Local\Temp\ccuWKR9G.s 			page 29


 866              		.cfi_offset 14, -4
 867 0004 85B0     		sub	sp, sp, #20
 868              	.LCFI16:
 869              		.cfi_def_cfa_offset 48
 870 0006 1C46     		mov	r4, r3
 871 0008 9DF83070 		ldrb	r7, [sp, #48]	@ zero_extendqisi2
 213:hal_bsp/hal/driver/spi_oled/ax_oled_1305.c ****     uint8_t i;
 872              		.loc 1 213 5 is_stmt 1 view .LVU203
 213:hal_bsp/hal/driver/spi_oled/ax_oled_1305.c ****     uint8_t i;
 873              		.loc 1 213 13 is_stmt 0 view .LVU204
 874 000c 0023     		movs	r3, #0
 875              	.LVL106:
 213:hal_bsp/hal/driver/spi_oled/ax_oled_1305.c ****     uint8_t i;
 876              		.loc 1 213 13 view .LVU205
 877 000e 0193     		str	r3, [sp, #4]
 878 0010 0293     		str	r3, [sp, #8]
 879 0012 ADF80C30 		strh	r3, [sp, #12]	@ movhi
 214:hal_bsp/hal/driver/spi_oled/ax_oled_1305.c ****     uint32_t temp;
 880              		.loc 1 214 5 is_stmt 1 view .LVU206
 215:hal_bsp/hal/driver/spi_oled/ax_oled_1305.c ****     uint8_t start_x = x;
 881              		.loc 1 215 5 view .LVU207
 216:hal_bsp/hal/driver/spi_oled/ax_oled_1305.c ****     uint8_t actual_digits = 0;
 882              		.loc 1 216 5 view .LVU208
 883              	.LVL107:
 217:hal_bsp/hal/driver/spi_oled/ax_oled_1305.c **** 
 884              		.loc 1 217 5 view .LVU209
 220:hal_bsp/hal/driver/spi_oled/ax_oled_1305.c ****         return;  // 参数错误，直接返回
 885              		.loc 1 220 5 view .LVU210
 220:hal_bsp/hal/driver/spi_oled/ax_oled_1305.c ****         return;  // 参数错误，直接返回
 886              		.loc 1 220 21 is_stmt 0 view .LVU211
 887 0016 04F1FF38 		add	r8, r4, #-1
 888 001a 5FFA88F8 		uxtb	r8, r8
 220:hal_bsp/hal/driver/spi_oled/ax_oled_1305.c ****         return;  // 参数错误，直接返回
 889              		.loc 1 220 8 view .LVU212
 890 001e B8F1090F 		cmp	r8, #9
 891 0022 3FD8     		bhi	.L64
 892 0024 0546     		mov	r5, r0
 893 0026 0E46     		mov	r6, r1
 894 0028 9146     		mov	r9, r2
 225:hal_bsp/hal/driver/spi_oled/ax_oled_1305.c ****         // 显示负号
 895              		.loc 1 225 5 is_stmt 1 view .LVU213
 225:hal_bsp/hal/driver/spi_oled/ax_oled_1305.c ****         // 显示负号
 896              		.loc 1 225 8 is_stmt 0 view .LVU214
 897 002a 9A42     		cmp	r2, r3
 898 002c 03DB     		blt	.L82
 253:hal_bsp/hal/driver/spi_oled/ax_oled_1305.c **** 
 899              		.loc 1 253 9 is_stmt 1 view .LVU215
 253:hal_bsp/hal/driver/spi_oled/ax_oled_1305.c **** 
 900              		.loc 1 253 14 is_stmt 0 view .LVU216
 901 002e 1046     		mov	r0, r2
 902              	.LVL108:
 256:hal_bsp/hal/driver/spi_oled/ax_oled_1305.c ****             num_digits[i] = temp % 10;
 903              		.loc 1 256 9 is_stmt 1 view .LVU217
 217:hal_bsp/hal/driver/spi_oled/ax_oled_1305.c **** 
 904              		.loc 1 217 13 is_stmt 0 view .LVU218
 905 0030 0023     		movs	r3, #0
 256:hal_bsp/hal/driver/spi_oled/ax_oled_1305.c ****             num_digits[i] = temp % 10;
ARM GAS  C:\Users\honor\AppData\Local\Temp\ccuWKR9G.s 			page 30


 906              		.loc 1 256 16 view .LVU219
 907 0032 1946     		mov	r1, r3
 908              	.LVL109:
 256:hal_bsp/hal/driver/spi_oled/ax_oled_1305.c ****             num_digits[i] = temp % 10;
 909              		.loc 1 256 9 view .LVU220
 910 0034 3CE0     		b	.L74
 911              	.LVL110:
 912              	.L82:
 913              	.LBB2:
 227:hal_bsp/hal/driver/spi_oled/ax_oled_1305.c ****         start_x += 6;  // 负号占用一个字符宽度
 914              		.loc 1 227 9 is_stmt 1 view .LVU221
 915 0036 3B46     		mov	r3, r7
 916 0038 2D22     		movs	r2, #45
 917              	.LVL111:
 227:hal_bsp/hal/driver/spi_oled/ax_oled_1305.c ****         start_x += 6;  // 负号占用一个字符宽度
 918              		.loc 1 227 9 is_stmt 0 view .LVU222
 919 003a FFF7FEFF 		bl	AX_OLED_DispChar
 920              	.LVL112:
 228:hal_bsp/hal/driver/spi_oled/ax_oled_1305.c **** 
 921              		.loc 1 228 9 is_stmt 1 view .LVU223
 228:hal_bsp/hal/driver/spi_oled/ax_oled_1305.c **** 
 922              		.loc 1 228 17 is_stmt 0 view .LVU224
 923 003e 0635     		adds	r5, r5, #6
 924 0040 EDB2     		uxtb	r5, r5
 925              	.LVL113:
 231:hal_bsp/hal/driver/spi_oled/ax_oled_1305.c **** 
 926              		.loc 1 231 9 is_stmt 1 view .LVU225
 234:hal_bsp/hal/driver/spi_oled/ax_oled_1305.c **** 
 927              		.loc 1 234 9 view .LVU226
 234:hal_bsp/hal/driver/spi_oled/ax_oled_1305.c **** 
 928              		.loc 1 234 27 is_stmt 0 view .LVU227
 929 0042 C9F10000 		rsb	r0, r9, #0
 930              	.LVL114:
 237:hal_bsp/hal/driver/spi_oled/ax_oled_1305.c ****             num_digits[i] = temp % 10;
 931              		.loc 1 237 9 is_stmt 1 view .LVU228
 237:hal_bsp/hal/driver/spi_oled/ax_oled_1305.c ****             num_digits[i] = temp % 10;
 932              		.loc 1 237 16 is_stmt 0 view .LVU229
 933 0046 0022     		movs	r2, #0
 934              	.LVL115:
 935              	.L68:
 237:hal_bsp/hal/driver/spi_oled/ax_oled_1305.c ****             num_digits[i] = temp % 10;
 936              		.loc 1 237 21 is_stmt 1 discriminator 1 view .LVU230
 237:hal_bsp/hal/driver/spi_oled/ax_oled_1305.c ****             num_digits[i] = temp % 10;
 937              		.loc 1 237 9 is_stmt 0 discriminator 1 view .LVU231
 938 0048 9045     		cmp	r8, r2
 939 004a 13D9     		bls	.L69
 238:hal_bsp/hal/driver/spi_oled/ax_oled_1305.c ****             temp /= 10;
 940              		.loc 1 238 13 is_stmt 1 view .LVU232
 238:hal_bsp/hal/driver/spi_oled/ax_oled_1305.c ****             temp /= 10;
 941              		.loc 1 238 34 is_stmt 0 view .LVU233
 942 004c 354B     		ldr	r3, .L85
 943 004e A3FB0013 		umull	r1, r3, r3, r0
 944 0052 DB08     		lsrs	r3, r3, #3
 945 0054 1C46     		mov	r4, r3
 946 0056 03EB8303 		add	r3, r3, r3, lsl #2
 947 005a A0EB4303 		sub	r3, r0, r3, lsl #1
 238:hal_bsp/hal/driver/spi_oled/ax_oled_1305.c ****             temp /= 10;
ARM GAS  C:\Users\honor\AppData\Local\Temp\ccuWKR9G.s 			page 31


 948              		.loc 1 238 27 view .LVU234
 949 005e 02F11001 		add	r1, r2, #16
 950 0062 6944     		add	r1, sp, r1
 951 0064 01F80C3C 		strb	r3, [r1, #-12]
 239:hal_bsp/hal/driver/spi_oled/ax_oled_1305.c ****             if (temp == 0) {
 952              		.loc 1 239 13 is_stmt 1 view .LVU235
 953              	.LVL116:
 240:hal_bsp/hal/driver/spi_oled/ax_oled_1305.c ****                 break;
 954              		.loc 1 240 13 view .LVU236
 240:hal_bsp/hal/driver/spi_oled/ax_oled_1305.c ****                 break;
 955              		.loc 1 240 16 is_stmt 0 view .LVU237
 956 0068 0928     		cmp	r0, #9
 957 006a 03D9     		bls	.L69
 237:hal_bsp/hal/driver/spi_oled/ax_oled_1305.c ****             num_digits[i] = temp % 10;
 958              		.loc 1 237 44 is_stmt 1 discriminator 2 view .LVU238
 237:hal_bsp/hal/driver/spi_oled/ax_oled_1305.c ****             num_digits[i] = temp % 10;
 959              		.loc 1 237 45 is_stmt 0 discriminator 2 view .LVU239
 960 006c 0132     		adds	r2, r2, #1
 961              	.LVL117:
 237:hal_bsp/hal/driver/spi_oled/ax_oled_1305.c ****             num_digits[i] = temp % 10;
 962              		.loc 1 237 45 discriminator 2 view .LVU240
 963 006e D2B2     		uxtb	r2, r2
 964              	.LVL118:
 239:hal_bsp/hal/driver/spi_oled/ax_oled_1305.c ****             if (temp == 0) {
 965              		.loc 1 239 18 discriminator 2 view .LVU241
 966 0070 2046     		mov	r0, r4
 967 0072 E9E7     		b	.L68
 968              	.LVL119:
 969              	.L69:
 239:hal_bsp/hal/driver/spi_oled/ax_oled_1305.c ****             if (temp == 0) {
 970              		.loc 1 239 18 discriminator 1 view .LVU242
 971 0074 0024     		movs	r4, #0
 972 0076 13E0     		b	.L71
 973              	.LVL120:
 974              	.L72:
 975              	.LBB3:
 247:hal_bsp/hal/driver/spi_oled/ax_oled_1305.c ****             AX_OLED_DispNum(start_x + (i * 6), y,
 976              		.loc 1 247 13 is_stmt 1 discriminator 3 view .LVU243
 247:hal_bsp/hal/driver/spi_oled/ax_oled_1305.c ****             AX_OLED_DispNum(start_x + (i * 6), y,
 977              		.loc 1 247 53 is_stmt 0 discriminator 3 view .LVU244
 978 0078 A8EB0402 		sub	r2, r8, r4
 979 007c D2B2     		uxtb	r2, r2
 247:hal_bsp/hal/driver/spi_oled/ax_oled_1305.c ****             AX_OLED_DispNum(start_x + (i * 6), y,
 980              		.loc 1 247 21 discriminator 3 view .LVU245
 981 007e 013A     		subs	r2, r2, #1
 982              	.LVL121:
 248:hal_bsp/hal/driver/spi_oled/ax_oled_1305.c ****                             num_digits[digit_index], mode);
 983              		.loc 1 248 13 is_stmt 1 discriminator 3 view .LVU246
 984 0080 04AB     		add	r3, sp, #16
 985 0082 53FA82F2 		uxtab	r2, r3, r2
 986              	.LVL122:
 248:hal_bsp/hal/driver/spi_oled/ax_oled_1305.c ****                             num_digits[digit_index], mode);
 987              		.loc 1 248 13 is_stmt 0 discriminator 3 view .LVU247
 988 0086 04EB4400 		add	r0, r4, r4, lsl #1
 989 008a 05EB4000 		add	r0, r5, r0, lsl #1
 990 008e 3B46     		mov	r3, r7
 991 0090 12F80C2C 		ldrb	r2, [r2, #-12]	@ zero_extendqisi2
ARM GAS  C:\Users\honor\AppData\Local\Temp\ccuWKR9G.s 			page 32


 992 0094 3146     		mov	r1, r6
 993 0096 C0B2     		uxtb	r0, r0
 994 0098 FFF7FEFF 		bl	AX_OLED_DispNum
 995              	.LVL123:
 996              	.LBE3:
 246:hal_bsp/hal/driver/spi_oled/ax_oled_1305.c ****             uint8_t digit_index = num_digits_needed - i - 1;
 997              		.loc 1 246 44 is_stmt 1 discriminator 3 view .LVU248
 246:hal_bsp/hal/driver/spi_oled/ax_oled_1305.c ****             uint8_t digit_index = num_digits_needed - i - 1;
 998              		.loc 1 246 45 is_stmt 0 discriminator 3 view .LVU249
 999 009c 0134     		adds	r4, r4, #1
 1000              	.LVL124:
 246:hal_bsp/hal/driver/spi_oled/ax_oled_1305.c ****             uint8_t digit_index = num_digits_needed - i - 1;
 1001              		.loc 1 246 45 discriminator 3 view .LVU250
 1002 009e E4B2     		uxtb	r4, r4
 1003              	.LVL125:
 1004              	.L71:
 246:hal_bsp/hal/driver/spi_oled/ax_oled_1305.c ****             uint8_t digit_index = num_digits_needed - i - 1;
 1005              		.loc 1 246 21 is_stmt 1 discriminator 1 view .LVU251
 246:hal_bsp/hal/driver/spi_oled/ax_oled_1305.c ****             uint8_t digit_index = num_digits_needed - i - 1;
 1006              		.loc 1 246 9 is_stmt 0 discriminator 1 view .LVU252
 1007 00a0 A045     		cmp	r8, r4
 1008 00a2 E9D8     		bhi	.L72
 1009              	.LVL126:
 1010              	.L64:
 246:hal_bsp/hal/driver/spi_oled/ax_oled_1305.c ****             uint8_t digit_index = num_digits_needed - i - 1;
 1011              		.loc 1 246 9 discriminator 1 view .LVU253
 1012              	.LBE2:
 277:hal_bsp/hal/driver/spi_oled/ax_oled_1305.c **** 
 1013              		.loc 1 277 1 view .LVU254
 1014 00a4 05B0     		add	sp, sp, #20
 1015              	.LCFI17:
 1016              		.cfi_remember_state
 1017              		.cfi_def_cfa_offset 28
 1018              		@ sp needed
 1019 00a6 BDE8F083 		pop	{r4, r5, r6, r7, r8, r9, pc}
 1020              	.LVL127:
 1021              	.L83:
 1022              	.LCFI18:
 1023              		.cfi_restore_state
 256:hal_bsp/hal/driver/spi_oled/ax_oled_1305.c ****             num_digits[i] = temp % 10;
 1024              		.loc 1 256 33 is_stmt 1 discriminator 2 view .LVU255
 256:hal_bsp/hal/driver/spi_oled/ax_oled_1305.c ****             num_digits[i] = temp % 10;
 1025              		.loc 1 256 34 is_stmt 0 discriminator 2 view .LVU256
 1026 00aa 0131     		adds	r1, r1, #1
 1027              	.LVL128:
 256:hal_bsp/hal/driver/spi_oled/ax_oled_1305.c ****             num_digits[i] = temp % 10;
 1028              		.loc 1 256 34 discriminator 2 view .LVU257
 1029 00ac C9B2     		uxtb	r1, r1
 1030              	.LVL129:
 258:hal_bsp/hal/driver/spi_oled/ax_oled_1305.c ****             actual_digits++;
 1031              		.loc 1 258 18 discriminator 2 view .LVU258
 1032 00ae 7046     		mov	r0, lr
 1033              	.LVL130:
 1034              	.L74:
 256:hal_bsp/hal/driver/spi_oled/ax_oled_1305.c ****             num_digits[i] = temp % 10;
 1035              		.loc 1 256 21 is_stmt 1 discriminator 1 view .LVU259
 256:hal_bsp/hal/driver/spi_oled/ax_oled_1305.c ****             num_digits[i] = temp % 10;
ARM GAS  C:\Users\honor\AppData\Local\Temp\ccuWKR9G.s 			page 33


 1036              		.loc 1 256 9 is_stmt 0 discriminator 1 view .LVU260
 1037 00b0 A142     		cmp	r1, r4
 1038 00b2 11D2     		bcs	.L77
 257:hal_bsp/hal/driver/spi_oled/ax_oled_1305.c ****             temp /= 10;
 1039              		.loc 1 257 13 is_stmt 1 view .LVU261
 257:hal_bsp/hal/driver/spi_oled/ax_oled_1305.c ****             temp /= 10;
 1040              		.loc 1 257 34 is_stmt 0 view .LVU262
 1041 00b4 1B4A     		ldr	r2, .L85
 1042 00b6 A2FB00C2 		umull	ip, r2, r2, r0
 1043 00ba D208     		lsrs	r2, r2, #3
 1044 00bc 9646     		mov	lr, r2
 1045 00be 02EB8202 		add	r2, r2, r2, lsl #2
 1046 00c2 A0EB4202 		sub	r2, r0, r2, lsl #1
 257:hal_bsp/hal/driver/spi_oled/ax_oled_1305.c ****             temp /= 10;
 1047              		.loc 1 257 27 view .LVU263
 1048 00c6 01F1100C 		add	ip, r1, #16
 1049 00ca EC44     		add	ip, sp, ip
 1050 00cc 0CF80C2C 		strb	r2, [ip, #-12]
 258:hal_bsp/hal/driver/spi_oled/ax_oled_1305.c ****             actual_digits++;
 1051              		.loc 1 258 13 is_stmt 1 view .LVU264
 1052              	.LVL131:
 259:hal_bsp/hal/driver/spi_oled/ax_oled_1305.c ****             if (temp == 0) {
 1053              		.loc 1 259 13 view .LVU265
 259:hal_bsp/hal/driver/spi_oled/ax_oled_1305.c ****             if (temp == 0) {
 1054              		.loc 1 259 26 is_stmt 0 view .LVU266
 1055 00d0 0133     		adds	r3, r3, #1
 1056              	.LVL132:
 259:hal_bsp/hal/driver/spi_oled/ax_oled_1305.c ****             if (temp == 0) {
 1057              		.loc 1 259 26 view .LVU267
 1058 00d2 DBB2     		uxtb	r3, r3
 1059              	.LVL133:
 260:hal_bsp/hal/driver/spi_oled/ax_oled_1305.c ****                 break;
 1060              		.loc 1 260 13 is_stmt 1 view .LVU268
 260:hal_bsp/hal/driver/spi_oled/ax_oled_1305.c ****                 break;
 1061              		.loc 1 260 16 is_stmt 0 view .LVU269
 1062 00d4 0928     		cmp	r0, #9
 1063 00d6 E8D8     		bhi	.L83
 1064              	.LVL134:
 1065              	.L77:
 266:hal_bsp/hal/driver/spi_oled/ax_oled_1305.c ****             num_digits[i] = 0;
 1066              		.loc 1 266 33 is_stmt 1 discriminator 1 view .LVU270
 266:hal_bsp/hal/driver/spi_oled/ax_oled_1305.c ****             num_digits[i] = 0;
 1067              		.loc 1 266 9 is_stmt 0 discriminator 1 view .LVU271
 1068 00d8 A342     		cmp	r3, r4
 1069 00da 08D2     		bcs	.L84
 267:hal_bsp/hal/driver/spi_oled/ax_oled_1305.c ****         }
 1070              		.loc 1 267 13 is_stmt 1 discriminator 3 view .LVU272
 267:hal_bsp/hal/driver/spi_oled/ax_oled_1305.c ****         }
 1071              		.loc 1 267 27 is_stmt 0 discriminator 3 view .LVU273
 1072 00dc 03F11002 		add	r2, r3, #16
 1073 00e0 6A44     		add	r2, sp, r2
 1074 00e2 0021     		movs	r1, #0
 1075 00e4 02F80C1C 		strb	r1, [r2, #-12]
 266:hal_bsp/hal/driver/spi_oled/ax_oled_1305.c ****             num_digits[i] = 0;
 1076              		.loc 1 266 45 is_stmt 1 discriminator 3 view .LVU274
 266:hal_bsp/hal/driver/spi_oled/ax_oled_1305.c ****             num_digits[i] = 0;
 1077              		.loc 1 266 46 is_stmt 0 discriminator 3 view .LVU275
ARM GAS  C:\Users\honor\AppData\Local\Temp\ccuWKR9G.s 			page 34


 1078 00e8 0133     		adds	r3, r3, #1
 1079              	.LVL135:
 266:hal_bsp/hal/driver/spi_oled/ax_oled_1305.c ****             num_digits[i] = 0;
 1080              		.loc 1 266 46 discriminator 3 view .LVU276
 1081 00ea DBB2     		uxtb	r3, r3
 1082              	.LVL136:
 266:hal_bsp/hal/driver/spi_oled/ax_oled_1305.c ****             num_digits[i] = 0;
 1083              		.loc 1 266 46 discriminator 3 view .LVU277
 1084 00ec F4E7     		b	.L77
 1085              	.L84:
 271:hal_bsp/hal/driver/spi_oled/ax_oled_1305.c ****             uint8_t digit_index = digits - i - 1;
 1086              		.loc 1 271 16 view .LVU278
 1087 00ee 4FF00008 		mov	r8, #0
 1088              	.LVL137:
 1089              	.L79:
 271:hal_bsp/hal/driver/spi_oled/ax_oled_1305.c ****             uint8_t digit_index = digits - i - 1;
 1090              		.loc 1 271 21 is_stmt 1 discriminator 1 view .LVU279
 271:hal_bsp/hal/driver/spi_oled/ax_oled_1305.c ****             uint8_t digit_index = digits - i - 1;
 1091              		.loc 1 271 9 is_stmt 0 discriminator 1 view .LVU280
 1092 00f2 A045     		cmp	r8, r4
 1093 00f4 D6D2     		bcs	.L64
 1094              	.LBB4:
 272:hal_bsp/hal/driver/spi_oled/ax_oled_1305.c ****             AX_OLED_DispNum(start_x + (i * 6), y,
 1095              		.loc 1 272 13 is_stmt 1 discriminator 3 view .LVU281
 272:hal_bsp/hal/driver/spi_oled/ax_oled_1305.c ****             AX_OLED_DispNum(start_x + (i * 6), y,
 1096              		.loc 1 272 42 is_stmt 0 discriminator 3 view .LVU282
 1097 00f6 A4EB0802 		sub	r2, r4, r8
 1098 00fa D2B2     		uxtb	r2, r2
 272:hal_bsp/hal/driver/spi_oled/ax_oled_1305.c ****             AX_OLED_DispNum(start_x + (i * 6), y,
 1099              		.loc 1 272 21 discriminator 3 view .LVU283
 1100 00fc 013A     		subs	r2, r2, #1
 1101              	.LVL138:
 273:hal_bsp/hal/driver/spi_oled/ax_oled_1305.c ****                             num_digits[digit_index], mode);
 1102              		.loc 1 273 13 is_stmt 1 discriminator 3 view .LVU284
 1103 00fe 04AB     		add	r3, sp, #16
 1104 0100 53FA82F2 		uxtab	r2, r3, r2
 1105              	.LVL139:
 273:hal_bsp/hal/driver/spi_oled/ax_oled_1305.c ****                             num_digits[digit_index], mode);
 1106              		.loc 1 273 13 is_stmt 0 discriminator 3 view .LVU285
 1107 0104 08EB4800 		add	r0, r8, r8, lsl #1
 1108 0108 05EB4000 		add	r0, r5, r0, lsl #1
 1109 010c 3B46     		mov	r3, r7
 1110 010e 12F80C2C 		ldrb	r2, [r2, #-12]	@ zero_extendqisi2
 1111 0112 3146     		mov	r1, r6
 1112 0114 C0B2     		uxtb	r0, r0
 1113 0116 FFF7FEFF 		bl	AX_OLED_DispNum
 1114              	.LVL140:
 1115              	.LBE4:
 271:hal_bsp/hal/driver/spi_oled/ax_oled_1305.c ****             uint8_t digit_index = digits - i - 1;
 1116              		.loc 1 271 33 is_stmt 1 discriminator 3 view .LVU286
 271:hal_bsp/hal/driver/spi_oled/ax_oled_1305.c ****             uint8_t digit_index = digits - i - 1;
 1117              		.loc 1 271 34 is_stmt 0 discriminator 3 view .LVU287
 1118 011a 08F10108 		add	r8, r8, #1
 1119              	.LVL141:
 271:hal_bsp/hal/driver/spi_oled/ax_oled_1305.c ****             uint8_t digit_index = digits - i - 1;
 1120              		.loc 1 271 34 discriminator 3 view .LVU288
 1121 011e 5FFA88F8 		uxtb	r8, r8
ARM GAS  C:\Users\honor\AppData\Local\Temp\ccuWKR9G.s 			page 35


 1122              	.LVL142:
 271:hal_bsp/hal/driver/spi_oled/ax_oled_1305.c ****             uint8_t digit_index = digits - i - 1;
 1123              		.loc 1 271 34 discriminator 3 view .LVU289
 1124 0122 E6E7     		b	.L79
 1125              	.L86:
 1126              		.align	2
 1127              	.L85:
 1128 0124 CDCCCCCC 		.word	-858993459
 1129              		.cfi_endproc
 1130              	.LFE249:
 1132              		.section	.text.AX_OLED_Disp16Char,"ax",%progbits
 1133              		.align	1
 1134              		.global	AX_OLED_Disp16Char
 1135              		.syntax unified
 1136              		.thumb
 1137              		.thumb_func
 1139              	AX_OLED_Disp16Char:
 1140              	.LVL143:
 1141              	.LFB250:
 287:hal_bsp/hal/driver/spi_oled/ax_oled_1305.c ****     uint8_t c = 0, i = 0;
 1142              		.loc 1 287 73 is_stmt 1 view -0
 1143              		.cfi_startproc
 1144              		@ args = 0, pretend = 0, frame = 0
 1145              		@ frame_needed = 0, uses_anonymous_args = 0
 288:hal_bsp/hal/driver/spi_oled/ax_oled_1305.c **** 
 1146              		.loc 1 288 5 view .LVU291
 290:hal_bsp/hal/driver/spi_oled/ax_oled_1305.c **** 
 1147              		.loc 1 290 5 view .LVU292
 293:hal_bsp/hal/driver/spi_oled/ax_oled_1305.c ****         if (mode != 0) {
 1148              		.loc 1 293 5 view .LVU293
 293:hal_bsp/hal/driver/spi_oled/ax_oled_1305.c ****         if (mode != 0) {
 1149              		.loc 1 293 8 is_stmt 0 view .LVU294
 1150 0000 7828     		cmp	r0, #120
 1151 0002 51D8     		bhi	.L99
 287:hal_bsp/hal/driver/spi_oled/ax_oled_1305.c ****     uint8_t c = 0, i = 0;
 1152              		.loc 1 287 73 discriminator 1 view .LVU295
 1153 0004 2DE9F041 		push	{r4, r5, r6, r7, r8, lr}
 1154              	.LCFI19:
 1155              		.cfi_def_cfa_offset 24
 1156              		.cfi_offset 4, -24
 1157              		.cfi_offset 5, -20
 1158              		.cfi_offset 6, -16
 1159              		.cfi_offset 7, -12
 1160              		.cfi_offset 8, -8
 1161              		.cfi_offset 14, -4
 1162 0008 0746     		mov	r7, r0
 1163 000a 8846     		mov	r8, r1
 1164 000c 1C46     		mov	r4, r3
 1165 000e 203A     		subs	r2, r2, #32
 1166              	.LVL144:
 287:hal_bsp/hal/driver/spi_oled/ax_oled_1305.c ****     uint8_t c = 0, i = 0;
 1167              		.loc 1 287 73 discriminator 1 view .LVU296
 1168 0010 D5B2     		uxtb	r5, r2
 293:hal_bsp/hal/driver/spi_oled/ax_oled_1305.c ****         if (mode != 0) {
 1169              		.loc 1 293 19 discriminator 1 view .LVU297
 1170 0012 0629     		cmp	r1, #6
 1171 0014 25D8     		bhi	.L87
ARM GAS  C:\Users\honor\AppData\Local\Temp\ccuWKR9G.s 			page 36


 294:hal_bsp/hal/driver/spi_oled/ax_oled_1305.c ****             OLED_Set_Pos(x, y);
 1172              		.loc 1 294 9 is_stmt 1 view .LVU298
 294:hal_bsp/hal/driver/spi_oled/ax_oled_1305.c ****             OLED_Set_Pos(x, y);
 1173              		.loc 1 294 12 is_stmt 0 view .LVU299
 1174 0016 33B3     		cbz	r3, .L89
 295:hal_bsp/hal/driver/spi_oled/ax_oled_1305.c ****             for (i = 0; i < 8; i++)
 1175              		.loc 1 295 13 is_stmt 1 view .LVU300
 1176 0018 FFF7FEFF 		bl	OLED_Set_Pos
 1177              	.LVL145:
 296:hal_bsp/hal/driver/spi_oled/ax_oled_1305.c ****                 OLED_WriteData(~ASCII8X16[c * 16 + i]);
 1178              		.loc 1 296 13 view .LVU301
 296:hal_bsp/hal/driver/spi_oled/ax_oled_1305.c ****                 OLED_WriteData(~ASCII8X16[c * 16 + i]);
 1179              		.loc 1 296 20 is_stmt 0 view .LVU302
 1180 001c 0024     		movs	r4, #0
 296:hal_bsp/hal/driver/spi_oled/ax_oled_1305.c ****                 OLED_WriteData(~ASCII8X16[c * 16 + i]);
 1181              		.loc 1 296 13 view .LVU303
 1182 001e 09E0     		b	.L90
 1183              	.LVL146:
 1184              	.L91:
 297:hal_bsp/hal/driver/spi_oled/ax_oled_1305.c ****             OLED_Set_Pos(x, y + 1);
 1185              		.loc 1 297 17 is_stmt 1 discriminator 3 view .LVU304
 297:hal_bsp/hal/driver/spi_oled/ax_oled_1305.c ****             OLED_Set_Pos(x, y + 1);
 1186              		.loc 1 297 50 is_stmt 0 discriminator 3 view .LVU305
 1187 0020 04EB0513 		add	r3, r4, r5, lsl #4
 297:hal_bsp/hal/driver/spi_oled/ax_oled_1305.c ****             OLED_Set_Pos(x, y + 1);
 1188              		.loc 1 297 42 discriminator 3 view .LVU306
 1189 0024 214A     		ldr	r2, .L102
 1190 0026 D05C     		ldrb	r0, [r2, r3]	@ zero_extendqisi2
 297:hal_bsp/hal/driver/spi_oled/ax_oled_1305.c ****             OLED_Set_Pos(x, y + 1);
 1191              		.loc 1 297 17 discriminator 3 view .LVU307
 1192 0028 C043     		mvns	r0, r0
 1193 002a C0B2     		uxtb	r0, r0
 1194 002c FFF7FEFF 		bl	OLED_WriteData
 1195              	.LVL147:
 296:hal_bsp/hal/driver/spi_oled/ax_oled_1305.c ****                 OLED_WriteData(~ASCII8X16[c * 16 + i]);
 1196              		.loc 1 296 32 is_stmt 1 discriminator 3 view .LVU308
 296:hal_bsp/hal/driver/spi_oled/ax_oled_1305.c ****                 OLED_WriteData(~ASCII8X16[c * 16 + i]);
 1197              		.loc 1 296 33 is_stmt 0 discriminator 3 view .LVU309
 1198 0030 0134     		adds	r4, r4, #1
 1199              	.LVL148:
 296:hal_bsp/hal/driver/spi_oled/ax_oled_1305.c ****                 OLED_WriteData(~ASCII8X16[c * 16 + i]);
 1200              		.loc 1 296 33 discriminator 3 view .LVU310
 1201 0032 E4B2     		uxtb	r4, r4
 1202              	.LVL149:
 1203              	.L90:
 296:hal_bsp/hal/driver/spi_oled/ax_oled_1305.c ****                 OLED_WriteData(~ASCII8X16[c * 16 + i]);
 1204              		.loc 1 296 25 is_stmt 1 discriminator 1 view .LVU311
 296:hal_bsp/hal/driver/spi_oled/ax_oled_1305.c ****                 OLED_WriteData(~ASCII8X16[c * 16 + i]);
 1205              		.loc 1 296 13 is_stmt 0 discriminator 1 view .LVU312
 1206 0034 072C     		cmp	r4, #7
 1207 0036 F3D9     		bls	.L91
 298:hal_bsp/hal/driver/spi_oled/ax_oled_1305.c ****             for (i = 0; i < 8; i++)
 1208              		.loc 1 298 13 is_stmt 1 view .LVU313
 1209 0038 08F10101 		add	r1, r8, #1
 1210 003c C9B2     		uxtb	r1, r1
 1211 003e 3846     		mov	r0, r7
 1212 0040 FFF7FEFF 		bl	OLED_Set_Pos
ARM GAS  C:\Users\honor\AppData\Local\Temp\ccuWKR9G.s 			page 37


 1213              	.LVL150:
 299:hal_bsp/hal/driver/spi_oled/ax_oled_1305.c ****                 OLED_WriteData(~ASCII8X16[c * 16 + i + 8]);
 1214              		.loc 1 299 13 view .LVU314
 299:hal_bsp/hal/driver/spi_oled/ax_oled_1305.c ****                 OLED_WriteData(~ASCII8X16[c * 16 + i + 8]);
 1215              		.loc 1 299 20 is_stmt 0 view .LVU315
 1216 0044 0024     		movs	r4, #0
 299:hal_bsp/hal/driver/spi_oled/ax_oled_1305.c ****                 OLED_WriteData(~ASCII8X16[c * 16 + i + 8]);
 1217              		.loc 1 299 13 view .LVU316
 1218 0046 0AE0     		b	.L92
 1219              	.LVL151:
 1220              	.L93:
 300:hal_bsp/hal/driver/spi_oled/ax_oled_1305.c ****         } else {
 1221              		.loc 1 300 17 is_stmt 1 discriminator 3 view .LVU317
 300:hal_bsp/hal/driver/spi_oled/ax_oled_1305.c ****         } else {
 1222              		.loc 1 300 50 is_stmt 0 discriminator 3 view .LVU318
 1223 0048 04EB0513 		add	r3, r4, r5, lsl #4
 300:hal_bsp/hal/driver/spi_oled/ax_oled_1305.c ****         } else {
 1224              		.loc 1 300 54 discriminator 3 view .LVU319
 1225 004c 0833     		adds	r3, r3, #8
 300:hal_bsp/hal/driver/spi_oled/ax_oled_1305.c ****         } else {
 1226              		.loc 1 300 42 discriminator 3 view .LVU320
 1227 004e 174A     		ldr	r2, .L102
 1228 0050 D05C     		ldrb	r0, [r2, r3]	@ zero_extendqisi2
 300:hal_bsp/hal/driver/spi_oled/ax_oled_1305.c ****         } else {
 1229              		.loc 1 300 17 discriminator 3 view .LVU321
 1230 0052 C043     		mvns	r0, r0
 1231 0054 C0B2     		uxtb	r0, r0
 1232 0056 FFF7FEFF 		bl	OLED_WriteData
 1233              	.LVL152:
 299:hal_bsp/hal/driver/spi_oled/ax_oled_1305.c ****                 OLED_WriteData(~ASCII8X16[c * 16 + i + 8]);
 1234              		.loc 1 299 32 is_stmt 1 discriminator 3 view .LVU322
 299:hal_bsp/hal/driver/spi_oled/ax_oled_1305.c ****                 OLED_WriteData(~ASCII8X16[c * 16 + i + 8]);
 1235              		.loc 1 299 33 is_stmt 0 discriminator 3 view .LVU323
 1236 005a 0134     		adds	r4, r4, #1
 1237              	.LVL153:
 299:hal_bsp/hal/driver/spi_oled/ax_oled_1305.c ****                 OLED_WriteData(~ASCII8X16[c * 16 + i + 8]);
 1238              		.loc 1 299 33 discriminator 3 view .LVU324
 1239 005c E4B2     		uxtb	r4, r4
 1240              	.LVL154:
 1241              	.L92:
 299:hal_bsp/hal/driver/spi_oled/ax_oled_1305.c ****                 OLED_WriteData(~ASCII8X16[c * 16 + i + 8]);
 1242              		.loc 1 299 25 is_stmt 1 discriminator 1 view .LVU325
 299:hal_bsp/hal/driver/spi_oled/ax_oled_1305.c ****                 OLED_WriteData(~ASCII8X16[c * 16 + i + 8]);
 1243              		.loc 1 299 13 is_stmt 0 discriminator 1 view .LVU326
 1244 005e 072C     		cmp	r4, #7
 1245 0060 F2D9     		bls	.L93
 1246              	.LVL155:
 1247              	.L87:
 310:hal_bsp/hal/driver/spi_oled/ax_oled_1305.c **** 
 1248              		.loc 1 310 1 view .LVU327
 1249 0062 BDE8F081 		pop	{r4, r5, r6, r7, r8, pc}
 1250              	.LVL156:
 1251              	.L89:
 302:hal_bsp/hal/driver/spi_oled/ax_oled_1305.c ****             for (i = 0; i < 8; i++)
 1252              		.loc 1 302 13 is_stmt 1 view .LVU328
 1253 0066 FFF7FEFF 		bl	OLED_Set_Pos
 1254              	.LVL157:
ARM GAS  C:\Users\honor\AppData\Local\Temp\ccuWKR9G.s 			page 38


 303:hal_bsp/hal/driver/spi_oled/ax_oled_1305.c ****                 OLED_WriteData(ASCII8X16[c * 16 + i]);
 1255              		.loc 1 303 13 view .LVU329
 303:hal_bsp/hal/driver/spi_oled/ax_oled_1305.c ****                 OLED_WriteData(ASCII8X16[c * 16 + i]);
 1256              		.loc 1 303 20 is_stmt 0 view .LVU330
 1257 006a 2646     		mov	r6, r4
 303:hal_bsp/hal/driver/spi_oled/ax_oled_1305.c ****                 OLED_WriteData(ASCII8X16[c * 16 + i]);
 1258              		.loc 1 303 13 view .LVU331
 1259 006c 07E0     		b	.L94
 1260              	.LVL158:
 1261              	.L95:
 304:hal_bsp/hal/driver/spi_oled/ax_oled_1305.c ****             OLED_Set_Pos(x, y + 1);
 1262              		.loc 1 304 17 is_stmt 1 discriminator 3 view .LVU332
 304:hal_bsp/hal/driver/spi_oled/ax_oled_1305.c ****             OLED_Set_Pos(x, y + 1);
 1263              		.loc 1 304 49 is_stmt 0 discriminator 3 view .LVU333
 1264 006e 06EB0513 		add	r3, r6, r5, lsl #4
 304:hal_bsp/hal/driver/spi_oled/ax_oled_1305.c ****             OLED_Set_Pos(x, y + 1);
 1265              		.loc 1 304 17 discriminator 3 view .LVU334
 1266 0072 0E4A     		ldr	r2, .L102
 1267 0074 D05C     		ldrb	r0, [r2, r3]	@ zero_extendqisi2
 1268 0076 FFF7FEFF 		bl	OLED_WriteData
 1269              	.LVL159:
 303:hal_bsp/hal/driver/spi_oled/ax_oled_1305.c ****                 OLED_WriteData(ASCII8X16[c * 16 + i]);
 1270              		.loc 1 303 32 is_stmt 1 discriminator 3 view .LVU335
 303:hal_bsp/hal/driver/spi_oled/ax_oled_1305.c ****                 OLED_WriteData(ASCII8X16[c * 16 + i]);
 1271              		.loc 1 303 33 is_stmt 0 discriminator 3 view .LVU336
 1272 007a 0136     		adds	r6, r6, #1
 1273              	.LVL160:
 303:hal_bsp/hal/driver/spi_oled/ax_oled_1305.c ****                 OLED_WriteData(ASCII8X16[c * 16 + i]);
 1274              		.loc 1 303 33 discriminator 3 view .LVU337
 1275 007c F6B2     		uxtb	r6, r6
 1276              	.LVL161:
 1277              	.L94:
 303:hal_bsp/hal/driver/spi_oled/ax_oled_1305.c ****                 OLED_WriteData(ASCII8X16[c * 16 + i]);
 1278              		.loc 1 303 25 is_stmt 1 discriminator 1 view .LVU338
 303:hal_bsp/hal/driver/spi_oled/ax_oled_1305.c ****                 OLED_WriteData(ASCII8X16[c * 16 + i]);
 1279              		.loc 1 303 13 is_stmt 0 discriminator 1 view .LVU339
 1280 007e 072E     		cmp	r6, #7
 1281 0080 F5D9     		bls	.L95
 305:hal_bsp/hal/driver/spi_oled/ax_oled_1305.c ****             for (i = 0; i < 8; i++)
 1282              		.loc 1 305 13 is_stmt 1 view .LVU340
 1283 0082 08F10101 		add	r1, r8, #1
 1284 0086 C9B2     		uxtb	r1, r1
 1285 0088 3846     		mov	r0, r7
 1286 008a FFF7FEFF 		bl	OLED_Set_Pos
 1287              	.LVL162:
 306:hal_bsp/hal/driver/spi_oled/ax_oled_1305.c ****                 OLED_WriteData(ASCII8X16[c * 16 + i + 8]);
 1288              		.loc 1 306 13 view .LVU341
 306:hal_bsp/hal/driver/spi_oled/ax_oled_1305.c ****                 OLED_WriteData(ASCII8X16[c * 16 + i + 8]);
 1289              		.loc 1 306 13 is_stmt 0 view .LVU342
 1290 008e 08E0     		b	.L96
 1291              	.LVL163:
 1292              	.L97:
 307:hal_bsp/hal/driver/spi_oled/ax_oled_1305.c ****         }
 1293              		.loc 1 307 17 is_stmt 1 discriminator 3 view .LVU343
 307:hal_bsp/hal/driver/spi_oled/ax_oled_1305.c ****         }
 1294              		.loc 1 307 49 is_stmt 0 discriminator 3 view .LVU344
 1295 0090 04EB0513 		add	r3, r4, r5, lsl #4
ARM GAS  C:\Users\honor\AppData\Local\Temp\ccuWKR9G.s 			page 39


 307:hal_bsp/hal/driver/spi_oled/ax_oled_1305.c ****         }
 1296              		.loc 1 307 53 discriminator 3 view .LVU345
 1297 0094 0833     		adds	r3, r3, #8
 307:hal_bsp/hal/driver/spi_oled/ax_oled_1305.c ****         }
 1298              		.loc 1 307 17 discriminator 3 view .LVU346
 1299 0096 054A     		ldr	r2, .L102
 1300 0098 D05C     		ldrb	r0, [r2, r3]	@ zero_extendqisi2
 1301 009a FFF7FEFF 		bl	OLED_WriteData
 1302              	.LVL164:
 306:hal_bsp/hal/driver/spi_oled/ax_oled_1305.c ****                 OLED_WriteData(ASCII8X16[c * 16 + i + 8]);
 1303              		.loc 1 306 32 is_stmt 1 discriminator 3 view .LVU347
 306:hal_bsp/hal/driver/spi_oled/ax_oled_1305.c ****                 OLED_WriteData(ASCII8X16[c * 16 + i + 8]);
 1304              		.loc 1 306 33 is_stmt 0 discriminator 3 view .LVU348
 1305 009e 0134     		adds	r4, r4, #1
 1306              	.LVL165:
 306:hal_bsp/hal/driver/spi_oled/ax_oled_1305.c ****                 OLED_WriteData(ASCII8X16[c * 16 + i + 8]);
 1307              		.loc 1 306 33 discriminator 3 view .LVU349
 1308 00a0 E4B2     		uxtb	r4, r4
 1309              	.LVL166:
 1310              	.L96:
 306:hal_bsp/hal/driver/spi_oled/ax_oled_1305.c ****                 OLED_WriteData(ASCII8X16[c * 16 + i + 8]);
 1311              		.loc 1 306 25 is_stmt 1 discriminator 1 view .LVU350
 306:hal_bsp/hal/driver/spi_oled/ax_oled_1305.c ****                 OLED_WriteData(ASCII8X16[c * 16 + i + 8]);
 1312              		.loc 1 306 13 is_stmt 0 discriminator 1 view .LVU351
 1313 00a2 072C     		cmp	r4, #7
 1314 00a4 F4D9     		bls	.L97
 1315 00a6 DCE7     		b	.L87
 1316              	.LVL167:
 1317              	.L99:
 1318              	.LCFI20:
 1319              		.cfi_def_cfa_offset 0
 1320              		.cfi_restore 4
 1321              		.cfi_restore 5
 1322              		.cfi_restore 6
 1323              		.cfi_restore 7
 1324              		.cfi_restore 8
 1325              		.cfi_restore 14
 306:hal_bsp/hal/driver/spi_oled/ax_oled_1305.c ****                 OLED_WriteData(ASCII8X16[c * 16 + i + 8]);
 1326              		.loc 1 306 13 discriminator 1 view .LVU352
 1327 00a8 7047     		bx	lr
 1328              	.L103:
 1329 00aa 00BF     		.align	2
 1330              	.L102:
 1331 00ac 00000000 		.word	.LANCHOR2
 1332              		.cfi_endproc
 1333              	.LFE250:
 1335              		.section	.text.AX_OLED_Disp16Str,"ax",%progbits
 1336              		.align	1
 1337              		.global	AX_OLED_Disp16Str
 1338              		.syntax unified
 1339              		.thumb
 1340              		.thumb_func
 1342              	AX_OLED_Disp16Str:
 1343              	.LVL168:
 1344              	.LFB251:
 320:hal_bsp/hal/driver/spi_oled/ax_oled_1305.c ****     uint8_t j = 0;
 1345              		.loc 1 320 73 is_stmt 1 view -0
ARM GAS  C:\Users\honor\AppData\Local\Temp\ccuWKR9G.s 			page 40


 1346              		.cfi_startproc
 1347              		@ args = 0, pretend = 0, frame = 0
 1348              		@ frame_needed = 0, uses_anonymous_args = 0
 321:hal_bsp/hal/driver/spi_oled/ax_oled_1305.c **** 
 1349              		.loc 1 321 5 view .LVU354
 323:hal_bsp/hal/driver/spi_oled/ax_oled_1305.c ****         while (ch[j] != '\0') {
 1350              		.loc 1 323 5 view .LVU355
 323:hal_bsp/hal/driver/spi_oled/ax_oled_1305.c ****         while (ch[j] != '\0') {
 1351              		.loc 1 323 8 is_stmt 0 view .LVU356
 1352 0000 7828     		cmp	r0, #120
 1353 0002 1DD8     		bhi	.L111
 320:hal_bsp/hal/driver/spi_oled/ax_oled_1305.c ****     uint8_t j = 0;
 1354              		.loc 1 320 73 discriminator 1 view .LVU357
 1355 0004 2DE9F041 		push	{r4, r5, r6, r7, r8, lr}
 1356              	.LCFI21:
 1357              		.cfi_def_cfa_offset 24
 1358              		.cfi_offset 4, -24
 1359              		.cfi_offset 5, -20
 1360              		.cfi_offset 6, -16
 1361              		.cfi_offset 7, -12
 1362              		.cfi_offset 8, -8
 1363              		.cfi_offset 14, -4
 1364 0008 0446     		mov	r4, r0
 1365 000a 0E46     		mov	r6, r1
 1366 000c 1746     		mov	r7, r2
 1367 000e 9846     		mov	r8, r3
 323:hal_bsp/hal/driver/spi_oled/ax_oled_1305.c ****         while (ch[j] != '\0') {
 1368              		.loc 1 323 19 discriminator 1 view .LVU358
 1369 0010 0629     		cmp	r1, #6
 1370 0012 13D9     		bls	.L109
 1371              	.LVL169:
 1372              	.L104:
 335:hal_bsp/hal/driver/spi_oled/ax_oled_1305.c **** 
 1373              		.loc 1 335 1 view .LVU359
 1374 0014 BDE8F081 		pop	{r4, r5, r6, r7, r8, pc}
 1375              	.LVL170:
 1376              	.L107:
 332:hal_bsp/hal/driver/spi_oled/ax_oled_1305.c ****         }
 1377              		.loc 1 332 13 is_stmt 1 view .LVU360
 332:hal_bsp/hal/driver/spi_oled/ax_oled_1305.c ****         }
 1378              		.loc 1 332 14 is_stmt 0 view .LVU361
 1379 0018 0135     		adds	r5, r5, #1
 1380              	.LVL171:
 332:hal_bsp/hal/driver/spi_oled/ax_oled_1305.c ****         }
 1381              		.loc 1 332 14 view .LVU362
 1382 001a EDB2     		uxtb	r5, r5
 1383              	.LVL172:
 1384              	.L106:
 324:hal_bsp/hal/driver/spi_oled/ax_oled_1305.c ****             AX_OLED_Disp16Char(x, y, ch[j], mode);
 1385              		.loc 1 324 15 is_stmt 1 view .LVU363
 324:hal_bsp/hal/driver/spi_oled/ax_oled_1305.c ****             AX_OLED_Disp16Char(x, y, ch[j], mode);
 1386              		.loc 1 324 18 is_stmt 0 view .LVU364
 1387 001c 7A5D     		ldrb	r2, [r7, r5]	@ zero_extendqisi2
 324:hal_bsp/hal/driver/spi_oled/ax_oled_1305.c ****             AX_OLED_Disp16Char(x, y, ch[j], mode);
 1388              		.loc 1 324 15 view .LVU365
 1389 001e 002A     		cmp	r2, #0
 1390 0020 F8D0     		beq	.L104
ARM GAS  C:\Users\honor\AppData\Local\Temp\ccuWKR9G.s 			page 41


 325:hal_bsp/hal/driver/spi_oled/ax_oled_1305.c ****             x += 8;
 1391              		.loc 1 325 13 is_stmt 1 view .LVU366
 1392 0022 4346     		mov	r3, r8
 1393 0024 3146     		mov	r1, r6
 1394 0026 2046     		mov	r0, r4
 1395 0028 FFF7FEFF 		bl	AX_OLED_Disp16Char
 1396              	.LVL173:
 326:hal_bsp/hal/driver/spi_oled/ax_oled_1305.c **** 
 1397              		.loc 1 326 13 view .LVU367
 326:hal_bsp/hal/driver/spi_oled/ax_oled_1305.c **** 
 1398              		.loc 1 326 15 is_stmt 0 view .LVU368
 1399 002c 0834     		adds	r4, r4, #8
 1400              	.LVL174:
 326:hal_bsp/hal/driver/spi_oled/ax_oled_1305.c **** 
 1401              		.loc 1 326 15 view .LVU369
 1402 002e E4B2     		uxtb	r4, r4
 1403              	.LVL175:
 328:hal_bsp/hal/driver/spi_oled/ax_oled_1305.c ****                 x = 0;
 1404              		.loc 1 328 13 is_stmt 1 view .LVU370
 328:hal_bsp/hal/driver/spi_oled/ax_oled_1305.c ****                 x = 0;
 1405              		.loc 1 328 16 is_stmt 0 view .LVU371
 1406 0030 782C     		cmp	r4, #120
 1407 0032 F1D9     		bls	.L107
 329:hal_bsp/hal/driver/spi_oled/ax_oled_1305.c ****                 y += 2;  // 当y>6时，超出部分不再显示
 1408              		.loc 1 329 17 is_stmt 1 view .LVU372
 1409              	.LVL176:
 330:hal_bsp/hal/driver/spi_oled/ax_oled_1305.c ****             }
 1410              		.loc 1 330 17 view .LVU373
 330:hal_bsp/hal/driver/spi_oled/ax_oled_1305.c ****             }
 1411              		.loc 1 330 19 is_stmt 0 view .LVU374
 1412 0034 0236     		adds	r6, r6, #2
 1413              	.LVL177:
 330:hal_bsp/hal/driver/spi_oled/ax_oled_1305.c ****             }
 1414              		.loc 1 330 19 view .LVU375
 1415 0036 F6B2     		uxtb	r6, r6
 1416              	.LVL178:
 329:hal_bsp/hal/driver/spi_oled/ax_oled_1305.c ****                 y += 2;  // 当y>6时，超出部分不再显示
 1417              		.loc 1 329 19 view .LVU376
 1418 0038 0024     		movs	r4, #0
 1419 003a EDE7     		b	.L107
 1420              	.LVL179:
 1421              	.L109:
 321:hal_bsp/hal/driver/spi_oled/ax_oled_1305.c **** 
 1422              		.loc 1 321 13 view .LVU377
 1423 003c 0025     		movs	r5, #0
 1424 003e EDE7     		b	.L106
 1425              	.L111:
 1426              	.LCFI22:
 1427              		.cfi_def_cfa_offset 0
 1428              		.cfi_restore 4
 1429              		.cfi_restore 5
 1430              		.cfi_restore 6
 1431              		.cfi_restore 7
 1432              		.cfi_restore 8
 1433              		.cfi_restore 14
 321:hal_bsp/hal/driver/spi_oled/ax_oled_1305.c **** 
 1434              		.loc 1 321 13 view .LVU378
ARM GAS  C:\Users\honor\AppData\Local\Temp\ccuWKR9G.s 			page 42


 1435 0040 7047     		bx	lr
 1436              		.cfi_endproc
 1437              	.LFE251:
 1439              		.section	.text.AX_OLED_Disp16Num,"ax",%progbits
 1440              		.align	1
 1441              		.global	AX_OLED_Disp16Num
 1442              		.syntax unified
 1443              		.thumb
 1444              		.thumb_func
 1446              	AX_OLED_Disp16Num:
 1447              	.LVL180:
 1448              	.LFB252:
 346:hal_bsp/hal/driver/spi_oled/ax_oled_1305.c ****     if (num < 10) {
 1449              		.loc 1 346 1 is_stmt 1 view -0
 1450              		.cfi_startproc
 1451              		@ args = 0, pretend = 0, frame = 0
 1452              		@ frame_needed = 0, uses_anonymous_args = 0
 347:hal_bsp/hal/driver/spi_oled/ax_oled_1305.c ****         AX_OLED_Disp16Char(x, y, ('0' + num), mode);
 1453              		.loc 1 347 5 view .LVU380
 347:hal_bsp/hal/driver/spi_oled/ax_oled_1305.c ****         AX_OLED_Disp16Char(x, y, ('0' + num), mode);
 1454              		.loc 1 347 8 is_stmt 0 view .LVU381
 1455 0000 092A     		cmp	r2, #9
 1456 0002 00D9     		bls	.L120
 1457 0004 7047     		bx	lr
 1458              	.L120:
 346:hal_bsp/hal/driver/spi_oled/ax_oled_1305.c ****     if (num < 10) {
 1459              		.loc 1 346 1 view .LVU382
 1460 0006 08B5     		push	{r3, lr}
 1461              	.LCFI23:
 1462              		.cfi_def_cfa_offset 8
 1463              		.cfi_offset 3, -8
 1464              		.cfi_offset 14, -4
 348:hal_bsp/hal/driver/spi_oled/ax_oled_1305.c ****     }
 1465              		.loc 1 348 9 is_stmt 1 view .LVU383
 1466 0008 3032     		adds	r2, r2, #48
 1467              	.LVL181:
 348:hal_bsp/hal/driver/spi_oled/ax_oled_1305.c ****     }
 1468              		.loc 1 348 9 is_stmt 0 view .LVU384
 1469 000a D2B2     		uxtb	r2, r2
 1470 000c FFF7FEFF 		bl	AX_OLED_Disp16Char
 1471              	.LVL182:
 350:hal_bsp/hal/driver/spi_oled/ax_oled_1305.c **** 
 1472              		.loc 1 350 1 view .LVU385
 1473 0010 08BD     		pop	{r3, pc}
 1474              		.cfi_endproc
 1475              	.LFE252:
 1477              		.section	.text.AX_OLED_Disp16Integer,"ax",%progbits
 1478              		.align	1
 1479              		.global	AX_OLED_Disp16Integer
 1480              		.syntax unified
 1481              		.thumb
 1482              		.thumb_func
 1484              	AX_OLED_Disp16Integer:
 1485              	.LVL183:
 1486              	.LFB253:
 365:hal_bsp/hal/driver/spi_oled/ax_oled_1305.c ****     uint8_t num_digits[10] = {0};  // 存储每一位数字
 1487              		.loc 1 365 58 is_stmt 1 view -0
ARM GAS  C:\Users\honor\AppData\Local\Temp\ccuWKR9G.s 			page 43


 1488              		.cfi_startproc
 1489              		@ args = 4, pretend = 0, frame = 16
 1490              		@ frame_needed = 0, uses_anonymous_args = 0
 365:hal_bsp/hal/driver/spi_oled/ax_oled_1305.c ****     uint8_t num_digits[10] = {0};  // 存储每一位数字
 1491              		.loc 1 365 58 is_stmt 0 view .LVU387
 1492 0000 2DE9F043 		push	{r4, r5, r6, r7, r8, r9, lr}
 1493              	.LCFI24:
 1494              		.cfi_def_cfa_offset 28
 1495              		.cfi_offset 4, -28
 1496              		.cfi_offset 5, -24
 1497              		.cfi_offset 6, -20
 1498              		.cfi_offset 7, -16
 1499              		.cfi_offset 8, -12
 1500              		.cfi_offset 9, -8
 1501              		.cfi_offset 14, -4
 1502 0004 85B0     		sub	sp, sp, #20
 1503              	.LCFI25:
 1504              		.cfi_def_cfa_offset 48
 1505 0006 1C46     		mov	r4, r3
 1506 0008 9DF83070 		ldrb	r7, [sp, #48]	@ zero_extendqisi2
 366:hal_bsp/hal/driver/spi_oled/ax_oled_1305.c ****     uint8_t i;
 1507              		.loc 1 366 5 is_stmt 1 view .LVU388
 366:hal_bsp/hal/driver/spi_oled/ax_oled_1305.c ****     uint8_t i;
 1508              		.loc 1 366 13 is_stmt 0 view .LVU389
 1509 000c 0023     		movs	r3, #0
 1510              	.LVL184:
 366:hal_bsp/hal/driver/spi_oled/ax_oled_1305.c ****     uint8_t i;
 1511              		.loc 1 366 13 view .LVU390
 1512 000e 0193     		str	r3, [sp, #4]
 1513 0010 0293     		str	r3, [sp, #8]
 1514 0012 ADF80C30 		strh	r3, [sp, #12]	@ movhi
 367:hal_bsp/hal/driver/spi_oled/ax_oled_1305.c ****     uint32_t temp;
 1515              		.loc 1 367 5 is_stmt 1 view .LVU391
 368:hal_bsp/hal/driver/spi_oled/ax_oled_1305.c ****     uint8_t start_x = x;
 1516              		.loc 1 368 5 view .LVU392
 369:hal_bsp/hal/driver/spi_oled/ax_oled_1305.c ****     uint8_t actual_digits = 0;
 1517              		.loc 1 369 5 view .LVU393
 1518              	.LVL185:
 370:hal_bsp/hal/driver/spi_oled/ax_oled_1305.c **** 
 1519              		.loc 1 370 5 view .LVU394
 373:hal_bsp/hal/driver/spi_oled/ax_oled_1305.c ****         return;  // 参数错误，直接返回
 1520              		.loc 1 373 5 view .LVU395
 373:hal_bsp/hal/driver/spi_oled/ax_oled_1305.c ****         return;  // 参数错误，直接返回
 1521              		.loc 1 373 21 is_stmt 0 view .LVU396
 1522 0016 04F1FF38 		add	r8, r4, #-1
 1523 001a 5FFA88F8 		uxtb	r8, r8
 373:hal_bsp/hal/driver/spi_oled/ax_oled_1305.c ****         return;  // 参数错误，直接返回
 1524              		.loc 1 373 8 view .LVU397
 1525 001e B8F1090F 		cmp	r8, #9
 1526 0022 58D8     		bhi	.L121
 1527 0024 0546     		mov	r5, r0
 1528 0026 0E46     		mov	r6, r1
 1529 0028 9146     		mov	r9, r2
 378:hal_bsp/hal/driver/spi_oled/ax_oled_1305.c ****         // 显示负号
 1530              		.loc 1 378 5 is_stmt 1 view .LVU398
 378:hal_bsp/hal/driver/spi_oled/ax_oled_1305.c ****         // 显示负号
 1531              		.loc 1 378 8 is_stmt 0 view .LVU399
ARM GAS  C:\Users\honor\AppData\Local\Temp\ccuWKR9G.s 			page 44


 1532 002a 9A42     		cmp	r2, r3
 1533 002c 03DB     		blt	.L146
 424:hal_bsp/hal/driver/spi_oled/ax_oled_1305.c **** 
 1534              		.loc 1 424 9 is_stmt 1 view .LVU400
 424:hal_bsp/hal/driver/spi_oled/ax_oled_1305.c **** 
 1535              		.loc 1 424 14 is_stmt 0 view .LVU401
 1536 002e 1046     		mov	r0, r2
 1537              	.LVL186:
 427:hal_bsp/hal/driver/spi_oled/ax_oled_1305.c ****             num_digits[i] = temp % 10;
 1538              		.loc 1 427 9 is_stmt 1 view .LVU402
 370:hal_bsp/hal/driver/spi_oled/ax_oled_1305.c **** 
 1539              		.loc 1 370 13 is_stmt 0 view .LVU403
 1540 0030 0023     		movs	r3, #0
 427:hal_bsp/hal/driver/spi_oled/ax_oled_1305.c ****             num_digits[i] = temp % 10;
 1541              		.loc 1 427 16 view .LVU404
 1542 0032 1946     		mov	r1, r3
 1543              	.LVL187:
 427:hal_bsp/hal/driver/spi_oled/ax_oled_1305.c ****             num_digits[i] = temp % 10;
 1544              		.loc 1 427 9 view .LVU405
 1545 0034 55E0     		b	.L135
 1546              	.LVL188:
 1547              	.L146:
 1548              	.LBB5:
 380:hal_bsp/hal/driver/spi_oled/ax_oled_1305.c ****         start_x += 8;  // 负号占用一个字符宽度（16点阵字体通常8像素宽）
 1549              		.loc 1 380 9 is_stmt 1 view .LVU406
 1550 0036 3B46     		mov	r3, r7
 1551 0038 2D22     		movs	r2, #45
 1552              	.LVL189:
 380:hal_bsp/hal/driver/spi_oled/ax_oled_1305.c ****         start_x += 8;  // 负号占用一个字符宽度（16点阵字体通常8像素宽）
 1553              		.loc 1 380 9 is_stmt 0 view .LVU407
 1554 003a FFF7FEFF 		bl	AX_OLED_Disp16Char
 1555              	.LVL190:
 381:hal_bsp/hal/driver/spi_oled/ax_oled_1305.c **** 
 1556              		.loc 1 381 9 is_stmt 1 view .LVU408
 381:hal_bsp/hal/driver/spi_oled/ax_oled_1305.c **** 
 1557              		.loc 1 381 17 is_stmt 0 view .LVU409
 1558 003e 0835     		adds	r5, r5, #8
 1559 0040 EDB2     		uxtb	r5, r5
 1560              	.LVL191:
 384:hal_bsp/hal/driver/spi_oled/ax_oled_1305.c ****         if (num_digits_needed == 0) {
 1561              		.loc 1 384 9 is_stmt 1 view .LVU410
 385:hal_bsp/hal/driver/spi_oled/ax_oled_1305.c ****             return;  // 只有负号没有数字，直接返回
 1562              		.loc 1 385 9 view .LVU411
 385:hal_bsp/hal/driver/spi_oled/ax_oled_1305.c ****             return;  // 只有负号没有数字，直接返回
 1563              		.loc 1 385 12 is_stmt 0 view .LVU412
 1564 0042 B8F1000F 		cmp	r8, #0
 1565 0046 46D0     		beq	.L121
 390:hal_bsp/hal/driver/spi_oled/ax_oled_1305.c ****             temp = (uint32_t)INT32_MAX + 1;
 1566              		.loc 1 390 9 is_stmt 1 view .LVU413
 390:hal_bsp/hal/driver/spi_oled/ax_oled_1305.c ****             temp = (uint32_t)INT32_MAX + 1;
 1567              		.loc 1 390 12 is_stmt 0 view .LVU414
 1568 0048 B9F1004F 		cmp	r9, #-2147483648
 1569 004c 18D0     		beq	.L143
 393:hal_bsp/hal/driver/spi_oled/ax_oled_1305.c ****         }
 1570              		.loc 1 393 13 is_stmt 1 view .LVU415
 393:hal_bsp/hal/driver/spi_oled/ax_oled_1305.c ****         }
 1571              		.loc 1 393 31 is_stmt 0 view .LVU416
ARM GAS  C:\Users\honor\AppData\Local\Temp\ccuWKR9G.s 			page 45


 1572 004e C9F10001 		rsb	r1, r9, #0
 1573              	.LVL192:
 1574              	.L124:
 391:hal_bsp/hal/driver/spi_oled/ax_oled_1305.c ****         } else {
 1575              		.loc 1 391 18 discriminator 1 view .LVU417
 1576 0052 0022     		movs	r2, #0
 1577              	.L125:
 1578              	.LVL193:
 397:hal_bsp/hal/driver/spi_oled/ax_oled_1305.c ****             num_digits[i] = temp % 10;
 1579              		.loc 1 397 21 is_stmt 1 discriminator 1 view .LVU418
 397:hal_bsp/hal/driver/spi_oled/ax_oled_1305.c ****             num_digits[i] = temp % 10;
 1580              		.loc 1 397 9 is_stmt 0 discriminator 1 view .LVU419
 1581 0054 9045     		cmp	r8, r2
 1582 0056 1AD9     		bls	.L147
 398:hal_bsp/hal/driver/spi_oled/ax_oled_1305.c ****             temp /= 10;
 1583              		.loc 1 398 13 is_stmt 1 view .LVU420
 398:hal_bsp/hal/driver/spi_oled/ax_oled_1305.c ****             temp /= 10;
 1584              		.loc 1 398 34 is_stmt 0 view .LVU421
 1585 0058 3E4B     		ldr	r3, .L151
 1586 005a A3FB0103 		umull	r0, r3, r3, r1
 1587 005e DB08     		lsrs	r3, r3, #3
 1588 0060 1C46     		mov	r4, r3
 1589 0062 03EB8303 		add	r3, r3, r3, lsl #2
 1590 0066 A1EB4303 		sub	r3, r1, r3, lsl #1
 398:hal_bsp/hal/driver/spi_oled/ax_oled_1305.c ****             temp /= 10;
 1591              		.loc 1 398 27 view .LVU422
 1592 006a 02F11000 		add	r0, r2, #16
 1593 006e 6844     		add	r0, sp, r0
 1594 0070 00F80C3C 		strb	r3, [r0, #-12]
 399:hal_bsp/hal/driver/spi_oled/ax_oled_1305.c ****             if (temp == 0) {
 1595              		.loc 1 399 13 is_stmt 1 view .LVU423
 1596              	.LVL194:
 400:hal_bsp/hal/driver/spi_oled/ax_oled_1305.c ****                 actual_digits = i + 1;
 1597              		.loc 1 400 13 view .LVU424
 400:hal_bsp/hal/driver/spi_oled/ax_oled_1305.c ****                 actual_digits = i + 1;
 1598              		.loc 1 400 16 is_stmt 0 view .LVU425
 1599 0074 0929     		cmp	r1, #9
 1600 0076 06D9     		bls	.L148
 397:hal_bsp/hal/driver/spi_oled/ax_oled_1305.c ****             num_digits[i] = temp % 10;
 1601              		.loc 1 397 44 is_stmt 1 discriminator 2 view .LVU426
 397:hal_bsp/hal/driver/spi_oled/ax_oled_1305.c ****             num_digits[i] = temp % 10;
 1602              		.loc 1 397 45 is_stmt 0 discriminator 2 view .LVU427
 1603 0078 0132     		adds	r2, r2, #1
 1604              	.LVL195:
 397:hal_bsp/hal/driver/spi_oled/ax_oled_1305.c ****             num_digits[i] = temp % 10;
 1605              		.loc 1 397 45 discriminator 2 view .LVU428
 1606 007a D2B2     		uxtb	r2, r2
 1607              	.LVL196:
 399:hal_bsp/hal/driver/spi_oled/ax_oled_1305.c ****             if (temp == 0) {
 1608              		.loc 1 399 18 discriminator 2 view .LVU429
 1609 007c 2146     		mov	r1, r4
 1610 007e E9E7     		b	.L125
 1611              	.LVL197:
 1612              	.L143:
 391:hal_bsp/hal/driver/spi_oled/ax_oled_1305.c ****         } else {
 1613              		.loc 1 391 18 view .LVU430
 1614 0080 4FF00041 		mov	r1, #-2147483648
ARM GAS  C:\Users\honor\AppData\Local\Temp\ccuWKR9G.s 			page 46


 1615 0084 E5E7     		b	.L124
 1616              	.LVL198:
 1617              	.L148:
 401:hal_bsp/hal/driver/spi_oled/ax_oled_1305.c ****                 break;
 1618              		.loc 1 401 17 is_stmt 1 view .LVU431
 401:hal_bsp/hal/driver/spi_oled/ax_oled_1305.c ****                 break;
 1619              		.loc 1 401 31 is_stmt 0 view .LVU432
 1620 0086 531C     		adds	r3, r2, #1
 1621 0088 DBB2     		uxtb	r3, r3
 1622              	.LVL199:
 402:hal_bsp/hal/driver/spi_oled/ax_oled_1305.c ****             }
 1623              		.loc 1 402 17 is_stmt 1 view .LVU433
 399:hal_bsp/hal/driver/spi_oled/ax_oled_1305.c ****             if (temp == 0) {
 1624              		.loc 1 399 18 is_stmt 0 view .LVU434
 1625 008a 2146     		mov	r1, r4
 402:hal_bsp/hal/driver/spi_oled/ax_oled_1305.c ****             }
 1626              		.loc 1 402 17 view .LVU435
 1627 008c 00E0     		b	.L127
 1628              	.LVL200:
 1629              	.L147:
 402:hal_bsp/hal/driver/spi_oled/ax_oled_1305.c ****             }
 1630              		.loc 1 402 17 view .LVU436
 1631              	.LBE5:
 370:hal_bsp/hal/driver/spi_oled/ax_oled_1305.c **** 
 1632              		.loc 1 370 13 view .LVU437
 1633 008e 0023     		movs	r3, #0
 1634              	.LVL201:
 1635              	.L127:
 1636              	.LBB7:
 407:hal_bsp/hal/driver/spi_oled/ax_oled_1305.c ****             actual_digits = num_digits_needed;  // 显示所有请求的位数
 1637              		.loc 1 407 9 is_stmt 1 view .LVU438
 407:hal_bsp/hal/driver/spi_oled/ax_oled_1305.c ****             actual_digits = num_digits_needed;  // 显示所有请求的位数
 1638              		.loc 1 407 12 is_stmt 0 view .LVU439
 1639 0090 49B1     		cbz	r1, .L130
 408:hal_bsp/hal/driver/spi_oled/ax_oled_1305.c ****         }
 1640              		.loc 1 408 27 view .LVU440
 1641 0092 4346     		mov	r3, r8
 1642              	.LVL202:
 408:hal_bsp/hal/driver/spi_oled/ax_oled_1305.c ****         }
 1643              		.loc 1 408 27 view .LVU441
 1644 0094 07E0     		b	.L130
 1645              	.LVL203:
 1646              	.L131:
 413:hal_bsp/hal/driver/spi_oled/ax_oled_1305.c ****         }
 1647              		.loc 1 413 13 is_stmt 1 discriminator 3 view .LVU442
 413:hal_bsp/hal/driver/spi_oled/ax_oled_1305.c ****         }
 1648              		.loc 1 413 27 is_stmt 0 discriminator 3 view .LVU443
 1649 0096 03F11002 		add	r2, r3, #16
 1650 009a 6A44     		add	r2, sp, r2
 1651 009c 0021     		movs	r1, #0
 1652 009e 02F80C1C 		strb	r1, [r2, #-12]
 412:hal_bsp/hal/driver/spi_oled/ax_oled_1305.c ****             num_digits[i] = 0;
 1653              		.loc 1 412 56 is_stmt 1 discriminator 3 view .LVU444
 412:hal_bsp/hal/driver/spi_oled/ax_oled_1305.c ****             num_digits[i] = 0;
 1654              		.loc 1 412 57 is_stmt 0 discriminator 3 view .LVU445
 1655 00a2 0133     		adds	r3, r3, #1
 1656              	.LVL204:
ARM GAS  C:\Users\honor\AppData\Local\Temp\ccuWKR9G.s 			page 47


 412:hal_bsp/hal/driver/spi_oled/ax_oled_1305.c ****             num_digits[i] = 0;
 1657              		.loc 1 412 57 discriminator 3 view .LVU446
 1658 00a4 DBB2     		uxtb	r3, r3
 1659              	.LVL205:
 1660              	.L130:
 412:hal_bsp/hal/driver/spi_oled/ax_oled_1305.c ****             num_digits[i] = 0;
 1661              		.loc 1 412 33 is_stmt 1 discriminator 1 view .LVU447
 412:hal_bsp/hal/driver/spi_oled/ax_oled_1305.c ****             num_digits[i] = 0;
 1662              		.loc 1 412 9 is_stmt 0 discriminator 1 view .LVU448
 1663 00a6 9845     		cmp	r8, r3
 1664 00a8 F5D8     		bhi	.L131
 417:hal_bsp/hal/driver/spi_oled/ax_oled_1305.c ****             uint8_t digit_index = num_digits_needed - i - 1;
 1665              		.loc 1 417 16 view .LVU449
 1666 00aa 0024     		movs	r4, #0
 1667 00ac 11E0     		b	.L132
 1668              	.LVL206:
 1669              	.L133:
 1670              	.LBB6:
 418:hal_bsp/hal/driver/spi_oled/ax_oled_1305.c ****             AX_OLED_Disp16Num(start_x + (i * 8), y,
 1671              		.loc 1 418 13 is_stmt 1 discriminator 3 view .LVU450
 418:hal_bsp/hal/driver/spi_oled/ax_oled_1305.c ****             AX_OLED_Disp16Num(start_x + (i * 8), y,
 1672              		.loc 1 418 53 is_stmt 0 discriminator 3 view .LVU451
 1673 00ae A8EB0402 		sub	r2, r8, r4
 1674 00b2 D2B2     		uxtb	r2, r2
 418:hal_bsp/hal/driver/spi_oled/ax_oled_1305.c ****             AX_OLED_Disp16Num(start_x + (i * 8), y,
 1675              		.loc 1 418 21 discriminator 3 view .LVU452
 1676 00b4 013A     		subs	r2, r2, #1
 1677              	.LVL207:
 419:hal_bsp/hal/driver/spi_oled/ax_oled_1305.c ****                               num_digits[digit_index], mode);
 1678              		.loc 1 419 13 is_stmt 1 discriminator 3 view .LVU453
 1679 00b6 04AB     		add	r3, sp, #16
 1680 00b8 53FA82F2 		uxtab	r2, r3, r2
 1681              	.LVL208:
 419:hal_bsp/hal/driver/spi_oled/ax_oled_1305.c ****                               num_digits[digit_index], mode);
 1682              		.loc 1 419 13 is_stmt 0 discriminator 3 view .LVU454
 1683 00bc 05EBC400 		add	r0, r5, r4, lsl #3
 1684 00c0 3B46     		mov	r3, r7
 1685 00c2 12F80C2C 		ldrb	r2, [r2, #-12]	@ zero_extendqisi2
 1686 00c6 3146     		mov	r1, r6
 1687 00c8 C0B2     		uxtb	r0, r0
 1688 00ca FFF7FEFF 		bl	AX_OLED_Disp16Num
 1689              	.LVL209:
 1690              	.LBE6:
 417:hal_bsp/hal/driver/spi_oled/ax_oled_1305.c ****             uint8_t digit_index = num_digits_needed - i - 1;
 1691              		.loc 1 417 44 is_stmt 1 discriminator 3 view .LVU455
 417:hal_bsp/hal/driver/spi_oled/ax_oled_1305.c ****             uint8_t digit_index = num_digits_needed - i - 1;
 1692              		.loc 1 417 45 is_stmt 0 discriminator 3 view .LVU456
 1693 00ce 0134     		adds	r4, r4, #1
 1694              	.LVL210:
 417:hal_bsp/hal/driver/spi_oled/ax_oled_1305.c ****             uint8_t digit_index = num_digits_needed - i - 1;
 1695              		.loc 1 417 45 discriminator 3 view .LVU457
 1696 00d0 E4B2     		uxtb	r4, r4
 1697              	.LVL211:
 1698              	.L132:
 417:hal_bsp/hal/driver/spi_oled/ax_oled_1305.c ****             uint8_t digit_index = num_digits_needed - i - 1;
 1699              		.loc 1 417 21 is_stmt 1 discriminator 1 view .LVU458
 417:hal_bsp/hal/driver/spi_oled/ax_oled_1305.c ****             uint8_t digit_index = num_digits_needed - i - 1;
ARM GAS  C:\Users\honor\AppData\Local\Temp\ccuWKR9G.s 			page 48


 1700              		.loc 1 417 9 is_stmt 0 discriminator 1 view .LVU459
 1701 00d2 A045     		cmp	r8, r4
 1702 00d4 EBD8     		bhi	.L133
 1703              	.LVL212:
 1704              	.L121:
 417:hal_bsp/hal/driver/spi_oled/ax_oled_1305.c ****             uint8_t digit_index = num_digits_needed - i - 1;
 1705              		.loc 1 417 9 discriminator 1 view .LVU460
 1706              	.LBE7:
 448:hal_bsp/hal/driver/spi_oled/ax_oled_1305.c **** 
 1707              		.loc 1 448 1 view .LVU461
 1708 00d6 05B0     		add	sp, sp, #20
 1709              	.LCFI26:
 1710              		.cfi_remember_state
 1711              		.cfi_def_cfa_offset 28
 1712              		@ sp needed
 1713 00d8 BDE8F083 		pop	{r4, r5, r6, r7, r8, r9, pc}
 1714              	.LVL213:
 1715              	.L149:
 1716              	.LCFI27:
 1717              		.cfi_restore_state
 427:hal_bsp/hal/driver/spi_oled/ax_oled_1305.c ****             num_digits[i] = temp % 10;
 1718              		.loc 1 427 33 is_stmt 1 discriminator 2 view .LVU462
 427:hal_bsp/hal/driver/spi_oled/ax_oled_1305.c ****             num_digits[i] = temp % 10;
 1719              		.loc 1 427 34 is_stmt 0 discriminator 2 view .LVU463
 1720 00dc 0131     		adds	r1, r1, #1
 1721              	.LVL214:
 427:hal_bsp/hal/driver/spi_oled/ax_oled_1305.c ****             num_digits[i] = temp % 10;
 1722              		.loc 1 427 34 discriminator 2 view .LVU464
 1723 00de C9B2     		uxtb	r1, r1
 1724              	.LVL215:
 429:hal_bsp/hal/driver/spi_oled/ax_oled_1305.c ****             actual_digits++;
 1725              		.loc 1 429 18 discriminator 2 view .LVU465
 1726 00e0 7046     		mov	r0, lr
 1727              	.LVL216:
 1728              	.L135:
 427:hal_bsp/hal/driver/spi_oled/ax_oled_1305.c ****             num_digits[i] = temp % 10;
 1729              		.loc 1 427 21 is_stmt 1 discriminator 1 view .LVU466
 427:hal_bsp/hal/driver/spi_oled/ax_oled_1305.c ****             num_digits[i] = temp % 10;
 1730              		.loc 1 427 9 is_stmt 0 discriminator 1 view .LVU467
 1731 00e2 A142     		cmp	r1, r4
 1732 00e4 11D2     		bcs	.L138
 428:hal_bsp/hal/driver/spi_oled/ax_oled_1305.c ****             temp /= 10;
 1733              		.loc 1 428 13 is_stmt 1 view .LVU468
 428:hal_bsp/hal/driver/spi_oled/ax_oled_1305.c ****             temp /= 10;
 1734              		.loc 1 428 34 is_stmt 0 view .LVU469
 1735 00e6 1B4A     		ldr	r2, .L151
 1736 00e8 A2FB00C2 		umull	ip, r2, r2, r0
 1737 00ec D208     		lsrs	r2, r2, #3
 1738 00ee 9646     		mov	lr, r2
 1739 00f0 02EB8202 		add	r2, r2, r2, lsl #2
 1740 00f4 A0EB4202 		sub	r2, r0, r2, lsl #1
 428:hal_bsp/hal/driver/spi_oled/ax_oled_1305.c ****             temp /= 10;
 1741              		.loc 1 428 27 view .LVU470
 1742 00f8 01F1100C 		add	ip, r1, #16
 1743 00fc EC44     		add	ip, sp, ip
 1744 00fe 0CF80C2C 		strb	r2, [ip, #-12]
 429:hal_bsp/hal/driver/spi_oled/ax_oled_1305.c ****             actual_digits++;
ARM GAS  C:\Users\honor\AppData\Local\Temp\ccuWKR9G.s 			page 49


 1745              		.loc 1 429 13 is_stmt 1 view .LVU471
 1746              	.LVL217:
 430:hal_bsp/hal/driver/spi_oled/ax_oled_1305.c ****             if (temp == 0) {
 1747              		.loc 1 430 13 view .LVU472
 430:hal_bsp/hal/driver/spi_oled/ax_oled_1305.c ****             if (temp == 0) {
 1748              		.loc 1 430 26 is_stmt 0 view .LVU473
 1749 0102 0133     		adds	r3, r3, #1
 1750              	.LVL218:
 430:hal_bsp/hal/driver/spi_oled/ax_oled_1305.c ****             if (temp == 0) {
 1751              		.loc 1 430 26 view .LVU474
 1752 0104 DBB2     		uxtb	r3, r3
 1753              	.LVL219:
 431:hal_bsp/hal/driver/spi_oled/ax_oled_1305.c ****                 break;
 1754              		.loc 1 431 13 is_stmt 1 view .LVU475
 431:hal_bsp/hal/driver/spi_oled/ax_oled_1305.c ****                 break;
 1755              		.loc 1 431 16 is_stmt 0 view .LVU476
 1756 0106 0928     		cmp	r0, #9
 1757 0108 E8D8     		bhi	.L149
 1758              	.LVL220:
 1759              	.L138:
 437:hal_bsp/hal/driver/spi_oled/ax_oled_1305.c ****             num_digits[i] = 0;
 1760              		.loc 1 437 33 is_stmt 1 discriminator 1 view .LVU477
 437:hal_bsp/hal/driver/spi_oled/ax_oled_1305.c ****             num_digits[i] = 0;
 1761              		.loc 1 437 9 is_stmt 0 discriminator 1 view .LVU478
 1762 010a A342     		cmp	r3, r4
 1763 010c 08D2     		bcs	.L150
 438:hal_bsp/hal/driver/spi_oled/ax_oled_1305.c ****         }
 1764              		.loc 1 438 13 is_stmt 1 discriminator 3 view .LVU479
 438:hal_bsp/hal/driver/spi_oled/ax_oled_1305.c ****         }
 1765              		.loc 1 438 27 is_stmt 0 discriminator 3 view .LVU480
 1766 010e 03F11002 		add	r2, r3, #16
 1767 0112 6A44     		add	r2, sp, r2
 1768 0114 0021     		movs	r1, #0
 1769 0116 02F80C1C 		strb	r1, [r2, #-12]
 437:hal_bsp/hal/driver/spi_oled/ax_oled_1305.c ****             num_digits[i] = 0;
 1770              		.loc 1 437 45 is_stmt 1 discriminator 3 view .LVU481
 437:hal_bsp/hal/driver/spi_oled/ax_oled_1305.c ****             num_digits[i] = 0;
 1771              		.loc 1 437 46 is_stmt 0 discriminator 3 view .LVU482
 1772 011a 0133     		adds	r3, r3, #1
 1773              	.LVL221:
 437:hal_bsp/hal/driver/spi_oled/ax_oled_1305.c ****             num_digits[i] = 0;
 1774              		.loc 1 437 46 discriminator 3 view .LVU483
 1775 011c DBB2     		uxtb	r3, r3
 1776              	.LVL222:
 437:hal_bsp/hal/driver/spi_oled/ax_oled_1305.c ****             num_digits[i] = 0;
 1777              		.loc 1 437 46 discriminator 3 view .LVU484
 1778 011e F4E7     		b	.L138
 1779              	.L150:
 442:hal_bsp/hal/driver/spi_oled/ax_oled_1305.c ****             uint8_t digit_index = digits - i - 1;
 1780              		.loc 1 442 16 view .LVU485
 1781 0120 4FF00008 		mov	r8, #0
 1782              	.LVL223:
 1783              	.L140:
 442:hal_bsp/hal/driver/spi_oled/ax_oled_1305.c ****             uint8_t digit_index = digits - i - 1;
 1784              		.loc 1 442 21 is_stmt 1 discriminator 1 view .LVU486
 442:hal_bsp/hal/driver/spi_oled/ax_oled_1305.c ****             uint8_t digit_index = digits - i - 1;
 1785              		.loc 1 442 9 is_stmt 0 discriminator 1 view .LVU487
ARM GAS  C:\Users\honor\AppData\Local\Temp\ccuWKR9G.s 			page 50


 1786 0124 A045     		cmp	r8, r4
 1787 0126 D6D2     		bcs	.L121
 1788              	.LBB8:
 443:hal_bsp/hal/driver/spi_oled/ax_oled_1305.c ****             AX_OLED_Disp16Num(start_x + (i * 8), y,
 1789              		.loc 1 443 13 is_stmt 1 discriminator 3 view .LVU488
 443:hal_bsp/hal/driver/spi_oled/ax_oled_1305.c ****             AX_OLED_Disp16Num(start_x + (i * 8), y,
 1790              		.loc 1 443 42 is_stmt 0 discriminator 3 view .LVU489
 1791 0128 A4EB0802 		sub	r2, r4, r8
 1792 012c D2B2     		uxtb	r2, r2
 443:hal_bsp/hal/driver/spi_oled/ax_oled_1305.c ****             AX_OLED_Disp16Num(start_x + (i * 8), y,
 1793              		.loc 1 443 21 discriminator 3 view .LVU490
 1794 012e 013A     		subs	r2, r2, #1
 1795              	.LVL224:
 444:hal_bsp/hal/driver/spi_oled/ax_oled_1305.c ****                               num_digits[digit_index], mode);
 1796              		.loc 1 444 13 is_stmt 1 discriminator 3 view .LVU491
 1797 0130 04AB     		add	r3, sp, #16
 1798 0132 53FA82F2 		uxtab	r2, r3, r2
 1799              	.LVL225:
 444:hal_bsp/hal/driver/spi_oled/ax_oled_1305.c ****                               num_digits[digit_index], mode);
 1800              		.loc 1 444 13 is_stmt 0 discriminator 3 view .LVU492
 1801 0136 05EBC800 		add	r0, r5, r8, lsl #3
 1802 013a 3B46     		mov	r3, r7
 1803 013c 12F80C2C 		ldrb	r2, [r2, #-12]	@ zero_extendqisi2
 1804 0140 3146     		mov	r1, r6
 1805 0142 C0B2     		uxtb	r0, r0
 1806 0144 FFF7FEFF 		bl	AX_OLED_Disp16Num
 1807              	.LVL226:
 1808              	.LBE8:
 442:hal_bsp/hal/driver/spi_oled/ax_oled_1305.c ****             uint8_t digit_index = digits - i - 1;
 1809              		.loc 1 442 33 is_stmt 1 discriminator 3 view .LVU493
 442:hal_bsp/hal/driver/spi_oled/ax_oled_1305.c ****             uint8_t digit_index = digits - i - 1;
 1810              		.loc 1 442 34 is_stmt 0 discriminator 3 view .LVU494
 1811 0148 08F10108 		add	r8, r8, #1
 1812              	.LVL227:
 442:hal_bsp/hal/driver/spi_oled/ax_oled_1305.c ****             uint8_t digit_index = digits - i - 1;
 1813              		.loc 1 442 34 discriminator 3 view .LVU495
 1814 014c 5FFA88F8 		uxtb	r8, r8
 1815              	.LVL228:
 442:hal_bsp/hal/driver/spi_oled/ax_oled_1305.c ****             uint8_t digit_index = digits - i - 1;
 1816              		.loc 1 442 34 discriminator 3 view .LVU496
 1817 0150 E8E7     		b	.L140
 1818              	.L152:
 1819 0152 00BF     		.align	2
 1820              	.L151:
 1821 0154 CDCCCCCC 		.word	-858993459
 1822              		.cfi_endproc
 1823              	.LFE253:
 1825              		.section	.text.AX_OLED_DispChinese,"ax",%progbits
 1826              		.align	1
 1827              		.global	AX_OLED_DispChinese
 1828              		.syntax unified
 1829              		.thumb
 1830              		.thumb_func
 1832              	AX_OLED_DispChinese:
 1833              	.LVL229:
 1834              	.LFB254:
 458:hal_bsp/hal/driver/spi_oled/ax_oled_1305.c ****     uint8_t t;
ARM GAS  C:\Users\honor\AppData\Local\Temp\ccuWKR9G.s 			page 51


 1835              		.loc 1 458 83 is_stmt 1 view -0
 1836              		.cfi_startproc
 1837              		@ args = 0, pretend = 0, frame = 0
 1838              		@ frame_needed = 0, uses_anonymous_args = 0
 459:hal_bsp/hal/driver/spi_oled/ax_oled_1305.c **** 
 1839              		.loc 1 459 5 view .LVU498
 461:hal_bsp/hal/driver/spi_oled/ax_oled_1305.c ****         if (mode) {
 1840              		.loc 1 461 5 view .LVU499
 461:hal_bsp/hal/driver/spi_oled/ax_oled_1305.c ****         if (mode) {
 1841              		.loc 1 461 8 is_stmt 0 view .LVU500
 1842 0000 7028     		cmp	r0, #112
 1843 0002 47D8     		bhi	.L165
 458:hal_bsp/hal/driver/spi_oled/ax_oled_1305.c ****     uint8_t t;
 1844              		.loc 1 458 83 discriminator 1 view .LVU501
 1845 0004 2DE9F041 		push	{r4, r5, r6, r7, r8, lr}
 1846              	.LCFI28:
 1847              		.cfi_def_cfa_offset 24
 1848              		.cfi_offset 4, -24
 1849              		.cfi_offset 5, -20
 1850              		.cfi_offset 6, -16
 1851              		.cfi_offset 7, -12
 1852              		.cfi_offset 8, -8
 1853              		.cfi_offset 14, -4
 1854 0008 0646     		mov	r6, r0
 1855 000a 0F46     		mov	r7, r1
 1856 000c 1446     		mov	r4, r2
 1857 000e 9846     		mov	r8, r3
 461:hal_bsp/hal/driver/spi_oled/ax_oled_1305.c ****         if (mode) {
 1858              		.loc 1 461 19 discriminator 1 view .LVU502
 1859 0010 0629     		cmp	r1, #6
 1860 0012 1FD8     		bhi	.L153
 462:hal_bsp/hal/driver/spi_oled/ax_oled_1305.c ****             OLED_Set_Pos(x, y);
 1861              		.loc 1 462 9 is_stmt 1 view .LVU503
 462:hal_bsp/hal/driver/spi_oled/ax_oled_1305.c ****             OLED_Set_Pos(x, y);
 1862              		.loc 1 462 12 is_stmt 0 view .LVU504
 1863 0014 03B3     		cbz	r3, .L155
 463:hal_bsp/hal/driver/spi_oled/ax_oled_1305.c ****             for (t = 0; t < 16; t++) {
 1864              		.loc 1 463 13 is_stmt 1 view .LVU505
 1865 0016 FFF7FEFF 		bl	OLED_Set_Pos
 1866              	.LVL230:
 464:hal_bsp/hal/driver/spi_oled/ax_oled_1305.c ****                 OLED_WriteData(~*pbuf++);
 1867              		.loc 1 464 13 view .LVU506
 464:hal_bsp/hal/driver/spi_oled/ax_oled_1305.c ****                 OLED_WriteData(~*pbuf++);
 1868              		.loc 1 464 20 is_stmt 0 view .LVU507
 1869 001a 0025     		movs	r5, #0
 464:hal_bsp/hal/driver/spi_oled/ax_oled_1305.c ****                 OLED_WriteData(~*pbuf++);
 1870              		.loc 1 464 13 view .LVU508
 1871 001c 07E0     		b	.L156
 1872              	.LVL231:
 1873              	.L157:
 465:hal_bsp/hal/driver/spi_oled/ax_oled_1305.c ****             }
 1874              		.loc 1 465 17 is_stmt 1 discriminator 3 view .LVU509
 465:hal_bsp/hal/driver/spi_oled/ax_oled_1305.c ****             }
 1875              		.loc 1 465 33 is_stmt 0 discriminator 3 view .LVU510
 1876 001e 14F8010B 		ldrb	r0, [r4], #1	@ zero_extendqisi2
 1877              	.LVL232:
 465:hal_bsp/hal/driver/spi_oled/ax_oled_1305.c ****             }
ARM GAS  C:\Users\honor\AppData\Local\Temp\ccuWKR9G.s 			page 52


 1878              		.loc 1 465 17 discriminator 3 view .LVU511
 1879 0022 C043     		mvns	r0, r0
 1880 0024 C0B2     		uxtb	r0, r0
 1881 0026 FFF7FEFF 		bl	OLED_WriteData
 1882              	.LVL233:
 464:hal_bsp/hal/driver/spi_oled/ax_oled_1305.c ****                 OLED_WriteData(~*pbuf++);
 1883              		.loc 1 464 33 is_stmt 1 discriminator 3 view .LVU512
 464:hal_bsp/hal/driver/spi_oled/ax_oled_1305.c ****                 OLED_WriteData(~*pbuf++);
 1884              		.loc 1 464 34 is_stmt 0 discriminator 3 view .LVU513
 1885 002a 0135     		adds	r5, r5, #1
 1886              	.LVL234:
 464:hal_bsp/hal/driver/spi_oled/ax_oled_1305.c ****                 OLED_WriteData(~*pbuf++);
 1887              		.loc 1 464 34 discriminator 3 view .LVU514
 1888 002c EDB2     		uxtb	r5, r5
 1889              	.LVL235:
 1890              	.L156:
 464:hal_bsp/hal/driver/spi_oled/ax_oled_1305.c ****                 OLED_WriteData(~*pbuf++);
 1891              		.loc 1 464 25 is_stmt 1 discriminator 1 view .LVU515
 464:hal_bsp/hal/driver/spi_oled/ax_oled_1305.c ****                 OLED_WriteData(~*pbuf++);
 1892              		.loc 1 464 13 is_stmt 0 discriminator 1 view .LVU516
 1893 002e 0F2D     		cmp	r5, #15
 1894 0030 F5D9     		bls	.L157
 467:hal_bsp/hal/driver/spi_oled/ax_oled_1305.c ****             for (t = 0; t < 16; t++) {
 1895              		.loc 1 467 13 is_stmt 1 view .LVU517
 1896 0032 791C     		adds	r1, r7, #1
 1897 0034 C9B2     		uxtb	r1, r1
 1898 0036 3046     		mov	r0, r6
 1899 0038 FFF7FEFF 		bl	OLED_Set_Pos
 1900              	.LVL236:
 468:hal_bsp/hal/driver/spi_oled/ax_oled_1305.c ****                 OLED_WriteData(~*pbuf++);
 1901              		.loc 1 468 13 view .LVU518
 468:hal_bsp/hal/driver/spi_oled/ax_oled_1305.c ****                 OLED_WriteData(~*pbuf++);
 1902              		.loc 1 468 20 is_stmt 0 view .LVU519
 1903 003c 0025     		movs	r5, #0
 468:hal_bsp/hal/driver/spi_oled/ax_oled_1305.c ****                 OLED_WriteData(~*pbuf++);
 1904              		.loc 1 468 13 view .LVU520
 1905 003e 07E0     		b	.L158
 1906              	.LVL237:
 1907              	.L159:
 469:hal_bsp/hal/driver/spi_oled/ax_oled_1305.c ****             }
 1908              		.loc 1 469 17 is_stmt 1 discriminator 3 view .LVU521
 469:hal_bsp/hal/driver/spi_oled/ax_oled_1305.c ****             }
 1909              		.loc 1 469 33 is_stmt 0 discriminator 3 view .LVU522
 1910 0040 14F8010B 		ldrb	r0, [r4], #1	@ zero_extendqisi2
 1911              	.LVL238:
 469:hal_bsp/hal/driver/spi_oled/ax_oled_1305.c ****             }
 1912              		.loc 1 469 17 discriminator 3 view .LVU523
 1913 0044 C043     		mvns	r0, r0
 1914 0046 C0B2     		uxtb	r0, r0
 1915 0048 FFF7FEFF 		bl	OLED_WriteData
 1916              	.LVL239:
 468:hal_bsp/hal/driver/spi_oled/ax_oled_1305.c ****                 OLED_WriteData(~*pbuf++);
 1917              		.loc 1 468 33 is_stmt 1 discriminator 3 view .LVU524
 468:hal_bsp/hal/driver/spi_oled/ax_oled_1305.c ****                 OLED_WriteData(~*pbuf++);
 1918              		.loc 1 468 34 is_stmt 0 discriminator 3 view .LVU525
 1919 004c 0135     		adds	r5, r5, #1
 1920              	.LVL240:
ARM GAS  C:\Users\honor\AppData\Local\Temp\ccuWKR9G.s 			page 53


 468:hal_bsp/hal/driver/spi_oled/ax_oled_1305.c ****                 OLED_WriteData(~*pbuf++);
 1921              		.loc 1 468 34 discriminator 3 view .LVU526
 1922 004e EDB2     		uxtb	r5, r5
 1923              	.LVL241:
 1924              	.L158:
 468:hal_bsp/hal/driver/spi_oled/ax_oled_1305.c ****                 OLED_WriteData(~*pbuf++);
 1925              		.loc 1 468 25 is_stmt 1 discriminator 1 view .LVU527
 468:hal_bsp/hal/driver/spi_oled/ax_oled_1305.c ****                 OLED_WriteData(~*pbuf++);
 1926              		.loc 1 468 13 is_stmt 0 discriminator 1 view .LVU528
 1927 0050 0F2D     		cmp	r5, #15
 1928 0052 F5D9     		bls	.L159
 1929              	.LVL242:
 1930              	.L153:
 482:hal_bsp/hal/driver/spi_oled/ax_oled_1305.c **** 
 1931              		.loc 1 482 1 view .LVU529
 1932 0054 BDE8F081 		pop	{r4, r5, r6, r7, r8, pc}
 1933              	.LVL243:
 1934              	.L155:
 472:hal_bsp/hal/driver/spi_oled/ax_oled_1305.c ****             for (t = 0; t < 16; t++) {
 1935              		.loc 1 472 13 is_stmt 1 view .LVU530
 1936 0058 FFF7FEFF 		bl	OLED_Set_Pos
 1937              	.LVL244:
 473:hal_bsp/hal/driver/spi_oled/ax_oled_1305.c ****                 OLED_WriteData(*pbuf++);
 1938              		.loc 1 473 13 view .LVU531
 473:hal_bsp/hal/driver/spi_oled/ax_oled_1305.c ****                 OLED_WriteData(*pbuf++);
 1939              		.loc 1 473 20 is_stmt 0 view .LVU532
 1940 005c 4546     		mov	r5, r8
 473:hal_bsp/hal/driver/spi_oled/ax_oled_1305.c ****                 OLED_WriteData(*pbuf++);
 1941              		.loc 1 473 13 view .LVU533
 1942 005e 05E0     		b	.L160
 1943              	.LVL245:
 1944              	.L161:
 474:hal_bsp/hal/driver/spi_oled/ax_oled_1305.c ****             }
 1945              		.loc 1 474 17 is_stmt 1 discriminator 3 view .LVU534
 474:hal_bsp/hal/driver/spi_oled/ax_oled_1305.c ****             }
 1946              		.loc 1 474 17 is_stmt 0 discriminator 3 view .LVU535
 1947 0060 14F8010B 		ldrb	r0, [r4], #1	@ zero_extendqisi2
 1948              	.LVL246:
 474:hal_bsp/hal/driver/spi_oled/ax_oled_1305.c ****             }
 1949              		.loc 1 474 17 discriminator 3 view .LVU536
 1950 0064 FFF7FEFF 		bl	OLED_WriteData
 1951              	.LVL247:
 473:hal_bsp/hal/driver/spi_oled/ax_oled_1305.c ****                 OLED_WriteData(*pbuf++);
 1952              		.loc 1 473 33 is_stmt 1 discriminator 3 view .LVU537
 473:hal_bsp/hal/driver/spi_oled/ax_oled_1305.c ****                 OLED_WriteData(*pbuf++);
 1953              		.loc 1 473 34 is_stmt 0 discriminator 3 view .LVU538
 1954 0068 0135     		adds	r5, r5, #1
 1955              	.LVL248:
 473:hal_bsp/hal/driver/spi_oled/ax_oled_1305.c ****                 OLED_WriteData(*pbuf++);
 1956              		.loc 1 473 34 discriminator 3 view .LVU539
 1957 006a EDB2     		uxtb	r5, r5
 1958              	.LVL249:
 1959              	.L160:
 473:hal_bsp/hal/driver/spi_oled/ax_oled_1305.c ****                 OLED_WriteData(*pbuf++);
 1960              		.loc 1 473 25 is_stmt 1 discriminator 1 view .LVU540
 473:hal_bsp/hal/driver/spi_oled/ax_oled_1305.c ****                 OLED_WriteData(*pbuf++);
 1961              		.loc 1 473 13 is_stmt 0 discriminator 1 view .LVU541
ARM GAS  C:\Users\honor\AppData\Local\Temp\ccuWKR9G.s 			page 54


 1962 006c 0F2D     		cmp	r5, #15
 1963 006e F7D9     		bls	.L161
 476:hal_bsp/hal/driver/spi_oled/ax_oled_1305.c ****             for (t = 0; t < 16; t++) {
 1964              		.loc 1 476 13 is_stmt 1 view .LVU542
 1965 0070 791C     		adds	r1, r7, #1
 1966 0072 C9B2     		uxtb	r1, r1
 1967 0074 3046     		mov	r0, r6
 1968 0076 FFF7FEFF 		bl	OLED_Set_Pos
 1969              	.LVL250:
 477:hal_bsp/hal/driver/spi_oled/ax_oled_1305.c ****                 OLED_WriteData(*pbuf++);
 1970              		.loc 1 477 13 view .LVU543
 477:hal_bsp/hal/driver/spi_oled/ax_oled_1305.c ****                 OLED_WriteData(*pbuf++);
 1971              		.loc 1 477 13 is_stmt 0 view .LVU544
 1972 007a 07E0     		b	.L162
 1973              	.LVL251:
 1974              	.L163:
 478:hal_bsp/hal/driver/spi_oled/ax_oled_1305.c ****             }
 1975              		.loc 1 478 17 is_stmt 1 discriminator 3 view .LVU545
 478:hal_bsp/hal/driver/spi_oled/ax_oled_1305.c ****             }
 1976              		.loc 1 478 17 is_stmt 0 discriminator 3 view .LVU546
 1977 007c 14F8010B 		ldrb	r0, [r4], #1	@ zero_extendqisi2
 1978              	.LVL252:
 478:hal_bsp/hal/driver/spi_oled/ax_oled_1305.c ****             }
 1979              		.loc 1 478 17 discriminator 3 view .LVU547
 1980 0080 FFF7FEFF 		bl	OLED_WriteData
 1981              	.LVL253:
 477:hal_bsp/hal/driver/spi_oled/ax_oled_1305.c ****                 OLED_WriteData(*pbuf++);
 1982              		.loc 1 477 33 is_stmt 1 discriminator 3 view .LVU548
 477:hal_bsp/hal/driver/spi_oled/ax_oled_1305.c ****                 OLED_WriteData(*pbuf++);
 1983              		.loc 1 477 34 is_stmt 0 discriminator 3 view .LVU549
 1984 0084 08F10108 		add	r8, r8, #1
 1985              	.LVL254:
 477:hal_bsp/hal/driver/spi_oled/ax_oled_1305.c ****                 OLED_WriteData(*pbuf++);
 1986              		.loc 1 477 34 discriminator 3 view .LVU550
 1987 0088 5FFA88F8 		uxtb	r8, r8
 1988              	.LVL255:
 1989              	.L162:
 477:hal_bsp/hal/driver/spi_oled/ax_oled_1305.c ****                 OLED_WriteData(*pbuf++);
 1990              		.loc 1 477 25 is_stmt 1 discriminator 1 view .LVU551
 477:hal_bsp/hal/driver/spi_oled/ax_oled_1305.c ****                 OLED_WriteData(*pbuf++);
 1991              		.loc 1 477 13 is_stmt 0 discriminator 1 view .LVU552
 1992 008c B8F10F0F 		cmp	r8, #15
 1993 0090 F4D9     		bls	.L163
 477:hal_bsp/hal/driver/spi_oled/ax_oled_1305.c ****                 OLED_WriteData(*pbuf++);
 1994              		.loc 1 477 13 discriminator 1 view .LVU553
 1995 0092 DFE7     		b	.L153
 1996              	.LVL256:
 1997              	.L165:
 1998              	.LCFI29:
 1999              		.cfi_def_cfa_offset 0
 2000              		.cfi_restore 4
 2001              		.cfi_restore 5
 2002              		.cfi_restore 6
 2003              		.cfi_restore 7
 2004              		.cfi_restore 8
 2005              		.cfi_restore 14
 477:hal_bsp/hal/driver/spi_oled/ax_oled_1305.c ****                 OLED_WriteData(*pbuf++);
ARM GAS  C:\Users\honor\AppData\Local\Temp\ccuWKR9G.s 			page 55


 2006              		.loc 1 477 13 discriminator 1 view .LVU554
 2007 0094 7047     		bx	lr
 2008              		.cfi_endproc
 2009              	.LFE254:
 2011              		.section	.text.AX_OLED_DispPicture,"ax",%progbits
 2012              		.align	1
 2013              		.global	AX_OLED_DispPicture
 2014              		.syntax unified
 2015              		.thumb
 2016              		.thumb_func
 2018              	AX_OLED_DispPicture:
 2019              	.LVL257:
 2020              	.LFB255:
 494:hal_bsp/hal/driver/spi_oled/ax_oled_1305.c ****     uint8_t tx, ty;
 2021              		.loc 1 494 113 is_stmt 1 view -0
 2022              		.cfi_startproc
 2023              		@ args = 8, pretend = 0, frame = 0
 2024              		@ frame_needed = 0, uses_anonymous_args = 0
 494:hal_bsp/hal/driver/spi_oled/ax_oled_1305.c ****     uint8_t tx, ty;
 2025              		.loc 1 494 113 is_stmt 0 view .LVU556
 2026 0000 2DE9F843 		push	{r3, r4, r5, r6, r7, r8, r9, lr}
 2027              	.LCFI30:
 2028              		.cfi_def_cfa_offset 32
 2029              		.cfi_offset 3, -32
 2030              		.cfi_offset 4, -28
 2031              		.cfi_offset 5, -24
 2032              		.cfi_offset 6, -20
 2033              		.cfi_offset 7, -16
 2034              		.cfi_offset 8, -12
 2035              		.cfi_offset 9, -8
 2036              		.cfi_offset 14, -4
 2037 0004 9946     		mov	r9, r3
 2038 0006 089C     		ldr	r4, [sp, #32]
 2039 0008 9DF82430 		ldrb	r3, [sp, #36]	@ zero_extendqisi2
 2040              	.LVL258:
 495:hal_bsp/hal/driver/spi_oled/ax_oled_1305.c **** 
 2041              		.loc 1 495 5 is_stmt 1 view .LVU557
 498:hal_bsp/hal/driver/spi_oled/ax_oled_1305.c ****         return;
 2042              		.loc 1 498 5 view .LVU558
 498:hal_bsp/hal/driver/spi_oled/ax_oled_1305.c ****         return;
 2043              		.loc 1 498 8 is_stmt 0 view .LVU559
 2044 000c 10F0800F 		tst	r0, #128
 2045 0010 33D1     		bne	.L168
 2046 0012 8046     		mov	r8, r0
 2047 0014 0F46     		mov	r7, r1
 2048 0016 1646     		mov	r6, r2
 498:hal_bsp/hal/driver/spi_oled/ax_oled_1305.c ****         return;
 2049              		.loc 1 498 17 discriminator 1 view .LVU560
 2050 0018 0729     		cmp	r1, #7
 2051 001a 2ED8     		bhi	.L168
 500:hal_bsp/hal/driver/spi_oled/ax_oled_1305.c ****         return;
 2052              		.loc 1 500 5 is_stmt 1 view .LVU561
 500:hal_bsp/hal/driver/spi_oled/ax_oled_1305.c ****         return;
 2053              		.loc 1 500 12 is_stmt 0 view .LVU562
 2054 001c 8218     		adds	r2, r0, r2
 2055              	.LVL259:
 500:hal_bsp/hal/driver/spi_oled/ax_oled_1305.c ****         return;
ARM GAS  C:\Users\honor\AppData\Local\Temp\ccuWKR9G.s 			page 56


 2056              		.loc 1 500 8 view .LVU563
 2057 001e 802A     		cmp	r2, #128
 2058 0020 2BDC     		bgt	.L168
 500:hal_bsp/hal/driver/spi_oled/ax_oled_1305.c ****         return;
 2059              		.loc 1 500 33 discriminator 1 view .LVU564
 2060 0022 01EB0902 		add	r2, r1, r9
 500:hal_bsp/hal/driver/spi_oled/ax_oled_1305.c ****         return;
 2061              		.loc 1 500 27 discriminator 1 view .LVU565
 2062 0026 082A     		cmp	r2, #8
 2063 0028 27DC     		bgt	.L168
 503:hal_bsp/hal/driver/spi_oled/ax_oled_1305.c ****         for (ty = y; ty < ysize; ty++) {
 2064              		.loc 1 503 5 is_stmt 1 view .LVU566
 503:hal_bsp/hal/driver/spi_oled/ax_oled_1305.c ****         for (ty = y; ty < ysize; ty++) {
 2065              		.loc 1 503 8 is_stmt 0 view .LVU567
 2066 002a 63B9     		cbnz	r3, .L170
 2067 002c 1DE0     		b	.L171
 2068              	.LVL260:
 2069              	.L173:
 507:hal_bsp/hal/driver/spi_oled/ax_oled_1305.c ****             }
 2070              		.loc 1 507 17 is_stmt 1 discriminator 3 view .LVU568
 507:hal_bsp/hal/driver/spi_oled/ax_oled_1305.c ****             }
 2071              		.loc 1 507 33 is_stmt 0 discriminator 3 view .LVU569
 2072 002e 14F8010B 		ldrb	r0, [r4], #1	@ zero_extendqisi2
 2073              	.LVL261:
 507:hal_bsp/hal/driver/spi_oled/ax_oled_1305.c ****             }
 2074              		.loc 1 507 17 discriminator 3 view .LVU570
 2075 0032 C043     		mvns	r0, r0
 2076 0034 C0B2     		uxtb	r0, r0
 2077 0036 FFF7FEFF 		bl	OLED_WriteData
 2078              	.LVL262:
 506:hal_bsp/hal/driver/spi_oled/ax_oled_1305.c ****                 OLED_WriteData(~*pbuf++);
 2079              		.loc 1 506 38 is_stmt 1 discriminator 3 view .LVU571
 506:hal_bsp/hal/driver/spi_oled/ax_oled_1305.c ****                 OLED_WriteData(~*pbuf++);
 2080              		.loc 1 506 40 is_stmt 0 discriminator 3 view .LVU572
 2081 003a 0135     		adds	r5, r5, #1
 2082              	.LVL263:
 506:hal_bsp/hal/driver/spi_oled/ax_oled_1305.c ****                 OLED_WriteData(~*pbuf++);
 2083              		.loc 1 506 40 discriminator 3 view .LVU573
 2084 003c EDB2     		uxtb	r5, r5
 2085              	.LVL264:
 2086              	.L172:
 506:hal_bsp/hal/driver/spi_oled/ax_oled_1305.c ****                 OLED_WriteData(~*pbuf++);
 2087              		.loc 1 506 26 is_stmt 1 discriminator 1 view .LVU574
 506:hal_bsp/hal/driver/spi_oled/ax_oled_1305.c ****                 OLED_WriteData(~*pbuf++);
 2088              		.loc 1 506 13 is_stmt 0 discriminator 1 view .LVU575
 2089 003e B542     		cmp	r5, r6
 2090 0040 F5D3     		bcc	.L173
 504:hal_bsp/hal/driver/spi_oled/ax_oled_1305.c ****             OLED_Set_Pos(x, ty);
 2091              		.loc 1 504 34 is_stmt 1 discriminator 2 view .LVU576
 504:hal_bsp/hal/driver/spi_oled/ax_oled_1305.c ****             OLED_Set_Pos(x, ty);
 2092              		.loc 1 504 36 is_stmt 0 discriminator 2 view .LVU577
 2093 0042 0137     		adds	r7, r7, #1
 2094              	.LVL265:
 504:hal_bsp/hal/driver/spi_oled/ax_oled_1305.c ****             OLED_Set_Pos(x, ty);
 2095              		.loc 1 504 36 discriminator 2 view .LVU578
 2096 0044 FFB2     		uxtb	r7, r7
 2097              	.LVL266:
ARM GAS  C:\Users\honor\AppData\Local\Temp\ccuWKR9G.s 			page 57


 2098              	.L170:
 504:hal_bsp/hal/driver/spi_oled/ax_oled_1305.c ****             OLED_Set_Pos(x, ty);
 2099              		.loc 1 504 22 is_stmt 1 discriminator 1 view .LVU579
 504:hal_bsp/hal/driver/spi_oled/ax_oled_1305.c ****             OLED_Set_Pos(x, ty);
 2100              		.loc 1 504 9 is_stmt 0 discriminator 1 view .LVU580
 2101 0046 4F45     		cmp	r7, r9
 2102 0048 17D2     		bcs	.L168
 505:hal_bsp/hal/driver/spi_oled/ax_oled_1305.c ****             for (tx = x; tx < xsize; tx++) {
 2103              		.loc 1 505 13 is_stmt 1 view .LVU581
 2104 004a 3946     		mov	r1, r7
 2105 004c 4046     		mov	r0, r8
 2106 004e FFF7FEFF 		bl	OLED_Set_Pos
 2107              	.LVL267:
 506:hal_bsp/hal/driver/spi_oled/ax_oled_1305.c ****                 OLED_WriteData(~*pbuf++);
 2108              		.loc 1 506 13 view .LVU582
 506:hal_bsp/hal/driver/spi_oled/ax_oled_1305.c ****                 OLED_WriteData(~*pbuf++);
 2109              		.loc 1 506 21 is_stmt 0 view .LVU583
 2110 0052 4546     		mov	r5, r8
 506:hal_bsp/hal/driver/spi_oled/ax_oled_1305.c ****                 OLED_WriteData(~*pbuf++);
 2111              		.loc 1 506 13 view .LVU584
 2112 0054 F3E7     		b	.L172
 2113              	.LVL268:
 2114              	.L176:
 514:hal_bsp/hal/driver/spi_oled/ax_oled_1305.c ****             }
 2115              		.loc 1 514 17 is_stmt 1 discriminator 3 view .LVU585
 514:hal_bsp/hal/driver/spi_oled/ax_oled_1305.c ****             }
 2116              		.loc 1 514 17 is_stmt 0 discriminator 3 view .LVU586
 2117 0056 14F8010B 		ldrb	r0, [r4], #1	@ zero_extendqisi2
 2118              	.LVL269:
 514:hal_bsp/hal/driver/spi_oled/ax_oled_1305.c ****             }
 2119              		.loc 1 514 17 discriminator 3 view .LVU587
 2120 005a FFF7FEFF 		bl	OLED_WriteData
 2121              	.LVL270:
 513:hal_bsp/hal/driver/spi_oled/ax_oled_1305.c ****                 OLED_WriteData(*pbuf++);
 2122              		.loc 1 513 38 is_stmt 1 discriminator 3 view .LVU588
 513:hal_bsp/hal/driver/spi_oled/ax_oled_1305.c ****                 OLED_WriteData(*pbuf++);
 2123              		.loc 1 513 40 is_stmt 0 discriminator 3 view .LVU589
 2124 005e 0135     		adds	r5, r5, #1
 2125              	.LVL271:
 513:hal_bsp/hal/driver/spi_oled/ax_oled_1305.c ****                 OLED_WriteData(*pbuf++);
 2126              		.loc 1 513 40 discriminator 3 view .LVU590
 2127 0060 EDB2     		uxtb	r5, r5
 2128              	.LVL272:
 2129              	.L175:
 513:hal_bsp/hal/driver/spi_oled/ax_oled_1305.c ****                 OLED_WriteData(*pbuf++);
 2130              		.loc 1 513 26 is_stmt 1 discriminator 1 view .LVU591
 513:hal_bsp/hal/driver/spi_oled/ax_oled_1305.c ****                 OLED_WriteData(*pbuf++);
 2131              		.loc 1 513 13 is_stmt 0 discriminator 1 view .LVU592
 2132 0062 B542     		cmp	r5, r6
 2133 0064 F7D3     		bcc	.L176
 511:hal_bsp/hal/driver/spi_oled/ax_oled_1305.c ****             OLED_Set_Pos(x, ty);
 2134              		.loc 1 511 34 is_stmt 1 discriminator 2 view .LVU593
 511:hal_bsp/hal/driver/spi_oled/ax_oled_1305.c ****             OLED_Set_Pos(x, ty);
 2135              		.loc 1 511 36 is_stmt 0 discriminator 2 view .LVU594
 2136 0066 0137     		adds	r7, r7, #1
 2137              	.LVL273:
 511:hal_bsp/hal/driver/spi_oled/ax_oled_1305.c ****             OLED_Set_Pos(x, ty);
ARM GAS  C:\Users\honor\AppData\Local\Temp\ccuWKR9G.s 			page 58


 2138              		.loc 1 511 36 discriminator 2 view .LVU595
 2139 0068 FFB2     		uxtb	r7, r7
 2140              	.LVL274:
 2141              	.L171:
 511:hal_bsp/hal/driver/spi_oled/ax_oled_1305.c ****             OLED_Set_Pos(x, ty);
 2142              		.loc 1 511 22 is_stmt 1 discriminator 1 view .LVU596
 511:hal_bsp/hal/driver/spi_oled/ax_oled_1305.c ****             OLED_Set_Pos(x, ty);
 2143              		.loc 1 511 9 is_stmt 0 discriminator 1 view .LVU597
 2144 006a 4F45     		cmp	r7, r9
 2145 006c 05D2     		bcs	.L168
 512:hal_bsp/hal/driver/spi_oled/ax_oled_1305.c ****             for (tx = x; tx < xsize; tx++) {
 2146              		.loc 1 512 13 is_stmt 1 view .LVU598
 2147 006e 3946     		mov	r1, r7
 2148 0070 4046     		mov	r0, r8
 2149 0072 FFF7FEFF 		bl	OLED_Set_Pos
 2150              	.LVL275:
 513:hal_bsp/hal/driver/spi_oled/ax_oled_1305.c ****                 OLED_WriteData(*pbuf++);
 2151              		.loc 1 513 13 view .LVU599
 513:hal_bsp/hal/driver/spi_oled/ax_oled_1305.c ****                 OLED_WriteData(*pbuf++);
 2152              		.loc 1 513 21 is_stmt 0 view .LVU600
 2153 0076 4546     		mov	r5, r8
 513:hal_bsp/hal/driver/spi_oled/ax_oled_1305.c ****                 OLED_WriteData(*pbuf++);
 2154              		.loc 1 513 13 view .LVU601
 2155 0078 F3E7     		b	.L175
 2156              	.LVL276:
 2157              	.L168:
 518:hal_bsp/hal/driver/spi_oled/ax_oled_1305.c **** 
 2158              		.loc 1 518 1 view .LVU602
 2159 007a BDE8F883 		pop	{r3, r4, r5, r6, r7, r8, r9, pc}
 518:hal_bsp/hal/driver/spi_oled/ax_oled_1305.c **** 
 2160              		.loc 1 518 1 view .LVU603
 2161              		.cfi_endproc
 2162              	.LFE255:
 2164              		.section	.rodata.AX_OLED_DispFloat.str1.4,"aMS",%progbits,1
 2165              		.align	2
 2166              	.LC0:
 2167 0000 4552523A 		.ascii	"ERR:X>122/Y>7/LEN>20\000"
 2167      583E3132 
 2167      322F593E 
 2167      372F4C45 
 2167      4E3E3230 
 2168 0015 000000   		.align	2
 2169              	.LC1:
 2170 0018 4552523A 		.ascii	"ERR:LEN\000"
 2170      4C454E00 
 2171              		.align	2
 2172              	.LC2:
 2173 0020 4552523A 		.ascii	"ERR:SPE\000"
 2173      53504500 
 2174              		.align	2
 2175              	.LC3:
 2176 0028 4552523A 		.ascii	"ERR:SIG\000"
 2176      53494700 
 2177              		.global	__aeabi_f2d
 2178              		.global	__aeabi_ul2d
 2179              		.global	__aeabi_dmul
 2180              		.global	__aeabi_dadd
ARM GAS  C:\Users\honor\AppData\Local\Temp\ccuWKR9G.s 			page 59


 2181              		.global	__aeabi_dcmpgt
 2182              		.global	__aeabi_dcmplt
 2183              		.align	2
 2184              	.LC4:
 2185 0030 4552523A 		.ascii	"ERR:OVF!  \000"
 2185      4F564621 
 2185      202000
 2186              		.global	__aeabi_d2lz
 2187              		.global	__aeabi_ldivmod
 2188 003b 00       		.align	2
 2189              	.LC5:
 2190 003c 4552523A 		.ascii	"ERR:OVF\000"
 2190      4F564600 
 2191              		.align	2
 2192              	.LC6:
 2193 0044 4552523A 		.ascii	"ERR:PAR\000"
 2193      50415200 
 2194              		.global	__aeabi_uldivmod
 2195              		.section	.text.AX_OLED_DispFloat,"ax",%progbits
 2196              		.align	1
 2197              		.global	AX_OLED_DispFloat
 2198              		.syntax unified
 2199              		.thumb
 2200              		.thumb_func
 2202              	AX_OLED_DispFloat:
 2203              	.LVL277:
 2204              	.LFB260:
 577:hal_bsp/hal/driver/spi_oled/ax_oled_1305.c **** 
 578:hal_bsp/hal/driver/spi_oled/ax_oled_1305.c **** /**
 579:hal_bsp/hal/driver/spi_oled/ax_oled_1305.c ****  * @brief  在OLED指定位置显示浮点数（支持完整int32范围，单函数整合版）
 580:hal_bsp/hal/driver/spi_oled/ax_oled_1305.c ****  * @param  x：横坐标 0~122，超出范围不显示
 581:hal_bsp/hal/driver/spi_oled/ax_oled_1305.c ****  *         y：纵坐标 0~7，超出范围不显示
 582:hal_bsp/hal/driver/spi_oled/ax_oled_1305.c ****  *         value：显示的浮点数值
 583:hal_bsp/hal/driver/spi_oled/ax_oled_1305.c ****  *         inte：整数位数（包含负号占位），范围>0且inte+deci<=12
 584:hal_bsp/hal/driver/spi_oled/ax_oled_1305.c ****  *         deci：小数位数，范围inte+deci<=20
 585:hal_bsp/hal/driver/spi_oled/ax_oled_1305.c ****  *         mode：显示模式，0-正常显示，1-反白显示
 586:hal_bsp/hal/driver/spi_oled/ax_oled_1305.c ****  * @note   1. OLED为128x64分辨率，6x8字体每行最多21个字符
 587:hal_bsp/hal/driver/spi_oled/ax_oled_1305.c ****  *         2. int32范围：-2147483648 ~ 2147483647（10位数字）
 588:hal_bsp/hal/driver/spi_oled/ax_oled_1305.c ****  *         3. 整数位数需包含负号，如-12.34的整数位应设为3
 589:hal_bsp/hal/driver/spi_oled/ax_oled_1305.c ****  *         4. 自动处理-0.00、溢出、位数不足等异常场景
 590:hal_bsp/hal/driver/spi_oled/ax_oled_1305.c ****  */
 591:hal_bsp/hal/driver/spi_oled/ax_oled_1305.c **** void AX_OLED_DispFloat(uint8_t x, uint8_t y, float value, uint8_t inte, uint8_t deci, uint8_t mode)
 2205              		.loc 1 591 101 is_stmt 1 view -0
 2206              		.cfi_startproc
 2207              		@ args = 4, pretend = 0, frame = 72
 2208              		@ frame_needed = 0, uses_anonymous_args = 0
 2209              		.loc 1 591 101 is_stmt 0 view .LVU605
 2210 0000 2DE9F04F 		push	{r4, r5, r6, r7, r8, r9, r10, fp, lr}
 2211              	.LCFI31:
 2212              		.cfi_def_cfa_offset 36
 2213              		.cfi_offset 4, -36
 2214              		.cfi_offset 5, -32
 2215              		.cfi_offset 6, -28
 2216              		.cfi_offset 7, -24
 2217              		.cfi_offset 8, -20
 2218              		.cfi_offset 9, -16
 2219              		.cfi_offset 10, -12
ARM GAS  C:\Users\honor\AppData\Local\Temp\ccuWKR9G.s 			page 60


 2220              		.cfi_offset 11, -8
 2221              		.cfi_offset 14, -4
 2222 0004 2DED028B 		vpush.64	{d8}
 2223              	.LCFI32:
 2224              		.cfi_def_cfa_offset 44
 2225              		.cfi_offset 80, -44
 2226              		.cfi_offset 81, -40
 2227 0008 93B0     		sub	sp, sp, #76
 2228              	.LCFI33:
 2229              		.cfi_def_cfa_offset 120
 2230 000a 0446     		mov	r4, r0
 2231 000c 0D46     		mov	r5, r1
 2232 000e 9046     		mov	r8, r2
 2233 0010 9DF87870 		ldrb	r7, [sp, #120]	@ zero_extendqisi2
 592:hal_bsp/hal/driver/spi_oled/ax_oled_1305.c ****     // 核心显示缓冲区：负号(1)+整数(10)+小数点(1)+小数(10)+'\0' = 23字节，留�
 593:hal_bsp/hal/driver/spi_oled/ax_oled_1305.c ****     char disp_buf[24] = {0};
 2234              		.loc 1 593 5 is_stmt 1 view .LVU606
 2235              		.loc 1 593 10 is_stmt 0 view .LVU607
 2236 0014 0022     		movs	r2, #0
 2237              	.LVL278:
 2238              		.loc 1 593 10 view .LVU608
 2239 0016 0C92     		str	r2, [sp, #48]
 2240 0018 0D92     		str	r2, [sp, #52]
 2241 001a 0E92     		str	r2, [sp, #56]
 2242 001c 0F92     		str	r2, [sp, #60]
 2243 001e 1092     		str	r2, [sp, #64]
 2244 0020 1192     		str	r2, [sp, #68]
 594:hal_bsp/hal/driver/spi_oled/ax_oled_1305.c ****     uint8_t buf_idx = 0;  // 缓冲区写入索引
 2245              		.loc 1 594 5 is_stmt 1 view .LVU609
 2246              	.LVL279:
 595:hal_bsp/hal/driver/spi_oled/ax_oled_1305.c **** 
 596:hal_bsp/hal/driver/spi_oled/ax_oled_1305.c ****     // -------------------------- 1. 快速参数合法性检查 --------------------------
 597:hal_bsp/hal/driver/spi_oled/ax_oled_1305.c ****     // OLED坐标范围：x(0~122)、y(0~7)；整数位必须>0；总位数不超过20（inte+deci<
 598:hal_bsp/hal/driver/spi_oled/ax_oled_1305.c ****     if (x > 122 || y > 7 || inte == 0 || deci > 10 || (inte + deci) > 20) {
 2247              		.loc 1 598 5 view .LVU610
 2248              		.loc 1 598 8 is_stmt 0 view .LVU611
 2249 0022 7A28     		cmp	r0, #122
 2250 0024 61D8     		bhi	.L180
 2251 0026 B0EE408A 		vmov.f32	s16, s0
 2252              		.loc 1 598 17 discriminator 1 view .LVU612
 2253 002a 0729     		cmp	r1, #7
 2254 002c 5DD8     		bhi	.L180
 2255              		.loc 1 598 26 discriminator 2 view .LVU613
 2256 002e B8F1000F 		cmp	r8, #0
 2257 0032 5AD0     		beq	.L180
 2258              		.loc 1 598 39 discriminator 3 view .LVU614
 2259 0034 0A2B     		cmp	r3, #10
 2260 0036 58D8     		bhi	.L180
 2261              		.loc 1 598 61 discriminator 4 view .LVU615
 2262 0038 08EB0302 		add	r2, r8, r3
 2263              		.loc 1 598 52 discriminator 4 view .LVU616
 2264 003c 142A     		cmp	r2, #20
 2265 003e 54DC     		bgt	.L180
 599:hal_bsp/hal/driver/spi_oled/ax_oled_1305.c ****         strcpy(disp_buf, "ERR:X>122/Y>7/LEN>20");  // 长度超限错误
 600:hal_bsp/hal/driver/spi_oled/ax_oled_1305.c ****         AX_OLED_DispStr(x, y, (uint8_t*)disp_buf, mode);
 601:hal_bsp/hal/driver/spi_oled/ax_oled_1305.c ****         return;  // 参数非法，直接返回不显示
 602:hal_bsp/hal/driver/spi_oled/ax_oled_1305.c ****     }
ARM GAS  C:\Users\honor\AppData\Local\Temp\ccuWKR9G.s 			page 61


 603:hal_bsp/hal/driver/spi_oled/ax_oled_1305.c **** 
 604:hal_bsp/hal/driver/spi_oled/ax_oled_1305.c ****     // 计算总显示字符数：整数位 + 小数点（如果有小数）
 605:hal_bsp/hal/driver/spi_oled/ax_oled_1305.c ****     uint8_t total_chars = inte + (deci > 0 ? 1 : 0);
 2266              		.loc 1 605 5 is_stmt 1 view .LVU617
 2267              		.loc 1 605 13 is_stmt 0 view .LVU618
 2268 0040 002B     		cmp	r3, #0
 2269 0042 0CBF     		ite	eq
 2270 0044 4246     		moveq	r2, r8
 2271 0046 08F10102 		addne	r2, r8, #1
 2272 004a D2B2     		uxtb	r2, r2
 2273              	.LVL280:
 606:hal_bsp/hal/driver/spi_oled/ax_oled_1305.c ****     // OLED每行最大字符数（6x8字体：128像素/6像素 per char ≈21）
 607:hal_bsp/hal/driver/spi_oled/ax_oled_1305.c ****     if (total_chars > 21) {
 2274              		.loc 1 607 5 is_stmt 1 view .LVU619
 2275              		.loc 1 607 8 is_stmt 0 view .LVU620
 2276 004c 152A     		cmp	r2, #21
 2277 004e 62D8     		bhi	.L244
 608:hal_bsp/hal/driver/spi_oled/ax_oled_1305.c ****         strcpy(disp_buf, "ERR:LEN");  // 长度超限错误
 609:hal_bsp/hal/driver/spi_oled/ax_oled_1305.c ****         AX_OLED_DispStr(x, y, (uint8_t*)disp_buf, mode);
 610:hal_bsp/hal/driver/spi_oled/ax_oled_1305.c ****         return;
 611:hal_bsp/hal/driver/spi_oled/ax_oled_1305.c ****     }
 612:hal_bsp/hal/driver/spi_oled/ax_oled_1305.c **** 
 613:hal_bsp/hal/driver/spi_oled/ax_oled_1305.c ****     // -------------------------- 2. 处理特殊浮点值（NaN/INF） --------------------------
 614:hal_bsp/hal/driver/spi_oled/ax_oled_1305.c ****     if (isnanf(value) || isinff(value)) {
 2278              		.loc 1 614 5 is_stmt 1 view .LVU621
 2279              		.loc 1 614 8 is_stmt 0 view .LVU622
 2280 0050 B4EE400A 		vcmp.f32	s0, s0
 2281 0054 F1EE10FA 		vmrs	APSR_nzcv, FPSCR
 2282 0058 69D6     		bvs	.L184
 2283              		.loc 1 614 26 discriminator 1 view .LVU623
 2284 005a F0EEC07A 		vabs.f32	s15, s0
 2285              		.loc 1 614 23 discriminator 1 view .LVU624
 2286 005e 9FEDB17A 		vldr.32	s14, .L252
 2287 0062 F4EE477A 		vcmp.f32	s15, s14
 2288 0066 F1EE10FA 		vmrs	APSR_nzcv, FPSCR
 2289 006a 60DC     		bgt	.L184
 615:hal_bsp/hal/driver/spi_oled/ax_oled_1305.c ****         strcpy(disp_buf, "ERR:SPE");  // 特殊值错误
 616:hal_bsp/hal/driver/spi_oled/ax_oled_1305.c ****         AX_OLED_DispStr(x, y, (uint8_t*)disp_buf, mode);
 617:hal_bsp/hal/driver/spi_oled/ax_oled_1305.c ****         return;
 618:hal_bsp/hal/driver/spi_oled/ax_oled_1305.c ****     }
 619:hal_bsp/hal/driver/spi_oled/ax_oled_1305.c **** 
 620:hal_bsp/hal/driver/spi_oled/ax_oled_1305.c ****     // -------------------------- 3. 处理接近零的负值（避免显示-0.00） --------------
 621:hal_bsp/hal/driver/spi_oled/ax_oled_1305.c ****     const float zero_threshold = 1e-8f;  // 零值判断阈值
 2290              		.loc 1 621 5 is_stmt 1 view .LVU625
 2291              	.LVL281:
 622:hal_bsp/hal/driver/spi_oled/ax_oled_1305.c ****     if (value > -zero_threshold && value < zero_threshold) {
 2292              		.loc 1 622 5 view .LVU626
 2293              		.loc 1 622 8 is_stmt 0 view .LVU627
 2294 006c DFEDAE7A 		vldr.32	s15, .L252+4
 2295 0070 B4EEE70A 		vcmpe.f32	s0, s15
 2296 0074 F1EE10FA 		vmrs	APSR_nzcv, FPSCR
 2297 0078 08DD     		ble	.L186
 2298              		.loc 1 622 33 discriminator 1 view .LVU628
 2299 007a DFEDAC7A 		vldr.32	s15, .L252+8
 2300 007e B4EEE70A 		vcmpe.f32	s0, s15
 2301 0082 F1EE10FA 		vmrs	APSR_nzcv, FPSCR
 2302 0086 01D5     		bpl	.L186
ARM GAS  C:\Users\honor\AppData\Local\Temp\ccuWKR9G.s 			page 62


 623:hal_bsp/hal/driver/spi_oled/ax_oled_1305.c ****         value = 0.0f;
 2303              		.loc 1 623 15 view .LVU629
 2304 0088 9FEDA98A 		vldr.32	s16, .L252+12
 2305              	.L186:
 2306              	.LVL282:
 624:hal_bsp/hal/driver/spi_oled/ax_oled_1305.c ****     }
 625:hal_bsp/hal/driver/spi_oled/ax_oled_1305.c **** 
 626:hal_bsp/hal/driver/spi_oled/ax_oled_1305.c ****     // -------------------------- 4. 处理符号位 --------------------------
 627:hal_bsp/hal/driver/spi_oled/ax_oled_1305.c ****     uint8_t is_negative = (value < 0.0f);  // 是否为负数
 2307              		.loc 1 627 5 is_stmt 1 view .LVU630
 2308              		.loc 1 627 34 is_stmt 0 view .LVU631
 2309 008c B5EEC08A 		vcmpe.f32	s16, #0
 2310 0090 F1EE10FA 		vmrs	APSR_nzcv, FPSCR
 2311 0094 4CBF     		ite	mi
 2312 0096 0122     		movmi	r2, #1
 2313              	.LVL283:
 2314              		.loc 1 627 34 view .LVU632
 2315 0098 0022     		movpl	r2, #0
 2316 009a 0292     		str	r2, [sp, #8]
 2317              	.LVL284:
 628:hal_bsp/hal/driver/spi_oled/ax_oled_1305.c ****     if (is_negative) {
 2318              		.loc 1 628 5 is_stmt 1 view .LVU633
 2319              		.loc 1 628 8 is_stmt 0 view .LVU634
 2320 009c 53D4     		bmi	.L245
 2321 009e 18EE100A 		vmov	r0, s16
 2322              	.LVL285:
 594:hal_bsp/hal/driver/spi_oled/ax_oled_1305.c **** 
 2323              		.loc 1 594 13 view .LVU635
 2324 00a2 0026     		movs	r6, #0
 2325              	.LVL286:
 2326              	.L188:
 629:hal_bsp/hal/driver/spi_oled/ax_oled_1305.c ****         disp_buf[buf_idx++] = '-';  // 写入负号
 630:hal_bsp/hal/driver/spi_oled/ax_oled_1305.c ****         value = -value;             // 转为正数后续处理
 631:hal_bsp/hal/driver/spi_oled/ax_oled_1305.c ****         // 负号占用1位，整数位至少需留1位给数字（避免仅显示负号）
 632:hal_bsp/hal/driver/spi_oled/ax_oled_1305.c ****         if (inte == 1) {
 633:hal_bsp/hal/driver/spi_oled/ax_oled_1305.c ****             strcpy(disp_buf, "ERR:SIG");  // 符号位错误
 634:hal_bsp/hal/driver/spi_oled/ax_oled_1305.c ****             AX_OLED_DispStr(x, y, (uint8_t*)disp_buf, mode);
 635:hal_bsp/hal/driver/spi_oled/ax_oled_1305.c ****             return;
 636:hal_bsp/hal/driver/spi_oled/ax_oled_1305.c ****         }
 637:hal_bsp/hal/driver/spi_oled/ax_oled_1305.c ****     }
 638:hal_bsp/hal/driver/spi_oled/ax_oled_1305.c **** 
 639:hal_bsp/hal/driver/spi_oled/ax_oled_1305.c ****     // -------------------------- 5. 计算小数缩放因子（避免溢出） -------------------
 640:hal_bsp/hal/driver/spi_oled/ax_oled_1305.c ****     uint64_t scale = 1;  // 缩放因子（如小数位2则scale=100）
 2327              		.loc 1 640 5 is_stmt 1 view .LVU636
 641:hal_bsp/hal/driver/spi_oled/ax_oled_1305.c ****     // 限制小数位最大10位，避免64位无符号数溢出
 642:hal_bsp/hal/driver/spi_oled/ax_oled_1305.c ****     deci = (deci > 10) ? 10 : deci;
 2328              		.loc 1 642 5 view .LVU637
 2329              		.loc 1 642 10 is_stmt 0 view .LVU638
 2330 00a4 0A2B     		cmp	r3, #10
 2331 00a6 28BF     		it	cs
 2332 00a8 0A23     		movcs	r3, #10
 2333              	.LVL287:
 2334              		.loc 1 642 10 view .LVU639
 2335 00aa 9B46     		mov	fp, r3
 2336              	.LVL288:
 643:hal_bsp/hal/driver/spi_oled/ax_oled_1305.c ****     for (uint8_t i = 0; i < deci; i++) {
 2337              		.loc 1 643 5 is_stmt 1 view .LVU640
ARM GAS  C:\Users\honor\AppData\Local\Temp\ccuWKR9G.s 			page 63


 2338              	.LBB9:
 2339              		.loc 1 643 10 view .LVU641
 2340              		.loc 1 643 18 is_stmt 0 view .LVU642
 2341 00ac 0021     		movs	r1, #0
 2342              	.LVL289:
 2343              		.loc 1 643 18 view .LVU643
 2344              	.LBE9:
 640:hal_bsp/hal/driver/spi_oled/ax_oled_1305.c ****     // 限制小数位最大10位，避免64位无符号数溢出
 2345              		.loc 1 640 14 view .LVU644
 2346 00ae 4FF00109 		mov	r9, #1
 2347 00b2 8A46     		mov	r10, r1
 2348              	.LVL290:
 2349              	.L190:
 2350              	.LBB10:
 2351              		.loc 1 643 25 is_stmt 1 discriminator 1 view .LVU645
 2352              		.loc 1 643 5 is_stmt 0 discriminator 1 view .LVU646
 2353 00b4 5945     		cmp	r1, fp
 2354 00b6 5FD2     		bcs	.L191
 644:hal_bsp/hal/driver/spi_oled/ax_oled_1305.c ****         if (scale > UINT64_MAX / 10) {  // 检查溢出，提前终止
 2355              		.loc 1 644 9 is_stmt 1 view .LVU647
 2356              		.loc 1 644 12 is_stmt 0 view .LVU648
 2357 00b8 4FF09933 		mov	r3, #-1717986919
 2358 00bc 4B45     		cmp	r3, r9
 2359 00be 03F10043 		add	r3, r3, #-2147483648
 2360 00c2 73EB0A03 		sbcs	r3, r3, r10
 2361 00c6 56D3     		bcc	.L221
 645:hal_bsp/hal/driver/spi_oled/ax_oled_1305.c ****             deci = i;
 646:hal_bsp/hal/driver/spi_oled/ax_oled_1305.c ****             break;
 647:hal_bsp/hal/driver/spi_oled/ax_oled_1305.c ****         }
 648:hal_bsp/hal/driver/spi_oled/ax_oled_1305.c ****         scale *= 10;
 2362              		.loc 1 648 9 is_stmt 1 discriminator 2 view .LVU649
 2363              		.loc 1 648 15 is_stmt 0 discriminator 2 view .LVU650
 2364 00c8 4FEA8A02 		lsl	r2, r10, #2
 2365 00cc 42EA9972 		orr	r2, r2, r9, lsr #30
 2366 00d0 4FEA8903 		lsl	r3, r9, #2
 2367 00d4 13EB0909 		adds	r9, r3, r9
 2368              	.LVL291:
 2369              		.loc 1 648 15 discriminator 2 view .LVU651
 2370 00d8 4AEB0202 		adc	r2, r10, r2
 2371 00dc 19EB0909 		adds	r9, r9, r9
 2372 00e0 42EB020A 		adc	r10, r2, r2
 2373              	.LVL292:
 643:hal_bsp/hal/driver/spi_oled/ax_oled_1305.c ****         if (scale > UINT64_MAX / 10) {  // 检查溢出，提前终止
 2374              		.loc 1 643 35 is_stmt 1 discriminator 2 view .LVU652
 643:hal_bsp/hal/driver/spi_oled/ax_oled_1305.c ****         if (scale > UINT64_MAX / 10) {  // 检查溢出，提前终止
 2375              		.loc 1 643 36 is_stmt 0 discriminator 2 view .LVU653
 2376 00e4 0131     		adds	r1, r1, #1
 2377              	.LVL293:
 643:hal_bsp/hal/driver/spi_oled/ax_oled_1305.c ****         if (scale > UINT64_MAX / 10) {  // 检查溢出，提前终止
 2378              		.loc 1 643 36 discriminator 2 view .LVU654
 2379 00e6 C9B2     		uxtb	r1, r1
 2380              	.LVL294:
 643:hal_bsp/hal/driver/spi_oled/ax_oled_1305.c ****         if (scale > UINT64_MAX / 10) {  // 检查溢出，提前终止
 2381              		.loc 1 643 36 discriminator 2 view .LVU655
 2382 00e8 E4E7     		b	.L190
 2383              	.LVL295:
 2384              	.L180:
ARM GAS  C:\Users\honor\AppData\Local\Temp\ccuWKR9G.s 			page 64


 643:hal_bsp/hal/driver/spi_oled/ax_oled_1305.c ****         if (scale > UINT64_MAX / 10) {  // 检查溢出，提前终止
 2385              		.loc 1 643 36 discriminator 2 view .LVU656
 2386              	.LBE10:
 599:hal_bsp/hal/driver/spi_oled/ax_oled_1305.c ****         AX_OLED_DispStr(x, y, (uint8_t*)disp_buf, mode);
 2387              		.loc 1 599 9 is_stmt 1 view .LVU657
 2388 00ea 0CAE     		add	r6, sp, #48
 2389 00ec DFF878C2 		ldr	ip, .L252+68
 2390 00f0 BCE80F00 		ldmia	ip!, {r0, r1, r2, r3}
 2391              	.LVL296:
 599:hal_bsp/hal/driver/spi_oled/ax_oled_1305.c ****         AX_OLED_DispStr(x, y, (uint8_t*)disp_buf, mode);
 2392              		.loc 1 599 9 is_stmt 0 view .LVU658
 2393 00f4 0FC6     		stmia	r6!, {r0, r1, r2, r3}
 2394 00f6 9CE80300 		ldm	ip, {r0, r1}
 2395 00fa 46F8040B 		str	r0, [r6], #4
 2396 00fe 3170     		strb	r1, [r6]
 600:hal_bsp/hal/driver/spi_oled/ax_oled_1305.c ****         return;  // 参数非法，直接返回不显示
 2397              		.loc 1 600 9 is_stmt 1 view .LVU659
 2398 0100 3B46     		mov	r3, r7
 2399 0102 0CAA     		add	r2, sp, #48
 2400 0104 2946     		mov	r1, r5
 2401 0106 2046     		mov	r0, r4
 2402 0108 FFF7FEFF 		bl	AX_OLED_DispStr
 2403              	.LVL297:
 601:hal_bsp/hal/driver/spi_oled/ax_oled_1305.c ****     }
 2404              		.loc 1 601 9 view .LVU660
 2405              	.L179:
 649:hal_bsp/hal/driver/spi_oled/ax_oled_1305.c ****     }
 650:hal_bsp/hal/driver/spi_oled/ax_oled_1305.c **** 
 651:hal_bsp/hal/driver/spi_oled/ax_oled_1305.c ****     // -------------------------- 6. 数值缩放与四舍五入 --------------------------
 652:hal_bsp/hal/driver/spi_oled/ax_oled_1305.c ****     // 用double提升精度，避免float精度丢失；+0.5实现四舍五入
 653:hal_bsp/hal/driver/spi_oled/ax_oled_1305.c ****     double scaled = (double)value * (double)scale + 0.5;
 654:hal_bsp/hal/driver/spi_oled/ax_oled_1305.c ****     // 检查缩放后是否超出int64范围（避免后续计算溢出）
 655:hal_bsp/hal/driver/spi_oled/ax_oled_1305.c ****     if (scaled > INT64_MAX || scaled < INT64_MIN) {
 656:hal_bsp/hal/driver/spi_oled/ax_oled_1305.c ****         strcpy(disp_buf + buf_idx, "ERR:OVF!  ");  // 溢出错误
 657:hal_bsp/hal/driver/spi_oled/ax_oled_1305.c ****         AX_OLED_DispStr(x, y, (uint8_t*)disp_buf, mode);
 658:hal_bsp/hal/driver/spi_oled/ax_oled_1305.c ****         return;
 659:hal_bsp/hal/driver/spi_oled/ax_oled_1305.c ****     }
 660:hal_bsp/hal/driver/spi_oled/ax_oled_1305.c ****     int64_t scaled_value = (int64_t)scaled;
 661:hal_bsp/hal/driver/spi_oled/ax_oled_1305.c **** 
 662:hal_bsp/hal/driver/spi_oled/ax_oled_1305.c ****     // -------------------------- 7. 分离整数和小数部分 --------------------------
 663:hal_bsp/hal/driver/spi_oled/ax_oled_1305.c ****     int64_t int_part = 0;   // 整数部分
 664:hal_bsp/hal/driver/spi_oled/ax_oled_1305.c ****     int64_t frac_part = 0;  // 小数部分
 665:hal_bsp/hal/driver/spi_oled/ax_oled_1305.c ****     if (deci > 0) {
 666:hal_bsp/hal/driver/spi_oled/ax_oled_1305.c ****         int_part = scaled_value / (int64_t)scale;   // 取整数部分
 667:hal_bsp/hal/driver/spi_oled/ax_oled_1305.c ****         frac_part = scaled_value % (int64_t)scale;  // 取小数部分
 668:hal_bsp/hal/driver/spi_oled/ax_oled_1305.c ****         // 四舍五入后小数部分超界修正（如scale=100，frac_part=100则进1）
 669:hal_bsp/hal/driver/spi_oled/ax_oled_1305.c ****         if (frac_part >= (int64_t)scale) {
 670:hal_bsp/hal/driver/spi_oled/ax_oled_1305.c ****             int_part += 1;
 671:hal_bsp/hal/driver/spi_oled/ax_oled_1305.c ****             frac_part -= (int64_t)scale;
 672:hal_bsp/hal/driver/spi_oled/ax_oled_1305.c ****         }
 673:hal_bsp/hal/driver/spi_oled/ax_oled_1305.c ****     } else {
 674:hal_bsp/hal/driver/spi_oled/ax_oled_1305.c ****         int_part = scaled_value;  // 无小数时直接取整
 675:hal_bsp/hal/driver/spi_oled/ax_oled_1305.c ****         frac_part = 0;
 676:hal_bsp/hal/driver/spi_oled/ax_oled_1305.c ****     }
 677:hal_bsp/hal/driver/spi_oled/ax_oled_1305.c **** 
 678:hal_bsp/hal/driver/spi_oled/ax_oled_1305.c ****     // -------------------------- 8. 检查整数部分是否超出int32范围 --------------------
 679:hal_bsp/hal/driver/spi_oled/ax_oled_1305.c ****     if (int_part > INT32_MAX || int_part < INT32_MIN) {
ARM GAS  C:\Users\honor\AppData\Local\Temp\ccuWKR9G.s 			page 65


 680:hal_bsp/hal/driver/spi_oled/ax_oled_1305.c ****         strcpy(disp_buf + buf_idx, "ERR:OVF");
 681:hal_bsp/hal/driver/spi_oled/ax_oled_1305.c ****         AX_OLED_DispStr(x, y, (uint8_t*)disp_buf, mode);
 682:hal_bsp/hal/driver/spi_oled/ax_oled_1305.c ****         return;
 683:hal_bsp/hal/driver/spi_oled/ax_oled_1305.c ****     }
 684:hal_bsp/hal/driver/spi_oled/ax_oled_1305.c **** 
 685:hal_bsp/hal/driver/spi_oled/ax_oled_1305.c ****     // -------------------------- 9. 计算整数部分实际位数（查表法提升效率） ----
 686:hal_bsp/hal/driver/spi_oled/ax_oled_1305.c ****     uint8_t actual_inte = 0;
 687:hal_bsp/hal/driver/spi_oled/ax_oled_1305.c ****     int32_t temp_int = (int32_t)int_part;
 688:hal_bsp/hal/driver/spi_oled/ax_oled_1305.c ****     if (temp_int == 0) {
 689:hal_bsp/hal/driver/spi_oled/ax_oled_1305.c ****         actual_inte = 1;  // 0的实际位数为1
 690:hal_bsp/hal/driver/spi_oled/ax_oled_1305.c ****     } else {
 691:hal_bsp/hal/driver/spi_oled/ax_oled_1305.c ****         // 查表法替代循环，提升执行效率（针对int32范围）
 692:hal_bsp/hal/driver/spi_oled/ax_oled_1305.c ****         if (temp_int >= 1000000000)
 693:hal_bsp/hal/driver/spi_oled/ax_oled_1305.c ****             actual_inte = 10;
 694:hal_bsp/hal/driver/spi_oled/ax_oled_1305.c ****         else if (temp_int >= 100000000)
 695:hal_bsp/hal/driver/spi_oled/ax_oled_1305.c ****             actual_inte = 9;
 696:hal_bsp/hal/driver/spi_oled/ax_oled_1305.c ****         else if (temp_int >= 10000000)
 697:hal_bsp/hal/driver/spi_oled/ax_oled_1305.c ****             actual_inte = 8;
 698:hal_bsp/hal/driver/spi_oled/ax_oled_1305.c ****         else if (temp_int >= 1000000)
 699:hal_bsp/hal/driver/spi_oled/ax_oled_1305.c ****             actual_inte = 7;
 700:hal_bsp/hal/driver/spi_oled/ax_oled_1305.c ****         else if (temp_int >= 100000)
 701:hal_bsp/hal/driver/spi_oled/ax_oled_1305.c ****             actual_inte = 6;
 702:hal_bsp/hal/driver/spi_oled/ax_oled_1305.c ****         else if (temp_int >= 10000)
 703:hal_bsp/hal/driver/spi_oled/ax_oled_1305.c ****             actual_inte = 5;
 704:hal_bsp/hal/driver/spi_oled/ax_oled_1305.c ****         else if (temp_int >= 1000)
 705:hal_bsp/hal/driver/spi_oled/ax_oled_1305.c ****             actual_inte = 4;
 706:hal_bsp/hal/driver/spi_oled/ax_oled_1305.c ****         else if (temp_int >= 100)
 707:hal_bsp/hal/driver/spi_oled/ax_oled_1305.c ****             actual_inte = 3;
 708:hal_bsp/hal/driver/spi_oled/ax_oled_1305.c ****         else if (temp_int >= 10)
 709:hal_bsp/hal/driver/spi_oled/ax_oled_1305.c ****             actual_inte = 2;
 710:hal_bsp/hal/driver/spi_oled/ax_oled_1305.c ****         else
 711:hal_bsp/hal/driver/spi_oled/ax_oled_1305.c ****             actual_inte = 1;
 712:hal_bsp/hal/driver/spi_oled/ax_oled_1305.c ****     }
 713:hal_bsp/hal/driver/spi_oled/ax_oled_1305.c **** 
 714:hal_bsp/hal/driver/spi_oled/ax_oled_1305.c ****     // -------------------------- 10. 检查整数位数是否足够（含负号） ---------------
 715:hal_bsp/hal/driver/spi_oled/ax_oled_1305.c ****     uint8_t required_inte = is_negative ? (actual_inte + 1) : actual_inte;
 716:hal_bsp/hal/driver/spi_oled/ax_oled_1305.c ****     if (inte < required_inte) {
 717:hal_bsp/hal/driver/spi_oled/ax_oled_1305.c ****         strcpy(disp_buf + buf_idx, "ERR:PAR");  // 参数不足错误
 718:hal_bsp/hal/driver/spi_oled/ax_oled_1305.c ****         AX_OLED_DispStr(x, y, (uint8_t*)disp_buf, mode);
 719:hal_bsp/hal/driver/spi_oled/ax_oled_1305.c ****         return;
 720:hal_bsp/hal/driver/spi_oled/ax_oled_1305.c ****     }
 721:hal_bsp/hal/driver/spi_oled/ax_oled_1305.c **** 
 722:hal_bsp/hal/driver/spi_oled/ax_oled_1305.c ****     // -------------------------- 11. 转换整数部分为字符串（自动补前导零） ------
 723:hal_bsp/hal/driver/spi_oled/ax_oled_1305.c ****     uint8_t inte_digits = inte - (is_negative ? 1 : 0);  // 扣除负号后的整数显示位数
 724:hal_bsp/hal/driver/spi_oled/ax_oled_1305.c ****     char temp_buf[12] = {0};                             // 临时缓冲区：存放逆序整数
 725:hal_bsp/hal/driver/spi_oled/ax_oled_1305.c ****     uint8_t temp_idx = 0;
 726:hal_bsp/hal/driver/spi_oled/ax_oled_1305.c **** 
 727:hal_bsp/hal/driver/spi_oled/ax_oled_1305.c ****     // 提取整数数字（逆序存入临时缓冲区）
 728:hal_bsp/hal/driver/spi_oled/ax_oled_1305.c ****     uint64_t uint_int = (uint64_t)int_part;  // 转为无符号避免负数处理
 729:hal_bsp/hal/driver/spi_oled/ax_oled_1305.c ****     if (uint_int == 0) {
 730:hal_bsp/hal/driver/spi_oled/ax_oled_1305.c ****         temp_buf[temp_idx++] = '0';
 731:hal_bsp/hal/driver/spi_oled/ax_oled_1305.c ****     } else {
 732:hal_bsp/hal/driver/spi_oled/ax_oled_1305.c ****         while (uint_int > 0 && temp_idx < sizeof(temp_buf) - 1) {
 733:hal_bsp/hal/driver/spi_oled/ax_oled_1305.c ****             temp_buf[temp_idx++] = '0' + (uint_int % 10);
 734:hal_bsp/hal/driver/spi_oled/ax_oled_1305.c ****             uint_int /= 10;
 735:hal_bsp/hal/driver/spi_oled/ax_oled_1305.c ****         }
 736:hal_bsp/hal/driver/spi_oled/ax_oled_1305.c ****     }
ARM GAS  C:\Users\honor\AppData\Local\Temp\ccuWKR9G.s 			page 66


 737:hal_bsp/hal/driver/spi_oled/ax_oled_1305.c **** 
 738:hal_bsp/hal/driver/spi_oled/ax_oled_1305.c ****     // 填充前导零（补足指定整数位数）
 739:hal_bsp/hal/driver/spi_oled/ax_oled_1305.c ****     uint8_t zeros = inte_digits - temp_idx;
 740:hal_bsp/hal/driver/spi_oled/ax_oled_1305.c ****     for (uint8_t i = 0; i < zeros; i++) {
 741:hal_bsp/hal/driver/spi_oled/ax_oled_1305.c ****         disp_buf[buf_idx++] = '0';
 742:hal_bsp/hal/driver/spi_oled/ax_oled_1305.c ****     }
 743:hal_bsp/hal/driver/spi_oled/ax_oled_1305.c **** 
 744:hal_bsp/hal/driver/spi_oled/ax_oled_1305.c ****     // 反转临时缓冲区，写入最终显示缓冲区
 745:hal_bsp/hal/driver/spi_oled/ax_oled_1305.c ****     for (int8_t i = temp_idx - 1; i >= 0; i--) {
 746:hal_bsp/hal/driver/spi_oled/ax_oled_1305.c ****         disp_buf[buf_idx++] = temp_buf[i];
 747:hal_bsp/hal/driver/spi_oled/ax_oled_1305.c ****     }
 748:hal_bsp/hal/driver/spi_oled/ax_oled_1305.c **** 
 749:hal_bsp/hal/driver/spi_oled/ax_oled_1305.c ****     // -------------------------- 12. 转换小数部分为字符串 --------------------------
 750:hal_bsp/hal/driver/spi_oled/ax_oled_1305.c ****     if (deci > 0 && buf_idx < sizeof(disp_buf) - 2) {  // 留位置给小数点和终止符
 751:hal_bsp/hal/driver/spi_oled/ax_oled_1305.c ****         disp_buf[buf_idx++] = '.';                     // 写入小数点
 752:hal_bsp/hal/driver/spi_oled/ax_oled_1305.c **** 
 753:hal_bsp/hal/driver/spi_oled/ax_oled_1305.c ****         // 提取小数数字（逆序存入临时缓冲区）
 754:hal_bsp/hal/driver/spi_oled/ax_oled_1305.c ****         memset(temp_buf, 0, sizeof(temp_buf));  // 清空临时缓冲区
 755:hal_bsp/hal/driver/spi_oled/ax_oled_1305.c ****         temp_idx = 0;
 756:hal_bsp/hal/driver/spi_oled/ax_oled_1305.c ****         uint64_t uint_frac = (uint64_t)frac_part;
 757:hal_bsp/hal/driver/spi_oled/ax_oled_1305.c ****         if (uint_frac == 0) {
 758:hal_bsp/hal/driver/spi_oled/ax_oled_1305.c ****             temp_buf[temp_idx++] = '0';
 759:hal_bsp/hal/driver/spi_oled/ax_oled_1305.c ****         } else {
 760:hal_bsp/hal/driver/spi_oled/ax_oled_1305.c ****             while (uint_frac > 0 && temp_idx < sizeof(temp_buf) - 1) {
 761:hal_bsp/hal/driver/spi_oled/ax_oled_1305.c ****                 temp_buf[temp_idx++] = '0' + (uint_frac % 10);
 762:hal_bsp/hal/driver/spi_oled/ax_oled_1305.c ****                 uint_frac /= 10;
 763:hal_bsp/hal/driver/spi_oled/ax_oled_1305.c ****             }
 764:hal_bsp/hal/driver/spi_oled/ax_oled_1305.c ****         }
 765:hal_bsp/hal/driver/spi_oled/ax_oled_1305.c **** 
 766:hal_bsp/hal/driver/spi_oled/ax_oled_1305.c ****         // 填充小数前导零（补足指定小数位数）
 767:hal_bsp/hal/driver/spi_oled/ax_oled_1305.c ****         zeros = deci - temp_idx;
 768:hal_bsp/hal/driver/spi_oled/ax_oled_1305.c ****         for (uint8_t i = 0; i < zeros; i++) {
 769:hal_bsp/hal/driver/spi_oled/ax_oled_1305.c ****             disp_buf[buf_idx++] = '0';
 770:hal_bsp/hal/driver/spi_oled/ax_oled_1305.c ****         }
 771:hal_bsp/hal/driver/spi_oled/ax_oled_1305.c **** 
 772:hal_bsp/hal/driver/spi_oled/ax_oled_1305.c ****         // 反转临时缓冲区，写入最终显示缓冲区
 773:hal_bsp/hal/driver/spi_oled/ax_oled_1305.c ****         for (int8_t i = temp_idx - 1; i >= 0; i--) {
 774:hal_bsp/hal/driver/spi_oled/ax_oled_1305.c ****             disp_buf[buf_idx++] = temp_buf[i];
 775:hal_bsp/hal/driver/spi_oled/ax_oled_1305.c ****         }
 776:hal_bsp/hal/driver/spi_oled/ax_oled_1305.c ****     }
 777:hal_bsp/hal/driver/spi_oled/ax_oled_1305.c **** 
 778:hal_bsp/hal/driver/spi_oled/ax_oled_1305.c ****     // -------------------------- 13. 确保字符串终止并显示 --------------------------
 779:hal_bsp/hal/driver/spi_oled/ax_oled_1305.c ****     disp_buf[buf_idx] = '\0';  // 字符串终止符
 780:hal_bsp/hal/driver/spi_oled/ax_oled_1305.c ****     AX_OLED_DispStr(x, y, (uint8_t*)disp_buf, mode);
 781:hal_bsp/hal/driver/spi_oled/ax_oled_1305.c **** }
 2406              		.loc 1 781 1 is_stmt 0 view .LVU661
 2407 010c 13B0     		add	sp, sp, #76
 2408              	.LCFI34:
 2409              		.cfi_remember_state
 2410              		.cfi_def_cfa_offset 44
 2411              		@ sp needed
 2412 010e BDEC028B 		vldm	sp!, {d8}
 2413              	.LCFI35:
 2414              		.cfi_restore 80
 2415              		.cfi_restore 81
 2416              		.cfi_def_cfa_offset 36
 2417 0112 BDE8F08F 		pop	{r4, r5, r6, r7, r8, r9, r10, fp, pc}
ARM GAS  C:\Users\honor\AppData\Local\Temp\ccuWKR9G.s 			page 67


 2418              	.LVL298:
 2419              	.L244:
 2420              	.LCFI36:
 2421              		.cfi_restore_state
 608:hal_bsp/hal/driver/spi_oled/ax_oled_1305.c ****         AX_OLED_DispStr(x, y, (uint8_t*)disp_buf, mode);
 2422              		.loc 1 608 9 is_stmt 1 view .LVU662
 2423 0116 0CAA     		add	r2, sp, #48
 2424              	.LVL299:
 608:hal_bsp/hal/driver/spi_oled/ax_oled_1305.c ****         AX_OLED_DispStr(x, y, (uint8_t*)disp_buf, mode);
 2425              		.loc 1 608 9 is_stmt 0 view .LVU663
 2426 0118 864B     		ldr	r3, .L252+16
 2427              	.LVL300:
 608:hal_bsp/hal/driver/spi_oled/ax_oled_1305.c ****         AX_OLED_DispStr(x, y, (uint8_t*)disp_buf, mode);
 2428              		.loc 1 608 9 view .LVU664
 2429 011a 93E80300 		ldm	r3, {r0, r1}
 2430              	.LVL301:
 608:hal_bsp/hal/driver/spi_oled/ax_oled_1305.c ****         AX_OLED_DispStr(x, y, (uint8_t*)disp_buf, mode);
 2431              		.loc 1 608 9 view .LVU665
 2432 011e 82E80300 		stm	r2, {r0, r1}
 609:hal_bsp/hal/driver/spi_oled/ax_oled_1305.c ****         return;
 2433              		.loc 1 609 9 is_stmt 1 view .LVU666
 2434 0122 3B46     		mov	r3, r7
 2435 0124 2946     		mov	r1, r5
 2436 0126 2046     		mov	r0, r4
 2437 0128 FFF7FEFF 		bl	AX_OLED_DispStr
 2438              	.LVL302:
 610:hal_bsp/hal/driver/spi_oled/ax_oled_1305.c ****     }
 2439              		.loc 1 610 9 view .LVU667
 2440 012c EEE7     		b	.L179
 2441              	.LVL303:
 2442              	.L184:
 615:hal_bsp/hal/driver/spi_oled/ax_oled_1305.c ****         AX_OLED_DispStr(x, y, (uint8_t*)disp_buf, mode);
 2443              		.loc 1 615 9 view .LVU668
 2444 012e 0CAA     		add	r2, sp, #48
 2445              	.LVL304:
 615:hal_bsp/hal/driver/spi_oled/ax_oled_1305.c ****         AX_OLED_DispStr(x, y, (uint8_t*)disp_buf, mode);
 2446              		.loc 1 615 9 is_stmt 0 view .LVU669
 2447 0130 814B     		ldr	r3, .L252+20
 2448              	.LVL305:
 615:hal_bsp/hal/driver/spi_oled/ax_oled_1305.c ****         AX_OLED_DispStr(x, y, (uint8_t*)disp_buf, mode);
 2449              		.loc 1 615 9 view .LVU670
 2450 0132 93E80300 		ldm	r3, {r0, r1}
 2451              	.LVL306:
 615:hal_bsp/hal/driver/spi_oled/ax_oled_1305.c ****         AX_OLED_DispStr(x, y, (uint8_t*)disp_buf, mode);
 2452              		.loc 1 615 9 view .LVU671
 2453 0136 82E80300 		stm	r2, {r0, r1}
 616:hal_bsp/hal/driver/spi_oled/ax_oled_1305.c ****         return;
 2454              		.loc 1 616 9 is_stmt 1 view .LVU672
 2455 013a 3B46     		mov	r3, r7
 2456 013c 2946     		mov	r1, r5
 2457 013e 2046     		mov	r0, r4
 2458 0140 FFF7FEFF 		bl	AX_OLED_DispStr
 2459              	.LVL307:
 617:hal_bsp/hal/driver/spi_oled/ax_oled_1305.c ****     }
 2460              		.loc 1 617 9 view .LVU673
 2461 0144 E2E7     		b	.L179
 2462              	.LVL308:
ARM GAS  C:\Users\honor\AppData\Local\Temp\ccuWKR9G.s 			page 68


 2463              	.L245:
 629:hal_bsp/hal/driver/spi_oled/ax_oled_1305.c ****         value = -value;             // 转为正数后续处理
 2464              		.loc 1 629 9 view .LVU674
 629:hal_bsp/hal/driver/spi_oled/ax_oled_1305.c ****         value = -value;             // 转为正数后续处理
 2465              		.loc 1 629 29 is_stmt 0 view .LVU675
 2466 0146 2D22     		movs	r2, #45
 2467 0148 8DF83020 		strb	r2, [sp, #48]
 630:hal_bsp/hal/driver/spi_oled/ax_oled_1305.c ****         // 负号占用1位，整数位至少需留1位给数字（避免仅显示负号）
 2468              		.loc 1 630 9 is_stmt 1 view .LVU676
 630:hal_bsp/hal/driver/spi_oled/ax_oled_1305.c ****         // 负号占用1位，整数位至少需留1位给数字（避免仅显示负号）
 2469              		.loc 1 630 15 is_stmt 0 view .LVU677
 2470 014c F1EE487A 		vneg.f32	s15, s16
 2471 0150 17EE900A 		vmov	r0, s15
 2472              	.LVL309:
 632:hal_bsp/hal/driver/spi_oled/ax_oled_1305.c ****             strcpy(disp_buf, "ERR:SIG");  // 符号位错误
 2473              		.loc 1 632 9 is_stmt 1 view .LVU678
 632:hal_bsp/hal/driver/spi_oled/ax_oled_1305.c ****             strcpy(disp_buf, "ERR:SIG");  // 符号位错误
 2474              		.loc 1 632 12 is_stmt 0 view .LVU679
 2475 0154 B8F1010F 		cmp	r8, #1
 2476 0158 01D0     		beq	.L246
 629:hal_bsp/hal/driver/spi_oled/ax_oled_1305.c ****         value = -value;             // 转为正数后续处理
 2477              		.loc 1 629 25 view .LVU680
 2478 015a 0126     		movs	r6, #1
 2479 015c A2E7     		b	.L188
 2480              	.L246:
 633:hal_bsp/hal/driver/spi_oled/ax_oled_1305.c ****             AX_OLED_DispStr(x, y, (uint8_t*)disp_buf, mode);
 2481              		.loc 1 633 13 is_stmt 1 view .LVU681
 2482 015e 0CAA     		add	r2, sp, #48
 2483 0160 764B     		ldr	r3, .L252+24
 2484              	.LVL310:
 633:hal_bsp/hal/driver/spi_oled/ax_oled_1305.c ****             AX_OLED_DispStr(x, y, (uint8_t*)disp_buf, mode);
 2485              		.loc 1 633 13 is_stmt 0 view .LVU682
 2486 0162 93E80300 		ldm	r3, {r0, r1}
 2487              	.LVL311:
 633:hal_bsp/hal/driver/spi_oled/ax_oled_1305.c ****             AX_OLED_DispStr(x, y, (uint8_t*)disp_buf, mode);
 2488              		.loc 1 633 13 view .LVU683
 2489 0166 82E80300 		stm	r2, {r0, r1}
 634:hal_bsp/hal/driver/spi_oled/ax_oled_1305.c ****             return;
 2490              		.loc 1 634 13 is_stmt 1 view .LVU684
 2491 016a 3B46     		mov	r3, r7
 2492 016c 2946     		mov	r1, r5
 2493 016e 2046     		mov	r0, r4
 2494 0170 FFF7FEFF 		bl	AX_OLED_DispStr
 2495              	.LVL312:
 635:hal_bsp/hal/driver/spi_oled/ax_oled_1305.c ****         }
 2496              		.loc 1 635 13 view .LVU685
 2497 0174 CAE7     		b	.L179
 2498              	.LVL313:
 2499              	.L221:
 2500              	.LBB11:
 645:hal_bsp/hal/driver/spi_oled/ax_oled_1305.c ****             break;
 2501              		.loc 1 645 18 is_stmt 0 view .LVU686
 2502 0176 8B46     		mov	fp, r1
 2503              	.LVL314:
 2504              	.L191:
 645:hal_bsp/hal/driver/spi_oled/ax_oled_1305.c ****             break;
 2505              		.loc 1 645 18 view .LVU687
ARM GAS  C:\Users\honor\AppData\Local\Temp\ccuWKR9G.s 			page 69


 2506              	.LBE11:
 653:hal_bsp/hal/driver/spi_oled/ax_oled_1305.c ****     // 检查缩放后是否超出int64范围（避免后续计算溢出）
 2507              		.loc 1 653 5 is_stmt 1 view .LVU688
 653:hal_bsp/hal/driver/spi_oled/ax_oled_1305.c ****     // 检查缩放后是否超出int64范围（避免后续计算溢出）
 2508              		.loc 1 653 21 is_stmt 0 view .LVU689
 2509 0178 FFF7FEFF 		bl	__aeabi_f2d
 2510              	.LVL315:
 653:hal_bsp/hal/driver/spi_oled/ax_oled_1305.c ****     // 检查缩放后是否超出int64范围（避免后续计算溢出）
 2511              		.loc 1 653 21 view .LVU690
 2512 017c CDE90001 		strd	r0, [sp]
 653:hal_bsp/hal/driver/spi_oled/ax_oled_1305.c ****     // 检查缩放后是否超出int64范围（避免后续计算溢出）
 2513              		.loc 1 653 37 view .LVU691
 2514 0180 4846     		mov	r0, r9
 2515 0182 5146     		mov	r1, r10
 2516 0184 FFF7FEFF 		bl	__aeabi_ul2d
 2517              	.LVL316:
 2518 0188 0246     		mov	r2, r0
 2519 018a 0B46     		mov	r3, r1
 653:hal_bsp/hal/driver/spi_oled/ax_oled_1305.c ****     // 检查缩放后是否超出int64范围（避免后续计算溢出）
 2520              		.loc 1 653 35 view .LVU692
 2521 018c DDE90001 		ldrd	r0, [sp]
 2522 0190 FFF7FEFF 		bl	__aeabi_dmul
 2523              	.LVL317:
 653:hal_bsp/hal/driver/spi_oled/ax_oled_1305.c ****     // 检查缩放后是否超出int64范围（避免后续计算溢出）
 2524              		.loc 1 653 12 view .LVU693
 2525 0194 0022     		movs	r2, #0
 2526 0196 6A4B     		ldr	r3, .L252+28
 2527 0198 FFF7FEFF 		bl	__aeabi_dadd
 2528              	.LVL318:
 2529 019c 0246     		mov	r2, r0
 2530 019e 0B46     		mov	r3, r1
 2531 01a0 CDE90023 		strd	r2, [sp]
 2532              	.LVL319:
 655:hal_bsp/hal/driver/spi_oled/ax_oled_1305.c ****         strcpy(disp_buf + buf_idx, "ERR:OVF!  ");  // 溢出错误
 2533              		.loc 1 655 5 is_stmt 1 view .LVU694
 655:hal_bsp/hal/driver/spi_oled/ax_oled_1305.c ****         strcpy(disp_buf + buf_idx, "ERR:OVF!  ");  // 溢出错误
 2534              		.loc 1 655 8 is_stmt 0 view .LVU695
 2535 01a4 0022     		movs	r2, #0
 2536              	.LVL320:
 655:hal_bsp/hal/driver/spi_oled/ax_oled_1305.c ****         strcpy(disp_buf + buf_idx, "ERR:OVF!  ");  // 溢出错误
 2537              		.loc 1 655 8 view .LVU696
 2538 01a6 674B     		ldr	r3, .L252+32
 2539 01a8 FFF7FEFF 		bl	__aeabi_dcmpgt
 2540              	.LVL321:
 2541 01ac 0028     		cmp	r0, #0
 2542 01ae 32D1     		bne	.L193
 655:hal_bsp/hal/driver/spi_oled/ax_oled_1305.c ****         strcpy(disp_buf + buf_idx, "ERR:OVF!  ");  // 溢出错误
 2543              		.loc 1 655 28 discriminator 1 view .LVU697
 2544 01b0 0022     		movs	r2, #0
 2545 01b2 654B     		ldr	r3, .L252+36
 2546 01b4 DDE90001 		ldrd	r0, [sp]
 2547 01b8 FFF7FEFF 		bl	__aeabi_dcmplt
 2548              	.LVL322:
 2549 01bc 58BB     		cbnz	r0, .L193
 660:hal_bsp/hal/driver/spi_oled/ax_oled_1305.c **** 
 2550              		.loc 1 660 5 is_stmt 1 view .LVU698
 660:hal_bsp/hal/driver/spi_oled/ax_oled_1305.c **** 
ARM GAS  C:\Users\honor\AppData\Local\Temp\ccuWKR9G.s 			page 70


 2551              		.loc 1 660 13 is_stmt 0 view .LVU699
 2552 01be DDE90001 		ldrd	r0, [sp]
 2553 01c2 FFF7FEFF 		bl	__aeabi_d2lz
 2554              	.LVL323:
 663:hal_bsp/hal/driver/spi_oled/ax_oled_1305.c ****     int64_t frac_part = 0;  // 小数部分
 2555              		.loc 1 663 5 is_stmt 1 view .LVU700
 664:hal_bsp/hal/driver/spi_oled/ax_oled_1305.c ****     if (deci > 0) {
 2556              		.loc 1 664 5 view .LVU701
 665:hal_bsp/hal/driver/spi_oled/ax_oled_1305.c ****         int_part = scaled_value / (int64_t)scale;   // 取整数部分
 2557              		.loc 1 665 5 view .LVU702
 665:hal_bsp/hal/driver/spi_oled/ax_oled_1305.c ****         int_part = scaled_value / (int64_t)scale;   // 取整数部分
 2558              		.loc 1 665 8 is_stmt 0 view .LVU703
 2559 01c6 BBF1000F 		cmp	fp, #0
 2560 01ca 38D0     		beq	.L222
 666:hal_bsp/hal/driver/spi_oled/ax_oled_1305.c ****         frac_part = scaled_value % (int64_t)scale;  // 取小数部分
 2561              		.loc 1 666 9 is_stmt 1 view .LVU704
 666:hal_bsp/hal/driver/spi_oled/ax_oled_1305.c ****         frac_part = scaled_value % (int64_t)scale;  // 取小数部分
 2562              		.loc 1 666 35 is_stmt 0 view .LVU705
 2563 01cc CDF81490 		str	r9, [sp, #20]
 666:hal_bsp/hal/driver/spi_oled/ax_oled_1305.c ****         frac_part = scaled_value % (int64_t)scale;  // 取小数部分
 2564              		.loc 1 666 18 view .LVU706
 2565 01d0 4A46     		mov	r2, r9
 2566 01d2 5346     		mov	r3, r10
 2567 01d4 0090     		str	r0, [sp]
 2568              	.LVL324:
 666:hal_bsp/hal/driver/spi_oled/ax_oled_1305.c ****         frac_part = scaled_value % (int64_t)scale;  // 取小数部分
 2569              		.loc 1 666 18 view .LVU707
 2570 01d6 0391     		str	r1, [sp, #12]
 2571 01d8 FFF7FEFF 		bl	__aeabi_ldivmod
 2572              	.LVL325:
 666:hal_bsp/hal/driver/spi_oled/ax_oled_1305.c ****         frac_part = scaled_value % (int64_t)scale;  // 取小数部分
 2573              		.loc 1 666 18 view .LVU708
 2574 01dc 0790     		str	r0, [sp, #28]
 2575 01de 0491     		str	r1, [sp, #16]
 2576 01e0 0690     		str	r0, [sp, #24]
 2577              	.LVL326:
 667:hal_bsp/hal/driver/spi_oled/ax_oled_1305.c ****         // 四舍五入后小数部分超界修正（如scale=100，frac_part=100则进1）
 2578              		.loc 1 667 9 is_stmt 1 view .LVU709
 667:hal_bsp/hal/driver/spi_oled/ax_oled_1305.c ****         // 四舍五入后小数部分超界修正（如scale=100，frac_part=100则进1）
 2579              		.loc 1 667 19 is_stmt 0 view .LVU710
 2580 01e2 4A46     		mov	r2, r9
 2581 01e4 5346     		mov	r3, r10
 2582 01e6 0098     		ldr	r0, [sp]
 2583              	.LVL327:
 667:hal_bsp/hal/driver/spi_oled/ax_oled_1305.c ****         // 四舍五入后小数部分超界修正（如scale=100，frac_part=100则进1）
 2584              		.loc 1 667 19 view .LVU711
 2585 01e8 0399     		ldr	r1, [sp, #12]
 2586              	.LVL328:
 667:hal_bsp/hal/driver/spi_oled/ax_oled_1305.c ****         // 四舍五入后小数部分超界修正（如scale=100，frac_part=100则进1）
 2587              		.loc 1 667 19 view .LVU712
 2588 01ea FFF7FEFF 		bl	__aeabi_ldivmod
 2589              	.LVL329:
 2590 01ee 9E46     		mov	lr, r3
 2591 01f0 9446     		mov	ip, r2
 2592 01f2 0092     		str	r2, [sp]
 2593              	.LVL330:
 667:hal_bsp/hal/driver/spi_oled/ax_oled_1305.c ****         // 四舍五入后小数部分超界修正（如scale=100，frac_part=100则进1）
ARM GAS  C:\Users\honor\AppData\Local\Temp\ccuWKR9G.s 			page 71


 2594              		.loc 1 667 19 view .LVU713
 2595 01f4 0393     		str	r3, [sp, #12]
 2596              	.LVL331:
 669:hal_bsp/hal/driver/spi_oled/ax_oled_1305.c ****             int_part += 1;
 2597              		.loc 1 669 9 is_stmt 1 view .LVU714
 669:hal_bsp/hal/driver/spi_oled/ax_oled_1305.c ****             int_part += 1;
 2598              		.loc 1 669 12 is_stmt 0 view .LVU715
 2599 01f6 4A45     		cmp	r2, r9
 2600 01f8 7EEB0A02 		sbcs	r2, lr, r10
 2601              	.LVL332:
 669:hal_bsp/hal/driver/spi_oled/ax_oled_1305.c ****             int_part += 1;
 2602              		.loc 1 669 12 view .LVU716
 2603 01fc 4CDB     		blt	.L223
 670:hal_bsp/hal/driver/spi_oled/ax_oled_1305.c ****             frac_part -= (int64_t)scale;
 2604              		.loc 1 670 13 is_stmt 1 view .LVU717
 670:hal_bsp/hal/driver/spi_oled/ax_oled_1305.c ****             frac_part -= (int64_t)scale;
 2605              		.loc 1 670 22 is_stmt 0 view .LVU718
 2606 01fe 0698     		ldr	r0, [sp, #24]
 2607 0200 0130     		adds	r0, r0, #1
 2608 0202 0499     		ldr	r1, [sp, #16]
 2609 0204 41F10001 		adc	r1, r1, #0
 2610              	.LVL333:
 671:hal_bsp/hal/driver/spi_oled/ax_oled_1305.c ****         }
 2611              		.loc 1 671 13 is_stmt 1 view .LVU719
 671:hal_bsp/hal/driver/spi_oled/ax_oled_1305.c ****         }
 2612              		.loc 1 671 23 is_stmt 0 view .LVU720
 2613 0208 BCEB0902 		subs	r2, ip, r9
 2614 020c 0092     		str	r2, [sp]
 2615 020e 6EEB0A03 		sbc	r3, lr, r10
 2616              	.LVL334:
 671:hal_bsp/hal/driver/spi_oled/ax_oled_1305.c ****         }
 2617              		.loc 1 671 23 view .LVU721
 2618 0212 0393     		str	r3, [sp, #12]
 2619              	.LVL335:
 671:hal_bsp/hal/driver/spi_oled/ax_oled_1305.c ****         }
 2620              		.loc 1 671 23 view .LVU722
 2621 0214 16E0     		b	.L196
 2622              	.LVL336:
 2623              	.L193:
 656:hal_bsp/hal/driver/spi_oled/ax_oled_1305.c ****         AX_OLED_DispStr(x, y, (uint8_t*)disp_buf, mode);
 2624              		.loc 1 656 9 is_stmt 1 view .LVU723
 2625 0216 0CAA     		add	r2, sp, #48
 2626 0218 02EB060C 		add	ip, r2, r6
 2627 021c 4B4B     		ldr	r3, .L252+40
 2628 021e 03CB     		ldmia	r3!, {r0, r1}
 2629 0220 9051     		str	r0, [r2, r6]	@ unaligned
 2630 0222 CCF80410 		str	r1, [ip, #4]	@ unaligned
 2631 0226 1988     		ldrh	r1, [r3]	@ unaligned
 2632 0228 9B78     		ldrb	r3, [r3, #2]	@ zero_extendqisi2
 2633 022a ACF80810 		strh	r1, [ip, #8]	@ unaligned
 2634 022e 8CF80A30 		strb	r3, [ip, #10]
 657:hal_bsp/hal/driver/spi_oled/ax_oled_1305.c ****         return;
 2635              		.loc 1 657 9 view .LVU724
 2636 0232 3B46     		mov	r3, r7
 2637 0234 2946     		mov	r1, r5
 2638 0236 2046     		mov	r0, r4
 2639 0238 FFF7FEFF 		bl	AX_OLED_DispStr
ARM GAS  C:\Users\honor\AppData\Local\Temp\ccuWKR9G.s 			page 72


 2640              	.LVL337:
 658:hal_bsp/hal/driver/spi_oled/ax_oled_1305.c ****     }
 2641              		.loc 1 658 9 view .LVU725
 2642 023c 66E7     		b	.L179
 2643              	.LVL338:
 2644              	.L222:
 675:hal_bsp/hal/driver/spi_oled/ax_oled_1305.c ****     }
 2645              		.loc 1 675 19 is_stmt 0 view .LVU726
 2646 023e 0023     		movs	r3, #0
 2647 0240 0093     		str	r3, [sp]
 2648              	.LVL339:
 675:hal_bsp/hal/driver/spi_oled/ax_oled_1305.c ****     }
 2649              		.loc 1 675 19 view .LVU727
 2650 0242 0393     		str	r3, [sp, #12]
 2651              	.LVL340:
 2652              	.L196:
 679:hal_bsp/hal/driver/spi_oled/ax_oled_1305.c ****         strcpy(disp_buf + buf_idx, "ERR:OVF");
 2653              		.loc 1 679 5 is_stmt 1 view .LVU728
 679:hal_bsp/hal/driver/spi_oled/ax_oled_1305.c ****         strcpy(disp_buf + buf_idx, "ERR:OVF");
 2654              		.loc 1 679 30 is_stmt 0 view .LVU729
 2655 0244 8146     		mov	r9, r0
 2656              	.LVL341:
 679:hal_bsp/hal/driver/spi_oled/ax_oled_1305.c ****         strcpy(disp_buf + buf_idx, "ERR:OVF");
 2657              		.loc 1 679 30 view .LVU730
 2658 0246 8A46     		mov	r10, r1
 2659 0248 10F10043 		adds	r3, r0, #-2147483648
 2660 024c 41F10001 		adc	r1, r1, #0
 2661              	.LVL342:
 679:hal_bsp/hal/driver/spi_oled/ax_oled_1305.c ****         strcpy(disp_buf + buf_idx, "ERR:OVF");
 2662              		.loc 1 679 8 view .LVU731
 2663 0250 4FF0FF32 		mov	r2, #-1
 2664 0254 9A42     		cmp	r2, r3
 2665 0256 4FF00003 		mov	r3, #0
 2666 025a 8B41     		sbcs	r3, r3, r1
 2667 025c 1FD3     		bcc	.L247
 686:hal_bsp/hal/driver/spi_oled/ax_oled_1305.c ****     int32_t temp_int = (int32_t)int_part;
 2668              		.loc 1 686 5 is_stmt 1 view .LVU732
 2669              	.LVL343:
 687:hal_bsp/hal/driver/spi_oled/ax_oled_1305.c ****     if (temp_int == 0) {
 2670              		.loc 1 687 5 view .LVU733
 688:hal_bsp/hal/driver/spi_oled/ax_oled_1305.c ****         actual_inte = 1;  // 0的实际位数为1
 2671              		.loc 1 688 5 view .LVU734
 688:hal_bsp/hal/driver/spi_oled/ax_oled_1305.c ****         actual_inte = 1;  // 0的实际位数为1
 2672              		.loc 1 688 8 is_stmt 0 view .LVU735
 2673 025e 60B3     		cbz	r0, .L224
 692:hal_bsp/hal/driver/spi_oled/ax_oled_1305.c ****             actual_inte = 10;
 2674              		.loc 1 692 9 is_stmt 1 view .LVU736
 692:hal_bsp/hal/driver/spi_oled/ax_oled_1305.c ****             actual_inte = 10;
 2675              		.loc 1 692 12 is_stmt 0 view .LVU737
 2676 0260 3B4A     		ldr	r2, .L252+44
 2677 0262 9042     		cmp	r0, r2
 2678 0264 49DC     		bgt	.L225
 694:hal_bsp/hal/driver/spi_oled/ax_oled_1305.c ****             actual_inte = 9;
 2679              		.loc 1 694 14 is_stmt 1 view .LVU738
 694:hal_bsp/hal/driver/spi_oled/ax_oled_1305.c ****             actual_inte = 9;
 2680              		.loc 1 694 17 is_stmt 0 view .LVU739
 2681 0266 3B4A     		ldr	r2, .L252+48
ARM GAS  C:\Users\honor\AppData\Local\Temp\ccuWKR9G.s 			page 73


 2682 0268 9042     		cmp	r0, r2
 2683 026a 48DC     		bgt	.L226
 696:hal_bsp/hal/driver/spi_oled/ax_oled_1305.c ****             actual_inte = 8;
 2684              		.loc 1 696 14 is_stmt 1 view .LVU740
 696:hal_bsp/hal/driver/spi_oled/ax_oled_1305.c ****             actual_inte = 8;
 2685              		.loc 1 696 17 is_stmt 0 view .LVU741
 2686 026c 3A4A     		ldr	r2, .L252+52
 2687 026e 9042     		cmp	r0, r2
 2688 0270 47DA     		bge	.L227
 698:hal_bsp/hal/driver/spi_oled/ax_oled_1305.c ****             actual_inte = 7;
 2689              		.loc 1 698 14 is_stmt 1 view .LVU742
 698:hal_bsp/hal/driver/spi_oled/ax_oled_1305.c ****             actual_inte = 7;
 2690              		.loc 1 698 17 is_stmt 0 view .LVU743
 2691 0272 3A4A     		ldr	r2, .L252+56
 2692 0274 9042     		cmp	r0, r2
 2693 0276 46DC     		bgt	.L228
 700:hal_bsp/hal/driver/spi_oled/ax_oled_1305.c ****             actual_inte = 6;
 2694              		.loc 1 700 14 is_stmt 1 view .LVU744
 700:hal_bsp/hal/driver/spi_oled/ax_oled_1305.c ****             actual_inte = 6;
 2695              		.loc 1 700 17 is_stmt 0 view .LVU745
 2696 0278 394A     		ldr	r2, .L252+60
 2697 027a 9042     		cmp	r0, r2
 2698 027c 45DC     		bgt	.L229
 702:hal_bsp/hal/driver/spi_oled/ax_oled_1305.c ****             actual_inte = 5;
 2699              		.loc 1 702 14 is_stmt 1 view .LVU746
 702:hal_bsp/hal/driver/spi_oled/ax_oled_1305.c ****             actual_inte = 5;
 2700              		.loc 1 702 17 is_stmt 0 view .LVU747
 2701 027e 42F20F72 		movw	r2, #9999
 2702 0282 9042     		cmp	r0, r2
 2703 0284 43DC     		bgt	.L230
 704:hal_bsp/hal/driver/spi_oled/ax_oled_1305.c ****             actual_inte = 4;
 2704              		.loc 1 704 14 is_stmt 1 view .LVU748
 704:hal_bsp/hal/driver/spi_oled/ax_oled_1305.c ****             actual_inte = 4;
 2705              		.loc 1 704 17 is_stmt 0 view .LVU749
 2706 0286 B0F57A7F 		cmp	r0, #1000
 2707 028a 42DA     		bge	.L231
 706:hal_bsp/hal/driver/spi_oled/ax_oled_1305.c ****             actual_inte = 3;
 2708              		.loc 1 706 14 is_stmt 1 view .LVU750
 706:hal_bsp/hal/driver/spi_oled/ax_oled_1305.c ****             actual_inte = 3;
 2709              		.loc 1 706 17 is_stmt 0 view .LVU751
 2710 028c 6328     		cmp	r0, #99
 2711 028e 42DC     		bgt	.L232
 708:hal_bsp/hal/driver/spi_oled/ax_oled_1305.c ****             actual_inte = 2;
 2712              		.loc 1 708 14 is_stmt 1 view .LVU752
 708:hal_bsp/hal/driver/spi_oled/ax_oled_1305.c ****             actual_inte = 2;
 2713              		.loc 1 708 17 is_stmt 0 view .LVU753
 2714 0290 0928     		cmp	r0, #9
 2715 0292 42DD     		ble	.L233
 709:hal_bsp/hal/driver/spi_oled/ax_oled_1305.c ****         else
 2716              		.loc 1 709 25 view .LVU754
 2717 0294 0223     		movs	r3, #2
 2718 0296 11E0     		b	.L198
 2719              	.LVL344:
 2720              	.L223:
 666:hal_bsp/hal/driver/spi_oled/ax_oled_1305.c ****         frac_part = scaled_value % (int64_t)scale;  // 取小数部分
 2721              		.loc 1 666 18 view .LVU755
 2722 0298 0798     		ldr	r0, [sp, #28]
ARM GAS  C:\Users\honor\AppData\Local\Temp\ccuWKR9G.s 			page 74


 2723 029a 0499     		ldr	r1, [sp, #16]
 2724 029c D2E7     		b	.L196
 2725              	.LVL345:
 2726              	.L247:
 680:hal_bsp/hal/driver/spi_oled/ax_oled_1305.c ****         AX_OLED_DispStr(x, y, (uint8_t*)disp_buf, mode);
 2727              		.loc 1 680 9 is_stmt 1 view .LVU756
 2728 029e 0CAA     		add	r2, sp, #48
 2729 02a0 02EB060C 		add	ip, r2, r6
 2730 02a4 2F4B     		ldr	r3, .L252+64
 2731 02a6 03CB     		ldmia	r3!, {r0, r1}
 2732              	.LVL346:
 680:hal_bsp/hal/driver/spi_oled/ax_oled_1305.c ****         AX_OLED_DispStr(x, y, (uint8_t*)disp_buf, mode);
 2733              		.loc 1 680 9 is_stmt 0 view .LVU757
 2734 02a8 9051     		str	r0, [r2, r6]	@ unaligned
 2735 02aa CCF80410 		str	r1, [ip, #4]	@ unaligned
 681:hal_bsp/hal/driver/spi_oled/ax_oled_1305.c ****         return;
 2736              		.loc 1 681 9 is_stmt 1 view .LVU758
 2737 02ae 3B46     		mov	r3, r7
 2738 02b0 2946     		mov	r1, r5
 2739 02b2 2046     		mov	r0, r4
 2740 02b4 FFF7FEFF 		bl	AX_OLED_DispStr
 2741              	.LVL347:
 682:hal_bsp/hal/driver/spi_oled/ax_oled_1305.c ****     }
 2742              		.loc 1 682 9 view .LVU759
 2743 02b8 28E7     		b	.L179
 2744              	.LVL348:
 2745              	.L224:
 689:hal_bsp/hal/driver/spi_oled/ax_oled_1305.c ****     } else {
 2746              		.loc 1 689 21 is_stmt 0 view .LVU760
 2747 02ba 0123     		movs	r3, #1
 2748              	.L198:
 2749              	.LVL349:
 715:hal_bsp/hal/driver/spi_oled/ax_oled_1305.c ****     if (inte < required_inte) {
 2750              		.loc 1 715 5 is_stmt 1 view .LVU761
 715:hal_bsp/hal/driver/spi_oled/ax_oled_1305.c ****     if (inte < required_inte) {
 2751              		.loc 1 715 13 is_stmt 0 view .LVU762
 2752 02bc B5EEC08A 		vcmpe.f32	s16, #0
 2753 02c0 F1EE10FA 		vmrs	APSR_nzcv, FPSCR
 2754 02c4 2BD4     		bmi	.L248
 2755              	.LVL350:
 2756              	.L199:
 716:hal_bsp/hal/driver/spi_oled/ax_oled_1305.c ****         strcpy(disp_buf + buf_idx, "ERR:PAR");  // 参数不足错误
 2757              		.loc 1 716 5 is_stmt 1 discriminator 4 view .LVU763
 716:hal_bsp/hal/driver/spi_oled/ax_oled_1305.c ****         strcpy(disp_buf + buf_idx, "ERR:PAR");  // 参数不足错误
 2758              		.loc 1 716 8 is_stmt 0 discriminator 4 view .LVU764
 2759 02c6 4345     		cmp	r3, r8
 2760 02c8 50D8     		bhi	.L249
 723:hal_bsp/hal/driver/spi_oled/ax_oled_1305.c ****     char temp_buf[12] = {0};                             // 临时缓冲区：存放逆序整数
 2761              		.loc 1 723 5 is_stmt 1 view .LVU765
 723:hal_bsp/hal/driver/spi_oled/ax_oled_1305.c ****     char temp_buf[12] = {0};                             // 临时缓冲区：存放逆序整数
 2762              		.loc 1 723 13 is_stmt 0 view .LVU766
 2763 02ca 029B     		ldr	r3, [sp, #8]
 2764              	.LVL351:
 723:hal_bsp/hal/driver/spi_oled/ax_oled_1305.c ****     char temp_buf[12] = {0};                             // 临时缓冲区：存放逆序整数
 2765              		.loc 1 723 13 view .LVU767
 2766 02cc A8EB0308 		sub	r8, r8, r3
 2767 02d0 5FFA88F3 		uxtb	r3, r8
ARM GAS  C:\Users\honor\AppData\Local\Temp\ccuWKR9G.s 			page 75


 2768 02d4 0293     		str	r3, [sp, #8]
 2769              	.LVL352:
 724:hal_bsp/hal/driver/spi_oled/ax_oled_1305.c ****     uint8_t temp_idx = 0;
 2770              		.loc 1 724 5 is_stmt 1 view .LVU768
 724:hal_bsp/hal/driver/spi_oled/ax_oled_1305.c ****     uint8_t temp_idx = 0;
 2771              		.loc 1 724 10 is_stmt 0 view .LVU769
 2772 02d6 0023     		movs	r3, #0
 2773 02d8 0993     		str	r3, [sp, #36]
 2774 02da 0A93     		str	r3, [sp, #40]
 2775 02dc 0B93     		str	r3, [sp, #44]
 725:hal_bsp/hal/driver/spi_oled/ax_oled_1305.c **** 
 2776              		.loc 1 725 5 is_stmt 1 view .LVU770
 2777              	.LVL353:
 728:hal_bsp/hal/driver/spi_oled/ax_oled_1305.c ****     if (uint_int == 0) {
 2778              		.loc 1 728 5 view .LVU771
 729:hal_bsp/hal/driver/spi_oled/ax_oled_1305.c ****         temp_buf[temp_idx++] = '0';
 2779              		.loc 1 729 5 view .LVU772
 729:hal_bsp/hal/driver/spi_oled/ax_oled_1305.c ****         temp_buf[temp_idx++] = '0';
 2780              		.loc 1 729 8 is_stmt 0 view .LVU773
 2781 02de 59EA0A03 		orrs	r3, r9, r10
 2782 02e2 74D1     		bne	.L234
 730:hal_bsp/hal/driver/spi_oled/ax_oled_1305.c ****     } else {
 2783              		.loc 1 730 9 is_stmt 1 view .LVU774
 2784              	.LVL354:
 730:hal_bsp/hal/driver/spi_oled/ax_oled_1305.c ****     } else {
 2785              		.loc 1 730 30 is_stmt 0 view .LVU775
 2786 02e4 3023     		movs	r3, #48
 2787 02e6 8DF82430 		strb	r3, [sp, #36]
 730:hal_bsp/hal/driver/spi_oled/ax_oled_1305.c ****     } else {
 2788              		.loc 1 730 26 view .LVU776
 2789 02ea 4FF00108 		mov	r8, #1
 2790              	.LVL355:
 2791              	.L203:
 739:hal_bsp/hal/driver/spi_oled/ax_oled_1305.c ****     for (uint8_t i = 0; i < zeros; i++) {
 2792              		.loc 1 739 5 is_stmt 1 view .LVU777
 739:hal_bsp/hal/driver/spi_oled/ax_oled_1305.c ****     for (uint8_t i = 0; i < zeros; i++) {
 2793              		.loc 1 739 13 is_stmt 0 view .LVU778
 2794 02ee 029B     		ldr	r3, [sp, #8]
 2795 02f0 A3EB0800 		sub	r0, r3, r8
 2796 02f4 C0B2     		uxtb	r0, r0
 2797              	.LVL356:
 740:hal_bsp/hal/driver/spi_oled/ax_oled_1305.c ****         disp_buf[buf_idx++] = '0';
 2798              		.loc 1 740 5 is_stmt 1 view .LVU779
 2799              	.LBB12:
 740:hal_bsp/hal/driver/spi_oled/ax_oled_1305.c ****         disp_buf[buf_idx++] = '0';
 2800              		.loc 1 740 10 view .LVU780
 740:hal_bsp/hal/driver/spi_oled/ax_oled_1305.c ****         disp_buf[buf_idx++] = '0';
 2801              		.loc 1 740 18 is_stmt 0 view .LVU781
 2802 02f6 0023     		movs	r3, #0
 740:hal_bsp/hal/driver/spi_oled/ax_oled_1305.c ****         disp_buf[buf_idx++] = '0';
 2803              		.loc 1 740 5 view .LVU782
 2804 02f8 7CE0     		b	.L205
 2805              	.LVL357:
 2806              	.L225:
 740:hal_bsp/hal/driver/spi_oled/ax_oled_1305.c ****         disp_buf[buf_idx++] = '0';
 2807              		.loc 1 740 5 view .LVU783
 2808              	.LBE12:
ARM GAS  C:\Users\honor\AppData\Local\Temp\ccuWKR9G.s 			page 76


 693:hal_bsp/hal/driver/spi_oled/ax_oled_1305.c ****         else if (temp_int >= 100000000)
 2809              		.loc 1 693 25 view .LVU784
 2810 02fa 0A23     		movs	r3, #10
 2811 02fc DEE7     		b	.L198
 2812              	.L226:
 695:hal_bsp/hal/driver/spi_oled/ax_oled_1305.c ****         else if (temp_int >= 10000000)
 2813              		.loc 1 695 25 view .LVU785
 2814 02fe 0923     		movs	r3, #9
 2815 0300 DCE7     		b	.L198
 2816              	.L227:
 697:hal_bsp/hal/driver/spi_oled/ax_oled_1305.c ****         else if (temp_int >= 1000000)
 2817              		.loc 1 697 25 view .LVU786
 2818 0302 0823     		movs	r3, #8
 2819 0304 DAE7     		b	.L198
 2820              	.L228:
 699:hal_bsp/hal/driver/spi_oled/ax_oled_1305.c ****         else if (temp_int >= 100000)
 2821              		.loc 1 699 25 view .LVU787
 2822 0306 0723     		movs	r3, #7
 2823 0308 D8E7     		b	.L198
 2824              	.L229:
 701:hal_bsp/hal/driver/spi_oled/ax_oled_1305.c ****         else if (temp_int >= 10000)
 2825              		.loc 1 701 25 view .LVU788
 2826 030a 0623     		movs	r3, #6
 2827 030c D6E7     		b	.L198
 2828              	.L230:
 703:hal_bsp/hal/driver/spi_oled/ax_oled_1305.c ****         else if (temp_int >= 1000)
 2829              		.loc 1 703 25 view .LVU789
 2830 030e 0523     		movs	r3, #5
 2831 0310 D4E7     		b	.L198
 2832              	.L231:
 705:hal_bsp/hal/driver/spi_oled/ax_oled_1305.c ****         else if (temp_int >= 100)
 2833              		.loc 1 705 25 view .LVU790
 2834 0312 0423     		movs	r3, #4
 2835 0314 D2E7     		b	.L198
 2836              	.L232:
 707:hal_bsp/hal/driver/spi_oled/ax_oled_1305.c ****         else if (temp_int >= 10)
 2837              		.loc 1 707 25 view .LVU791
 2838 0316 0323     		movs	r3, #3
 2839 0318 D0E7     		b	.L198
 2840              	.L233:
 711:hal_bsp/hal/driver/spi_oled/ax_oled_1305.c ****     }
 2841              		.loc 1 711 25 view .LVU792
 2842 031a 0123     		movs	r3, #1
 2843 031c CEE7     		b	.L198
 2844              	.LVL358:
 2845              	.L248:
 715:hal_bsp/hal/driver/spi_oled/ax_oled_1305.c ****     if (inte < required_inte) {
 2846              		.loc 1 715 13 discriminator 1 view .LVU793
 2847 031e 0133     		adds	r3, r3, #1
 2848              	.LVL359:
 715:hal_bsp/hal/driver/spi_oled/ax_oled_1305.c ****     if (inte < required_inte) {
 2849              		.loc 1 715 13 discriminator 1 view .LVU794
 2850 0320 DBB2     		uxtb	r3, r3
 2851 0322 D0E7     		b	.L199
 2852              	.L253:
 2853              		.align	2
 2854              	.L252:
ARM GAS  C:\Users\honor\AppData\Local\Temp\ccuWKR9G.s 			page 77


 2855 0324 FFFF7F7F 		.word	2139095039
 2856 0328 77CC2BB2 		.word	-1305752457
 2857 032c 77CC2B32 		.word	841731191
 2858 0330 00000000 		.word	0
 2859 0334 18000000 		.word	.LC1
 2860 0338 20000000 		.word	.LC2
 2861 033c 28000000 		.word	.LC3
 2862 0340 0000E03F 		.word	1071644672
 2863 0344 0000E043 		.word	1138753536
 2864 0348 0000E0C3 		.word	-1008730112
 2865 034c 30000000 		.word	.LC4
 2866 0350 FFC99A3B 		.word	999999999
 2867 0354 FFE0F505 		.word	99999999
 2868 0358 80969800 		.word	10000000
 2869 035c 3F420F00 		.word	999999
 2870 0360 9F860100 		.word	99999
 2871 0364 3C000000 		.word	.LC5
 2872 0368 00000000 		.word	.LC0
 2873              	.LVL360:
 2874              	.L249:
 717:hal_bsp/hal/driver/spi_oled/ax_oled_1305.c ****         AX_OLED_DispStr(x, y, (uint8_t*)disp_buf, mode);
 2875              		.loc 1 717 9 is_stmt 1 view .LVU795
 2876 036c 0CAA     		add	r2, sp, #48
 2877 036e 02EB060C 		add	ip, r2, r6
 2878 0372 6D4B     		ldr	r3, .L254
 2879              	.LVL361:
 717:hal_bsp/hal/driver/spi_oled/ax_oled_1305.c ****         AX_OLED_DispStr(x, y, (uint8_t*)disp_buf, mode);
 2880              		.loc 1 717 9 is_stmt 0 view .LVU796
 2881 0374 03CB     		ldmia	r3!, {r0, r1}
 2882              	.LVL362:
 717:hal_bsp/hal/driver/spi_oled/ax_oled_1305.c ****         AX_OLED_DispStr(x, y, (uint8_t*)disp_buf, mode);
 2883              		.loc 1 717 9 view .LVU797
 2884 0376 9051     		str	r0, [r2, r6]	@ unaligned
 2885 0378 CCF80410 		str	r1, [ip, #4]	@ unaligned
 718:hal_bsp/hal/driver/spi_oled/ax_oled_1305.c ****         return;
 2886              		.loc 1 718 9 is_stmt 1 view .LVU798
 2887 037c 3B46     		mov	r3, r7
 2888 037e 2946     		mov	r1, r5
 2889 0380 2046     		mov	r0, r4
 2890 0382 FFF7FEFF 		bl	AX_OLED_DispStr
 2891              	.LVL363:
 719:hal_bsp/hal/driver/spi_oled/ax_oled_1305.c ****     }
 2892              		.loc 1 719 9 view .LVU799
 2893 0386 C1E6     		b	.L179
 2894              	.LVL364:
 2895              	.L204:
 733:hal_bsp/hal/driver/spi_oled/ax_oled_1305.c ****             uint_int /= 10;
 2896              		.loc 1 733 13 view .LVU800
 733:hal_bsp/hal/driver/spi_oled/ax_oled_1305.c ****             uint_int /= 10;
 2897              		.loc 1 733 52 is_stmt 0 view .LVU801
 2898 0388 0A22     		movs	r2, #10
 2899 038a 0023     		movs	r3, #0
 2900 038c 4846     		mov	r0, r9
 2901 038e 5146     		mov	r1, r10
 2902 0390 FFF7FEFF 		bl	__aeabi_uldivmod
 2903              	.LVL365:
 733:hal_bsp/hal/driver/spi_oled/ax_oled_1305.c ****             uint_int /= 10;
ARM GAS  C:\Users\honor\AppData\Local\Temp\ccuWKR9G.s 			page 78


 2904              		.loc 1 733 30 view .LVU802
 2905 0394 08F1010B 		add	fp, r8, #1
 2906 0398 5FFA8BFB 		uxtb	fp, fp
 2907              	.LVL366:
 733:hal_bsp/hal/driver/spi_oled/ax_oled_1305.c ****             uint_int /= 10;
 2908              		.loc 1 733 40 view .LVU803
 2909 039c 3032     		adds	r2, r2, #48
 733:hal_bsp/hal/driver/spi_oled/ax_oled_1305.c ****             uint_int /= 10;
 2910              		.loc 1 733 34 view .LVU804
 2911 039e 08F14803 		add	r3, r8, #72
 2912 03a2 0DEB0308 		add	r8, sp, r3
 2913 03a6 08F8242C 		strb	r2, [r8, #-36]
 734:hal_bsp/hal/driver/spi_oled/ax_oled_1305.c ****         }
 2914              		.loc 1 734 13 is_stmt 1 view .LVU805
 734:hal_bsp/hal/driver/spi_oled/ax_oled_1305.c ****         }
 2915              		.loc 1 734 22 is_stmt 0 view .LVU806
 2916 03aa 0A22     		movs	r2, #10
 2917 03ac 0023     		movs	r3, #0
 2918 03ae 4846     		mov	r0, r9
 2919 03b0 5146     		mov	r1, r10
 2920 03b2 FFF7FEFF 		bl	__aeabi_uldivmod
 2921              	.LVL367:
 2922 03b6 8146     		mov	r9, r0
 2923              	.LVL368:
 734:hal_bsp/hal/driver/spi_oled/ax_oled_1305.c ****         }
 2924              		.loc 1 734 22 view .LVU807
 2925 03b8 8A46     		mov	r10, r1
 2926              	.LVL369:
 733:hal_bsp/hal/driver/spi_oled/ax_oled_1305.c ****             uint_int /= 10;
 2927              		.loc 1 733 30 view .LVU808
 2928 03ba D846     		mov	r8, fp
 2929              	.LVL370:
 2930              	.L202:
 732:hal_bsp/hal/driver/spi_oled/ax_oled_1305.c ****             temp_buf[temp_idx++] = '0' + (uint_int % 10);
 2931              		.loc 1 732 15 is_stmt 1 view .LVU809
 2932 03bc 59EA0A03 		orrs	r3, r9, r10
 2933 03c0 0AD0     		beq	.L241
 732:hal_bsp/hal/driver/spi_oled/ax_oled_1305.c ****             temp_buf[temp_idx++] = '0' + (uint_int % 10);
 2934              		.loc 1 732 29 is_stmt 0 discriminator 1 view .LVU810
 2935 03c2 B8F10A0F 		cmp	r8, #10
 2936 03c6 DFD9     		bls	.L204
 2937 03c8 DDF810B0 		ldr	fp, [sp, #16]
 2938 03cc 8FE7     		b	.L203
 2939              	.LVL371:
 2940              	.L234:
 725:hal_bsp/hal/driver/spi_oled/ax_oled_1305.c **** 
 2941              		.loc 1 725 13 view .LVU811
 2942 03ce 4FF00008 		mov	r8, #0
 2943 03d2 CDF810B0 		str	fp, [sp, #16]
 2944 03d6 F1E7     		b	.L202
 2945              	.LVL372:
 2946              	.L241:
 725:hal_bsp/hal/driver/spi_oled/ax_oled_1305.c **** 
 2947              		.loc 1 725 13 view .LVU812
 2948 03d8 DDF810B0 		ldr	fp, [sp, #16]
 2949 03dc 87E7     		b	.L203
 2950              	.LVL373:
ARM GAS  C:\Users\honor\AppData\Local\Temp\ccuWKR9G.s 			page 79


 2951              	.L206:
 2952              	.LBB13:
 741:hal_bsp/hal/driver/spi_oled/ax_oled_1305.c ****     }
 2953              		.loc 1 741 9 is_stmt 1 discriminator 3 view .LVU813
 741:hal_bsp/hal/driver/spi_oled/ax_oled_1305.c ****     }
 2954              		.loc 1 741 25 is_stmt 0 discriminator 3 view .LVU814
 2955 03de 721C     		adds	r2, r6, #1
 2956              	.LVL374:
 741:hal_bsp/hal/driver/spi_oled/ax_oled_1305.c ****     }
 2957              		.loc 1 741 29 discriminator 3 view .LVU815
 2958 03e0 06F14801 		add	r1, r6, #72
 2959 03e4 0DEB0106 		add	r6, sp, r1
 2960 03e8 3021     		movs	r1, #48
 2961 03ea 06F8181C 		strb	r1, [r6, #-24]
 740:hal_bsp/hal/driver/spi_oled/ax_oled_1305.c ****         disp_buf[buf_idx++] = '0';
 2962              		.loc 1 740 36 is_stmt 1 discriminator 3 view .LVU816
 740:hal_bsp/hal/driver/spi_oled/ax_oled_1305.c ****         disp_buf[buf_idx++] = '0';
 2963              		.loc 1 740 37 is_stmt 0 discriminator 3 view .LVU817
 2964 03ee 0133     		adds	r3, r3, #1
 2965              	.LVL375:
 740:hal_bsp/hal/driver/spi_oled/ax_oled_1305.c ****         disp_buf[buf_idx++] = '0';
 2966              		.loc 1 740 37 discriminator 3 view .LVU818
 2967 03f0 DBB2     		uxtb	r3, r3
 2968              	.LVL376:
 741:hal_bsp/hal/driver/spi_oled/ax_oled_1305.c ****     }
 2969              		.loc 1 741 25 discriminator 3 view .LVU819
 2970 03f2 D6B2     		uxtb	r6, r2
 2971              	.LVL377:
 2972              	.L205:
 740:hal_bsp/hal/driver/spi_oled/ax_oled_1305.c ****         disp_buf[buf_idx++] = '0';
 2973              		.loc 1 740 25 is_stmt 1 discriminator 1 view .LVU820
 740:hal_bsp/hal/driver/spi_oled/ax_oled_1305.c ****         disp_buf[buf_idx++] = '0';
 2974              		.loc 1 740 5 is_stmt 0 discriminator 1 view .LVU821
 2975 03f4 8342     		cmp	r3, r0
 2976 03f6 F2D3     		bcc	.L206
 2977              	.LBE13:
 745:hal_bsp/hal/driver/spi_oled/ax_oled_1305.c ****         disp_buf[buf_idx++] = temp_buf[i];
 2978              		.loc 1 745 5 is_stmt 1 view .LVU822
 2979              	.LBB14:
 745:hal_bsp/hal/driver/spi_oled/ax_oled_1305.c ****         disp_buf[buf_idx++] = temp_buf[i];
 2980              		.loc 1 745 10 view .LVU823
 745:hal_bsp/hal/driver/spi_oled/ax_oled_1305.c ****         disp_buf[buf_idx++] = temp_buf[i];
 2981              		.loc 1 745 30 is_stmt 0 view .LVU824
 2982 03f8 08F1FF38 		add	r8, r8, #-1
 2983              	.LVL378:
 745:hal_bsp/hal/driver/spi_oled/ax_oled_1305.c ****         disp_buf[buf_idx++] = temp_buf[i];
 2984              		.loc 1 745 17 view .LVU825
 2985 03fc 4FFA88F8 		sxtb	r8, r8
 2986              	.LVL379:
 745:hal_bsp/hal/driver/spi_oled/ax_oled_1305.c ****         disp_buf[buf_idx++] = temp_buf[i];
 2987              		.loc 1 745 5 view .LVU826
 2988 0400 10E0     		b	.L207
 2989              	.LVL380:
 2990              	.L208:
 746:hal_bsp/hal/driver/spi_oled/ax_oled_1305.c ****     }
 2991              		.loc 1 746 9 is_stmt 1 discriminator 3 view .LVU827
 746:hal_bsp/hal/driver/spi_oled/ax_oled_1305.c ****     }
ARM GAS  C:\Users\honor\AppData\Local\Temp\ccuWKR9G.s 			page 80


 2992              		.loc 1 746 25 is_stmt 0 discriminator 3 view .LVU828
 2993 0402 731C     		adds	r3, r6, #1
 2994              	.LVL381:
 746:hal_bsp/hal/driver/spi_oled/ax_oled_1305.c ****     }
 2995              		.loc 1 746 39 discriminator 3 view .LVU829
 2996 0404 08F14802 		add	r2, r8, #72
 2997 0408 6A44     		add	r2, sp, r2
 2998 040a 12F8242C 		ldrb	r2, [r2, #-36]	@ zero_extendqisi2
 746:hal_bsp/hal/driver/spi_oled/ax_oled_1305.c ****     }
 2999              		.loc 1 746 29 discriminator 3 view .LVU830
 3000 040e 06F14801 		add	r1, r6, #72
 3001 0412 0DEB0106 		add	r6, sp, r1
 3002 0416 06F8182C 		strb	r2, [r6, #-24]
 745:hal_bsp/hal/driver/spi_oled/ax_oled_1305.c ****         disp_buf[buf_idx++] = temp_buf[i];
 3003              		.loc 1 745 43 is_stmt 1 discriminator 3 view .LVU831
 745:hal_bsp/hal/driver/spi_oled/ax_oled_1305.c ****         disp_buf[buf_idx++] = temp_buf[i];
 3004              		.loc 1 745 44 is_stmt 0 discriminator 3 view .LVU832
 3005 041a 08F1FF38 		add	r8, r8, #-1
 3006              	.LVL382:
 745:hal_bsp/hal/driver/spi_oled/ax_oled_1305.c ****         disp_buf[buf_idx++] = temp_buf[i];
 3007              		.loc 1 745 44 discriminator 3 view .LVU833
 3008 041e 4FFA88F8 		sxtb	r8, r8
 3009              	.LVL383:
 746:hal_bsp/hal/driver/spi_oled/ax_oled_1305.c ****     }
 3010              		.loc 1 746 25 discriminator 3 view .LVU834
 3011 0422 DEB2     		uxtb	r6, r3
 3012              	.LVL384:
 3013              	.L207:
 745:hal_bsp/hal/driver/spi_oled/ax_oled_1305.c ****         disp_buf[buf_idx++] = temp_buf[i];
 3014              		.loc 1 745 35 is_stmt 1 discriminator 1 view .LVU835
 745:hal_bsp/hal/driver/spi_oled/ax_oled_1305.c ****         disp_buf[buf_idx++] = temp_buf[i];
 3015              		.loc 1 745 5 is_stmt 0 discriminator 1 view .LVU836
 3016 0424 B8F1000F 		cmp	r8, #0
 3017 0428 EBDA     		bge	.L208
 745:hal_bsp/hal/driver/spi_oled/ax_oled_1305.c ****         disp_buf[buf_idx++] = temp_buf[i];
 3018              		.loc 1 745 5 discriminator 1 view .LVU837
 3019              	.LBE14:
 750:hal_bsp/hal/driver/spi_oled/ax_oled_1305.c ****         disp_buf[buf_idx++] = '.';                     // 写入小数点
 3020              		.loc 1 750 5 is_stmt 1 view .LVU838
 750:hal_bsp/hal/driver/spi_oled/ax_oled_1305.c ****         disp_buf[buf_idx++] = '.';                     // 写入小数点
 3021              		.loc 1 750 8 is_stmt 0 view .LVU839
 3022 042a BBF1000F 		cmp	fp, #0
 3023 042e 01D0     		beq	.L209
 750:hal_bsp/hal/driver/spi_oled/ax_oled_1305.c ****         disp_buf[buf_idx++] = '.';                     // 写入小数点
 3024              		.loc 1 750 18 discriminator 1 view .LVU840
 3025 0430 152E     		cmp	r6, #21
 3026 0432 0DD9     		bls	.L250
 3027              	.LVL385:
 3028              	.L209:
 779:hal_bsp/hal/driver/spi_oled/ax_oled_1305.c ****     AX_OLED_DispStr(x, y, (uint8_t*)disp_buf, mode);
 3029              		.loc 1 779 5 is_stmt 1 view .LVU841
 779:hal_bsp/hal/driver/spi_oled/ax_oled_1305.c ****     AX_OLED_DispStr(x, y, (uint8_t*)disp_buf, mode);
 3030              		.loc 1 779 23 is_stmt 0 view .LVU842
 3031 0434 06F14803 		add	r3, r6, #72
 3032 0438 0DEB0306 		add	r6, sp, r3
 3033              	.LVL386:
 779:hal_bsp/hal/driver/spi_oled/ax_oled_1305.c ****     AX_OLED_DispStr(x, y, (uint8_t*)disp_buf, mode);
ARM GAS  C:\Users\honor\AppData\Local\Temp\ccuWKR9G.s 			page 81


 3034              		.loc 1 779 23 view .LVU843
 3035 043c 0023     		movs	r3, #0
 3036 043e 06F8183C 		strb	r3, [r6, #-24]
 780:hal_bsp/hal/driver/spi_oled/ax_oled_1305.c **** }
 3037              		.loc 1 780 5 is_stmt 1 view .LVU844
 3038 0442 3B46     		mov	r3, r7
 3039 0444 0CAA     		add	r2, sp, #48
 3040 0446 2946     		mov	r1, r5
 3041 0448 2046     		mov	r0, r4
 3042 044a FFF7FEFF 		bl	AX_OLED_DispStr
 3043              	.LVL387:
 3044 044e 5DE6     		b	.L179
 3045              	.LVL388:
 3046              	.L250:
 3047              	.LBB15:
 751:hal_bsp/hal/driver/spi_oled/ax_oled_1305.c **** 
 3048              		.loc 1 751 9 view .LVU845
 751:hal_bsp/hal/driver/spi_oled/ax_oled_1305.c **** 
 3049              		.loc 1 751 25 is_stmt 0 view .LVU846
 3050 0450 06F10108 		add	r8, r6, #1
 3051              	.LVL389:
 751:hal_bsp/hal/driver/spi_oled/ax_oled_1305.c **** 
 3052              		.loc 1 751 25 view .LVU847
 3053 0454 5FFA88F8 		uxtb	r8, r8
 3054              	.LVL390:
 751:hal_bsp/hal/driver/spi_oled/ax_oled_1305.c **** 
 3055              		.loc 1 751 29 view .LVU848
 3056 0458 06F14803 		add	r3, r6, #72
 3057 045c 0DEB0306 		add	r6, sp, r3
 3058 0460 2E23     		movs	r3, #46
 3059 0462 06F8183C 		strb	r3, [r6, #-24]
 754:hal_bsp/hal/driver/spi_oled/ax_oled_1305.c ****         temp_idx = 0;
 3060              		.loc 1 754 9 is_stmt 1 view .LVU849
 3061 0466 0023     		movs	r3, #0
 3062 0468 0993     		str	r3, [sp, #36]
 3063 046a 0A93     		str	r3, [sp, #40]
 3064 046c 0B93     		str	r3, [sp, #44]
 755:hal_bsp/hal/driver/spi_oled/ax_oled_1305.c ****         uint64_t uint_frac = (uint64_t)frac_part;
 3065              		.loc 1 755 9 view .LVU850
 3066              	.LVL391:
 756:hal_bsp/hal/driver/spi_oled/ax_oled_1305.c ****         if (uint_frac == 0) {
 3067              		.loc 1 756 9 view .LVU851
 756:hal_bsp/hal/driver/spi_oled/ax_oled_1305.c ****         if (uint_frac == 0) {
 3068              		.loc 1 756 18 is_stmt 0 view .LVU852
 3069 046e 009B     		ldr	r3, [sp]
 3070 0470 9946     		mov	r9, r3
 3071 0472 039A     		ldr	r2, [sp, #12]
 3072 0474 9246     		mov	r10, r2
 3073              	.LVL392:
 757:hal_bsp/hal/driver/spi_oled/ax_oled_1305.c ****             temp_buf[temp_idx++] = '0';
 3074              		.loc 1 757 9 is_stmt 1 view .LVU853
 757:hal_bsp/hal/driver/spi_oled/ax_oled_1305.c ****             temp_buf[temp_idx++] = '0';
 3075              		.loc 1 757 12 is_stmt 0 view .LVU854
 3076 0476 1343     		orrs	r3, r3, r2
 3077              	.LVL393:
 757:hal_bsp/hal/driver/spi_oled/ax_oled_1305.c ****             temp_buf[temp_idx++] = '0';
 3078              		.loc 1 757 12 view .LVU855
ARM GAS  C:\Users\honor\AppData\Local\Temp\ccuWKR9G.s 			page 82


 3079 0478 3AD1     		bne	.L235
 758:hal_bsp/hal/driver/spi_oled/ax_oled_1305.c ****         } else {
 3080              		.loc 1 758 13 is_stmt 1 view .LVU856
 3081              	.LVL394:
 758:hal_bsp/hal/driver/spi_oled/ax_oled_1305.c ****         } else {
 3082              		.loc 1 758 34 is_stmt 0 view .LVU857
 3083 047a 3023     		movs	r3, #48
 3084 047c 8DF82430 		strb	r3, [sp, #36]
 758:hal_bsp/hal/driver/spi_oled/ax_oled_1305.c ****         } else {
 3085              		.loc 1 758 30 view .LVU858
 3086 0480 0126     		movs	r6, #1
 3087              	.LVL395:
 3088              	.L211:
 767:hal_bsp/hal/driver/spi_oled/ax_oled_1305.c ****         for (uint8_t i = 0; i < zeros; i++) {
 3089              		.loc 1 767 9 is_stmt 1 view .LVU859
 767:hal_bsp/hal/driver/spi_oled/ax_oled_1305.c ****         for (uint8_t i = 0; i < zeros; i++) {
 3090              		.loc 1 767 15 is_stmt 0 view .LVU860
 3091 0482 ABEB0603 		sub	r3, fp, r6
 3092 0486 DBB2     		uxtb	r3, r3
 3093              	.LVL396:
 768:hal_bsp/hal/driver/spi_oled/ax_oled_1305.c ****             disp_buf[buf_idx++] = '0';
 3094              		.loc 1 768 9 is_stmt 1 view .LVU861
 3095              	.LBB16:
 768:hal_bsp/hal/driver/spi_oled/ax_oled_1305.c ****             disp_buf[buf_idx++] = '0';
 3096              		.loc 1 768 14 view .LVU862
 768:hal_bsp/hal/driver/spi_oled/ax_oled_1305.c ****             disp_buf[buf_idx++] = '0';
 3097              		.loc 1 768 22 is_stmt 0 view .LVU863
 3098 0488 0022     		movs	r2, #0
 3099              	.LVL397:
 3100              	.L213:
 768:hal_bsp/hal/driver/spi_oled/ax_oled_1305.c ****             disp_buf[buf_idx++] = '0';
 3101              		.loc 1 768 29 is_stmt 1 discriminator 1 view .LVU864
 768:hal_bsp/hal/driver/spi_oled/ax_oled_1305.c ****             disp_buf[buf_idx++] = '0';
 3102              		.loc 1 768 9 is_stmt 0 discriminator 1 view .LVU865
 3103 048a 9A42     		cmp	r2, r3
 3104 048c 37D2     		bcs	.L251
 769:hal_bsp/hal/driver/spi_oled/ax_oled_1305.c ****         }
 3105              		.loc 1 769 13 is_stmt 1 discriminator 3 view .LVU866
 769:hal_bsp/hal/driver/spi_oled/ax_oled_1305.c ****         }
 3106              		.loc 1 769 29 is_stmt 0 discriminator 3 view .LVU867
 3107 048e 08F10101 		add	r1, r8, #1
 3108              	.LVL398:
 769:hal_bsp/hal/driver/spi_oled/ax_oled_1305.c ****         }
 3109              		.loc 1 769 33 discriminator 3 view .LVU868
 3110 0492 08F14800 		add	r0, r8, #72
 3111 0496 0DEB0008 		add	r8, sp, r0
 3112 049a 3020     		movs	r0, #48
 3113 049c 08F8180C 		strb	r0, [r8, #-24]
 768:hal_bsp/hal/driver/spi_oled/ax_oled_1305.c ****             disp_buf[buf_idx++] = '0';
 3114              		.loc 1 768 40 is_stmt 1 discriminator 3 view .LVU869
 768:hal_bsp/hal/driver/spi_oled/ax_oled_1305.c ****             disp_buf[buf_idx++] = '0';
 3115              		.loc 1 768 41 is_stmt 0 discriminator 3 view .LVU870
 3116 04a0 0132     		adds	r2, r2, #1
 3117              	.LVL399:
 768:hal_bsp/hal/driver/spi_oled/ax_oled_1305.c ****             disp_buf[buf_idx++] = '0';
 3118              		.loc 1 768 41 discriminator 3 view .LVU871
 3119 04a2 D2B2     		uxtb	r2, r2
ARM GAS  C:\Users\honor\AppData\Local\Temp\ccuWKR9G.s 			page 83


 3120              	.LVL400:
 769:hal_bsp/hal/driver/spi_oled/ax_oled_1305.c ****         }
 3121              		.loc 1 769 29 discriminator 3 view .LVU872
 3122 04a4 5FFA81F8 		uxtb	r8, r1
 3123 04a8 EFE7     		b	.L213
 3124              	.LVL401:
 3125              	.L212:
 769:hal_bsp/hal/driver/spi_oled/ax_oled_1305.c ****         }
 3126              		.loc 1 769 29 discriminator 3 view .LVU873
 3127              	.LBE16:
 761:hal_bsp/hal/driver/spi_oled/ax_oled_1305.c ****                 uint_frac /= 10;
 3128              		.loc 1 761 17 is_stmt 1 view .LVU874
 761:hal_bsp/hal/driver/spi_oled/ax_oled_1305.c ****                 uint_frac /= 10;
 3129              		.loc 1 761 57 is_stmt 0 view .LVU875
 3130 04aa 0A22     		movs	r2, #10
 3131 04ac 0023     		movs	r3, #0
 3132 04ae 4846     		mov	r0, r9
 3133 04b0 5146     		mov	r1, r10
 3134 04b2 FFF7FEFF 		bl	__aeabi_uldivmod
 3135              	.LVL402:
 761:hal_bsp/hal/driver/spi_oled/ax_oled_1305.c ****                 uint_frac /= 10;
 3136              		.loc 1 761 34 view .LVU876
 3137 04b6 06F1010B 		add	fp, r6, #1
 3138 04ba 5FFA8BFB 		uxtb	fp, fp
 3139              	.LVL403:
 761:hal_bsp/hal/driver/spi_oled/ax_oled_1305.c ****                 uint_frac /= 10;
 3140              		.loc 1 761 44 view .LVU877
 3141 04be 02F13003 		add	r3, r2, #48
 761:hal_bsp/hal/driver/spi_oled/ax_oled_1305.c ****                 uint_frac /= 10;
 3142              		.loc 1 761 38 view .LVU878
 3143 04c2 06F14802 		add	r2, r6, #72
 3144 04c6 0DEB0206 		add	r6, sp, r2
 3145 04ca 06F8243C 		strb	r3, [r6, #-36]
 762:hal_bsp/hal/driver/spi_oled/ax_oled_1305.c ****             }
 3146              		.loc 1 762 17 is_stmt 1 view .LVU879
 762:hal_bsp/hal/driver/spi_oled/ax_oled_1305.c ****             }
 3147              		.loc 1 762 27 is_stmt 0 view .LVU880
 3148 04ce 0A22     		movs	r2, #10
 3149 04d0 0023     		movs	r3, #0
 3150 04d2 4846     		mov	r0, r9
 3151 04d4 5146     		mov	r1, r10
 3152 04d6 FFF7FEFF 		bl	__aeabi_uldivmod
 3153              	.LVL404:
 3154 04da 8146     		mov	r9, r0
 3155              	.LVL405:
 762:hal_bsp/hal/driver/spi_oled/ax_oled_1305.c ****             }
 3156              		.loc 1 762 27 view .LVU881
 3157 04dc 8A46     		mov	r10, r1
 3158              	.LVL406:
 761:hal_bsp/hal/driver/spi_oled/ax_oled_1305.c ****                 uint_frac /= 10;
 3159              		.loc 1 761 34 view .LVU882
 3160 04de 5E46     		mov	r6, fp
 3161              	.LVL407:
 3162              	.L210:
 760:hal_bsp/hal/driver/spi_oled/ax_oled_1305.c ****                 temp_buf[temp_idx++] = '0' + (uint_frac % 10);
 3163              		.loc 1 760 19 is_stmt 1 view .LVU883
 3164 04e0 59EA0A03 		orrs	r3, r9, r10
ARM GAS  C:\Users\honor\AppData\Local\Temp\ccuWKR9G.s 			page 84


 3165 04e4 08D0     		beq	.L242
 760:hal_bsp/hal/driver/spi_oled/ax_oled_1305.c ****                 temp_buf[temp_idx++] = '0' + (uint_frac % 10);
 3166              		.loc 1 760 34 is_stmt 0 discriminator 1 view .LVU884
 3167 04e6 0A2E     		cmp	r6, #10
 3168 04e8 DFD9     		bls	.L212
 3169 04ea DDF800B0 		ldr	fp, [sp]
 3170 04ee C8E7     		b	.L211
 3171              	.LVL408:
 3172              	.L235:
 755:hal_bsp/hal/driver/spi_oled/ax_oled_1305.c ****         uint64_t uint_frac = (uint64_t)frac_part;
 3173              		.loc 1 755 18 view .LVU885
 3174 04f0 0026     		movs	r6, #0
 3175 04f2 CDF800B0 		str	fp, [sp]
 3176              	.LVL409:
 755:hal_bsp/hal/driver/spi_oled/ax_oled_1305.c ****         uint64_t uint_frac = (uint64_t)frac_part;
 3177              		.loc 1 755 18 view .LVU886
 3178 04f6 F3E7     		b	.L210
 3179              	.LVL410:
 3180              	.L242:
 755:hal_bsp/hal/driver/spi_oled/ax_oled_1305.c ****         uint64_t uint_frac = (uint64_t)frac_part;
 3181              		.loc 1 755 18 view .LVU887
 3182 04f8 DDF800B0 		ldr	fp, [sp]
 3183 04fc C1E7     		b	.L211
 3184              	.LVL411:
 3185              	.L251:
 773:hal_bsp/hal/driver/spi_oled/ax_oled_1305.c ****             disp_buf[buf_idx++] = temp_buf[i];
 3186              		.loc 1 773 9 is_stmt 1 view .LVU888
 3187              	.LBB17:
 773:hal_bsp/hal/driver/spi_oled/ax_oled_1305.c ****             disp_buf[buf_idx++] = temp_buf[i];
 3188              		.loc 1 773 14 view .LVU889
 773:hal_bsp/hal/driver/spi_oled/ax_oled_1305.c ****             disp_buf[buf_idx++] = temp_buf[i];
 3189              		.loc 1 773 34 is_stmt 0 view .LVU890
 3190 04fe 731E     		subs	r3, r6, #1
 3191              	.LVL412:
 773:hal_bsp/hal/driver/spi_oled/ax_oled_1305.c ****             disp_buf[buf_idx++] = temp_buf[i];
 3192              		.loc 1 773 21 view .LVU891
 3193 0500 5BB2     		sxtb	r3, r3
 3194              	.LVL413:
 773:hal_bsp/hal/driver/spi_oled/ax_oled_1305.c ****             disp_buf[buf_idx++] = temp_buf[i];
 3195              		.loc 1 773 9 view .LVU892
 3196 0502 4646     		mov	r6, r8
 3197              	.LVL414:
 3198              	.L215:
 773:hal_bsp/hal/driver/spi_oled/ax_oled_1305.c ****             disp_buf[buf_idx++] = temp_buf[i];
 3199              		.loc 1 773 39 is_stmt 1 discriminator 1 view .LVU893
 773:hal_bsp/hal/driver/spi_oled/ax_oled_1305.c ****             disp_buf[buf_idx++] = temp_buf[i];
 3200              		.loc 1 773 9 is_stmt 0 discriminator 1 view .LVU894
 3201 0504 002B     		cmp	r3, #0
 3202 0506 95DB     		blt	.L209
 774:hal_bsp/hal/driver/spi_oled/ax_oled_1305.c ****         }
 3203              		.loc 1 774 13 is_stmt 1 discriminator 3 view .LVU895
 774:hal_bsp/hal/driver/spi_oled/ax_oled_1305.c ****         }
 3204              		.loc 1 774 29 is_stmt 0 discriminator 3 view .LVU896
 3205 0508 721C     		adds	r2, r6, #1
 3206              	.LVL415:
 774:hal_bsp/hal/driver/spi_oled/ax_oled_1305.c ****         }
 3207              		.loc 1 774 43 discriminator 3 view .LVU897
ARM GAS  C:\Users\honor\AppData\Local\Temp\ccuWKR9G.s 			page 85


 3208 050a 03F14801 		add	r1, r3, #72
 3209 050e 6944     		add	r1, sp, r1
 3210 0510 11F8241C 		ldrb	r1, [r1, #-36]	@ zero_extendqisi2
 774:hal_bsp/hal/driver/spi_oled/ax_oled_1305.c ****         }
 3211              		.loc 1 774 33 discriminator 3 view .LVU898
 3212 0514 06F14800 		add	r0, r6, #72
 3213 0518 0DEB0006 		add	r6, sp, r0
 3214 051c 06F8181C 		strb	r1, [r6, #-24]
 773:hal_bsp/hal/driver/spi_oled/ax_oled_1305.c ****             disp_buf[buf_idx++] = temp_buf[i];
 3215              		.loc 1 773 47 is_stmt 1 discriminator 3 view .LVU899
 773:hal_bsp/hal/driver/spi_oled/ax_oled_1305.c ****             disp_buf[buf_idx++] = temp_buf[i];
 3216              		.loc 1 773 48 is_stmt 0 discriminator 3 view .LVU900
 3217 0520 013B     		subs	r3, r3, #1
 3218              	.LVL416:
 773:hal_bsp/hal/driver/spi_oled/ax_oled_1305.c ****             disp_buf[buf_idx++] = temp_buf[i];
 3219              		.loc 1 773 48 discriminator 3 view .LVU901
 3220 0522 5BB2     		sxtb	r3, r3
 3221              	.LVL417:
 774:hal_bsp/hal/driver/spi_oled/ax_oled_1305.c ****         }
 3222              		.loc 1 774 29 discriminator 3 view .LVU902
 3223 0524 D6B2     		uxtb	r6, r2
 3224 0526 EDE7     		b	.L215
 3225              	.L255:
 3226              		.align	2
 3227              	.L254:
 3228 0528 44000000 		.word	.LC6
 3229              	.LBE17:
 3230              	.LBE15:
 3231              		.cfi_endproc
 3232              	.LFE260:
 3234              		.section	.text.AX_OLED_DispFloatAuto,"ax",%progbits
 3235              		.align	1
 3236              		.global	AX_OLED_DispFloatAuto
 3237              		.syntax unified
 3238              		.thumb
 3239              		.thumb_func
 3241              	AX_OLED_DispFloatAuto:
 3242              	.LVL418:
 3243              	.LFB261:
 782:hal_bsp/hal/driver/spi_oled/ax_oled_1305.c **** 
 783:hal_bsp/hal/driver/spi_oled/ax_oled_1305.c **** /**
 784:hal_bsp/hal/driver/spi_oled/ax_oled_1305.c ****  * @简  述  在OLED指定位置显示浮点数（自动计算整数位数，无位数限制）
 785:hal_bsp/hal/driver/spi_oled/ax_oled_1305.c ****  * @参  数  x：横坐标 0~122，超出范围不显示
 786:hal_bsp/hal/driver/spi_oled/ax_oled_1305.c ****  *         y：纵坐标 0~7，超出范围不显示
 787:hal_bsp/hal/driver/spi_oled/ax_oled_1305.c ****  *         value：显示的浮点数值
 788:hal_bsp/hal/driver/spi_oled/ax_oled_1305.c ****  *         deci：期望显示的小数位数，最终会限制为最大6位
 789:hal_bsp/hal/driver/spi_oled/ax_oled_1305.c ****  *         mode：显示模式，0-正常显示，1-反白显示
 790:hal_bsp/hal/driver/spi_oled/ax_oled_1305.c ****  */
 791:hal_bsp/hal/driver/spi_oled/ax_oled_1305.c **** void AX_OLED_DispFloatAuto(uint8_t x, uint8_t y, float value, uint8_t deci, uint8_t mode) {
 3244              		.loc 1 791 91 is_stmt 1 view -0
 3245              		.cfi_startproc
 3246              		@ args = 0, pretend = 0, frame = 0
 3247              		@ frame_needed = 0, uses_anonymous_args = 0
 792:hal_bsp/hal/driver/spi_oled/ax_oled_1305.c ****     // 1. 坐标越界检查，超出范围直接返回0（不显示）
 793:hal_bsp/hal/driver/spi_oled/ax_oled_1305.c ****     if (x > 122 || y > 7) {
 3248              		.loc 1 793 5 view .LVU904
 3249              		.loc 1 793 8 is_stmt 0 view .LVU905
ARM GAS  C:\Users\honor\AppData\Local\Temp\ccuWKR9G.s 			page 86


 3250 0000 7A28     		cmp	r0, #122
 3251 0002 53D8     		bhi	.L273
 791:hal_bsp/hal/driver/spi_oled/ax_oled_1305.c ****     // 1. 坐标越界检查，超出范围直接返回0（不显示）
 3252              		.loc 1 791 91 discriminator 1 view .LVU906
 3253 0004 10B5     		push	{r4, lr}
 3254              	.LCFI37:
 3255              		.cfi_def_cfa_offset 8
 3256              		.cfi_offset 4, -8
 3257              		.cfi_offset 14, -4
 3258 0006 82B0     		sub	sp, sp, #8
 3259              	.LCFI38:
 3260              		.cfi_def_cfa_offset 16
 3261 0008 9646     		mov	lr, r2
 3262              		.loc 1 793 17 discriminator 1 view .LVU907
 3263 000a 0729     		cmp	r1, #7
 3264 000c 4CD8     		bhi	.L256
 794:hal_bsp/hal/driver/spi_oled/ax_oled_1305.c ****         return;
 795:hal_bsp/hal/driver/spi_oled/ax_oled_1305.c ****     }
 796:hal_bsp/hal/driver/spi_oled/ax_oled_1305.c **** 
 797:hal_bsp/hal/driver/spi_oled/ax_oled_1305.c ****     // 2. 限制小数位数最大为6位（满足需求：小数点后最多6位）
 798:hal_bsp/hal/driver/spi_oled/ax_oled_1305.c ****     if (deci > 6) {
 3265              		.loc 1 798 5 is_stmt 1 view .LVU908
 3266              		.loc 1 798 8 is_stmt 0 view .LVU909
 3267 000e 062A     		cmp	r2, #6
 3268 0010 01D9     		bls	.L258
 799:hal_bsp/hal/driver/spi_oled/ax_oled_1305.c ****         deci = 6;
 3269              		.loc 1 799 14 view .LVU910
 3270 0012 4FF0060E 		mov	lr, #6
 3271              	.L258:
 3272              	.LVL419:
 800:hal_bsp/hal/driver/spi_oled/ax_oled_1305.c ****     }
 801:hal_bsp/hal/driver/spi_oled/ax_oled_1305.c **** 
 802:hal_bsp/hal/driver/spi_oled/ax_oled_1305.c ****     uint8_t inte = 1;  // 默认整数位数为1（至少显示0）
 3273              		.loc 1 802 5 is_stmt 1 view .LVU911
 803:hal_bsp/hal/driver/spi_oled/ax_oled_1305.c ****     float abs_value = (value < 0) ? -value : value;
 3274              		.loc 1 803 5 view .LVU912
 3275              		.loc 1 803 44 is_stmt 0 view .LVU913
 3276 0016 B5EEC00A 		vcmpe.f32	s0, #0
 3277 001a F1EE10FA 		vmrs	APSR_nzcv, FPSCR
 3278 001e 1DD4     		bmi	.L276
 3279 0020 F0EE407A 		vmov.f32	s15, s0
 3280              	.L259:
 3281              	.LVL420:
 804:hal_bsp/hal/driver/spi_oled/ax_oled_1305.c ****     // 提取整数部分（float的整数部分最大约2^24，用uint32_t足够存储）
 805:hal_bsp/hal/driver/spi_oled/ax_oled_1305.c ****     uint32_t int_part = (uint32_t)abs_value;
 3282              		.loc 1 805 5 is_stmt 1 discriminator 4 view .LVU914
 3283              		.loc 1 805 14 is_stmt 0 discriminator 4 view .LVU915
 3284 0024 FCEEE77A 		vcvt.u32.f32	s15, s15
 3285              	.LVL421:
 3286              		.loc 1 805 14 discriminator 4 view .LVU916
 3287 0028 17EE902A 		vmov	r2, s15	@ int
 3288              	.LVL422:
 806:hal_bsp/hal/driver/spi_oled/ax_oled_1305.c **** 
 807:hal_bsp/hal/driver/spi_oled/ax_oled_1305.c ****     // 3. 动态计算整数位数（去掉8位限制，适配float最大范围）
 808:hal_bsp/hal/driver/spi_oled/ax_oled_1305.c ****     if (int_part > 0) {
 3289              		.loc 1 808 5 is_stmt 1 discriminator 4 view .LVU917
 3290              		.loc 1 808 8 is_stmt 0 discriminator 4 view .LVU918
ARM GAS  C:\Users\honor\AppData\Local\Temp\ccuWKR9G.s 			page 87


 3291 002c 22BB     		cbnz	r2, .L269
 802:hal_bsp/hal/driver/spi_oled/ax_oled_1305.c ****     float abs_value = (value < 0) ? -value : value;
 3292              		.loc 1 802 13 view .LVU919
 3293 002e 4FF0010C 		mov	ip, #1
 3294              	.LVL423:
 3295              	.L262:
 809:hal_bsp/hal/driver/spi_oled/ax_oled_1305.c ****         inte = 0;
 810:hal_bsp/hal/driver/spi_oled/ax_oled_1305.c ****         uint32_t temp = int_part;
 811:hal_bsp/hal/driver/spi_oled/ax_oled_1305.c ****         while (temp > 0) {
 812:hal_bsp/hal/driver/spi_oled/ax_oled_1305.c ****             temp /= 10;
 813:hal_bsp/hal/driver/spi_oled/ax_oled_1305.c ****             inte++;
 814:hal_bsp/hal/driver/spi_oled/ax_oled_1305.c ****         }
 815:hal_bsp/hal/driver/spi_oled/ax_oled_1305.c ****     }
 816:hal_bsp/hal/driver/spi_oled/ax_oled_1305.c **** 
 817:hal_bsp/hal/driver/spi_oled/ax_oled_1305.c ****     // 4. 符号位处理（负数需额外占1位显示负号）
 818:hal_bsp/hal/driver/spi_oled/ax_oled_1305.c ****     uint8_t sign_bit = (value < 0) ? 1 : 0;
 3296              		.loc 1 818 5 is_stmt 1 view .LVU920
 3297              		.loc 1 818 40 is_stmt 0 view .LVU921
 3298 0032 B5EEC00A 		vcmpe.f32	s0, #0
 3299 0036 F1EE10FA 		vmrs	APSR_nzcv, FPSCR
 3300 003a 4CBF     		ite	mi
 3301 003c 0124     		movmi	r4, #1
 3302 003e 0024     		movpl	r4, #0
 3303              	.LVL424:
 819:hal_bsp/hal/driver/spi_oled/ax_oled_1305.c ****     inte = inte + sign_bit;  // 整数位包括符号位
 3304              		.loc 1 819 5 is_stmt 1 view .LVU922
 3305              		.loc 1 819 10 is_stmt 0 view .LVU923
 3306 0040 0CEB0402 		add	r2, ip, r4
 3307 0044 D2B2     		uxtb	r2, r2
 3308              	.LVL425:
 820:hal_bsp/hal/driver/spi_oled/ax_oled_1305.c ****     // 总显示位数 = 整数位 + 符号位 + 小数位 + 小数点（1位）
 821:hal_bsp/hal/driver/spi_oled/ax_oled_1305.c ****     uint8_t total_digits = inte + sign_bit + deci + 1;
 3309              		.loc 1 821 5 is_stmt 1 view .LVU924
 3310              		.loc 1 821 33 is_stmt 0 view .LVU925
 3311 0046 1444     		add	r4, r4, r2
 3312              	.LVL426:
 3313              		.loc 1 821 33 view .LVU926
 3314 0048 E4B2     		uxtb	r4, r4
 3315              		.loc 1 821 44 view .LVU927
 3316 004a 04EB0E0C 		add	ip, r4, lr
 3317 004e 5FFA8CFC 		uxtb	ip, ip
 3318              		.loc 1 821 13 view .LVU928
 3319 0052 0CF1010C 		add	ip, ip, #1
 3320 0056 5FFA8CFC 		uxtb	ip, ip
 3321              	.LVL427:
 822:hal_bsp/hal/driver/spi_oled/ax_oled_1305.c **** 
 823:hal_bsp/hal/driver/spi_oled/ax_oled_1305.c ****     // 5. 仅做小数位的保底防护（确保小数位非负，无整数位限制）
 824:hal_bsp/hal/driver/spi_oled/ax_oled_1305.c ****     int temp_deci = deci;
 3322              		.loc 1 824 5 is_stmt 1 view .LVU929
 825:hal_bsp/hal/driver/spi_oled/ax_oled_1305.c ****     // 若总位数超OLED单行长（仅做降级，不限制整数位）
 826:hal_bsp/hal/driver/spi_oled/ax_oled_1305.c ****     while (total_digits > 16 && temp_deci > 0) {  // 16为OLED常规单行最大显示位数
 3323              		.loc 1 826 5 view .LVU930
 3324              		.loc 1 826 11 is_stmt 0 view .LVU931
 3325 005a 1AE0     		b	.L264
 3326              	.LVL428:
 3327              	.L276:
 803:hal_bsp/hal/driver/spi_oled/ax_oled_1305.c ****     // 提取整数部分（float的整数部分最大约2^24，用uint32_t足够存储）
ARM GAS  C:\Users\honor\AppData\Local\Temp\ccuWKR9G.s 			page 88


 3328              		.loc 1 803 44 discriminator 1 view .LVU932
 3329 005c F1EE407A 		vneg.f32	s15, s0
 3330 0060 E0E7     		b	.L259
 3331              	.LVL429:
 3332              	.L263:
 3333              	.LBB18:
 812:hal_bsp/hal/driver/spi_oled/ax_oled_1305.c ****             inte++;
 3334              		.loc 1 812 13 is_stmt 1 view .LVU933
 812:hal_bsp/hal/driver/spi_oled/ax_oled_1305.c ****             inte++;
 3335              		.loc 1 812 18 is_stmt 0 view .LVU934
 3336 0062 134C     		ldr	r4, .L277
 3337 0064 A4FB0242 		umull	r4, r2, r4, r2
 3338              	.LVL430:
 812:hal_bsp/hal/driver/spi_oled/ax_oled_1305.c ****             inte++;
 3339              		.loc 1 812 18 view .LVU935
 3340 0068 D208     		lsrs	r2, r2, #3
 3341              	.LVL431:
 813:hal_bsp/hal/driver/spi_oled/ax_oled_1305.c ****         }
 3342              		.loc 1 813 13 is_stmt 1 view .LVU936
 813:hal_bsp/hal/driver/spi_oled/ax_oled_1305.c ****         }
 3343              		.loc 1 813 17 is_stmt 0 view .LVU937
 3344 006a 0CF1010C 		add	ip, ip, #1
 3345              	.LVL432:
 813:hal_bsp/hal/driver/spi_oled/ax_oled_1305.c ****         }
 3346              		.loc 1 813 17 view .LVU938
 3347 006e 5FFA8CFC 		uxtb	ip, ip
 3348              	.LVL433:
 3349              	.L261:
 811:hal_bsp/hal/driver/spi_oled/ax_oled_1305.c ****             temp /= 10;
 3350              		.loc 1 811 15 is_stmt 1 view .LVU939
 3351 0072 002A     		cmp	r2, #0
 3352 0074 F5D1     		bne	.L263
 3353 0076 DCE7     		b	.L262
 3354              	.LVL434:
 3355              	.L269:
 809:hal_bsp/hal/driver/spi_oled/ax_oled_1305.c ****         uint32_t temp = int_part;
 3356              		.loc 1 809 14 is_stmt 0 view .LVU940
 3357 0078 4FF0000C 		mov	ip, #0
 3358 007c F9E7     		b	.L261
 3359              	.LVL435:
 3360              	.L266:
 809:hal_bsp/hal/driver/spi_oled/ax_oled_1305.c ****         uint32_t temp = int_part;
 3361              		.loc 1 809 14 view .LVU941
 3362              	.LBE18:
 827:hal_bsp/hal/driver/spi_oled/ax_oled_1305.c ****         temp_deci--;
 3363              		.loc 1 827 9 is_stmt 1 view .LVU942
 3364              		.loc 1 827 18 is_stmt 0 view .LVU943
 3365 007e 0EF1FF3E 		add	lr, lr, #-1
 3366              	.LVL436:
 828:hal_bsp/hal/driver/spi_oled/ax_oled_1305.c ****         total_digits = inte + sign_bit + temp_deci + 1;
 3367              		.loc 1 828 9 is_stmt 1 view .LVU944
 3368              		.loc 1 828 40 is_stmt 0 view .LVU945
 3369 0082 04EB0E0C 		add	ip, r4, lr
 3370              	.LVL437:
 3371              		.loc 1 828 40 view .LVU946
 3372 0086 5FFA8CFC 		uxtb	ip, ip
 3373              		.loc 1 828 22 view .LVU947
ARM GAS  C:\Users\honor\AppData\Local\Temp\ccuWKR9G.s 			page 89


 3374 008a 0CF1010C 		add	ip, ip, #1
 3375 008e 5FFA8CFC 		uxtb	ip, ip
 3376              	.LVL438:
 3377              	.L264:
 826:hal_bsp/hal/driver/spi_oled/ax_oled_1305.c ****         temp_deci--;
 3378              		.loc 1 826 11 is_stmt 1 view .LVU948
 3379 0092 BCF1100F 		cmp	ip, #16
 3380 0096 02D9     		bls	.L265
 826:hal_bsp/hal/driver/spi_oled/ax_oled_1305.c ****         temp_deci--;
 3381              		.loc 1 826 30 is_stmt 0 discriminator 1 view .LVU949
 3382 0098 BEF1000F 		cmp	lr, #0
 3383 009c EFDC     		bgt	.L266
 3384              	.L265:
 829:hal_bsp/hal/driver/spi_oled/ax_oled_1305.c ****     }
 830:hal_bsp/hal/driver/spi_oled/ax_oled_1305.c ****     deci = (uint8_t)temp_deci;
 3385              		.loc 1 830 5 is_stmt 1 view .LVU950
 3386              	.LVL439:
 831:hal_bsp/hal/driver/spi_oled/ax_oled_1305.c **** 
 832:hal_bsp/hal/driver/spi_oled/ax_oled_1305.c ****     // 6. 调用底层显示函数（传入实际计算的整数位数，无+1错误）
 833:hal_bsp/hal/driver/spi_oled/ax_oled_1305.c ****     // printf("debug:%d,%d,%lf,%d,%d,%d\n", x, y, value, inte, deci, mode);
 834:hal_bsp/hal/driver/spi_oled/ax_oled_1305.c ****     AX_OLED_DispFloat(x, y, value, inte, deci, mode);
 3387              		.loc 1 834 5 view .LVU951
 3388 009e 0093     		str	r3, [sp]
 3389 00a0 5FFA8EF3 		uxtb	r3, lr
 3390              	.LVL440:
 3391              		.loc 1 834 5 is_stmt 0 view .LVU952
 3392 00a4 FFF7FEFF 		bl	AX_OLED_DispFloat
 3393              	.LVL441:
 3394              	.L256:
 835:hal_bsp/hal/driver/spi_oled/ax_oled_1305.c **** }
 3395              		.loc 1 835 1 view .LVU953
 3396 00a8 02B0     		add	sp, sp, #8
 3397              	.LCFI39:
 3398              		.cfi_def_cfa_offset 8
 3399              		@ sp needed
 3400 00aa 10BD     		pop	{r4, pc}
 3401              	.LVL442:
 3402              	.L273:
 3403              	.LCFI40:
 3404              		.cfi_def_cfa_offset 0
 3405              		.cfi_restore 4
 3406              		.cfi_restore 14
 3407              		.loc 1 835 1 view .LVU954
 3408 00ac 7047     		bx	lr
 3409              	.L278:
 3410 00ae 00BF     		.align	2
 3411              	.L277:
 3412 00b0 CDCCCCCC 		.word	-858993459
 3413              		.cfi_endproc
 3414              	.LFE261:
 3416              		.section	.text.AX_OLED_ClearLine,"ax",%progbits
 3417              		.align	1
 3418              		.global	AX_OLED_ClearLine
 3419              		.syntax unified
 3420              		.thumb
 3421              		.thumb_func
 3423              	AX_OLED_ClearLine:
ARM GAS  C:\Users\honor\AppData\Local\Temp\ccuWKR9G.s 			page 90


 3424              	.LVL443:
 3425              	.LFB262:
 836:hal_bsp/hal/driver/spi_oled/ax_oled_1305.c **** 
 837:hal_bsp/hal/driver/spi_oled/ax_oled_1305.c **** /**
 838:hal_bsp/hal/driver/spi_oled/ax_oled_1305.c ****  * @简  述  擦除OLED指定行（页）
 839:hal_bsp/hal/driver/spi_oled/ax_oled_1305.c ****  * @参  数  line: 要擦除的行号（0~7，对应8行）
 840:hal_bsp/hal/driver/spi_oled/ax_oled_1305.c ****  * @返回值	 无
 841:hal_bsp/hal/driver/spi_oled/ax_oled_1305.c ****  */
 842:hal_bsp/hal/driver/spi_oled/ax_oled_1305.c **** void AX_OLED_ClearLine(uint8_t line) {
 3426              		.loc 1 842 38 is_stmt 1 view -0
 3427              		.cfi_startproc
 3428              		@ args = 0, pretend = 0, frame = 0
 3429              		@ frame_needed = 0, uses_anonymous_args = 0
 843:hal_bsp/hal/driver/spi_oled/ax_oled_1305.c ****     uint8_t n;
 3430              		.loc 1 843 5 view .LVU956
 844:hal_bsp/hal/driver/spi_oled/ax_oled_1305.c **** 
 845:hal_bsp/hal/driver/spi_oled/ax_oled_1305.c ****     // 参数检查
 846:hal_bsp/hal/driver/spi_oled/ax_oled_1305.c ****     if (line > 7) return;
 3431              		.loc 1 846 5 view .LVU957
 3432              		.loc 1 846 8 is_stmt 0 view .LVU958
 3433 0000 0728     		cmp	r0, #7
 3434 0002 00D9     		bls	.L287
 3435 0004 7047     		bx	lr
 3436              	.L287:
 842:hal_bsp/hal/driver/spi_oled/ax_oled_1305.c ****     uint8_t n;
 3437              		.loc 1 842 38 view .LVU959
 3438 0006 10B5     		push	{r4, lr}
 3439              	.LCFI41:
 3440              		.cfi_def_cfa_offset 8
 3441              		.cfi_offset 4, -8
 3442              		.cfi_offset 14, -4
 847:hal_bsp/hal/driver/spi_oled/ax_oled_1305.c **** 
 848:hal_bsp/hal/driver/spi_oled/ax_oled_1305.c ****     // 设置页地址
 849:hal_bsp/hal/driver/spi_oled/ax_oled_1305.c ****     OLED_WriteCmd(0xb0 + line);  // 设置页地址
 3443              		.loc 1 849 5 is_stmt 1 view .LVU960
 3444 0008 5038     		subs	r0, r0, #80
 3445              	.LVL444:
 3446              		.loc 1 849 5 is_stmt 0 view .LVU961
 3447 000a C0B2     		uxtb	r0, r0
 3448 000c FFF7FEFF 		bl	OLED_WriteCmd
 3449              	.LVL445:
 850:hal_bsp/hal/driver/spi_oled/ax_oled_1305.c ****     OLED_WriteCmd(0x00);         // 设置列低地址
 3450              		.loc 1 850 5 is_stmt 1 view .LVU962
 3451 0010 0020     		movs	r0, #0
 3452 0012 FFF7FEFF 		bl	OLED_WriteCmd
 3453              	.LVL446:
 851:hal_bsp/hal/driver/spi_oled/ax_oled_1305.c ****     OLED_WriteCmd(0x10);         // 设置列高地址
 3454              		.loc 1 851 5 view .LVU963
 3455 0016 1020     		movs	r0, #16
 3456 0018 FFF7FEFF 		bl	OLED_WriteCmd
 3457              	.LVL447:
 852:hal_bsp/hal/driver/spi_oled/ax_oled_1305.c **** 
 853:hal_bsp/hal/driver/spi_oled/ax_oled_1305.c ****     // 清除该页所有数据（128列）
 854:hal_bsp/hal/driver/spi_oled/ax_oled_1305.c ****     for (n = 0; n < 128; n++) {
 3458              		.loc 1 854 5 view .LVU964
 3459              		.loc 1 854 12 is_stmt 0 view .LVU965
 3460 001c 0024     		movs	r4, #0
ARM GAS  C:\Users\honor\AppData\Local\Temp\ccuWKR9G.s 			page 91


 3461              		.loc 1 854 5 view .LVU966
 3462 001e 04E0     		b	.L281
 3463              	.LVL448:
 3464              	.L282:
 855:hal_bsp/hal/driver/spi_oled/ax_oled_1305.c ****         OLED_WriteData(0);
 3465              		.loc 1 855 9 is_stmt 1 discriminator 3 view .LVU967
 3466 0020 0020     		movs	r0, #0
 3467 0022 FFF7FEFF 		bl	OLED_WriteData
 3468              	.LVL449:
 854:hal_bsp/hal/driver/spi_oled/ax_oled_1305.c ****         OLED_WriteData(0);
 3469              		.loc 1 854 26 discriminator 3 view .LVU968
 854:hal_bsp/hal/driver/spi_oled/ax_oled_1305.c ****         OLED_WriteData(0);
 3470              		.loc 1 854 27 is_stmt 0 discriminator 3 view .LVU969
 3471 0026 0134     		adds	r4, r4, #1
 3472              	.LVL450:
 854:hal_bsp/hal/driver/spi_oled/ax_oled_1305.c ****         OLED_WriteData(0);
 3473              		.loc 1 854 27 discriminator 3 view .LVU970
 3474 0028 E4B2     		uxtb	r4, r4
 3475              	.LVL451:
 3476              	.L281:
 854:hal_bsp/hal/driver/spi_oled/ax_oled_1305.c ****         OLED_WriteData(0);
 3477              		.loc 1 854 17 is_stmt 1 discriminator 1 view .LVU971
 854:hal_bsp/hal/driver/spi_oled/ax_oled_1305.c ****         OLED_WriteData(0);
 3478              		.loc 1 854 5 is_stmt 0 discriminator 1 view .LVU972
 3479 002a 14F0800F 		tst	r4, #128
 3480 002e F7D0     		beq	.L282
 856:hal_bsp/hal/driver/spi_oled/ax_oled_1305.c ****     }
 857:hal_bsp/hal/driver/spi_oled/ax_oled_1305.c **** }
 3481              		.loc 1 857 1 view .LVU973
 3482 0030 10BD     		pop	{r4, pc}
 3483              		.loc 1 857 1 view .LVU974
 3484              		.cfi_endproc
 3485              	.LFE262:
 3487              		.global	ASCII6X8
 3488              		.global	ASCII8X16
 3489              		.section	.bss.ax_oled_config,"aw",%nobits
 3490              		.align	2
 3491              		.set	.LANCHOR0,. + 0
 3494              	ax_oled_config:
 3495 0000 00000000 		.space	20
 3495      00000000 
 3495      00000000 
 3495      00000000 
 3495      00000000 
 3496              		.section	.rodata.ASCII6X8,"a"
 3497              		.align	2
 3498              		.set	.LANCHOR1,. + 0
 3501              	ASCII6X8:
 3502 0000 00000000 		.ascii	"\000\000\000\000\000\000\000\000\000/\000\000\000\000"
 3502      00000000 
 3502      002F0000 
 3502      0000
 3503 000e 07000700 		.ascii	"\007\000\007\000\000\024\177\024\177\024\000$*\177*"
 3503      00147F14 
 3503      7F140024 
 3503      2A7F2A
 3504 001d 12006264 		.ascii	"\022\000bd\010\023#\0006IU\"P\000\000\005\003\000\000"
ARM GAS  C:\Users\honor\AppData\Local\Temp\ccuWKR9G.s 			page 92


 3504      08132300 
 3504      36495522 
 3504      50000005 
 3504      030000
 3505 0030 00001C22 		.ascii	"\000\000\034\"A\000\000\000A\"\034\000\000\024\010>"
 3505      41000000 
 3505      41221C00 
 3505      0014083E 
 3506 0040 08140008 		.ascii	"\010\024\000\010\010>\010\010\000\000\000\240`\000\000"
 3506      083E0808 
 3506      000000A0 
 3506      600000
 3507 004f 08080808 		.ascii	"\010\010\010\010\010\000\000``\000\000\000 \020\010"
 3507      08000060 
 3507      60000000 
 3507      201008
 3508 005e 0402003E 		.ascii	"\004\002\000>QIE>\000\000B\177@\000\000BaQIF\000!AE"
 3508      5149453E 
 3508      0000427F 
 3508      40000042 
 3508      61514946 
 3509 0076 4B310018 		.ascii	"K1\000\030\024\022\177\020\000'EEE9\000<JII0\000\001"
 3509      14127F10 
 3509      00274545 
 3509      4539003C 
 3509      4A494930 
 3510 008c 71090503 		.ascii	"q\011\005\003\0006III6\000\006II)\036\000\00066\000"
 3510      00364949 
 3510      49360006 
 3510      4949291E 
 3510      00003636 
 3511 00a1 00000056 		.ascii	"\000\000\000V6\000\000\000\010\024\"A\000\000\024\024"
 3511      36000000 
 3511      08142241 
 3511      00001414 
 3512 00b1 14141400 		.ascii	"\024\024\024\000\000A\"\024\010\000\002\001Q\011\006"
 3512      00412214 
 3512      08000201 
 3512      510906
 3513 00c0 00324959 		.ascii	"\0002IYQ>\000|\022\021\022|\000\177III6\000>AAA\"\000"
 3513      513E007C 
 3513      1211127C 
 3513      007F4949 
 3513      4936003E 
 3514 00d9 7F414122 		.ascii	"\177AA\"\034\000\177IIIA\000\177\011\011\011\001\000"
 3514      1C007F49 
 3514      49494100 
 3514      7F090909 
 3514      0100
 3515 00eb 3E414949 		.ascii	">AIIz\000\177\010\010\010\177\000\000A\177A\000\000"
 3515      7A007F08 
 3515      08087F00 
 3515      00417F41 
 3515      0000
 3516 00fd 2040413F 		.ascii	" @A?\001\000\177\010\024\"A\000\177@@@@\000\177\002"
 3516      01007F08 
 3516      14224100 
ARM GAS  C:\Users\honor\AppData\Local\Temp\ccuWKR9G.s 			page 93


 3516      7F404040 
 3516      40007F02 
 3517 0111 0C027F00 		.ascii	"\014\002\177\000\177\004\010\020\177\000>AAA>\000\177"
 3517      7F040810 
 3517      7F003E41 
 3517      41413E00 
 3517      7F
 3518 0122 09090906 		.ascii	"\011\011\011\006\000>AQ!^\000\177\011\031)F\000FIII"
 3518      003E4151 
 3518      215E007F 
 3518      09192946 
 3518      00464949 
 3519 0137 31000101 		.ascii	"1\000\001\001\177\001\001\000?@@@?\000\037 @ \037\000"
 3519      7F010100 
 3519      3F404040 
 3519      3F001F20 
 3519      40201F00 
 3520 014b 3F403840 		.ascii	"?@8@?\000c\024\010\024c\000\007\010p\010\007\000aQI"
 3520      3F006314 
 3520      08146300 
 3520      07087008 
 3520      07006151 
 3521 0160 45430000 		.ascii	"EC\000\000\177AA\000\000U*U*U\000\000AA\177\000\000"
 3521      7F414100 
 3521      00552A55 
 3521      2A550000 
 3521      41417F00 
 3522 0175 04020102 		.ascii	"\004\002\001\002\004\000@@@@@\000\000\001\002\004\000"
 3522      04004040 
 3522      40404000 
 3522      00010204 
 3522      00
 3523 0186 00205454 		.ascii	"\000 TTTx\000\177HDD8\0008DDD \0008DDH\177\0008TTT\030"
 3523      5478007F 
 3523      48444438 
 3523      00384444 
 3523      44200038 
 3524 01a4 00087E09 		.ascii	"\000\010~\011\001\002\000\030\244\244\244|\000\177\010"
 3524      01020018 
 3524      A4A4A47C 
 3524      007F08
 3525 01b3 04047800 		.ascii	"\004\004x\000\000D}@\000\000@\200\204}\000\000\177\020"
 3525      00447D40 
 3525      00004080 
 3525      847D0000 
 3525      7F10
 3526 01c5 28440000 		.ascii	"(D\000\000\000A\177@\000\000|\004\030\004x\000|\010"
 3526      00417F40 
 3526      00007C04 
 3526      18047800 
 3526      7C08
 3527 01d7 04047800 		.ascii	"\004\004x\0008DDD8\000\374$$$\030\000\030$$\030\374"
 3527      38444444 
 3527      3800FC24 
 3527      24241800 
 3527      18242418 
 3528 01ec 007C0804 		.ascii	"\000|\010\004\004\010\000HTTT \000\004?D@ \000<@@ |"
ARM GAS  C:\Users\honor\AppData\Local\Temp\ccuWKR9G.s 			page 94


 3528      04080048 
 3528      54545420 
 3528      00043F44 
 3528      4020003C 
 3529 0204 001C2040 		.ascii	"\000\034 @ \034\000<@0@<\000D(\020(D\000\034\240\240"
 3529      201C003C 
 3529      4030403C 
 3529      00442810 
 3529      2844001C 
 3530 021a A07C0044 		.ascii	"\240|\000DdTLD\024\024\024\024\024\024"
 3530      64544C44 
 3530      14141414 
 3530      1414
 3531              		.section	.rodata.ASCII8X16,"a"
 3532              		.align	2
 3533              		.set	.LANCHOR2,. + 0
 3536              	ASCII8X16:
 3537 0000 00000000 		.ascii	"\000\000\000\000\000\000\000\000\000\000\000\000\000"
 3537      00000000 
 3537      00000000 
 3537      00
 3538 000d 00000000 		.ascii	"\000\000\000\000\000\000\370\000\000\000\000\000\000"
 3538      0000F800 
 3538      00000000 
 3538      00
 3539 001a 00333000 		.ascii	"\00030\000\000\000\000\020\014\006\020\014\006\000\000"
 3539      00000010 
 3539      0C06100C 
 3539      060000
 3540 0029 00000000 		.ascii	"\000\000\000\000\000\000\000@\300x@\300x@\000\004?\004"
 3540      00000040 
 3540      C07840C0 
 3540      78400004 
 3540      3F04
 3541 003b 043F0404 		.ascii	"\004?\004\004\000\000p\210\374\0100\000\000\000\030"
 3541      00007088 
 3541      FC083000 
 3541      000018
 3542 004a 20FF211E 		.ascii	" \377!\036\000\000\360\010\360\000\340\030\000\000\000"
 3542      0000F008 
 3542      F000E018 
 3542      000000
 3543 0059 211C031E 		.ascii	"!\034\003\036!\036\000\000\360\010\210p\000\000\000"
 3543      211E0000 
 3543      F0088870 
 3543      000000
 3544 0068 1E212324 		.ascii	"\036!#$\031'!\020\020\026\016\000\000\000\000\000\000"
 3544      19272110 
 3544      10160E00 
 3544      00000000 
 3544      00
 3545 0079 00000000 		.ascii	"\000\000\000\000\000\000\000\000\000\000\340\030\004"
 3545      00000000 
 3545      0000E018 
 3545      04
 3546 0086 02000000 		.ascii	"\002\000\000\000\000\007\030 @\000\000\002\004\030\340"
 3546      00071820 
ARM GAS  C:\Users\honor\AppData\Local\Temp\ccuWKR9G.s 			page 95


 3546      40000002 
 3546      0418E0
 3547 0095 00000000 		.ascii	"\000\000\000\000@ \030\007\000\000\000@@\200\360\200"
 3547      40201807 
 3547      00000040 
 3547      4080F080 
 3548 00a5 40400002 		.ascii	"@@\000\002\002\001\017\001\002\002\000\000\000\000\360"
 3548      02010F01 
 3548      02020000 
 3548      0000F0
 3549 00b4 00000000 		.ascii	"\000\000\000\000\001\001\001\037\001\001\001\000\000"
 3549      0101011F 
 3549      01010100 
 3549      00
 3550 00c1 00000000 		.ascii	"\000\000\000\000\000\000\000\200\260p\000\000\000\000"
 3550      00000080 
 3550      B0700000 
 3550      0000
 3551 00cf 00000000 		.ascii	"\000\000\000\000\000\000\000\000\000\000\001\001\001"
 3551      00000000 
 3551      00000101 
 3551      01
 3552 00dc 01010101 		.ascii	"\001\001\001\001\000\000\000\000\000\000\000\000\000"
 3552      00000000 
 3552      00000000 
 3552      00
 3553 00e9 30300000 		.ascii	"00\000\000\000\000\000\000\000\000\000\200`\030\004"
 3553      00000000 
 3553      00000080 
 3553      601804
 3554 00f8 00601806 		.ascii	"\000`\030\006\001\000\000\000\000\340\020\010\010\020"
 3554      01000000 
 3554      00E01008 
 3554      0810
 3555 0106 E000000F 		.ascii	"\340\000\000\017\020  \020\017\000\000\020\020\370\000"
 3555      10202010 
 3555      0F000010 
 3555      10F800
 3556 0115 00000000 		.ascii	"\000\000\000\000  ?  \000\000\000p\010\010\010\210p"
 3556      20203F20 
 3556      20000000 
 3556      70080808 
 3556      8870
 3557 0127 00003028 		.ascii	"\000\0000($\"!0\000\0000\010\210\210H0\000\000\030 "
 3557      24222130 
 3557      00003008 
 3557      88884830 
 3557      00001820 
 3558 013b 2020110E 		.ascii	"  \021\016\000\000\000\300 \020\370\000\000\000\007"
 3558      000000C0 
 3558      2010F800 
 3558      000007
 3559 014a 0424243F 		.ascii	"\004$$?$\000\000\370\010\210\210\010\010\000\000\031"
 3559      240000F8 
 3559      08888808 
 3559      08000019 
 3560 015a 21202011 		.ascii	"!  \021\016\000\000\340\020\210\210\030\000\000\000"
ARM GAS  C:\Users\honor\AppData\Local\Temp\ccuWKR9G.s 			page 96


 3560      0E0000E0 
 3560      10888818 
 3560      000000
 3561 0169 0F112020 		.ascii	"\017\021  \021\016\000\0008\010\010\3108\010\000\000"
 3561      110E0000 
 3561      380808C8 
 3561      38080000 
 3562 0179 00003F00 		.ascii	"\000\000?\000\000\000\000\000p\210\010\010\210p\000"
 3562      00000000 
 3562      70880808 
 3562      887000
 3563 0188 001C2221 		.ascii	"\000\034\"!!\"\034\000\000\340\020\010\010\020\340\000"
 3563      21221C00 
 3563      00E01008 
 3563      0810E000 
 3564 0198 00003122 		.ascii	"\000\0001\"\"\021\017\000\000\000\000\300\300\000\000"
 3564      22110F00 
 3564      000000C0 
 3564      C00000
 3565 01a7 00000000 		.ascii	"\000\000\000\00000\000\000\000\000\000\000\200\000\000"
 3565      30300000 
 3565      00000000 
 3565      800000
 3566 01b6 00000000 		.ascii	"\000\000\000\000\200`\000\000\000\000\000\000\200@ "
 3566      80600000 
 3566      00000000 
 3566      804020
 3567 01c5 10080000 		.ascii	"\020\010\000\000\001\002\004\010\020 \000@@@@@@@\000"
 3567      01020408 
 3567      10200040 
 3567      40404040 
 3567      404000
 3568 01d8 04040404 		.ascii	"\004\004\004\004\004\004\004\000\000\010\020 @\200\000"
 3568      04040400 
 3568      00081020 
 3568      408000
 3569 01e7 00002010 		.ascii	"\000\000 \020\010\004\002\001\000\000pH\010\010\010"
 3569      08040201 
 3569      00007048 
 3569      080808
 3570 01f6 F0000000 		.ascii	"\360\000\000\000\00006\001\000\000\3000\310(\350\020"
 3570      00303601 
 3570      0000C030 
 3570      C828E810 
 3571 0206 E0000718 		.ascii	"\340\000\007\030'$#\024\013\000\000\000\3008\340\000"
 3571      27242314 
 3571      0B000000 
 3571      C038E000 
 3572 0216 0000203C 		.ascii	"\000\000 <#\002\002'8 \010\370\210\210\210p\000\000"
 3572      23020227 
 3572      382008F8 
 3572      88888870 
 3572      0000
 3573 0228 203F2020 		.ascii	" ?   \021\016\000\3000\010\010\010\0108\000\007\030"
 3573      20110E00 
 3573      C0300808 
 3573      08083800 
ARM GAS  C:\Users\honor\AppData\Local\Temp\ccuWKR9G.s 			page 97


 3573      0718
 3574 023a 20202010 		.ascii	"   \020\010\000\010\370\010\010\010\020\340\000 ?  "
 3574      080008F8 
 3574      08080810 
 3574      E000203F 
 3574      2020
 3575 024c 20100F00 		.ascii	" \020\017\000\010\370\210\210\350\010\020\000 ?  # "
 3575      08F88888 
 3575      E8081000 
 3575      203F2020 
 3575      2320
 3576 025e 180008F8 		.ascii	"\030\000\010\370\210\210\350\010\020\000 ? \000\003"
 3576      8888E808 
 3576      1000203F 
 3576      200003
 3577 026d 000000C0 		.ascii	"\000\000\000\3000\010\010\0108\000\000\007\030  \"\036"
 3577      30080808 
 3577      38000007 
 3577      18202022 
 3577      1E
 3578 027e 020008F8 		.ascii	"\002\000\010\370\010\000\000\010\370\010 ?!\001\001"
 3578      08000008 
 3578      F808203F 
 3578      210101
 3579 028d 213F2000 		.ascii	"!? \000\010\010\370\010\010\000\000\000  ?  \000\000"
 3579      0808F808 
 3579      08000000 
 3579      20203F20 
 3579      200000
 3580 02a0 00000808 		.ascii	"\000\000\010\010\370\010\010\000\300\200\200\200\177"
 3580      F8080800 
 3580      C0808080 
 3580      7F
 3581 02ad 00000008 		.ascii	"\000\000\000\010\370\210\300(\030\010\000 ? \001&8 "
 3581      F888C028 
 3581      18080020 
 3581      3F200126 
 3581      3820
 3582 02bf 0008F808 		.ascii	"\000\010\370\010\000\000\000\000\000 ?    0\000\010"
 3582      00000000 
 3582      00203F20 
 3582      20202030 
 3582      0008
 3583 02d1 F8F800F8 		.ascii	"\370\370\000\370\370\010\000 ?\000?\000? \000\010\370"
 3583      F8080020 
 3583      3F003F00 
 3583      3F200008 
 3583      F8
 3584 02e2 30C00008 		.ascii	"0\300\000\010\370\010 ? \000\007\030?\000\340\020\010"
 3584      F808203F 
 3584      20000718 
 3584      3F00E010 
 3584      08
 3585 02f3 080810E0 		.ascii	"\010\010\020\340\000\017\020   \020\017\000\010\370"
 3585      000F1020 
 3585      2020100F 
 3585      0008F8
ARM GAS  C:\Users\honor\AppData\Local\Temp\ccuWKR9G.s 			page 98


 3586 0302 08080808 		.ascii	"\010\010\010\010\360\000 ?!\001\001\001\000\000\340"
 3586      F000203F 
 3586      21010101 
 3586      0000E0
 3587 0311 10080808 		.ascii	"\020\010\010\010\020\340\000\017\030$$8PO\000\010\370"
 3587      10E0000F 
 3587      18242438 
 3587      504F0008 
 3587      F8
 3588 0322 88888888 		.ascii	"\210\210\210\210p\000 ? \000\003\0140 \000p\210\010"
 3588      7000203F 
 3588      2000030C 
 3588      30200070 
 3588      8808
 3589 0334 08083800 		.ascii	"\010\0108\000\0008 !!\"\034\000\030\010\010\370\010"
 3589      00382021 
 3589      21221C00 
 3589      180808F8 
 3589      08
 3590 0345 08180000 		.ascii	"\010\030\000\000\000 ? \000\000\000\010\370\010\000"
 3590      00203F20 
 3590      00000008 
 3590      F80800
 3591 0354 0008F808 		.ascii	"\000\010\370\010\000\037    \037\000\010x\210\000\000"
 3591      001F2020 
 3591      20201F00 
 3591      08788800 
 3591      00
 3592 0365 C8380800 		.ascii	"\3108\010\000\000\0078\016\001\000\000\370\010\000\370"
 3592      0007380E 
 3592      010000F8 
 3592      0800F8
 3593 0374 0008F800 		.ascii	"\000\010\370\000\003<\007\000\007<\003\000\010\030h"
 3593      033C0700 
 3593      073C0300 
 3593      081868
 3594 0383 80806818 		.ascii	"\200\200h\030\010 0,\003\003,0 \0108\310\000\3108\010"
 3594      0820302C 
 3594      03032C30 
 3594      200838C8 
 3594      00C83808 
 3595 0397 00000020 		.ascii	"\000\000\000 ? \000\000\000\020\010\010\010\3108\010"
 3595      3F200000 
 3595      00100808 
 3595      08C83808 
 3596 03a7 00203826 		.ascii	"\000 8&!  \030\000\000\000\000\376\002\002\002\000\000"
 3596      21202018 
 3596      00000000 
 3596      FE020202 
 3596      0000
 3597 03b9 00007F40 		.ascii	"\000\000\177@@@\000\000\0140\300\000\000\000\000\000"
 3597      40400000 
 3597      0C30C000 
 3597      00000000 
 3598 03c9 00000106 		.ascii	"\000\000\001\0068\300\000\000\002\002\002\376\000\000"
 3598      38C00000 
 3598      020202FE 
ARM GAS  C:\Users\honor\AppData\Local\Temp\ccuWKR9G.s 			page 99


 3598      0000
 3599 03d7 00004040 		.ascii	"\000\000@@@\177\000\000\000\000\000\004\002\002\002"
 3599      407F0000 
 3599      00000004 
 3599      020202
 3600 03e6 04000000 		.ascii	"\004\000\000\000\000\000\000\000\000\000\000\000\000"
 3600      00000000 
 3600      00000000 
 3600      00
 3601 03f3 00000000 		.ascii	"\000\000\000\000\000\200\200\200\200\200\200\200\200"
 3601      00808080 
 3601      80808080 
 3601      80
 3602 0400 00020204 		.ascii	"\000\002\002\004\000\000\000\000\000\000\000\000\000"
 3602      00000000 
 3602      00000000 
 3602      00
 3603 040d 00000000 		.ascii	"\000\000\000\000\000\200\200\200\200\000\000\000\031"
 3603      00808080 
 3603      80000000 
 3603      19
 3604 041a 24222222 		.ascii	"$\"\"\"? \010\370\000\200\200\000\000\000\000?\021 "
 3604      3F2008F8 
 3604      00808000 
 3604      0000003F 
 3604      1120
 3605 042c 20110E00 		.ascii	" \021\016\000\000\000\000\200\200\200\000\000\000\016"
 3605      00000080 
 3605      80800000 
 3605      000E
 3606 043a 11202020 		.ascii	"\021   \021\000\000\000\000\200\200\210\370\000\000"
 3606      11000000 
 3606      00808088 
 3606      F80000
 3607 0449 0E112020 		.ascii	"\016\021  \020? \000\000\200\200\200\200\000\000\000"
 3607      103F2000 
 3607      00808080 
 3607      80000000 
 3608 0459 1F222222 		.ascii	"\037\"\"\"\"\023\000\000\200\200\360\210\210\210\030"
 3608      22130000 
 3608      8080F088 
 3608      888818
 3609 0468 0020203F 		.ascii	"\000  ?  \000\000\000\000\200\200\200\200\200\000\000"
 3609      20200000 
 3609      00008080 
 3609      80808000 
 3609      00
 3610 0479 6B949494 		.ascii	"k\224\224\224\223`\000\010\370\000\200\200\200\000\000"
 3610      93600008 
 3610      F8008080 
 3610      800000
 3611 0488 203F2100 		.ascii	" ?!\000\000 ? \000\200\230\230\000\000\000\000\000 "
 3611      00203F20 
 3611      00809898 
 3611      00000000 
 3611      0020
 3612 049a 203F2020 		.ascii	" ?  \000\000\000\000\000\200\230\230\000\000\000\300"
ARM GAS  C:\Users\honor\AppData\Local\Temp\ccuWKR9G.s 			page 100


 3612      00000000 
 3612      00809898 
 3612      000000C0 
 3613 04aa 8080807F 		.ascii	"\200\200\200\177\000\000\010\370\000\000\200\200\200"
 3613      000008F8 
 3613      00008080 
 3613      80
 3614 04b7 00203F24 		.ascii	"\000 ?$\002-0 \000\000\010\010\370\000\000\000\000\000"
 3614      022D3020 
 3614      00000808 
 3614      F8000000 
 3614      0000
 3615 04c9 20203F20 		.ascii	"  ?  \000\000\200\200\200\200\200\200\200\000 ? \000"
 3615      20000080 
 3615      80808080 
 3615      80800020 
 3615      3F2000
 3616 04dc 3F20003F 		.ascii	"? \000?\200\200\000\200\200\200\000\000 ?!\000\000 "
 3616      80800080 
 3616      80800000 
 3616      203F2100 
 3616      0020
 3617 04ee 3F200000 		.ascii	"? \000\000\200\200\200\200\000\000\000\037    \037\000"
 3617      80808080 
 3617      0000001F 
 3617      20202020 
 3617      1F00
 3618 0500 80800080 		.ascii	"\200\200\000\200\200\000\000\000\200\377\241  \021\016"
 3618      80000000 
 3618      80FFA120 
 3618      20110E
 3619 050f 00000000 		.ascii	"\000\000\000\000\200\200\200\200\000\000\016\021  \240"
 3619      80808080 
 3619      00000E11 
 3619      2020A0
 3620 051e FF808080 		.ascii	"\377\200\200\200\200\000\200\200\200\000  ?! \000\001"
 3620      80008080 
 3620      80002020 
 3620      3F212000 
 3620      01
 3621 052f 00000080 		.ascii	"\000\000\000\200\200\200\200\200\000\0003$$$$\031\000"
 3621      80808080 
 3621      00003324 
 3621      24242419 
 3621      00
 3622 0540 008080E0 		.ascii	"\000\200\200\340\200\200\000\000\000\000\000\037  \000"
 3622      80800000 
 3622      0000001F 
 3622      202000
 3623 054f 00808000 		.ascii	"\000\200\200\000\000\000\200\200\000\000\037   \020"
 3623      00008080 
 3623      00001F20 
 3623      202010
 3624 055e 3F208080 		.ascii	"? \200\200\200\000\000\200\200\200\000\001\0160\010"
 3624      80000080 
 3624      80800001 
 3624      0E3008
ARM GAS  C:\Users\honor\AppData\Local\Temp\ccuWKR9G.s 			page 101


 3625 056d 06010080 		.ascii	"\006\001\000\200\200\000\200\000\200\200\200\0170\014"
 3625      80008000 
 3625      8080800F 
 3625      300C
 3626 057b 030C300F 		.ascii	"\003\0140\017\000\000\200\200\000\200\200\200\000\000"
 3626      00008080 
 3626      00808080 
 3626      0000
 3627 0589 20312E0E 		.ascii	" 1.\0161 \000\200\200\200\000\000\200\200\200\200\201"
 3627      31200080 
 3627      80800000 
 3627      80808080 
 3627      81
 3628 059a 8E701806 		.ascii	"\216p\030\006\001\000\000\200\200\200\200\200\200\000"
 3628      01000080 
 3628      80808080 
 3628      8000
 3629 05a8 0021302C 		.ascii	"\000!0,\"!0\000\000\000\000\000\200|\002\002\000\000"
 3629      22213000 
 3629      00000000 
 3629      807C0202 
 3629      0000
 3630 05ba 0000003F 		.ascii	"\000\000\000?@@\000\000\000\000\377\000\000\000\000"
 3630      40400000 
 3630      0000FF00 
 3630      000000
 3631 05c9 000000FF 		.ascii	"\000\000\000\377\000\000\000\000\002\002|\200\000\000"
 3631      00000000 
 3631      02027C80 
 3631      0000
 3632 05d7 00004040 		.ascii	"\000\000@@?\000\000\000\000\000\006\001\001\002\002"
 3632      3F000000 
 3632      00000601 
 3632      010202
 3633 05e6 04040000 		.ascii	"\004\004\000\000\000\000\000\000\000\000"
 3633      00000000 
 3633      0000
 3634              		.text
 3635              	.Letext0:
 3636              		.file 2 "e:\\ng_circumstance\\arm\\arm-none-eabi\\include\\machine\\_default_types.h"
 3637              		.file 3 "e:\\ng_circumstance\\arm\\arm-none-eabi\\include\\sys\\_stdint.h"
 3638              		.file 4 "frameworks/f407/Drivers/CMSIS/Device/ST/STM32F4xx/Include/stm32f407xx.h"
 3639              		.file 5 "frameworks/f407/Drivers/STM32F4xx_HAL_Driver/Inc/stm32f4xx_hal_def.h"
 3640              		.file 6 "frameworks/f407/Drivers/STM32F4xx_HAL_Driver/Inc/stm32f4xx_hal_gpio.h"
 3641              		.file 7 "frameworks/f407/Drivers/STM32F4xx_HAL_Driver/Inc/stm32f4xx_hal_dma.h"
 3642              		.file 8 "frameworks/f407/Drivers/STM32F4xx_HAL_Driver/Inc/stm32f4xx_hal_spi.h"
 3643              		.file 9 "hal_bsp/hal/driver/spi_oled/ax_oled_1305.h"
 3644              		.file 10 "hal_bsp/hal/driver/spi_oled/ax_oled_ascii.h"
 3645              		.file 11 "frameworks/f407/Drivers/STM32F4xx_HAL_Driver/Inc/stm32f4xx_hal.h"
ARM GAS  C:\Users\honor\AppData\Local\Temp\ccuWKR9G.s 			page 102


DEFINED SYMBOLS
                            *ABS*:00000000 ax_oled_1305.c
C:\Users\honor\AppData\Local\Temp\ccuWKR9G.s:20     .text.SPI_Send_Byte:00000000 $t
C:\Users\honor\AppData\Local\Temp\ccuWKR9G.s:25     .text.SPI_Send_Byte:00000000 SPI_Send_Byte
C:\Users\honor\AppData\Local\Temp\ccuWKR9G.s:69     .text.SPI_Send_Byte:0000002c $d
C:\Users\honor\AppData\Local\Temp\ccuWKR9G.s:74     .text.OLED_WriteData:00000000 $t
C:\Users\honor\AppData\Local\Temp\ccuWKR9G.s:79     .text.OLED_WriteData:00000000 OLED_WriteData
C:\Users\honor\AppData\Local\Temp\ccuWKR9G.s:101    .text.OLED_Set_GPIO_RST:00000000 $t
C:\Users\honor\AppData\Local\Temp\ccuWKR9G.s:106    .text.OLED_Set_GPIO_RST:00000000 OLED_Set_GPIO_RST
C:\Users\honor\AppData\Local\Temp\ccuWKR9G.s:150    .text.OLED_Set_GPIO_RST:00000020 $d
C:\Users\honor\AppData\Local\Temp\ccuWKR9G.s:155    .text.OLED_Set_GPIO_DC:00000000 $t
C:\Users\honor\AppData\Local\Temp\ccuWKR9G.s:160    .text.OLED_Set_GPIO_DC:00000000 OLED_Set_GPIO_DC
C:\Users\honor\AppData\Local\Temp\ccuWKR9G.s:204    .text.OLED_Set_GPIO_DC:00000020 $d
C:\Users\honor\AppData\Local\Temp\ccuWKR9G.s:209    .text.OLED_WriteCmd:00000000 $t
C:\Users\honor\AppData\Local\Temp\ccuWKR9G.s:214    .text.OLED_WriteCmd:00000000 OLED_WriteCmd
C:\Users\honor\AppData\Local\Temp\ccuWKR9G.s:248    .text.OLED_Set_Pos:00000000 $t
C:\Users\honor\AppData\Local\Temp\ccuWKR9G.s:253    .text.OLED_Set_Pos:00000000 OLED_Set_Pos
C:\Users\honor\AppData\Local\Temp\ccuWKR9G.s:294    .text.AX_OLED_ClearScreen:00000000 $t
C:\Users\honor\AppData\Local\Temp\ccuWKR9G.s:300    .text.AX_OLED_ClearScreen:00000000 AX_OLED_ClearScreen
C:\Users\honor\AppData\Local\Temp\ccuWKR9G.s:377    .text.AX_OLED_Init:00000000 $t
C:\Users\honor\AppData\Local\Temp\ccuWKR9G.s:383    .text.AX_OLED_Init:00000000 AX_OLED_Init
C:\Users\honor\AppData\Local\Temp\ccuWKR9G.s:568    .text.AX_OLED_Init:000000ec $d
C:\Users\honor\AppData\Local\Temp\ccuWKR9G.s:573    .text.AX_OLED_DispChar:00000000 $t
C:\Users\honor\AppData\Local\Temp\ccuWKR9G.s:579    .text.AX_OLED_DispChar:00000000 AX_OLED_DispChar
C:\Users\honor\AppData\Local\Temp\ccuWKR9G.s:696    .text.AX_OLED_DispChar:0000005c $d
C:\Users\honor\AppData\Local\Temp\ccuWKR9G.s:701    .text.AX_OLED_DispStr:00000000 $t
C:\Users\honor\AppData\Local\Temp\ccuWKR9G.s:707    .text.AX_OLED_DispStr:00000000 AX_OLED_DispStr
C:\Users\honor\AppData\Local\Temp\ccuWKR9G.s:805    .text.AX_OLED_DispNum:00000000 $t
C:\Users\honor\AppData\Local\Temp\ccuWKR9G.s:811    .text.AX_OLED_DispNum:00000000 AX_OLED_DispNum
C:\Users\honor\AppData\Local\Temp\ccuWKR9G.s:843    .text.AX_OLED_DispInteger:00000000 $t
C:\Users\honor\AppData\Local\Temp\ccuWKR9G.s:849    .text.AX_OLED_DispInteger:00000000 AX_OLED_DispInteger
C:\Users\honor\AppData\Local\Temp\ccuWKR9G.s:1128   .text.AX_OLED_DispInteger:00000124 $d
C:\Users\honor\AppData\Local\Temp\ccuWKR9G.s:1133   .text.AX_OLED_Disp16Char:00000000 $t
C:\Users\honor\AppData\Local\Temp\ccuWKR9G.s:1139   .text.AX_OLED_Disp16Char:00000000 AX_OLED_Disp16Char
C:\Users\honor\AppData\Local\Temp\ccuWKR9G.s:1331   .text.AX_OLED_Disp16Char:000000ac $d
C:\Users\honor\AppData\Local\Temp\ccuWKR9G.s:1336   .text.AX_OLED_Disp16Str:00000000 $t
C:\Users\honor\AppData\Local\Temp\ccuWKR9G.s:1342   .text.AX_OLED_Disp16Str:00000000 AX_OLED_Disp16Str
C:\Users\honor\AppData\Local\Temp\ccuWKR9G.s:1440   .text.AX_OLED_Disp16Num:00000000 $t
C:\Users\honor\AppData\Local\Temp\ccuWKR9G.s:1446   .text.AX_OLED_Disp16Num:00000000 AX_OLED_Disp16Num
C:\Users\honor\AppData\Local\Temp\ccuWKR9G.s:1478   .text.AX_OLED_Disp16Integer:00000000 $t
C:\Users\honor\AppData\Local\Temp\ccuWKR9G.s:1484   .text.AX_OLED_Disp16Integer:00000000 AX_OLED_Disp16Integer
C:\Users\honor\AppData\Local\Temp\ccuWKR9G.s:1821   .text.AX_OLED_Disp16Integer:00000154 $d
C:\Users\honor\AppData\Local\Temp\ccuWKR9G.s:1826   .text.AX_OLED_DispChinese:00000000 $t
C:\Users\honor\AppData\Local\Temp\ccuWKR9G.s:1832   .text.AX_OLED_DispChinese:00000000 AX_OLED_DispChinese
C:\Users\honor\AppData\Local\Temp\ccuWKR9G.s:2012   .text.AX_OLED_DispPicture:00000000 $t
C:\Users\honor\AppData\Local\Temp\ccuWKR9G.s:2018   .text.AX_OLED_DispPicture:00000000 AX_OLED_DispPicture
C:\Users\honor\AppData\Local\Temp\ccuWKR9G.s:2165   .rodata.AX_OLED_DispFloat.str1.4:00000000 $d
C:\Users\honor\AppData\Local\Temp\ccuWKR9G.s:2196   .text.AX_OLED_DispFloat:00000000 $t
C:\Users\honor\AppData\Local\Temp\ccuWKR9G.s:2202   .text.AX_OLED_DispFloat:00000000 AX_OLED_DispFloat
C:\Users\honor\AppData\Local\Temp\ccuWKR9G.s:2855   .text.AX_OLED_DispFloat:00000324 $d
C:\Users\honor\AppData\Local\Temp\ccuWKR9G.s:2876   .text.AX_OLED_DispFloat:0000036c $t
C:\Users\honor\AppData\Local\Temp\ccuWKR9G.s:3228   .text.AX_OLED_DispFloat:00000528 $d
C:\Users\honor\AppData\Local\Temp\ccuWKR9G.s:3235   .text.AX_OLED_DispFloatAuto:00000000 $t
C:\Users\honor\AppData\Local\Temp\ccuWKR9G.s:3241   .text.AX_OLED_DispFloatAuto:00000000 AX_OLED_DispFloatAuto
C:\Users\honor\AppData\Local\Temp\ccuWKR9G.s:3412   .text.AX_OLED_DispFloatAuto:000000b0 $d
C:\Users\honor\AppData\Local\Temp\ccuWKR9G.s:3417   .text.AX_OLED_ClearLine:00000000 $t
C:\Users\honor\AppData\Local\Temp\ccuWKR9G.s:3423   .text.AX_OLED_ClearLine:00000000 AX_OLED_ClearLine
ARM GAS  C:\Users\honor\AppData\Local\Temp\ccuWKR9G.s 			page 103


C:\Users\honor\AppData\Local\Temp\ccuWKR9G.s:3501   .rodata.ASCII6X8:00000000 ASCII6X8
C:\Users\honor\AppData\Local\Temp\ccuWKR9G.s:3536   .rodata.ASCII8X16:00000000 ASCII8X16
C:\Users\honor\AppData\Local\Temp\ccuWKR9G.s:3490   .bss.ax_oled_config:00000000 $d
C:\Users\honor\AppData\Local\Temp\ccuWKR9G.s:3494   .bss.ax_oled_config:00000000 ax_oled_config
C:\Users\honor\AppData\Local\Temp\ccuWKR9G.s:3497   .rodata.ASCII6X8:00000000 $d
C:\Users\honor\AppData\Local\Temp\ccuWKR9G.s:3532   .rodata.ASCII8X16:00000000 $d

UNDEFINED SYMBOLS
HAL_SPI_TransmitReceive
HAL_GPIO_WritePin
HAL_Delay
__aeabi_f2d
__aeabi_ul2d
__aeabi_dmul
__aeabi_dadd
__aeabi_dcmpgt
__aeabi_dcmplt
__aeabi_d2lz
__aeabi_ldivmod
__aeabi_uldivmod
