:020000040800F2
:100000000000022059760008891100088B110008B1
:100010008D1100088F1100089111000800000000E8
:100020000000000000000000000000008146000801
:100030009311000800000000214700081B4200083F
:10004000A9760008A9760008A9760008A976000814
:10005000A9760008A9760008A9760008A976000804
:10006000A9760008A9760008A9760008951100086D
:10007000A9760008A5110008A9760008A97600084D
:10008000B5110008A9760008C5110008D5110008AF
:10009000E5110008F511000805120008A97600080E
:1000A000A9760008A976000815120008A9760008AC
:1000B000251200083512000845120008A97600082C
:1000C000A9760008A9760008A9760008A976000894
:1000D000A97600085512000865120008751200087C
:1000E000A9760008A9760008A9760008A976000874
:1000F00085120008A9760008A9760008A9760008EC
:10010000A9760008A976000895120008A9760008CB
:10011000A5120008B5120008A9760008A976000803
:10012000A9760008A9760008C5120008A97600087B
:10013000A9760008A9760008A9760008D51200085B
:10014000E5120008F512000805130008A97600085A
:10015000A9760008A9760008A9760008A976000803
:10016000A9760008A9760008A9760008A9760008F3
:10017000A9760008A9760008A9760008000000000A
:08018000A9760008A976000829
:1001900010B5054C237833B9044B13B10448AFF3C1
:1001A00000800123237010BDE40100200000000046
:1001B00080A2000808B5034B1BB103490348AFF305
:1001C000008008BD00000000E801002080A20008B7
:1001D000034613F8012B002AFBD1181A0138704787
:1001E00001F0FF01102A2BDB10F0070F08D010F8E8
:1001F000013B013A8B422DD010F0070F42B3F6D1EC
:10020000F0B441EA012141EA014122F007047FF004
:1002100000070023F0E80256083C85EA010586EA5B
:10022000010685FA47F5A3FA87F586FA47F6A5FA97
:1002300087F68EB9EED1F0BC01F0FF0102F00702A3
:1002400032B110F8013B013A83EA010313B1F8D14E
:100250000020704701387047002D06BF354603382F
:10026000073815F0010F07D1013015F4807F02BF68
:10027000013015F4C03F0130F0BC0138704700BFB9
:1002800081F0004102E000BF83F0004330B54FEA47
:1002900041044FEA430594EA050F08BF90EA020FB4
:1002A0001FBF54EA000C55EA020C7FEA645C7FEA47
:1002B000655C00F0E2804FEA5454D4EB5555B8BF6A
:1002C0006D420CDD2C4480EA020281EA030382EADB
:1002D000000083EA010180EA020281EA0303362D6D
:1002E00088BF30BD11F0004F4FEA01314FF4801C40
:1002F0004CEA113102D0404261EB410113F0004F52
:100300004FEA03334CEA133302D0524263EB430308
:1003100094EA050F00F0A780A4F10104D5F1200EA6
:100320000DDB02FA0EFC22FA05F2801841F1000101
:1003300003FA0EF2801843FA05F359410EE0A5F1D5
:1003400020050EF1200E012A03FA0EFC28BF4CF006
:10035000020C43FA05F3C01851EBE37101F00045BC
:1003600007D54FF0000EDCF1000C7EEB00006EEBC9
:100370000101B1F5801F1BD3B1F5001F0CD3490853
:100380005FEA30004FEA3C0C04F101044FEA4452AA
:1003900012F5800F80F09A80BCF1004F08BF5FEA31
:1003A000500C50F1000041EB045141EA050130BD11
:1003B0005FEA4C0C404141EB0101013C28BFB1F523
:1003C000801FE9D291F0000F04BF01460020B1FA6E
:1003D00081F308BF2033A3F10B03B3F120020CDA41
:1003E0000C3208DD02F1140CC2F10C0201FA0CF01F
:1003F00021FA02F10CE002F11402D8BFC2F1200C84
:1004000001FA02F120FA0CFCDCBF41EA0C01904039
:10041000E41AA2BF01EB0451294330BD6FEA040482
:100420001F3C1CDA0C340EDC04F11404C4F120026D
:1004300020FA04F001FA02F340EA030021FA04F37F
:1004400045EA030130BDC4F10C04C4F1200220FAD6
:1004500002F001FA04F340EA0300294630BD21FA14
:1004600004F0294630BD94F0000F83F4801306BFDA
:1004700081F480110134013D4EE77FEA645C18BFCE
:100480007FEA655C29D094EA050F08BF90EA020F65
:1004900005D054EA000C04BF1946104630BD91EA5D
:1004A000030F1EBF0021002030BD5FEA545C05D160
:1004B0004000494128BF41F0004130BD14F580049F
:1004C0003CBF01F5801130BD01F0004545F0FE4113
:1004D00041F470014FF0000030BD7FEA645C1ABF48
:1004E000194610467FEA655C1CBF0B46024650EA7F
:1004F000013406BF52EA033591EA030F41F40021AB
:1005000030BD00BF90F0000F04BF0021704730B530
:100510004FF4806404F132044FF000054FF0000105
:1005200050E700BF90F0000F04BF0021704730B5C6
:100530004FF4806404F1320410F0004548BF40429B
:100540004FF000013EE700BF42004FEAE2014FEAF0
:1005500031014FEA02701FBF12F07F4393F07F4FCB
:1005600081F06051704732F07F4208BF704793F0CE
:100570007F4F04BF41F40021704730B54FF46074E1
:1005800001F0004521F000411CE700BF50EA0102E4
:1005900008BF704730B54FF000050AE050EA01028D
:1005A00008BF704730B511F0004502D5404261EBFD
:1005B00041014FF4806404F132045FEA915C3FF43E
:1005C000D8AE4FF003025FEADC0C18BF03325FEADB
:1005D000DC0C18BF033202EBDC02C2F1200300FA8C
:1005E00003FC20FA02F001FA03FE40EA0E0021FAB1
:1005F00002F11444BDE600BF70B54FF0FF0C4CF49F
:10060000E06C1CEA11541DBF1CEA135594EA0C0F50
:1006100095EA0C0F00F0DEF82C4481EA030621EA8B
:100620004C5123EA4C5350EA013518BF52EA0335C6
:1006300041F4801143F4801338D0A0FB02CE4FF078
:100640000005E1FB02E506F00042E0FB03E54FF0A8
:100650000006E1FB03569CF0000F18BF4EF0010EA0
:10066000A4F1FF04B6F5007F64F5407404D25FEA9C
:100670004E0E6D4146EB060642EAC62141EA55514F
:100680004FEAC52040EA5E504FEACE2EB4F1FD0C91
:1006900088BFBCF5E06F1ED8BEF1004F08BF5FEA0F
:1006A000500E50F1000041EB045170BD06F00046C1
:1006B00046EA010140EA020081EA0301B4EB5C046E
:1006C000C2BFD4EB0C0541EA045170BD41F4801166
:1006D0004FF0000E013C00F3AB8014F1360FDEBF8B
:1006E000002001F0004170BDC4F10004203C35DA67
:1006F0000C341BDC04F11404C4F1200500FA05F3EA
:1007000020FA04F001FA05F240EA020001F000428A
:1007100021F0004110EBD37021FA04F642EB060100
:100720005EEA430E08BF20EAD37070BDC4F10C042A
:10073000C4F1200500FA04F320FA05F001FA04F2EE
:1007400040EA020001F0004110EBD37041F10001DA
:100750005EEA430E08BF20EAD37070BDC4F12005E5
:1007600000FA05F24EEA020E20FA04F301FA05F24D
:1007700043EA020321FA04F001F0004121FA04F2F5
:1007800020EA020000EBD3705EEA430E08BF20EAC5
:10079000D37070BD94F0000F0FD101F000464000FF
:1007A00041EB010111F4801F08BF013CF7D041EA81
:1007B000060195F0000F18BF704703F00046520085
:1007C00043EB030313F4801F08BF013DF7D043EA56
:1007D0000603704794EA0C0F0CEA135518BF95EA0C
:1007E0000C0F0CD050EA410618BF52EA4306D1D193
:1007F00081EA030101F000414FF0000070BD50EAB2
:10080000410606BF1046194652EA430619D094EA3B
:100810000C0F02D150EA013613D195EA0C0F05D125
:1008200052EA03361CBF104619460AD181EA030179
:1008300001F0004141F0FE4141F470014FF0000031
:1008400070BD41F0FE4141F4780170BD70B54FF0CC
:10085000FF0C4CF4E06C1CEA11541DBF1CEA13554C
:1008600094EA0C0F95EA0C0F00F0A7F8A4EB05042E
:1008700081EA030E52EA03354FEA013100F0888025
:100880004FEA03334FF0805545EA131343EA1263EE
:100890004FEA022245EA111545EA10654FEA0026A3
:1008A0000EF000419D4208BF964244F1FD0404F55C
:1008B000407402D25B084FEA3202B61A65EB0305B8
:1008C0005B084FEA32024FF480104FF4002CB6EB75
:1008D000020E75EB030E22BFB61A754640EA0C00F5
:1008E0005B084FEA3202B6EB020E75EB030E22BF35
:1008F000B61A754640EA5C005B084FEA3202B6EB76
:10090000020E75EB030E22BFB61A754640EA9C0034
:100910005B084FEA3202B6EB020E75EB030E22BF04
:10092000B61A754640EADC0055EA060E18D04FEAC2
:10093000051545EA16754FEA06164FEAC30343EA62
:1009400052734FEAC2025FEA1C1CC0D111F4801F2F
:100950000BD141EA00014FF000004FF0004CB6E728
:1009600011F4801F04BF01430020B4F1FD0C88BFC7
:10097000BCF5E06F3FF6AFAEB5EB030C04BFB6EBD2
:10098000020C5FEA500C50F1000041EB045170BDC5
:100990000EF0004E4EEA113114EB5C04C2BFD4EBF2
:1009A0000C0541EA045170BD41F480114FF0000E76
:1009B000013C90E645EA060E8DE60CEA135594EAF2
:1009C0000C0F08BF95EA0C0F3FF43BAF94EA0C0FF5
:1009D0000AD150EA01347FF434AF95EA0C0F7FF46A
:1009E00025AF104619462CE795EA0C0F06D152EABE
:1009F00003353FF4FDAE1046194622E750EA4106A2
:100A000018BF52EA43067FF4C5AE50EA41047FF4B2
:100A10000DAF52EA43057FF4EBAE12E74FF0FF3C17
:100A200006E000BF4FF0010C02E000BF4FF0010CE8
:100A30004DF804CD4FEA410C7FEA6C5C4FEA430C61
:100A400018BF7FEA6C5C1BD001B050EA410C0CBFB0
:100A500052EA430C91EA030F02BF90EA020F002012
:100A6000704710F1000F91EA030F58BF994208BF79
:100A700090422CBFD8176FEAE37040F00100704736
:100A80004FEA410C7FEA6C5C02D150EA013C07D18D
:100A90004FEA430C7FEA6C5CD6D152EA033CD3D0D8
:100AA0005DF8040B704700BF8446104662468C46D2
:100AB0001946634600E000BF01B5FFF7B7FF002805
:100AC00048BF10F1000F01BD4DF808EDFFF7F4FF2E
:100AD0000CBF012000205DF808FB00BF4DF808EDB9
:100AE000FFF7EAFF34BF012000205DF808FB00BFDC
:100AF0004DF808EDFFF7E0FF94BF012000205DF8FE
:100B000008FB00BF4DF808EDFFF7CEFF94BF0120B2
:100B100000205DF808FB00BF4DF808EDFFF7C4FFAB
:100B200034BF012000205DF808FB00BF4FEA410CF4
:100B30007FEA6C5C02D150EA013C0AD14FEA430CD7
:100B40007FEA6C5C02D152EA033C02D14FF0000014
:100B500070474FF0010070474FEA410212F5001252
:100B600015D211D56FF47873B3EB625212D94FEAF4
:100B7000C12343F0004343EA505311F0004F23FADE
:100B800002F018BF404270474FF00000704750EA33
:100B9000013005D111F0004008BF6FF000407047F0
:100BA0004FF00000704700BF53B94AB9002908BF91
:100BB00000281CBF4FF0FF314FF0FF3000F074B938
:100BC000ADF1080C6DE904CE00F006F8DDF804E0A4
:100BD000DDE9022304B070472DE9F047089D044683
:100BE0008E46002B4DD18A42944669D9B2FA82F2E0
:100BF00052B101FA02F3C2F1200120FA01F10CFA1C
:100C000002FC41EA030E94404FEA1C48210CBEFB53
:100C1000F8F61FFA8CF708FB16E341EA034306FBDC
:100C200007F199420AD91CEB030306F1FF3080F06B
:100C30001F81994240F21C81023E63445B1AA4B2B8
:100C4000B3FBF8F008FB103344EA034400FB07F75A
:100C5000A7420AD91CEB040400F1FF3380F00A819B
:100C6000A74240F207816444023840EA0640E41B90
:100C700000261DB1D4400023C5E900433146BDE83C
:100C8000F0878B4209D9002D00F0EF800026C5E9DE
:100C9000000130463146BDE8F087B3FA83F6002EF6
:100CA0004AD18B4202D3824200F2F980841A61EB6E
:100CB000030301209E46002DE0D0C5E9004EDDE78C
:100CC00002B9FFDEB2FA82F2002A40F09280A1EB74
:100CD0000C014FEA1C471FFA8CFE0126200CB1FBC9
:100CE000F7F307FB131140EA01410EFB03F08842C2
:100CF00008D91CEB010103F1FF3802D2884200F24F
:100D0000CB804346091AA4B2B1FBF7F007FB1011E0
:100D100044EA01440EFB00FEA64508D91CEB04047E
:100D200000F1FF3102D2A64500F2BB800846A4EBD9
:100D30000E0440EA03409CE7C6F12007B34022FAC4
:100D400007FC4CEA030C20FA07F401FA06F31C43F3
:100D5000F9404FEA1C4900FA06F3B1FBF9F8200C00
:100D60001FFA8CFE09FB181140EA014108FB0EF046
:100D7000884202FA06F20BD91CEB010108F1FF3A96
:100D800080F08880884240F28580A8F102086144A2
:100D9000091AA4B2B1FBF9F009FB101144EA0141B0
:100DA00000FB0EFE8E4508D91CEB010100F1FF345B
:100DB0006CD28E456AD90238614440EA0840A0FBF3
:100DC0000294A1EB0E01A142C846A64656D353D0C9
:100DD0005DB1B3EB080261EB0E0101FA07F722FAED
:100DE00006F3F1401F43C5E9007100263146BDE816
:100DF000F087C2F12003D8400CFA02FC21FA03F379
:100E0000914001434FEA1C471FFA8CFEB3FBF7F0F9
:100E100007FB10360B0C43EA064300FB0EF69E421E
:100E200004FA02F408D91CEB030300F1FF382FD2B7
:100E30009E422DD9023863449B1B89B2B3FBF7F65F
:100E400007FB163341EA034106FB0EF38B4208D938
:100E50001CEB010106F1FF3816D28B4214D9023E79
:100E60006144C91A46EA004638E72E46284605E797
:100E70000646E3E61846F8E64B45A9D2B9EB020868
:100E800064EB0C0E0138A3E74646EAE7204694E7F8
:100E90004046D1E7D0467BE7023B614432E730462B
:100EA00009E76444023842E7704700BF08B50268AA
:100EB000034B9A4200D008BD01F0ACF9FBE700BF3C
:100EC0000004014072B6FEE700B595B03022002163
:100ED00008A806F02BFC00230393049305930693C4
:100EE000079301931F4A116C41F080511164126CF9
:100EF00002F080520192019A02931B4A116841F458
:100F000080411160126802F480420292029A022229
:100F1000089201210B9110210C910E920F9308233E
:100F20001093A823119312920423139308A800F09E
:100F30005FFA98B90F2303930223049300230593C8
:100F40004FF4A05306934FF480530793052103A851
:100F500000F09CFC20B915B05DF804FBFFF7B2FF70
:100F6000FFF7B0FF003802400070004008B501F004
:100F700037F9FFF7A9FF00F02DF804F03FFC03F06C
:100F80004FFD03F06FFD03F0A1FD04F0E7FC04F05A
:100F900071FC05F0F5F804F093FE04F0C3FE04F0D4
:100FA000F7FE04F02BFF05F07BF905F0CBF904F018
:100FB0002DFE03F01BFD04F0F1FC03F06DFD04F0C9
:100FC000CFFD05F05FFF03F035F900F0A7F803F05F
:100FD00043F9FEE72DE9F0418CB000240794089412
:100FE00009940A940B9401943A4B1A6B42F0100244
:100FF0001A631A6B02F010020192019A02941A6BA2
:1010000042F080021A631A6B02F080020292029A86
:1010100003941A6B42F004021A631A6B02F0040282
:101020000392039A04941A6B42F001021A631A6B3A
:1010300002F001020492049A05941A6B42F0020233
:101040001A631A6B02F002020592059A06941A6B53
:1010500042F008021A631B6B03F008030693069B19
:10106000DFF87C8022465021404600F0F5FD1A4F03
:1010700001221821384600F0EFFD184E22460221C9
:10108000304600F0E9FD50230793012508950994A7
:101090000A9407A9404600F0EDFC18230793089531
:1010A00009940A9407A9384600F0E4FC07950894CF
:1010B000099507A9304600F0DDFC02230793089547
:1010C00009930A9407A9304600F0D4FC0CB0BDE89F
:1010D000F08100BF00380240000C024000100240C6
:1010E0000000024008B505F0E5FE012003F02EF9EE
:1010F000F9E708B5012003F029F9FBE708B501205D
:1011000003F024F9FBE708B540F6B83003F01EF908
:1011100005F0D8FE0A2003F019F9F9E708B50E4AE0
:1011200000210E4803F0B4F80D4B18600D4A002161
:101130000D4803F0ADF80D4B18600D4A00210D4825
:1011400003F0A6F80C4B18600C4A00210C4803F081
:101150009FF80C4B186008BDC8A20008E5100008F5
:1011600000020020ECA20008071100080402002081
:1011700010A30008F31000080802002034A30008A0
:10118000FD1000080C020020FEE7FEE7FEE7FEE788
:10119000FEE7704708B5024800F0DCFE08BD00BF5E
:1011A000104C002008B5024800F0D4FE08BD00BF76
:1011B000B04B002008B5024800F0CCFE08BD00BFCF
:1011C000D04C002008B5024805F0D6F908BD00BF94
:1011D000984E002008B5024805F0F0FB08BD00BF9E
:1011E000E44E002008B5024805F0E8FB08BD00BF4A
:1011F000E44E002008B5024805F0E0FB08BD00BF42
:10120000E44E002008B5024805F0D8FB08BD00BF39
:10121000E44E002008B5024801F01BF908BD00BFEC
:10122000E04F002008B5024801F013F908BD00BFE7
:101230007050002008B5024801F00BF908BD00BF4E
:10124000B850002008B5024801F003F908BD00BFFE
:101250000051002008B5024804F094F808BD00BF12
:10126000304D002008B5024804F08CF808BD00BFDE
:10127000784D002008B5024804F084F808BD00BF8E
:10128000C04D002008B5024801F0E3F808BD00BFDA
:101290001002002008B5024801F0DBF808BD00BFCD
:1012A0004851002008B5024804F06CF808BD00BFA2
:1012B000084E002008B5024804F064F808BD00BFDD
:1012C000504E002008B5024800F044FE08BD00BFA3
:1012D000704C002008B5024805F070FB08BD00BF47
:1012E0000C4F002008B5024805F068FB08BD00BFA0
:1012F0000C4F002008B5024805F060FB08BD00BF98
:101300000C4F002008B5024805F058FB08BD00BF8F
:101310000C4F002000B583B0002200920D4B596C99
:1013200041F480415964596C01F480410091009965
:101330000192196C41F0805119641B6C03F08053C9
:101340000193019B0F216FF0010000F003FF03B038
:101350005DF804FB0038024030B589B00546002432
:1013600001941E4B5A6C42F002025A645B6C03F00B
:1013700002030193019B02A903A800F05DFB00F0AA
:101380004BFB43001648A0FB03239B0C013B154875
:10139000154A026040F2E732C26043600461846033
:1013A000846101F06DF9044610B1204609B030BDEA
:1013B0000C4801F005F804460028F6D12C2000F076
:1013C00001FF0F2D01D90124EFE7002229462C202F
:1013D00000F0C0FE054B1D60E7E700BF003802408B
:1013E00083DE1B43100200200004014004000020A3
:1013F000002800F0E08170B582B00446036813F065
:10140000010F3BD09F4B9B6803F00C03042B2CD0A7
:101410009C4B9B6803F00C03082B21D06368B3F549
:10142000803F4FD0B3F5A02F52D0964B1A6822F4CC
:1014300080321A601A6822F480221A606368002BD6
:1014400050D000F0F3FE05468E4B1B6813F4003FAE
:1014500014D100F0EBFE401B6428F5D90320B1E164
:10146000884B5B6813F4800FD8D0864B1B6813F44D
:10147000003F03D06368002B00F09F81236813F0C6
:10148000020F54D07F4B9B6813F00C0F3ED07D4B66
:101490009B6803F00C03082B33D0E368002B68D063
:1014A000794B01221A6000F0C1FE0546754B1B689E
:1014B00013F0020F54D100F0B9FE401B0228F5D9F9
:1014C00003207FE16F4A136843F480331360B5E76C
:1014D0006C4B1A6842F480221A601A6842F4803217
:1014E0001A60ABE700F0A2FE0546664B1B6813F4DA
:1014F000003FC3D000F09AFE401B6428F5D90320BA
:1015000060E1604B5B6813F4800FC6D15D4B1B68D4
:1015100013F0020F03D0E368012B40F05081594AC9
:10152000136823F0F803216943EAC10313602368B9
:1015300013F0080F42D063696BB3534B0122C3F819
:10154000802E00F073FE05464E4B5B6F13F0020FCA
:1015500034D100F06BFE401B0228F5D9032031E1A5
:10156000484A136823F0F803216943EAC103136072
:10157000DDE7454B00221A6000F058FE0546414B5E
:101580001B6813F0020FD2D000F050FE401B02285F
:10159000F5D9032016E13C4B0022C3F8802E00F061
:1015A00045FE0546374B5B6F13F0020F06D000F087
:1015B0003DFE401B0228F5D9032003E1236813F008
:1015C000040F77D02F4B1B6C13F0805F33D10023B7
:1015D00001932C4B1A6C42F080521A641B6C03F07E
:1015E00080530193019B0125284B1B6813F4807FD6
:1015F00023D0A368012B34D0052B38D0214B1A6F90
:1016000022F001021A671A6F22F004021A67A36817
:10161000002B3DD000F00AFE06461A4B1B6F13F05C
:10162000020F46D100F002FE801B41F2883398423F
:10163000F3D90320C6E00025D6E7144A136843F423
:101640008073136000F0F2FD0646104B1B6813F424
:10165000807FCED100F0EAFD801B0228F5D903205F
:10166000B0E0084A136F43F001031367CFE7054B5F
:101670001A6F42F004021A671A6F42F001021A67E9
:10168000C5E700BF0038024000004742007000403C
:1016900000F0CCFD0646524B1B6F13F0020F08D032
:1016A00000F0C4FD801B41F288339842F3D9032037
:1016B00088E0EDB9A369002B00F08380484A926866
:1016C00002F00C02082A51D0022B17D0454B002201
:1016D0001A6600F0ABFD0446414B1B6813F0007F17
:1016E00042D000F0A3FD001B0228F5D9032069E0D9
:1016F0003B4A136C23F080531364DBE7394B002221
:101700001A6600F093FD0546354B1B6813F0007F09
:1017100006D000F08BFD401B0228F5D9032051E0D4
:10172000E369226A1343626A43EA8213A26A520897
:10173000013A43EA0243E26A43EA0263284A5360F9
:10174000284B01221A6600F071FD0446244B1B68E9
:1017500013F0007F06D100F069FD001B0228F5D9C7
:1017600003202FE000202DE000202BE0012B2BD0C8
:101770001B4B5B6803F48001E269914226D103F0C0
:101780003F02216A8A4223D1616A47F6C0721A4039
:10179000B2EB811F1ED103F44031A26A5208013A14
:1017A000B1EB024F18D103F07063E26AB3EB026F42
:1017B00014D1002006E001207047012002E0012042
:1017C00000E0002002B070BD0120FBE70120F9E736
:1017D0000120F7E70120F5E70120F3E70120F1E719
:1017E000003802400000474208B5254B9B6803F0D3
:1017F0000C03042B3FD0082B3FD1214B5A6802F039
:101800003F025B6813F4800F12D01D4B5968C1F37F
:1018100088111C480023A1FB0001FFF7C5F9184BF4
:101820005B68C3F3014301335B00B0FBF3F025E0D9
:10183000134B5968C1F3881C4FEA4C11B1EB0C00F3
:101840006EEB0E0E4FEA8E1343EA90638101091A84
:1018500063EB0E03DB0043EA5173C90011EB0C0C80
:1018600043F10003990200234FEA8C2041EA9C5186
:10187000FFF79AF9D3E7034800E0034808BD00BF2B
:101880000038024040787D010024F400002800F078
:101890009B8070B50D4604464F4B1B6803F0070351
:1018A0008B4208D2CBB24C4A1370136803F0070383
:1018B0008B4240F08B80236813F0020F17D013F097
:1018C000040F04D0454A936843F4E05393602368BF
:1018D00013F0080F04D0414A936843F460439360C7
:1018E0003E4A936823F0F003A1680B43936023689A
:1018F00013F0010F32D06368012B21D09A1E012A08
:1019000025D9364A126812F0020F61D033498A682D
:1019100022F0030213438B6000F088FC06462F4B35
:101920009B6803F00C036268B3EB820F16D000F0E3
:101930007DFC801B41F288339842F0D9032042E0BD
:10194000264A126812F4003FE0D101203BE0234A0E
:10195000126812F0007FD9D1012034E01E4B1B68C1
:1019600003F00703AB4207D9EAB21B4B1A701B689E
:1019700003F00703AB422DD1236813F0040F06D008
:10198000164A936823F4E053E1680B43936023689D
:1019900013F0080F07D0114A936823F460432169BC
:1019A00043EAC1039360FFF71FFF0C4B9B68C3F32F
:1019B00003130B4AD35CD8400A4B18600A4B1868D3
:1019C000FFF7CAFC002070BD012070470120FAE734
:1019D0000120F8E70120F6E7003C02400038024011
:1019E00060A300080800002004000020014B1868D4
:1019F000704700BF0800002008B5FFF7F7FF044B51
:101A00009B68C3F38223034AD35CD84008BD00BF60
:101A10000038024070A3000808B5FFF7E7FF044B49
:101A20009B68C3F34233034AD35CD84008BD00BF70
:101A30000038024070A300080F2303600B4B9A6824
:101A400002F0030242609A6802F0F00282609A6833
:101A500002F4E052C2609B68DB0803F4E0530361C8
:101A6000034B1B6803F007030B607047003802400C
:101A7000003C024000230F2B00F2E48070B582B0DE
:101A800060E085685E000324B44025EA0405CC6864
:101A9000B4402C438460456825EA02054C68C4F3D1
:101AA00000129A402A4342605AE0DC08083450F899
:101AB000246003F0070295000F22AA4026EA020ED6
:101AC0000A69AA4042EA0E0240F824205CE007229C
:101AD00000E0002202FA0EF22A4302345A4D45F881
:101AE00024205A4A94686FEA0C0224EA0C054E68D6
:101AF00016F4801F01D04CEA0405544CA560E4683C
:101B000002EA04054E6816F4001F01D04CEA0405F1
:101B10004E4CE560646802EA04054E6816F4003F26
:101B200001D04CEA0405494C6560246822404D68A8
:101B300015F4803F01D04CEA0402444C226001338A
:101B40000F2B7DD801229A400C6804EA020C32EA7D
:101B50000404F4D14C6804F00304013C012C90D936
:101B60004A6802F00302032A09D0C4685D00032218
:101B7000AA4024EA02048A68AA402243C2604A6852
:101B800002F00302022A90D004684FEA430E0322B7
:101B900002FA0EF224EA02044A6802F0030202FA90
:101BA0000EF2224302604A6812F4403FC7D000227E
:101BB0000192274A546C44F480445464526C02F4F9
:101BC00080420192019A9C08A51C1F4A52F8255098
:101BD00003F003024FEA820E0F2202FA0EF225EA08
:101BE00002051C4A90423FF474AF02F580629042B5
:101BF0001AD002F58062904218D002F580629042BD
:101C000016D002F58062904214D002F580629042B4
:101C100012D002F58062904210D002F580629042AC
:101C20003FF455AF082255E7012253E7022251E75E
:101C300003224FE704224DE705224BE7062249E73E
:101C400002B070BD704700BF00380140003C014049
:101C500000380240000002400AB181617047090467
:101C60008161704730B405682C6824F480242C60AE
:101C7000046863608368402B05D00368996003683B
:101C8000DA6030BC704703689A600368D960F8E78F
:101C900010B40368D9B210390C4AA2FB01421209F0
:101CA0000B4CA25CC2655F2909D923F47F7323F032
:101CB000030304338365806D5DF8044B704723F4A0
:101CC0007F7323F003038365F5E700BFABAAAAAADD
:101CD00058A30008836A826992B9012B0AD0022BAB
:101CE00002D00BB100207047C36A13F0807F28D167
:101CF00000207047C36AB3F1C07F24D00020704732
:101D0000B2F5005F09D0022B25D9032B25D1C36A78
:101D100013F0807F23D100207047032B03D8DFE826
:101D200003F01404140A00207047C36A13F0807F84
:101D30000DD100207047C36AB3F1C07F09D00020E5
:101D40007047012070470120704701207047012033
:101D50007047012070470120704700207047012024
:101D60007047000070B5044600F060FA002C5BD0AC
:101D70000546022384F83530002384F83430226885
:101D8000136823F00103136023681A6812F0010F2F
:101D90000AD000F04BFA431B052BF5D920236365CD
:101DA000032084F8350070BD1A682048104061682F
:101DB000A2680A43E1680A4321690A4361690A4348
:101DC000A1690A43E1690A43216A0A430243616A3D
:101DD00004291ED01A602668756925F00705636A14
:101DE0001D43042B07D1A36A1D43E36A1BB12046A0
:101DF000FFF770FF90B975612046FFF749FFE26D6C
:101E00003F239340836000206065012384F83530D0
:101E1000C9E7E16A206B01430A43DBE740236365BE
:101E2000012084F83500BEE70120BCE73F8010F0B8
:101E300038B50446856D90F8340001282BD0012078
:101E400084F8340094F83500C0B2012804D000238F
:101E500084F83430022038BD022084F83500002098
:101E600060652046FFF7FEFEE26D3F239340AB60C6
:101E70002268136843F016031360236C23B12268B1
:101E8000136843F0080313602268136843F00103EA
:101E900013600020DFE70220DDE770B50446866DA1
:101EA00000F0C4F994F83530DBB2022B06D0802361
:101EB0006365002384F83430012070BD0546226834
:101EC000136823F0160313602268536923F080031C
:101ED0005361236CE3B12268136823F00803136095
:101EE0002268136823F00103136023681B6813F052
:101EF000010F11D000F09AF9431B052BF5D92023CF
:101F00006365032084F83500002384F83430D4E777
:101F1000A36C002BDFD1E3E7E26D3F239340B36076
:101F2000012384F83530002084F83400C5E790F8A8
:101F30003530DBB2022B03D080234365012070478C
:101F4000052380F835300268136823F0010313601D
:101F500000207047F0B583B0044600230193724B14
:101F60001D68724BA3FB0535AD0A876D3E68C26DD7
:101F700008239340334210D003681A6812F0040F0C
:101F80000BD01A6822F004021A60C26D0823934035
:101F9000BB60436D43F001034365E26D0123934051
:101FA000334209D02268526912F0800F04D0BB601E
:101FB000636D43F002036365E26D04239340334293
:101FC00009D02268126812F0020F04D0BB60636D62
:101FD00043F004036365E26D10239340334224D041
:101FE0002268126812F0080F1FD0BB6023681A68BD
:101FF00012F4802F0DD01B6813F4002F04D1236C32
:102000009BB12046984710E0A36C73B120469847D7
:102010000BE01A6812F4807F03D11A6822F00802DC
:102020001A60236C0BB120469847E26D2023934041
:10203000334255D02268126812F0100F50D0BB60A6
:1020400094F83530DBB2052B0ED023681A6812F4F1
:10205000802F33D01B6813F4002F2AD1636C002B20
:102060003ED0204698473BE02268136823F01603D1
:1020700013602268536923F080035361236CA3B17A
:102080002268136823F008031360E26D3F23934036
:10209000BB60012384F83530002384F83430236D8D
:1020A000002B3FD0204698473CE0A36C002BE7D1A3
:1020B000EBE7E36BA3B12046984711E01A6812F4EE
:1020C000807F09D11A6822F010021A60012384F877
:1020D0003530002384F83430E36B0BB12046984749
:1020E000636DFBB1636D13F0010F17D0052384F806
:1020F00035302268136823F001031360019B01331C
:102100000193AB4204D823681B6813F0010FF5D18B
:10211000012384F83530002384F83430E36C0BB1AC
:102120002046984703B0F0BD08000020B5814E1B43
:10213000074AD36823F4E0631B041B0C000200F47D
:10214000E060034343F0BF6343F40033D360704760
:1021500000ED00E000B5194BDB68C3F30223C3F1C7
:10216000070CBCF1040F28BF4FF0040C03F1040E60
:10217000BEF1060F18D9033B4FF0FF3E0EFA0CFCE0
:1021800021EA0C0199400EFA03F322EA03031943F2
:1021900000280BDB0901C9B200F1604000F5614085
:1021A00080F800135DF804FB0023E5E700F00F0062
:1021B0000901C9B2024B1954F4E700BF00ED00E079
:1021C00014ED00E0002807DB00F01F0240090123A6
:1021D0009340024A42F82030704700BF00E100E01F
:1021E00008B50B4B1A6842F400721A601A6842F480
:1021F00080621A601A6842F480721A600320FFF746
:1022000097FF0F20FFF7A8F8FFF784F8002008BD1C
:10221000003C0240034A1168034B1B780B441360D7
:10222000704700BF5802002000000020014B1868D2
:10223000704700BF5802002030B4036A026A22F0DF
:10224000010202624268846924F073040D682C4321
:1022500023F0020C8B6843EA0C03104DA84203D014
:1022600005F58065A84205D123F00803CD682B430E
:1022700023F00403094DA84203D005F58065A84268
:1022800005D122F440724D692A438D692A43426088
:1022900084614A684263036230BC704700000140B9
:1022A00030B4036A026A22F4807202624268C4692E
:1022B00024F0730C0C6844EA0C0523F400738C685A
:1022C00043EA0423114CA04203D004F58064A042E9
:1022D00006D123F40063CC6843EA042323F480632B
:1022E0000A4CA04203D004F58064A04207D122F436
:1022F00040524C6942EA04128C6942EA041242607C
:10230000C5614A68C263036230BC70470000014087
:1023100030B4036A026A22F4805202624468C269DD
:1023200022F4E6420D6842EA052223F400538D6848
:1023300043EA0533094DA84203D005F58065A8425C
:1023400004D124F480444D6944EA85144460C26198
:102350004A680264036230BC704700BF000001405D
:1023600010B4036A046A24F001040462846924F04E
:10237000F00C4CEA021223F00A030B438261036261
:102380005DF8044B704710B4036A046A24F010042B
:102390000462846924F4704C4CEA023223F0A003F6
:1023A00043EA0113826103625DF8044B704783685E
:1023B00023F070030B4343F0070383607047000072
:1023C00090F83D30DBB2012B37D1022380F83D304D
:1023D0000268D36843F00103D3600368194A93424B
:1023E00020D0B3F1804F1DD0A2F57C42934219D08A
:1023F00002F58062934215D002F58062934211D0BB
:1024000002F5784293420DD002F57052934209D002
:10241000A2F59432934205D01A6842F001021A6084
:10242000002070479A6802F00702062A07D01A684F
:1024300042F001021A60002070470120704700201E
:10244000704700BF000001407047704770477047F9
:10245000704770B504460368DE681D6915F0020F09
:1024600010D016F0020F0DD06FF002021A61012396
:10247000037703689B6913F0030F5ED0FFF7E6FF55
:102480000023237715F0040F12D016F0040F0FD09D
:1024900023686FF004021A610223237723689B6983
:1024A00013F4407F4FD02046FFF7D0FF002323775F
:1024B00015F0080F12D016F0080F0FD023686FF038
:1024C00008021A61042323772368DB6913F0030FE2
:1024D00040D02046FFF7BAFF0023237715F0100FF6
:1024E00012D016F0100F0FD023686FF010021A618F
:1024F000082323772368DB6913F4407F31D020461B
:10250000FFF7A4FF0023237715F0010F02D016F088
:10251000010F2DD115F0800F02D016F0800F2FD1B2
:1025200015F0400F02D016F0400F31D115F0200FFA
:1025300002D016F0200F33D170BDFFF786FF204682
:10254000FFF785FF9CE72046FFF77FFF2046FFF758
:102550007EFFABE72046FFF778FF2046FFF777FFC7
:10256000BAE72046FFF771FF2046FFF770FFC9E783
:1025700023686FF001021A612046FEF797FCC9E755
:1025800023686FF080021A61204600F085FBC7E7E0
:1025900023686FF040021A612046FFF759FFC5E734
:1025A00023686FF020021A61204600F074FBC3E735
:1025B0000368324A904212D0B0F1804F0FD0A2F59A
:1025C0007C4290420BD002F58062904207D002F527
:1025D0008062904203D002F57842904203D123F00A
:1025E00070034A681343254A90422AD0B0F1804FC5
:1025F00027D0A2F57C42904223D002F5806290421F
:102600001FD002F5806290421BD002F578429042C2
:1026100017D002F57052904213D002F580629042BA
:102620000FD002F5806290420BD0A2F59832904212
:1026300007D002F58062904203D002F5806290429A
:1026400003D123F44073CA68134323F080034A691B
:1026500013438A68C2620A688262084A904203D0C1
:1026600002F58062904201D10A690263026842F079
:1026700004020260012242610360704700000140D1
:1026800040B310B5044690F83D30F3B1022384F80E
:102690003D30214651F8040BFFF78AFF012384F8EF
:1026A000463084F83E3084F83F3084F8403084F877
:1026B000413084F8423084F8433084F8443084F860
:1026C000453084F83D30002010BD80F83C3003F0E8
:1026D000CBFBDBE70120704740B310B5044690F810
:1026E0003D30F3B1022384F83D30214651F8040B0C
:1026F000FFF75EFF012384F8463084F83E3084F80B
:102700003F3084F8403084F8413084F8423084F817
:10271000433084F8443084F8453084F83D3000205C
:1027200010BD80F83C30FFF78FFEDBE701207047DB
:10273000002856D0F8B50D46044690F83D30002BE1
:102740004AD0022384F83D302268936823F4804302
:1027500023F007039360214651F8040BFFF728FF8D
:1027600021688A688B690E6A2868104323F4407CCC
:102770002CF0030CAA68AB6942EA032343EA0C037A
:1027800023F47C4323F0FC03EA69EF6847EA022C58
:102790004CEA030C2A6A13032A6943EA021343EA48
:1027A0000C0326F0AA066A686D6942EA05123243F4
:1027B000886021688B6123681A62012384F846309F
:1027C00084F83E3084F83F3084F8423084F8433057
:1027D00084F83D300020F8BD80F83C3003F08AFBDF
:1027E000AFE701207047000030B4036A026A22F0AC
:1027F000100202624468826922F4E6420D6842EAED
:10280000052223F020038D6843EA0513114DA842E9
:1028100003D005F58065A84206D123F08003CD687A
:1028200043EA051323F040030A4DA84203D005F5FF
:102830008065A84207D124F440644D6944EA8504C8
:102840008D6944EA8504446082614A688263036258
:1028500030BC70470000014038B590F83C30012B87
:1028600066D004460D46012380F83C300C2A5AD825
:10287000DFE802F0075959591B595959305959592C
:1028800044000068FFF7D8FC2268936943F008030E
:1028900093612268936923F004039361226893692A
:1028A00029690B43936100203EE00068FFF79CFF1D
:1028B0002268936943F4006393612268936923F467
:1028C0008063936122689369296943EA01239361D4
:1028D000002029E00068FFF7E3FC2268D36943F099
:1028E0000803D3612268D36923F00403D36122680B
:1028F000D36929690B43D361002015E00068FFF715
:1029000007FD2268D36943F40063D3612268D36969
:1029100023F48063D3612268D369296943EA0123E0
:10292000D361002000E00120002384F83C3038BD52
:102930000220FCE710B4846824F47F4C42EA0322AE
:102940000A4342EA0C0282605DF8044B704790F83B
:102950003C30012B78D010B50446012380F83C3080
:10296000022380F83D300268936823F47F4323F00C
:10297000770393600B68602B4CD029D8402B54D040
:102980000CD9502B22D1CA6849680068FFF7E8FCCF
:1029900050212068FFF70BFD002005E0202B0DD013
:1029A00009D9302B0AD00120012384F83D300023BF
:1029B00084F83C3010BD0BB1102B05D119462068AE
:1029C000FFF7F5FC0020EFE70120EDE70120EBE742
:1029D000B3F5805F34D0B3F5005F0CD1CB684A68A3
:1029E00089680068FFF7A6FF2268936843F4804374
:1029F00093600020D8E7702B24D1CB684A6889689F
:102A00000068FFF797FF2268936843F077039360AD
:102A10000020C9E7CA6849680068FFF7B4FC602174
:102A20002068FFF7C4FC0020BEE7CA684968006858
:102A3000FFF796FC40212068FFF7B9FC0020B3E7C0
:102A40000020B1E70120AFE70220704701F01F012D
:102A5000012303FA01FC036A23EA0C030362036AFD
:102A600002FA01F10B4303627047000010B50446FF
:102A70000846C1B994F83E30DBB2013B18BF0123D0
:102A8000002B40F0918038BB022384F83E300C28A4
:102A900000F28C80DFE800F0308A8A8A6B8A8A8AAA
:102AA000718A8A8A7700042908D008290DD094F801
:102AB0004130DBB2013B18BF0123E1E794F83F301E
:102AC000DBB2013B18BF0123DAE794F84030DBB2F8
:102AD000013B18BF0123D3E7042805D0082807D0FD
:102AE000022384F84130D2E7022384F83F30CEE756
:102AF000022384F84030CAE72268D36843F0020317
:102B0000D360012201462068FFF7A0FF2368294A0D
:102B1000934203D002F58062934203D15A6C42F48F
:102B200000425A642368234A934232D0B3F1804F63
:102B30002FD0A2F57C4293422BD002F580629342C3
:102B400027D002F58062934223D002F57842934267
:102B50001FD002F5705293421BD0A2F594329342DB
:102B600017D01A6842F001021A6000201FE02268A4
:102B7000D36843F00403D360C3E72268D36843F00B
:102B80000803D360BDE72268D36843F01003D36025
:102B9000B7E79A6802F00702062A09D01A6842F0DD
:102BA00001021A60002002E0012000E0012010BDB7
:102BB0000020FCE70000014090F83C30012B3DD0A4
:102BC00010B4012380F83C30022380F83D300368C4
:102BD0005A689C6822F0700C0A6842EA0C025A603B
:102BE0000368174A93421AD0B3F1804F17D0A2F569
:102BF0007C42934213D002F5806293420FD002F5DB
:102C0000806293420BD002F57842934207D002F5DE
:102C10007052934203D0A2F59432934204D124F02F
:102C200080044A6814439C60012380F83D300023EF
:102C300080F83C3018465DF8044B7047022070471E
:102C40000000014090F83C30012B22D0012380F895
:102C50003C30CB6823F440738A68134323F48063C9
:102C60004A68134323F400630A68134323F4805330
:102C70000A69134323F400534A69134323F480433E
:102C8000CA69134302685364002380F83C30184635
:102C9000704702207047704770470000034AD2F81F
:102CA000883043F47003C2F88830704700ED00E0CC
:102CB00000F1080343604FF0FF328260C36003619C
:102CC00000230360704700230361704743684B6033
:102CD0009A688A60516099600861036801330360F3
:102CE000704730B40D68B5F1FF3F11D000F1080313
:102CF0001C465B681A68AA42FAD963684B609960FF
:102D00008C606160086103680133036030BC704708
:102D10000469F2E70369416882688A60416851602A
:102D20005A68824206D0002202611A68013A1A608B
:102D30001868704782685A60F5E710B5044601F0DC
:102D4000B1FCA26BE36B9A4204D0002401F0CCFCEE
:102D5000204610BD0124F9E710B5044601F0A2FC9D
:102D6000A36B23B9012401F0BFFC204610BD002451
:102D7000F9E770B504461546866B026C5AB90368CC
:102D80001BB100200136A66370BD806800F0D4FF3F
:102D90000023A360F6E76DB9406804F0B9FC226C2B
:102DA000636813446360A268934219D32368636025
:102DB0002846E7E7C06804F0ABFC226C5142E368A8
:102DC0009B1AE3602268934202D2A3680B44E3603B
:102DD000022D01D00020D5E726B1013E0020D1E729
:102DE0002846CFE70020CDE70346026C6AB110B554
:102DF0000846D9681144D9609C68A14201D319687A
:102E0000D960D96804F084FC10BD704738B5054618
:102E100001F048FC95F8454064B201E0013C64B221
:102E2000002C0ADD6B6A43B105F1240000F0DAFEE4
:102E30000028F3D000F06AFFF0E7FF2385F8453063
:102E400001F052FC01F02EFC95F8444064B201E020
:102E5000013C64B2002C0ADD2B6943B105F110007E
:102E600000F0C0FE0028F3D000F050FFF0E7FF2391
:102E700085F8443001F038FC38BD38B5E0B10D4676
:102E8000044601F00FFC2368E26B216C01FB023069
:102E9000A0600020A0636360013A02FB0133E3609D
:102EA000FF2384F8443084F84530FDB9236963B9C1
:102EB00001F01AFC012038BD4FF0500383F3118854
:102EC000BFF36F8FBFF34F8FFEE704F1100000F0E8
:102ED00089FE0028ECD04FF0E0234FF08052C3F879
:102EE000042DBFF34F8FBFF36F8FE1E704F11000A4
:102EF000FFF7DEFE04F12400FFF7DAFED8E738B56D
:102F00001D46049C0B4649B92460E06323640121FB
:102F10002046FFF7B2FF84F84C5038BD2260F4E73A
:102F200040B94FF0500383F31188BFF36F8FBFF3A5
:102F30004F8FFEE710B584B01C46844653B192B162
:102F400089B94FF0500383F31188BFF36F8FBFF33C
:102F50004F8FFEE74FF0500383F31188BFF36F8F5D
:102F6000BFF34F8FFEE76AB150230393039B502BAF
:102F700013D04FF0500383F31188BFF36F8FBFF36B
:102F80004F8FFEE70029EFD04FF0500383F31188F5
:102F9000BFF36F8FBFF34F8FFEE7039B012384F8CE
:102FA000463000949DF818306046FFF7A8FF204691
:102FB00004B010BDF0B585B0019288B10F461D4632
:102FC0000446B1B1022D20D1E36B012B1DD04FF08F
:102FD000500383F31188BFF36F8FBFF34F8FFEE76A
:102FE0004FF0500383F31188BFF36F8FBFF34F8F00
:102FF000FEE7036C002BE5D04FF0500383F31188FC
:10300000BFF36F8FBFF34F8FFEE700F085FE0646DC
:1030100058B9019B002B48D04FF0500383F311881F
:10302000BFF36F8FBFF34F8FFEE700263DE02A46C8
:1030300039462046FFF79DFE636A7BB948B14FF0E1
:10304000E0234FF08052C3F8042DBFF34F8FBFF33E
:103050006F8F01F049FB012005B0F0BD04F12400A1
:1030600000F0C0FD0028F4D04FF0E0234FF0805274
:10307000C3F8042DBFF34F8FBFF36F8FE9E701F063
:1030800033FB0020E8E702A800F0F2FD012619E07A
:10309000002384F8443021E0002384F8453023E005
:1030A0002046FFF7B3FE00F07DFC01F0FBFAA26BB7
:1030B000E36B9A42BBD3022DB9D0019B002BDED02B
:1030C000002EE0D001F010FB00F0D2FB01F0EAFA94
:1030D00094F8442052B2B2F1FF3FD9D094F8452081
:1030E00052B2B2F1FF3FD7D001F0FEFA01A902A817
:1030F00000F0CAFDD8B92046FFF71FFE0028CFD048
:10310000019904F1100000F039FD2046FFF77EFE22
:1031100000F048FC0028C8D14FF0E0234FF0805267
:10312000C3F8042DBFF34F8FBFF36F8FBDE7204669
:10313000FFF76CFE00F036FC00208DE72DE9F84328
:1031400090B10F4616461C460546B1B1022C20D15F
:10315000EB6B012B1DD04FF0500383F31188BFF3AD
:103160006F8FBFF34F8FFEE74FF0500383F311884B
:10317000BFF36F8FBFF34F8FFEE7036C002BE5D0DB
:103180004FF0500383F31188BFF36F8FBFF34F8F5E
:10319000FEE701F0ADFBEFF311894FF0500383F32D
:1031A0001188BFF36F8FBFF34F8FAA6BEB6B9A42FF
:1031B00006D3022C04D0002089F31188BDE8F883DF
:1031C00095F845804FFA88F8AB6B22463946284679
:1031D000FFF7CFFDB8F1FF3F06D008F101035BB266
:1031E00085F845300120E7E76B6A0BB90120E3E77A
:1031F00005F1240000F0F6FC18B126B10120306082
:10320000DAE70120D8E70120D6E7F0B585B00192D2
:1032100090B10F460446C1B100F07EFD064600BBEA
:10322000019B002B5ED04FF0500383F31188BFF356
:103230006F8FBFF34F8FFEE74FF0500383F311887A
:10324000BFF36F8FBFF34F8FFEE7036C002BE3D00C
:103250004FF0500383F31188BFF36F8FBFF34F8F8D
:10326000FEE700263EE039462046FFF7BDFD013D62
:10327000A563236923B901F037FA012005B0F0BD39
:1032800004F1100000F0AEFC0028F4D04FF0E02371
:103290004FF08052C3F8042DBFF34F8FBFF36F8FF1
:1032A000E9E701F021FA0020E8E702A800F0E0FCDD
:1032B000012621E0002384F8443029E0002384F82B
:1032C00045302BE02046FFF7A1FD00F06BFB09E045
:1032D0002046FFF79BFD00F065FB2046FFF73CFD15
:1032E00000283FD101F0DEF9A56B002DBBD1019B79
:1032F000002BD6D0002ED8D001F0F6F900F0B8FAA5
:1033000001F0D0F994F844305BB2B3F1FF3FD1D073
:1033100094F845305BB2B3F1FF3FCFD001F0E4F950
:1033200001A902A800F0B0FC0028D1D12046FFF787
:1033300013FD0028C6D0019904F1240000F01EFC02
:103340002046FFF763FD00F02DFB0028CAD14FF0A7
:10335000E0234FF08052C3F8042DBFF34F8FBFF32B
:103360006F8FBFE7002089E70023072B0CD8074A9F
:1033700052F833200AB10133F7E7044A42F8331018
:1033800002EBC30358607047704700BF5C02002027
:1033900070B504460D46164601F084F994F84430A1
:1033A0005BB2B3F1FF3F0DD094F845305BB2B3F19F
:1033B000FF3F0BD001F098F9A36B5BB12046FFF7FC
:1033C00025FD70BD002384F84430EDE7002384F828
:1033D0004530EFE73246294604F1240000F0E6FBD1
:1033E000ECE70000084B1B681B6823B9074B4FF044
:1033F000FF321A607047044B1B68DB68DB685A6851
:10340000024B1A60704700BFA0020020480700204E
:103410002DE9F04780460D4617469946089EDDF88F
:1034200024A00A9C9200A521206B04F07FF9236B55
:1034300007F18042013A03EB820727F00707B5B393
:103440004FF0000CBCF10F0F0BD815F80C2004EB5B
:103450000C0383F8342015F80C3013B10CF1010C77
:10346000F0E7002384F84330372E00D93726E66290
:10347000E66400252565201DFFF725FC04F11800F2
:10348000FFF721FC2461C6F13806A6616462656518
:1034900084F858504A464146384601F0DBF820602F
:1034A000BAF1000F01D0CAF80040BDE8F087002350
:1034B00084F83430D8E7000038B5002407E004EB86
:1034C000840293000E481844FFF7F2FB0134372CB6
:1034D000F5D90C4D2846FFF7EBFB0B4C2046FFF7C8
:1034E000E7FB0A48FFF7E4FB0948FFF7E1FB09485F
:1034F000FFF7DEFB084B1D60084B1C6038BD00BFAA
:10350000A80200201C0700203007002054070020DC
:10351000800700206C070020A0020020A4020020E9
:1035200010B5044601F0BEF8224A13680133136057
:10353000214B1B685BB1214B1B686BB91E4B1B6891
:10354000DA6AE36A9A4207D81B4B1C6004E01A4B04
:103550001C601368012B29D0194A136801331360CA
:103560006364E06A174B1B68984201D9154B1860D9
:1035700000EB8000211D144B03EB8000FFF7A6FB3E
:1035800001F0B2F80D4B1B687BB10B4B1B68DA6A7C
:10359000E36A9A4209D24FF0E0234FF08052C3F819
:1035A000042DBFF34F8FBFF36F8F10BDFFF784FF64
:1035B000D2E700BF080700209C0200206807002017
:1035C0001407002018070020A802002010B50446A8
:1035D00090F8593063B1012B11D0022B0ED04FF06F
:1035E000500383F31188BFF36F8FBFF34F8FFEE754
:1035F000006B00F0B3FF204600F0B0FF10BD00F0FC
:10360000ADFFFBE70F4B1B68D3B110B501F04AF8D3
:103610000D4BDB68DC68201DFFF77CFB0B4A136851
:10362000013B1360074A1368013B136001F05CF82B
:103630002046FFF7CBFF034B1B68002BE6D110BDE4
:10364000704700BF0C0700208007002008070020FB
:1036500008B5FFF7D7FF074B1B68012BF9D94FF0CF
:10366000E0234FF08052C3F8042DBFF34F8FBFF318
:103670006F8FEEE7A802002070B504460D46174B89
:103680001E68174B18680430FFF744FBB4F1FF3F86
:103690000DD03444124B1B685C60A64210D9114B0C
:1036A00018680F4B19680431FFF71BFB70BD002D24
:1036B000EFD00B4B196804310B48FFF707FBF5E718
:1036C0000A4B1868064B19680431FFF70AFB084BD0
:1036D0001B68A342EAD9064B1C60E7E79407002069
:1036E0009C020020A40200206C070020A002002001
:1036F0004807002030B587B00B9C7CB10C9DB5B15C
:103700005C250495049D5C2D1AD04FF0500383F383
:103710001188BFF36F8FBFF34F8FFEE74FF0500359
:1037200083F31188BFF36F8FBFF34F8FFEE74FF026
:10373000500383F31188BFF36F8FBFF34F8FFEE702
:10374000049D0C9D2C63022485F8594000240394A9
:10375000029505AC01940A9C0094FFF759FE0C9861
:10376000FFF7DEFE059807B030BD2DE9F04385B0C8
:103770000746884614461E46900000F071FE00B3CE
:1037800081465C2000F06CFE0546B0B1C0F8309078
:10379000E5B1002385F85930039302950D9B019301
:1037A0000C9B00933346224641463846FFF730FED5
:1037B0002846FFF7B5FE012005E0484600F0CEFEA2
:1037C000E6E74FF0FF3005B0BDE8F0834FF0FF3083
:1037D000F9E7000010B588B000240594069407AA04
:1037E00006A905A800F0C0FD059B0293069B019366
:1037F00000942346079A18491848FFF77BFF184B97
:10380000186040B100F04CFB012806D0B0F1FF3F3A
:1038100018D008B010BD0020F6E74FF0500383F336
:103820001188BFF36F8FBFF34F8F0E4B4FF0FF32F6
:103830001A600D4B01221A600C4B00221A6000F036
:10384000CBFFE6E74FF0500383F31188BFF36F8F90
:10385000BFF34F8FFEE700BF78A300085136000882
:103860004407002048070020680700209407002034
:10387000024A136801331360704700BF100700202D
:10388000014B1868704700BF94070020F8B53A4B09
:103890001B68002B69D1394B1D6801351D60C5B906
:1038A000374B1B681B6843B14FF0500383F31188FB
:1038B000BFF36F8FBFF34F8FFEE7314A1168314B73
:1038C000186810601960304A136801331360FFF7FD
:1038D00089FD2E4B1B68AB423DD900272C4B1B6842
:1038E000DB6A03EB83039A002A4B9B58012B00D918
:1038F0000127294B1B68002B3CD001273AE0012708
:103900001F4B1B681B6843B31D4B1B68DB68DC68DF
:1039100063689D4226D3261D3046FFF7FBF9A36A54
:103920001BB104F11800FFF7F5F9E36A1B4A1268AE
:10393000934201D9194A136003EB83039A0031467D
:1039400014481044FFF7C2F9E26A114B1B68DB6AA6
:103950009A42D4D2D4E70027D2E70C4B4FF0FF3283
:103960001A60BBE7094A1360B8E70D4A13680133D0
:10397000136000273846F8BD100700209407002088
:10398000A0020020A40200204C07002048070020CD
:103990009C020020A80200209807002018070020A1
:1039A0005007002038B5354B1B6843B94FF0500322
:1039B00083F31188BFF36F8FBFF34F8FFEE700F0E3
:1039C00071FE2E4B1A68013A1A601B68002B4FD10A
:1039D0002B4B1B680BB900244BE00024294B1B68C0
:1039E0001BB3284BDB68DC6804F11800FFF792F981
:1039F000251D2846FFF78EF9E06A234B1B68984285
:103A000001D9214B186000EB800029461F4B03EBC6
:103A10008000FFF75BF9E26A1D4B1B68DB6A9A4284
:103A2000DCD31C4B01221A60D8E70CB1FFF7DAFC9B
:103A3000194B1C6884B9174B1C68D4B14FF0E023B4
:103A40004FF08052C3F8042DBFF34F8FBFF36F8F39
:103A500001240EE0013C07D0FFF718FF0028F9D041
:103A60000C4B01221A60F5E70B4B00221A60E2E7CB
:103A7000002400F039FE204638BD00BF10070020AA
:103A8000080700205407002018070020A802002083
:103A90009C020020980700205007002010B5A8B114
:103AA0000446104B1B6843B14FF0500383F3118859
:103AB000BFF36F8FBFF34F8FFEE7FFF7D9FE0021F3
:103AC0002046FFF7D9FDFFF76DFF48B94FF0E0231F
:103AD0004FF08052C3F8042DBFF34F8FBFF36F8FA9
:103AE00010BD00BF100700201F4B1B681BB11F4BF0
:103AF00001221A6070471D4B00221A601C4B1B6884
:103B000003EB83018A001B498A585AB90BB1013B68
:103B1000F6E74FF0500383F31188BFF36F8FBFF3C5
:103B20004F8FFEE703EB830082000A445068406831
:103B3000506003EB830C4FEA8C0208321144884238
:103B40000BD003EB830291000A4A0A445268D16801
:103B5000094A1160064A1360704740686246910046
:103B6000044A0A445060ECE7100700209807002040
:103B700018070020A80200209C02002058B110B5B0
:103B80000C46094A11681831FFF7ABF801212046AD
:103B9000FFF772FD10BD4FF0500383F31188BFF3A0
:103BA0006F8FBFF34F8FFEE79C02002038B570B1D6
:103BB0000D4614460A4A11681831FFF787F80CB110
:103BC0004FF0FF3521462846FFF756FD38BD4FF030
:103BD000500383F31188BFF36F8FBFF34F8FFEE75E
:103BE0009C02002038B5C368DC6824B304F11805D2
:103BF0002846FFF78FF8184B1B682BBB251D28465E
:103C0000FFF788F8E06A154B1B68984201D9134BFF
:103C1000186000EB80002946114B03EB8000FFF792
:103C200055F8E26A0F4B1B68DB6A9A4211D90120F2
:103C30000D4B186038BD4FF0500383F31188BFF36C
:103C40006F8FBFF34F8FFEE729460848FFF73EF816
:103C5000E7E70020EEE700BF10070020180700206C
:103C6000A80200209C020020980700205407002092
:103C7000034B1B680360034B1B684360704700BF26
:103C80004C07002094070020F8B5C8B10C46054643
:103C9000F9B100F007FD1B4B19686B68C81A226860
:103CA000B2F1FF3F26D0184E36682F68B74201D0D8
:103CB0008B4224D9824215D80023236001241AE0C4
:103CC0004FF0500383F31188BFF36F8FBFF34F8F13
:103CD000FEE74FF0500383F31188BFF36F8FBFF3FC
:103CE0004F8FFEE75B1A134423602846FFF7C0FF9F
:103CF000002400E0002400F0F7FC2046F8BD012479
:103D0000F9E700BF940700204C070020014B012277
:103D10001A60704798070020054B1B6833B1054BAC
:103D20001B680BB1002070470220704701207047CC
:103D3000680700201007002000283BD038B5044653
:103D40001E4B1B68834208D04FF0500383F3118849
:103D5000BFF36F8FBFF34F8FFEE7036D43B94FF093
:103D6000500383F31188BFF36F8FBFF34F8FFEE7CC
:103D7000013B0365C16AC26C91421DD00BB10020AA
:103D800038BD051D2846FEF7C5FFE06CE062C0F1B6
:103D90003803A3610A4B1B68984201D9084B18608D
:103DA00000EB80002946074B03EB8000FEF78EFFF7
:103DB0000120E5E7002070470020E1E79C02002099
:103DC00018070020A8020020064B1A6813682BB9B8
:103DD0000123036023B9D368186870470023F8E70C
:103DE000002070479C07002008B5416000619142A7
:103DF0000CD8D21A83699A4201D3012008BD011D53
:103E0000094B1868FEF76DFF0020F7E79A4201D2D0
:103E1000994206D2011D054B1868FEF762FF00208B
:103E2000ECE70120EAE700BFA00700209C07002084
:103E300030B583B000F036FC114B1B681BB100F0AD
:103E400053FC03B030BD0F4D2846FEF731FF0E4C3A
:103E50002046FEF72DFF0D4B1D600D4B1C6000230F
:103E600000930C4B0C4A10210A20FFF759F8044B21
:103E700018600028E3D00949FFF776FADFE700BFB2
:103E8000C008002044080020580800209C0700209B
:103E9000A007002070080020A407002080A30008CD
:103EA00010B588B0FFF7C4FF124B1B68CBB10024DC
:103EB0000594069407AA06A905A800F061FA059BD7
:103EC0000293069B0193022300932346079A0A4913
:103ED0000A48FFF70FFC0A4B186010B1012008B028
:103EE00010BD4FF0500383F31188BFF36F8FBFF302
:103EF0004F8FFEE7C008002088A300080542000895
:103F0000C4080020B8B19C4603461848006858B35E
:103F100000B585B000910192029305291CDCFFF7E2
:103F2000FBFE022810D000231A4669460F4800689D
:103F3000FFF740F815E04FF0500383F31188BFF30B
:103F40006F8FBFF34F8FFEE70023069A694607483D
:103F50000068FFF72FF804E0002362466946FFF788
:103F6000EDF805B05DF804FB00207047C0080020A4
:103F700070B582B01B4B1B681A6862B3DB681E68A1
:103F8000DC68251D2846FEF7C5FE236A20469847B3
:103F900094F8283013F0040FECD0A36933449E4208
:103FA00007D26360246129460E4B1868FEF799FE1C
:103FB000E0E7002100910B4632462046FFF7A2FFC2
:103FC0000028D7D14FF0500383F31188BFF36F8FD0
:103FD000BFF34F8FFEE7044A106802490860136080
:103FE00002B070BD9C070020A007002038B5054630
:103FF000FFF746FC0446074B1B68834205D80023A5
:104000002B60044B1C60204638BDFFF7B1FF012335
:104010002B60F6E76C08002070B582B006460D46AE
:1040200017490968C968CC68201DFEF773FE94F82B
:1040300028C01CF0040F08D12CF0010C84F828C013
:10404000236A2046984702B070BDA16933462A46CC
:1040500031442046FFF7C8FE0028F1D0002100912E
:104060000B4632462046FFF74DFF0028E8D14FF0BF
:10407000500383F31188BFF36F8FBFF34F8FFEE7B9
:104080009C07002070B582B006460C46FFF7F0FB97
:1040900001A8FFF7ABFF019B33BB05460CB9B0424B
:1040A00019D224B1124A12681268DAB901242246E0
:1040B000711B104B1868FFF76BF9FFF773FCA8B979
:1040C0004FF0E0234FF08052C3F8042DBFF34F8F21
:1040D000BFF36F8F0AE0FFF765FC29463046FFF714
:1040E0009BFF03E01C46E2E7FFF75CFC02B070BDFB
:1040F000A0070020C008002010B588B002E0049B93
:10410000002B0FDA002204A93D4B1868FFF77DF859
:10411000002873D0049B002BF1DA07990698059BC1
:104120009847ECE7069C636913B1201DFEF7F2FD8A
:1041300003A8FFF75BFF049B092BE3D8DFE803F03C
:104140000505053037500505303794F8283043F021
:10415000010384F82830059BA169024619442046D2
:10416000FFF742FE0028CDD0236A2046984794F8F6
:10417000283013F0040FC5D0A269002100910B462E
:10418000059802442046FFF7BDFE0028BAD14FF043
:10419000500383F31188BFF36F8FBFF34F8FFEE798
:1041A00094F8283023F0010384F82830AAE794F823
:1041B000283043F0010384F828300599A16131B11A
:1041C0000346024601442046FFF70EFE9AE74FF0F1
:1041D000500383F31188BFF36F8FBFF34F8FFEE758
:1041E00094F8283013F0020F04D023F0010384F870
:1041F000283087E7204600F0B1F983E708B010BD0A
:10420000C008002000B583B001A8FFF7DDFD0199CB
:10421000FFF738FFFFF770FFF6E708B54FF0E02330
:104220001B69FFF779FD012800D108BD00F0AAFA4B
:10423000FBE70000EFF305832BB9064B186828B99C
:1042400001221A6070476FF0050070474FF0FF3091
:10425000704700BF240B0020EFF3058373B90A4BAE
:104260001B68012B0DD110B50024084BDC77064BE1
:1042700002221A60FFF7AEFA204610BD6FF005006B
:1042800070474FF0FF307047240B002000ED00E036
:10429000F0B587B000240594EFF3058474BB68B3D0
:1042A00022B31568936903B918235C1E372C49D8CB
:1042B000546814F0010F47D156696EB14FEA960C5D
:1042C00094682CB1D7685B2F02D9176907B1C6B9BA
:1042D0002CB14FF0FF340EE04FF0800CF0E7D468C3
:1042E0008CB9146994B14FF0FF3404E015460024F2
:1042F00018234FF0800C012C0AD0ACB1059807B000
:10430000F0BD0124F7E74FF0FF34F4E70024F2E7B3
:10431000146992680292019400930B466246294602
:10432000FFF7E8F90590E9E705AA019200930B462B
:104330001FFA8CF22946FFF718FA0128DED0002375
:104340000593DBE70020DAE70020D8E708B5EFF3B4
:10435000058333B908B9002008BDFFF79FFB002093
:10436000FAE76FF00500F7E7034B0360034B0B60C0
:1043700080231360704700BFC80A0020C8080020CF
:10438000034B0360034B0B604FF480731360704763
:10439000280F0020280B0020124A12F0070F1ED011
:1043A000D11D21F00701C1F5705313440A460E4890
:1043B0000260002141601344083B23F007030B48CF
:1043C000036059601960991A51601360084B1960B5
:1043D000084B1960084B4FF000421A6070474FF4C9
:1043E0007053E4E7880F00209C4B0020840F0020CE
:1043F000904B00208C4B0020884B0020164B1A4617
:104400001B688342FBD3516802EB010C844509D041
:10441000416800EB010C634509D00360904219D05C
:10442000106070474068014451601046F0E710B4D6
:104430000A4C2468A3420BD05B681944416013689E
:104440001B680360904200D010605DF8044B704719
:104450000460F7E7704700BF9C4B0020840F0020EA
:1044600070B50546FFF704FA364B1B68A3B1364B0F
:104470001B681D424ED135B1083515F0070F02D02B
:1044800025F007050835002D46D0304B1B68AB42A0
:1044900051D32F4A146804E0FFF77EFFE7E7224676
:1044A0001C466368AB4202D22368002BF7D1254B30
:1044B0001B68A34241D016680836236813606368FE
:1044C0005B1B102B10D9601910F0070F08D04FF0AC
:1044D000500383F31188BFF36F8FBFF34F8FFEE755
:1044E00043606560FFF78AFF626818490B689B1A92
:1044F0000B60184909688B4201D216490B60124BB8
:104500001B681343636000232360134A136801335D
:10451000136002E0002600E00026FFF743FA16F0E1
:10452000070F0CD04FF0500383F31188BFF36F8F48
:10453000BFF34F8FFEE70026EFE70026EDE730469A
:1045400070BD00BF840F0020884B00208C4B0020E2
:104550009C4B0020904B0020944B0020002834D02E
:1045600038B50446A0F1080550F8043C174A126813
:10457000134208D14FF0500383F31188BFF36F8FBC
:10458000BFF34F8FFEE750F8081C41B14FF05003C6
:1045900083F31188BFF36F8FBFF34F8FFEE723EADA
:1045A000020340F8043CFFF763F954F8041C084A7E
:1045B00013680B4413602846FFF720FF054A136871
:1045C00001331360FFF7EEF938BD7047884B0020C8
:1045D0008C4B0020984B002082B0002301930D4BA0
:1045E0001B68B3F1FF3F08D04FF0500383F31188ED
:1045F000BFF36F8FBFF34F8FFEE74FF0500383F38E
:104600001188BFF36F8FBFF34F8F019B002BFCD03E
:1046100002B070470C00002008480068006880F372
:1046200008884FF0000080F3148862B661B6BFF3CB
:104630004F8FBFF36F8F00DF00BF000008ED00E079
:10464000DFF80C00016841F4700101607047000060
:1046500088ED00E04FF0807340F8043C21F0010148
:1046600040F8081C054B40F80C3C40F8202C6FF03B
:10467000020340F8243C4438704700BFD945000885
:10468000074B19680868B0E8F04F80F30988BFF35A
:104690006F8F4FF0000080F311887047AFF30080F8
:1046A0009C0200204FF0500383F31188BFF36F8FFB
:1046B000BFF34F8F0B4A136801331360012B00D0F7
:1046C00070474FF0E023D3F8043D13F0FF0FF7D00D
:1046D0004FF0500383F31188BFF36F8FBFF34F8FF9
:1046E000FEE700BF0C000020094B1B6843B94FF0E8
:1046F000500383F31188BFF36F8FBFF34F8FFEE733
:10470000013B034A13600BB983F31188704700BF64
:104710000C0000200000000000000000000000006D
:10472000EFF30980BFF36F8F154B1A681EF0100F5F
:1047300008BF20ED108A20E9F04F10602DE9090034
:104740004FF0500080F31188BFF34F8FBFF36F8F8E
:10475000FFF7CAF94FF0000080F3118809BC19680F
:104760000868B0E8F04F1EF0100F08BFB0EC108AD8
:1047700080F30988BFF36F8F704700BFAFF30080ED
:104780009C02002008B54FF0500383F31188BFF35B
:104790006F8FBFF34F8FFFF779F828B14FF0E02309
:1047A0004FF08052C3F8042D002383F3118808BD15
:1047B0004FF0E022002313619361054B1B6805490C
:1047C000A1FB03139B09013B53610723136170474E
:1047D00008000020D34D62104FF0E023D3F8002DE5
:1047E0003D4B9A421CD04FF0E023D3F8002D3B4BB9
:1047F0009A421ED030B583B0394B1A78D2B20192AA
:10480000FF221A701B78DBB28DF803309DF803305D
:1048100003F05003334A1370334B07221A601BE036
:104820004FF0500383F31188BFF36F8FBFF34F8FA7
:10483000FEE74FF0500383F31188BFF36F8FBFF390
:104840004F8FFEE7284A1368013B13609DF8033041
:104850005B00DBB28DF803309DF8033013F0800F5E
:10486000F0D1214B1B68032B08D04FF0500383F38A
:104870001188BFF36F8FBFF34F8FFEE71B021A4AF9
:10488000136003F4E0631360019BDBB2144A1370FE
:104890004FF0E024D4F8203D43F47003C4F8203DE9
:1048A000D4F8203D43F07043C4F8203DFFF780FF6B
:1048B00000250E4B1D60FFF7C3FED4F8343F43F0D4
:1048C0004043C4F8343FFFF7A7FEFFF70DF9FFF7A9
:1048D00083FE284603B030BD71C20F4170C20F4144
:1048E00000E400E0A44B0020A84B00200C000020B6
:1048F000EFF305830F2B0FD9114A9B5CDBB2114AF2
:1049000012789A4208D94FF0500383F31188BFF30D
:104910006F8FBFF34F8FFEE74FF0E023D3F80C3DCE
:1049200003F4E063084A1268934208D94FF0500339
:1049300083F31188BFF36F8FBFF34F8FFEE770478C
:10494000F0E300E0A44B0020A84B002010B5034684
:104950000C4A0D490D48006840B10C4800680344FA
:10496000521A934206D8094A136010BD0748084CF2
:104970000460F2E702F09AFE0C2303604FF0FF3070
:10498000F3E700BF0000022000040000AC4B002051
:10499000E85700200120704708B502F087FE162373
:1049A00003604FF0FF3008BD08B54FF0FF31FFF74F
:1049B000F3FFFEE770B50C461646002506E0AFF3A0
:1049C0000080214601F8010B01350C46B542F6DBAB
:1049D000304670BD4FF0FF3070474FF400534B60CE
:1049E00000207047012070470020704708B50A4832
:1049F0000A4B03604FF4E133436000238360C360DC
:104A000003610C2242618361C36100F052FB00B973
:104A100008BDFCF757FAFBE7084E0020004C0040A9
:104A200008B50D480D4B03600D4B43604FF48053A8
:104A300083604FF40053C3604FF480630361042329
:104A4000436100238361C36100F033FB00B908BDFB
:104A5000FCF738FAFBE700BF504E00200050004042
:104A6000A086010008B50A480A4B03604FF4E13301
:104A7000436000238360C36003610C224261836151
:104A8000C36100F016FB00B908BDFCF71BFAFBE799
:104A9000304D00200010014008B50A480A4B036061
:104AA0004FF46133436000238360C36003610C22D1
:104AB00042618361C36100F0FCFA00B908BDFCF7F4
:104AC00001FAFBE7784D00200044004008B50A4891
:104AD0000A4B03604FF4E133436000238360C360FB
:104AE00003610C2242618361C36100F0E2FA00B904
:104AF00008BDFCF7E7F9FBE7C04D00200048004087
:104B00002DE9F04190B0044600230B930C930D93D4
:104B10000E930F930368A04A934211D09F4A934289
:104B200053D09F4A934200F0AE809E4A934200F0D9
:104B3000EF809D4A934200F0518110B0BDE8F081B2
:104B400000250095994B1A6C42F400221A641A6CE5
:104B500002F400220092009A01951A6B42F00402BE
:104B60001A631B6B03F004030193019B4FF4406332
:104B70000B9302230C9303230E9308230F930BA98B
:104B80008B48FCF777FF8B488B4B03604FF000633B
:104B900043608560C5604FF4806303614561856152
:104BA000C56105624562FDF7DDF858B9814BE363E5
:104BB0009C63002205213420FDF7CCFA3420FDF758
:104BC00001FBBAE7FCF77EF9F0E700250295774B89
:104BD0001A6C42F480121A641A6C02F48012029267
:104BE000029A03951A6B42F004021A631A6B02F0E0
:104BF00004020392039A04951A6B42F008021A63A6
:104C00001B6B03F008030493049B4FF480530B9336
:104C10004FF00208CDF8308003270E9708260F9634
:104C20000BA96348FCF726FF04230B93CDF83080D3
:104C30000D950E970F960BA96048FCF71BFF604877
:104C4000604B03604FF0006343608560C5604FF4C4
:104C50008063036145618561C5614FF40033036280
:104C60004562FDF77FF858B9554BE3639C6300221A
:104C700005213520FDF76EFA3520FDF7A3FA5CE734
:104C8000FCF720F9F0E700250595484B5A6C42F0F7
:104C900010025A645A6C02F010020592059A0695A9
:104CA0001A6B42F001021A631B6B03F001030693B7
:104CB000069B4FF4C0630B9302230C9303230E93C4
:104CC00007230F930BA94048FCF7D4FE3F48404B05
:104CD00003604FF0006343608560C5604FF48063FC
:104CE000036145618561C56105624562FDF73AF87A
:104CF00058B9364BE3639C63002205212520FDF75C
:104D000029FA2520FDF75EFA17E7FCF7DBF8F0E754
:104D100000250795254B1A6C42F400321A641A6C70
:104D200002F400320792079A08951A6B42F00102CA
:104D30001A631B6B03F001030893089B0C230B936E
:104D400002230C9303230E9307230F930BA91E48F2
:104D5000FCF790FE1F48204B03604FF00063436058
:104D60008560C5604FF48063036145618561C561FD
:104D700005624562FCF7F6FF58B9164BE3639C6386
:104D8000002205212620FDF7E5F92620FDF71AFA75
:104D9000D3E6FCF797F8F0E7004C004000500040E5
:104DA000001001400044004000480040003802402C
:104DB00000080240B04B002040600240000C02405E
:104DC000104C00201060024000000240704C002097
:104DD00040640240D04C00208860024000240994C6
:104DE000144B1A6C42F480221A641A6C02F480226A
:104DF0000992099A0A941A6B42F002021A631B6B19
:104E000003F002030A930A9B4FF440630B930223BF
:104E10000C9303230E9307230F930BA90648FCF76B
:104E200029FE224605212720FDF794F92720FDF7CA
:104E3000C9F982E60038024000040240026802F12B
:104E40000C0353E8003F23F0C0030C3242E800316A
:104E50000029F3D1202380F841307047026802F125
:104E60000C0353E8003F23F490730C3242E8003106
:104E70000029F3D1026802F1140353E8003F23F044
:104E80000103143242E800310029F3D1036B012BF6
:104E900005D0202380F84230002303637047026866
:104EA00002F10C0353E8003F23F010030C3242E8F8
:104EB00000310029F3D1ECE790F84130DBB2212B2F
:104EC00001D0022070478368B3F5805F17D0036A72
:104ED0005A1C02621A7803685A60C38C9BB2013B69
:104EE0009BB2C3844BB90268D36823F08003D360BC
:104EF0000268D36843F04003D36000207047036921
:104F0000002BE4D1036A1B880268C3F308035360D3
:104F1000036A02330362E0E738B5044602681369A6
:104F200023F44053C1680B43136183680269134340
:104F300042691343C2691A430168CB6823F41643DC
:104F400023F00C031343CB600268536923F44073CE
:104F500081690B4353610368314A934206D002F5DD
:104F60008062934202D0FCF747FD01E0FCF754FD5C
:104F7000E369B3F5004F29D00021031849411B18FC
:104F800041F10001C90041EA5371DB001818636860
:104F90004FEA83024FEA937341F10001FBF704FEED
:104FA000204DA5FB00325109642303FB11031B01B3
:104FB0003233A5FB03235B0903F0F00202EB01127D
:104FC00003F00F03216813448B6038BD00230218DF
:104FD00043EB0301121841F10001C90041EA52718B
:104FE000D200101841F10001626892185B41FBF792
:104FF000DBFD0C4DA5FB00325109642303FB1103BB
:10500000DB003233A5FB03235B095A0002F4F8727C
:1050100002EB011203F00703216813448B60D4E70D
:10502000001001401F85EB512DE9F04383B0054688
:105030000E4617469946DDF828802C68246836EA23
:1050400004030CBF4FF0010C4FF0000CBC4528D1FD
:10505000B8F1FF3FF1D0FDF7E9F8A0EB09004045BA
:1050600023D8B8F1000F22D02B68DA6812F0040FB1
:10507000E3D0802EE1D0402EDFD01A6812F0080F66
:10508000DBD0002401941A6801925B680193019BB4
:105090002846FFF7E3FE08236B6485F840400120B3
:1050A00000E0002003B0BDE8F0830320FAE703200E
:1050B000F8E760B310B5044690F8413013B32423E9
:1050C00084F841302268D36823F40053D36020462B
:1050D000FFF722FF2268136923F4904313612268CB
:1050E000536923F02A0353612268D36843F40053C1
:1050F000D36000206064202384F8413084F842307B
:10510000606310BD80F84030FFF7FAFCD7E701205C
:1051100070472DE9F04182B01E4690F84130DBB275
:10512000202B56D104460D469046002955D00AB989
:1051300001204FE000234364212380F84130FDF734
:1051400075F80746A4F82480A4F82680A368B3F570
:10515000805F02D04FF0000814E023692BB34FF0BA
:1051600000080FE0202384F84130032032E038F8B3
:10517000023B2268C3F308035360E28C92B2013A07
:1051800092B2E284E38C9BB293B100963B4600223C
:1051900080212046FFF748FF0028E3D1002DE6D00C
:1051A00015F8012B23685A60E7E7A8460025E9E7D0
:1051B00000963B46002240212046FFF735FF18B9F4
:1051C000202384F8413005E0202384F84130032077
:1051D00000E0022002B0BDE8F0810120FAE790F87B
:1051E0004130DBB2202B10D189B192B101628284AF
:1051F000C28400234364212280F841200168CA68E8
:1052000042F08002CA6018467047022070470120B1
:10521000704701207047704708B50168CA6822F0DE
:105220004002CA60202280F84120FFF7F4FF0020EE
:1052300008BD70477047704710B5846B23685A6982
:1052400094F84130DBB2212B10D023685A6902F068
:10525000400294F84230DBB2222B11D0636C43F051
:10526000100363642046FFF7E6FF10BD02F08002E2
:10527000002AEAD00023E3842046FFF7DFFDE4E7BD
:10528000002AEBD00023E3852046FFF7E7FDE5E7A2
:1052900008B5806B0023C385FFF7CDFF08BD90F8EC
:1052A0004230DBB2222B69D18368B3F5805F4FD0E7
:1052B000826AB3F5805F04D0002B56D10369002BBE
:1052C00053D103685B681370836A01338362C38DB3
:1052D0009BB2013B9BB2C385002B51D100B583B07B
:1052E0000268D36823F02003D3600268D36823F4F4
:1052F0008073D3600268536923F001035361202354
:1053000080F8423000234363036B012B33D1002329
:105310000363026802F10C0353E8003F23F010031B
:105320000C3242E800310029F3D103681A6812F008
:10533000100F06D0002201921A6801925B68019357
:10534000019B818D01F016FE002003B05DF804FB87
:105350000269002AACD1826A03685B68C3F3080360
:105360001380836A02338362B1E703685B6803F0EA
:105370007F031370A8E7FFF75CFFE5E702207047A3
:105380000020704730B583B0044602681368D068C7
:10539000516913F00F0505D113F0200F02D010F062
:1053A000200F19D12DB111F0010119D110F4907F06
:1053B00016D1216B01297DD013F0800F03D010F09E
:1053C000800F40F0268113F0400F03D010F0400F03
:1053D00040F0238103B030BD2046FFF760FFF9E7BE
:1053E00013F0010F06D010F4807F03D0626C42F0FE
:1053F0000102626413F0040F04D019B1626C42F030
:105400000202626413F0020F04D019B1626C42F020
:105410000402626413F0080F07D010F0200F00D1CF
:1054200019B1626C42F008026264626C002AD1D049
:1054300013F0200F02D010F0200F29D123685B69F0
:1054400003F04003626C12F0080F00D163B32046F2
:10545000FFF704FD23685B6913F0400F20D022683A
:1054600002F1140353E8003F23F04003143242E8F2
:1054700000310029F3D1E36B73B16A4A1A65E06B1E
:10548000FCF755FD0028A5D0E06B036D9847A1E718
:105490002046FFF704FFD1E72046FFF7CCFE99E74F
:1054A0002046FFF7C8FE95E72046FFF7C4FE00231D
:1054B00063648FE713F0100F3FF47EAF10F0100F0E
:1054C0003FF47AAF0023019313680193536801936B
:1054D000019B536913F0400F5FD0E26B13685B6868
:1054E0009BB2002B4AD0A18D994247D9E385D3695D
:1054F000B3F5807F37D0226802F10C0353E8003FF8
:1055000023F480730C3242E800310029F3D1226881
:1055100002F1140353E8003F23F00103143242E880
:1055200000310029F3D1226802F1140353E8003F4F
:1055300023F04003143242E800310029F3D1202344
:1055400084F8423000232363226802F10C0353E8FD
:10555000003F23F010030C3242E800310029F3D160
:10556000E06BFCF79AFC02236363A18DE38D9BB291
:10557000C91A89B2204601F0FDFC2BE7A18D9942A2
:105580007FF428AFD369B3F5807F7FF423AF022384
:105590006363204601F0EEFC1CE7A18DE38D9BB216
:1055A000C91A89B2E38D9BB2002B3FF413AF0029D7
:1055B0003FF410AF226802F10C0353E8003F23F4DC
:1055C00090730C3242E800300028F3D1226802F1D7
:1055D000140353E8003F23F00103143242E8003083
:1055E0000028F3D1202384F842300023236322686B
:1055F00002F10C0353E8003F23F010030C3242E8A1
:1056000000300028F3D102236363204601F0B2FC8E
:10561000E0E62046FFF750FCDCE62046FFF7FCFD05
:10562000D8E600BF9152000808B5806B01234363A0
:10563000036B012B02D0FFF7FDFD08BD818D4908EA
:1056400001F098FCF9E708B50346806B1B681B68FE
:1056500013F4807F2BD10023C385026802F10C0371
:1056600053E8003F23F480730C3242E800310029F4
:10567000F3D1026802F1140353E8003F23F0010361
:10568000143242E800310029F3D1026802F1140318
:1056900053E8003F23F04003143242E80031002970
:1056A000F3D1202380F84230036B012B07D0002375
:1056B0004363036B012B0FD0FFF7BBFD08BD0268EE
:1056C00002F10C0353E8003F23F010030C3242E8D0
:1056D00000310029F3D1EAE7818D01F04BFCEDE7C1
:1056E00030B583B00446134681628285002242644D
:1056F000222084F84200E06B244DC563E06B244D0A
:105700000564E06B234DC564E06B026520680A46C2
:10571000011DE06BFCF78CFB00282FD100230193C7
:1057200023681A6801925B680193019B23695BB14E
:10573000226802F10C0353E8003F43F480730C32FB
:1057400042E800310029F3D1226802F1140353E842
:10575000003F43F00103143242E800310029F3D145
:10576000226802F1140353E8003F43F0400314326F
:1057700042E800310029F3D103B030BD1023636447
:10578000202384F842300120F6E700BF4756000886
:10579000295600083952000890F84230DBB2202B1D
:1057A00027D110B582B0044629B312B9012002B046
:1057B00010BD0123036300234363FFF791FF236BB5
:1057C000012B01D00120F2E70023019323681A681E
:1057D00001925B680193019B226802F10C0353E87C
:1057E000003F43F010030C3242E800310029F3D1AE
:1057F000DDE7022070470120D9E7000010B582B034
:10580000002400941A4B1A6B42F400121A631A6BAC
:1058100002F400120092009A01941A6B42F4800282
:105820001A631B6B03F480030193019B224605213D
:105830000B20FCF78FFC0B20FCF7C4FC2246052153
:105840000D20FCF787FC0D20FCF7BCFC224605214F
:105850001020FCF77FFC1020FCF7B4FC2246052149
:105860003A20FCF777FC3A20FCF7ACFC02B010BD04
:105870000038024000B585B00023009301930293E5
:1058800003931548154A02604FF4803242608360EA
:105890000361037680F82030C362114A8262C360DC
:1058A0000122C26180F83030426100F037FE68B9F1
:1058B0000A230093012301930023029369460648BB
:1058C00000F0FCFE28B905B05DF804FBFBF7FAFA1E
:1058D000EEE7FBF7F7FAF6E7984E002000200140CC
:1058E0000100000F10B588B00023039304930593C3
:1058F00006930793026803F1804303F590339A42BD
:1059000001D008B010BD0024019403F58C335A6C0B
:1059100042F480725A645A6C02F480720192019AC5
:1059200002941A6B42F004021A631B6B03F0040327
:105930000293029B012303930323049303A90648C4
:10594000FCF798F8224605211220FCF703FC1220F0
:10595000FCF738FCD5E700BF0008024008B50D4849
:105960000D4B03601823436000238360C3604FF432
:10597000002202614FF4401242610376437683763F
:10598000C3760377437700F066FF00B908BDFBF7E5
:1059900099FAFBE7E44E00200064004008B50D488A
:1059A0000D4B03600323436000238360C3604FF407
:1059B000002202614FF440124261037643768376FF
:1059C000C3760377437700F046FF00B908BDFBF7C5
:1059D00079FAFBE70C4F00200068004010B58AB050
:1059E0000023059306930793089309930368564A87
:1059F000934204D0554A93424CD00AB010BD544A49
:105A0000136801331360012B37D000240194514BEC
:105A10001A6B42F008021A631B6B03F00803019330
:105A2000019B0323059302220692089309230993FD
:105A300005A94948FCF71EF8224605211320FCF76A
:105A400089FB1320FCF7BEFB224605211420FCF73E
:105A500081FB1420FCF7B6FB224605211520FCF73C
:105A600079FB1520FCF7AEFB224605211620FCF73A
:105A700071FB1620FCF7A6FBBFE700230093354B14
:105A80001A6C42F000721A641B6C03F000730093EE
:105A9000009BBAE7002302932E4B1A6C42F08062FF
:105AA0001A641B6C03F080630293029B284A1368FC
:105AB00001331360012B39D000240494254B1A6B59
:105AC00042F002021A631B6B03F002030493049B6F
:105AD0004FF44053059302230693032308930923AD
:105AE000099305A91D48FBF7C5FF224605213F2064
:105AF000FCF730FB3F20FCF765FB224605214020E8
:105B0000FCF728FB4020FCF75DFB224605214120E5
:105B1000FCF720FB4120FCF755FB224605214220E3
:105B2000FCF718FB4220FCF74DFB66E700230393CC
:105B3000084B1A6C42F000721A641B6C03F000737D
:105B40000393039BB8E700BF006400400068004077
:105B5000E04E002000380240000C024000040240E9
:105B600008B50B480B4B03600B4B4360002383606D
:105B7000C3604FF48042026143618361C361036289
:105B800001F042F800B908BDFBF79CF9FBE700BF44
:105B9000344F002000540040A086010030B589B089
:105BA0000023039304930593069307930268144B11
:105BB0009A4201D009B030BD00250195114C236BEC
:105BC00043F002032363236B03F002030193019B61
:105BD000C023039312230493032306930423079300
:105BE00003A90948FBF746FF0295236C43F4001311
:105BF0002364236C03F400130293029BDAE700BFD3
:105C000000540040003802400004024008B50E482D
:105C10000E4B03604FF48273436000238360C360C4
:105C2000036143614FF4007282611822C261036212
:105C3000436283620A23C36201F0C4F800B908BD5D
:105C4000FBF740F9FBE700BF884F00200030014020
:105C500000B589B00023039304930593069307933B
:105C60000268154B9A4202D009B05DF804FB00218E
:105C7000019103F584335A6C42F480525A645A6C91
:105C800002F480520192019A02911A6B42F00102D1
:105C90001A631B6B03F001030293029BA02303937F
:105CA00002230493032306930523079303A90348C0
:105CB000FBF7E0FED8E700BF0030014000000240E3
:105CC00000B58DB02422002103A801F02FFD002291
:105CD0000192029212484FF0804303600123436017
:105CE00082604FF6FF71C16002618022826103937E
:105CF0000593099303A9FCF71BFD50B900230193F9
:105D0000029301A90648FCF757FF28B90DB05DF8CA
:105D100004FBFBF7D7F8F1E7FBF7D4F8F6E700BF91
:105D20007050002000B58DB02422002103A801F09E
:105D3000FDFC0022019202921348144B03600123E0
:105D4000436082604FF6FF71C16002618022826110
:105D5000039305930F22079209930B9203A9FCF773
:105D6000E7FC50B900230193029301A90648FCF710
:105D700023FF28B90DB05DF804FBFBF7A3F8F1E7AA
:105D8000FBF7A0F8F6E700BFB85000200004004081
:105D900000B58DB02422002103A801F0C7FC002229
:105DA000019202921348144B036001234360826006
:105DB0004FF6FF71C16002618022826103930593F7
:105DC0000F22079209930B9203A9FCF7B1FC50B97B
:105DD00000230193029301A90648FCF7EDFE28B9C0
:105DE0000DB05DF804FBFBF76DF8F1E7FBF76AF81F
:105DF000F6E700BF005100200008004000B58DB05C
:105E00002422002103A801F091FC002201920292B9
:105E10001348144B03600123436082604FF6FF7107
:105E2000C160026180228261039305930F22079271
:105E300009930B9203A9FCF77BFC50B90023019353
:105E4000029301A90648FCF7B7FE28B90DB05DF82A
:105E500004FBFBF737F8F1E7FBF734F8F6E700BF90
:105E600048510020000C004000B585B003681D4A71
:105E7000934208D01C4A934219D01C4A934223D023
:105E800005B05DF804FB00220192194B596C41F0FA
:105E9000010159645B6C03F001030193019B05212F
:105EA0001A20FCF757F91A20FCF78CF9E8E70023D1
:105EB00002930F4B5A6C42F480325A645B6C03F4C9
:105EC00080330293029BDBE700230393084B1A6C99
:105ED00042F040021A641B6C03F040030393039BDF
:105EE000CEE700BF00000140004001400018004024
:105EF0000038024070B58EB0002309930A930B93CB
:105F00000C930D930368B3F1804F0BD0614A934219
:105F100047D0614A93426CD0604A934200F092802D
:105F20000EB070BD0024009403F50E331A6C42F0DD
:105F300001021A641A6C02F001020092009A0194A4
:105F40001A6B42F001021A631A6B02F0010201920D
:105F5000019A02941A6B42F002021A631B6B03F05F
:105F600002030293029B4FF40043099302260A9610
:105F700001250D9509A94A48FBF77CFD08230993E3
:105F80000A960B940C940D9509A94648FBF772FDEF
:105F9000224605211C20FCF7DDF81C20FCF712F935
:105FA000BEE700240394404B1A6C42F002021A64CC
:105FB0001A6C02F002020392039A04941A6B42F0E4
:105FC00002021A631B6B03F002030493049B302349
:105FD000099302230A930D9309A93248FBF74AFD5E
:105FE000224605211D20FCF7B5F81D20FCF7EAF834
:105FF00096E7002405942C4B1A6C42F004021A64B4
:106000001A6C02F004020592059A06941A6B42F08B
:1060100008021A631B6B03F008030693069B4FF4F8
:106020004053099302230A930D9309A91F48FBF7D4
:1060300021FD224605211E20FCF78CF81E20FCF7CE
:10604000C1F86DE700240794174B1A6C42F0080260
:106050001A641A6C02F008020792079A08941A6BE5
:1060600042F001021A631B6B03F001030893089BC3
:106070000323099302230A930D9309A90848FBF708
:10608000F9FC224605213220FCF764F83220FCF7A7
:1060900099F845E70004004000080040000C00406B
:1060A000000002400004024000380240000C0240A0
:1060B00000B589B0002303930493059306930793D7
:1060C0000368294A934208D0284A93421DD0284A9F
:1060D000934231D009B05DF804FB00230093254BB7
:1060E0001A6B42F010021A631B6B03F0100300934B
:1060F000009B4FF4D443039302230493012307939B
:1061000003A91D48FBF7B6FCE4E700230193194BF4
:106110001A6B42F010021A631B6B03F01003019319
:10612000019B60230393022304930323079303A992
:106130001148FBF79FFCCDE7002302930D4B1A6B30
:1061400042F002021A631B6B03F002030293029BEC
:106150004FF440430393022304930923079303A9B5
:106160000648FBF787FCB5E700000140004001400E
:1061700000180040003802400010024000040240B5
:1061800010B596B00024129413941494159410949E
:10619000119409940A940B940C940D940E940F94FA
:1061A0002022214601A801F0C1FA3B483B4B036085
:1061B000A723436084606323C360046144618461F6
:1061C000FCF75EFA00284BD14FF48053129312A9CA
:1061D0003148FCF7BCFB002845D12F48FCF77CFA7E
:1061E000002843D100231093119310A92A48FCF7EB
:1061F000E3FC00283DD16023099300220A920B9210
:106200000C920D920E920F9209A92348FCF724FBE1
:10621000002831D1042209A91F48FCF71DFB70BBDF
:10622000082209A91C48FCF717FB58BB0C2209A936
:106230001948FCF711FB40BB002301930293039321
:10624000049305934FF400520692089301A9124853
:10625000FCF7F8FCE0B91048FFF72AFF16B010BDB4
:10626000FAF730FEB0E7FAF72DFEB6E7FAF72AFEA6
:10627000B8E7FAF727FEBEE7FAF724FECAE7FAF70F
:1062800021FECDE7FAF71EFED0E7FAF71BFED3E7B3
:10629000FAF718FEDFE700BFE04F002000000140E2
:1062A00000B58DB00023089309930A930B930193D3
:1062B0000293039304930593069307931F48204A80
:1062C0000260A722426083606322C260036183612F
:1062D000FCF7D6F918BB4FF48053089308A9174868
:1062E000FCF735FBF0B91548FCF7F6F9E8B960237F
:1062F0000193002202920392059201A90F48FCF734
:10630000ABFAA8B904220DEB02010C48FCF7A4FA81
:1063100088B90A48FFF7CCFE0DB05DF804FBFAF728
:10632000D1FDD8E7FAF7CEFDDDE7FAF7CBFDDEE7E2
:10633000FAF7C8FDE6E7FAF7C5FDEAE79051002055
:106340000040014000B58DB00023089309930A93E3
:106350000B9301930293039304930593069307937E
:106360001F48204A0260A722426083606322C26005
:1063700003618361FCF784F918BB4FF480530893E1
:1063800008A91748FCF7E3FAF0B91548FCF7A4F997
:10639000E8B960230193002202920392059201A9B9
:1063A0000F48FCF759FAA8B904220DEB02010C487A
:1063B000FCF752FA88B90A48FFF77AFE0DB05DF88B
:1063C00004FBFAF77FFDD8E7FAF77CFDDDE7FAF783
:1063D00079FDDEE7FAF776FDE6E7FAF773FDEAE71F
:1063E00028500020001800404A4B5A6822F44032DE
:1063F0005A605A6841680A435A600268536823F435
:106400008073536002685368016943EA0123536053
:106410000268536823F040735360026853688168D0
:106420000B4353600268936823F40063936002682F
:106430009368C1680B439360826A374B9A4257D086
:106440000268936823F07063936002689368816ABE
:106450000B4393600268936823F040539360026893
:106460009368C16A0B4393600268936823F0020348
:10647000936002689368017E43EA4103936090F859
:106480002030002B3FD00268536843F40063536010
:106490000268536823F46043536001684B68426AA2
:1064A000013A43EA42334B600268D36A23F4700333
:1064B000D3620168CB6AC269013A43EA0253CB62F4
:1064C0000268936823F4007393600268936890F8FD
:1064D000301043EA412393600268936823F4806399
:1064E000936002689368416943EA8123936070472F
:1064F0000268936823F0706393600268936823F0E6
:1065000040539360B0E70268536823F4006353601C
:10651000CAE700BF002301400100000F38B310B5E7
:106520000446036C43B1236C13F0100F0BD0012011
:10653000002384F83C3010BDFFF7D4F900236364D6
:1065400084F83C30EFE7236C23F4885323F00203F4
:1065500043F0020323642046FFF746FF00206064F7
:10656000236C23F0030343F001032364E0E70120DD
:10657000704770477047704770B5044603681E68DF
:106580005D6816F0020F2FD005F0200262B3026C96
:1065900012F0100F03D1026C42F4007202649A6888
:1065A00012F0405F19D1227EBAB9DA6A12F4700F84
:1065B00003D09A6812F4806F0FD15A6822F020023B
:1065C0005A60236C23F480732364236C13F4805F7C
:1065D00003D1236C43F0010323642046FFF7C9FF76
:1065E00023686FF012021A6005F0800316F0040FA2
:1065F00037D0002B35D0236C13F0100F03D1236C50
:1066000043F40053236423689A6812F4401F21D195
:106610009A6B12F4401F03D09A6812F4806F19D15C
:106620005A6812F4806F15D19A6812F0405F11D148
:10663000227E7AB95A6822F080025A60236C23F4D1
:1066400080532364236C13F4807F03D1236C43F0C5
:1066500001032364204600F0FDF823686FF00C026C
:106660001A6005F0400316F0010F05D023B123682E
:106670001B6813F0010F06D105F0806516F0200F9E
:1066800000D065B970BD236C43F480332364204689
:10669000FFF770FF23686FF001021A60ECE7636C8C
:1066A00043F00203636423686FF020051D602046F9
:1066B000FFF761FF23681D60E4E7000030B482B09B
:1066C0000023019390F83C30012B00F0BB800123A4
:1066D00080F83C300B68092B41D90468E2689BB212
:1066E00003EB43031E3B4FF0070C0CFA03F322EAC3
:1066F0000303E3600468E2680B8803EB43031E3B7B
:106700008D6805FA03F31343E3604B68062B3DD80D
:106710000468626B03EB8303053B4FF01F0C0CFA1C
:1067200003F322EA030363630468626B4B6803EBC1
:106730008303053BB1F800C00CFA03F31343636312
:106740000268414B9A4251D002683F4B9A4256D060
:10675000002380F83C30184602B030BC7047046813
:1067600022699BB203EB43034FF0070C0CFA03F3CF
:1067700022EA03032361046822690B8803EB4303C5
:106780008D6805FA03F313432361BEE70C2B16D87B
:1067900005682A6B03EB8303233B1F2404FA03F3EE
:1067A00022EA03032B6305682A6B4B6803EB830320
:1067B000233B0C8804FA03F313432B63C0E70568FB
:1067C000EA6A03EB8303413B1F2404FA03F322EA42
:1067D0000303EB620568EA6A4B6803EB8303413B02
:1067E0000C8804FA03F31343EB62A9E70B68122B3E
:1067F000AAD1164A536843F480035360A4E70B6898
:10680000103B012BA4D8114A536843F40003536092
:106810000B68102B9CD10E4B1B6802F1467202F5DF
:106820002E3202F28332A2FB03239B0C03EB830381
:106830005B00019302E0019B013B0193019B002B54
:10684000F9D185E7022087E70020014000230140BD
:10685000080000207047002800F0A18038B50446E9
:1068600090F82030D3B12268136843F0010313601D
:10687000FBF7DCFC054623685A6812F0010F10D1C3
:10688000FBF7D4FC401B0A28F5D9636A43F40033B4
:106890006362052384F82030012038BDFFF79EF89D
:1068A000E1E71A6822F002021A60FBF7BFFC054616
:1068B00023685A6812F0020F0DD0FBF7B7FC401B9B
:1068C0000A28F5D9636A43F400336362052384F828
:1068D00020300120E1E7227E012A3DD01A6822F013
:1068E00080021A60637E012B3BD02268136823F07C
:1068F00040031360A37E012B39D02268136823F074
:1069000020031360E37E012B37D02268136843F025
:1069100010031360237F012B35D02268136823F006
:1069200008031360637F012B33D02268136823F0C0
:1069300004031360A368E268134322691343626986
:1069400013436268013A21681343CB6100206062FF
:10695000012384F82030A0E71A6842F080021A6010
:10696000C0E72268136843F040031360C2E722685F
:10697000136843F020031360C4E72268136823F010
:1069800010031360C6E72268136843F0080313601E
:10699000C8E72268136843F004031360CAE70120C4
:1069A000704770477047704770477047704770472F
:1069B0007047704770477047704770472DE9F84F30
:1069C000054603685C69D3F804809F68D3F80CB06F
:1069D000D3F810A0D3F8189014F001063BD017F0AC
:1069E000010616D001229A6017F0020F08D117F0A5
:1069F000040F0CD117F0080606D04FF4805608E0BB
:106A0000FFF7CFFF002604E0FFF7CEFF01E04FF4D1
:106A1000006617F4807F0DD02B684FF480729A6067
:106A200017F4007F40F0868017F4806F00F08680B6
:106A300046F4005617F4803F0DD02B684FF4803297
:106A40009A6017F4003F40F0838017F4802F00F025
:106A5000838046F4004614F0080F07D01BF0100F97
:106A600004D046F400762B681022DA6014F0040F8C
:106A700002D01BF0080F79D114F0020F04D02B685C
:106A8000DB6813F0030F78D114F0400F07D01AF031
:106A9000100F04D046F480662B6810221A6114F09F
:106AA000200F02D01AF0080F6BD114F0100F04D091
:106AB0002B681B6913F0030F6AD114F4003F02D056
:106AC00018F0100F68D114F4803F02D018F0080FAE
:106AD00069D114F4004F7AD018F0040F74D014F474
:106AE000807F04D019F0010F01D046F0010614F4A4
:106AF000007F04D019F0020F01D046F0020614F412
:106B0000806F04D019F0040F01D046F0040614F48D
:106B1000006F59D019F0700956D0B9F1400F65D007
:106B200058D8B9F1200F5ED0B9F1300F42D146F0FC
:106B3000200644E02846FFF735FF7BE717F4006F97
:106B400002D046F4804675E72846FFF72EFF71E72E
:106B50002846FFF728FF7EE717F4002F02D046F4FF
:106B6000803678E72846FFF721FF74E72B68082274
:106B7000DA602846FFF71CFF7EE72846FFF717FF7D
:106B800082E72B6808221A612846FFF713FF8CE77B
:106B90002846FFF70EFF90E72B6810225A60284620
:106BA000FFF709FF8FE72B6808225A602846FFF796
:106BB00003FF8EE7B9F1100F01D146F008062A68ED
:106BC000936923F0700393612B6804225A609EB985
:106BD000BDE8F88FB9F1500F0BD0B9F1600FEED1CD
:106BE00046F48076EBE746F01006E8E746F040060C
:106BF000E5E746F08006E2E76B6A1E436E622846D0
:106C0000FFF7DBFEE4E70000002800F0CC8070B561
:106C1000044690F83D30002B77D0242384F83D3093
:106C20002268136823F0010313602268136843F499
:106C3000004313602268136823F400431360FAF7DB
:106C4000DBFE62685A4B9A4264D85A4B98428CBF1A
:106C500000230123002B40F0A8805749A1FB0031FD
:106C60008B0C25686A6822F03F0242EA91426A6012
:106C700021680A6A22F03F0266684D4DAE424FD845
:106C8000013313430B622168CA6922F44F4222F098
:106C9000FF026668464B9E424CD8431E7600B3FB0B
:106CA000F6F3013340F6FC70034278D0C3F30B03D4
:106CB0001343CB6121680B6823F0C003E269206AAB
:106CC000024313430B6021688B6823F4034323F0D2
:106CD000FF032269E068024313438B602168CB689D
:106CE00023F0FF036269A06902431343CB6022686B
:106CF000136843F00103136000202064202384F80C
:106D00003D30206384F83E0070BD80F83C30FEF7D3
:106D100045FF82E7294B98428CBF0023012399E766
:106D20004FF4967505FB03F3254DA5FB03539B0913
:106D30000133A6E7A368BBB9451E06EB460CB5FBBD
:106D4000FCF50135C5F30B05B5FA85F56D0945BBB5
:106D5000C3B9013806EB4603B0FBF3F30133C3F3C9
:106D60000B0343F40043A3E7451E06EB860C0CEB34
:106D70008C0CB5FBFCF50135C5F30B05B5FA85F5B3
:106D80006D09E4E7013806EB860303EB8303B0FBF0
:106D9000F3F30133C3F30B0343F4404388E70423C5
:106DA00086E7012384E7012070470120ACE700BF9C
:106DB000A08601007F841E0083DE1B43FF083D0088
:106DC000D34D621000285AD010B50446436A33B937
:106DD0004368B3F5827F05D00023C36102E000233E
:106DE000036143610023A36294F85130002B40D02B
:106DF000022384F851302268136823F040031360A3
:106E0000636803F48273A26802F404421343E268E5
:106E100002F400621343226902F002021343626922
:106E200002F001021343A26902F400721343E26903
:106E300002F038021343226A02F080021343A26A6E
:106E400002F40052216813430B60638B03F00403C8
:106E5000626A02F01002216813434B602268D36912
:106E600023F40063D36100206065012384F851306E
:106E700010BD84F850302046FEF7EAFEB8E7012046
:106E80007047000008B500F027F8064B1860064868
:106E900000F070FB054800F07BFB054801F01EFA8E
:106EA00008BD00BFD8510020C04D002090A30008AD
:106EB000C4A3000808B5024B186800F021F808BD0B
:106EC000D851002008B500F089FB024801F006FA0D
:106ED00008BD00BFD0A3000838B5102000F010FC9A
:106EE00004460025056045608560C560034800F0E4
:106EF00057F800F0A3FA6570204638BD504E0020C8
:106F000030B583B00446154B1968154800F085F973
:106F100063781BB900F070FA03B030BD104B9C8948
:106F20001B89E5182DB2E41A24B20E4B00950FCB45
:106F300000F01AFA0C4B00950FCB00F015FA0B4B32
:106F400000940FCB00F010FA094B00940FCB00F027
:106F50000BFA6420FDF7FAF9DEE700BF100000200D
:106F6000DC5100208452002094520020A4520020C2
:106F7000B452002008B50268034B9A4200D008BD05
:106F800000F09AF9FBE700BF0050004010B514462E
:106F900092B20248FEF723F9204610BD304D002082
:106FA00010B50A4C20600A4B1B680022DA632022CD
:106FB0000849FEF7F1FB2368DB6B1A68136823F0BE
:106FC00008031360044801F003F910BDFC510020D0
:106FD0001000002064520020DCA30008002800F00C
:106FE000B68010B5044690F8213090F8222043EA8C
:106FF0000223C3F30A03A0F8403090F82330D208EC
:1070000042EA4312C2F30A02A0F8422090F8242078
:107010009B0943EA820390F8251043EA8123C3F3D6
:107020000A03A0F8443090F82620490841EAC2112A
:10703000C1F30A01A0F8461090F82730120942EA7D
:107040000312C2F30A02A0F8482090F82820DB09B6
:1070500043EA420390F8292043EA4223C3F30A0398
:10706000A0F84A3090F82A30920842EA8312C2F31C
:107070000A02A0F84C2090F82B205B0943EAC203D7
:10708000A0F84E3090F82C3090F82D2043EA0223DF
:10709000C3F30A03A0F8503090F82E30D20842EA29
:1070A0004312C2F30A02A0F8522090F82F209B0945
:1070B00043EA820390F8301043EA8123C3F30A03C2
:1070C000A0F8543090F83120490841EAC211C1F3C8
:1070D0000A01A0F8561090F83230120942EA031261
:1070E000C2F30A02A0F8582090F83320DB0943EAE3
:1070F000420390F8342043EA4223C3F30A03A0F882
:107100005A3090F83530920842EA8312C2F30A02EC
:10711000A0F85C2090F836205B0943EAC203A0F88F
:107120005E3090F8373003F0010280F86020C3F33E
:10713000400280F86120C3F3800280F86220C3F32C
:10714000C00380F86330FBF771F8E06310BD70474F
:1071500018B308B5034611B3192A22D10A780F2AA9
:1071600021D10A7E0AB100201CE008684A68D1F8E3
:1071700008E0D1F80CC018625A62C3F828E0C3F8DE
:107180002CC008694A6918635A630A7E83F838205C
:107190001846FFF723FF012004E00020704700207D
:1071A00000E0002008BD0020FCE70000BF2813D944
:1071B000B0F5E06F28BF4FF4E060B0F5787F0CD9F0
:1071C000A0F57870642303FB00F00D4B83FB0023D4
:1071D000C017C0EB232010E0C020B0F5787F0BD2A1
:1071E000A0F57870642303FB00F0054B83FB0023BC
:1071F000C017C0EB232000E0002000B2704700BFA2
:107200001F85EB51C02806D0B0F5E06F01D00020FB
:107210007047012070470220704700284BD038B5D6
:107220000D460446002945D091F862304370FAF7C4
:10723000FDFFEB6BC01AC82830D90023A370EB6B9D
:107240006360A3786BB363785BBBB5F84000FFF76E
:10725000ADFF2081B5F84200FFF7A8FF6081B5F8C7
:107260004400FFF7A3FFA081B5F84600FFF79EFF9B
:10727000E081B5F84800FFF7C5FF2074B5F84A0073
:10728000FFF7C0FFE074B5F84C00FFF7BBFF607478
:10729000B5F84E00FFF7B6FFA0740BE00123A37012
:1072A000CDE7002323816381A381E3816374A37409
:1072B000E374237438BD704710B504460A460D497F
:1072C0000D4B1868FFF744FF78B10C4A136801337F
:1072D0001360202207492046FEF75EFAE36B1A6826
:1072E000136823F00803136010BD054A13680133C7
:1072F0001360EEE76452002010000020F4510020DB
:10730000F8510020642802DC372802DD7047642031
:10731000704738207047000000230EE0084803EB58
:1073200083018A008118825848681060886850601C
:10733000C86890600969D1600133032BEED97047AA
:10734000F4A3000810B5002408E0064B03EBC402C8
:10735000516853F83400FBF789FB0134072CF4D94A
:1073600010BD00BF44A4000800B585B00DF1100C9D
:107370000CE90F00BDF91800002810DDFFF7C2FF6F
:1073800080B20022019BB3B9009B1B685863039B2A
:107390000BBB029B1B685A6305B05DF804FB002819
:1073A00002DB00221046EDE7404200B2FFF7AAFFE1
:1073B00082B20020E6E7042B05D0082B07D0009B03
:1073C0001B681864E3E7009B1B689863DFE7009B7A
:1073D0001B68D863DBE7042B05D0082B07D0029B82
:1073E0001B681A64D8E7029B1B689A63D4E7029B68
:1073F0001B68DA63D0E7000010B582B00B4B0024A5
:1074000000940FCBFFF7B0FF094B00940FCBFFF7B1
:10741000ABFF084B00940FCBFFF7A6FF064B009481
:107420000FCBFFF7A1FF02B010BD00BF94520020A8
:10743000B452002084520020A452002008B5FFF767
:1074400081FFFFF769FFFFF7D7FF08BD40B10022BA
:1074500080F8002580F8012580F80225012070477A
:107460000020704790F80205B0FA80F0400970479C
:1074700090F80205C0B20A2814BF0020012070470E
:1074800038B338B50C46054629B3FFF7F1FF08B10C
:10749000002038BD95F801058022214605EBC0107B
:1074A00000F036F995F8013501330C4A82FB0312DE
:1074B00002F0FC0101EBA202A3EB4203DBB285F870
:1074C000013595F802350133DBB285F8023501202C
:1074D000DFE7002070470020DBE700BF67666666D5
:1074E00038B338B50C46054629B3FFF7BBFF08B1E2
:1074F000002038BD95F80015802205EBC11120460B
:1075000000F006F995F8003501330C4A82FB0312AE
:1075100002F0FC0101EBA202A3EB4203DBB285F80F
:10752000003595F80235013BDBB285F802350120C4
:10753000DFE7002070470020DBE700BF6766666674
:10754000A0B10346A1B110B5501D84B2FD20187042
:10755000901C00125870901C98700120D870052063
:107560001871181800F0D4F8E0B210BD0020704770
:107570000020704710B504460348FFF767FF08B1C5
:10758000024B1C6010BD00BFC4520020D057002029
:10759000F0B110B5A0B00446FAF748FE0D4B1B68D9
:1075A000C01AB0F57A7F02D2002020B010BDFAF7E1
:1075B0003DFE084B18607F222146684600F0A6FE7B
:1075C00000238DF87F3069460348FFF759FFECE749
:1075D00000207047CC570020C45200201B4B1B6872
:1075E000002B31D000B5C1B0002100917C2201A850
:1075F00000F09CF81648FFF735FF10B141B05DF878
:1076000004FBFAF713FE134B1B68C01AB0F5FA6FB0
:10761000F4D320A90E48FFF763FF0028EED020A87E
:10762000F8F7D6FD82B220A96846FFF789FF4FF42C
:107630007A7382B2694605480068FDF76AFDFAF779
:10764000F5FD044B1860D9E7704700BFD057002004
:10765000C4520020C8570020DFF834D0FBF71EFBCF
:107660000C480D490D4A002302E0D458C45004339D
:10767000C4188C42F9D30A4A0A4C002301E0136073
:107680000432A242FBD300F017F8F9F76FFC704701
:107690000000022000000020E4010020B4A800083F
:1076A000E4010020E4570020FEE70000014B1868C9
:1076B000704700BF1400002070B50D4D0D4C641BC9
:1076C000A4100026A64209D10B4D0C4C02F0D8FDA7
:1076D000641BA4100026A64205D170BD55F8043BDA
:1076E00098470136EEE755F8043B98470136F2E734
:1076F000ACA80008ACA80008ACA80008B0A8000816
:10770000024B0146186800F085B800BF1400002045
:107710000A44914200F1FF3300D1704710B511F8CF
:10772000014B03F8014F9142F9D110BD02440346C9
:10773000934200D1704703F8011BF9E737B50029E0
:1077400044D051F8043C0190002BA1F10404B8BFCF
:10775000E41801F04FFF1E4A0198136833B96360C3
:10776000146003B0BDE8304001F04ABFA34208D91D
:10777000256861198B4201BF19685B68491921604E
:10778000EDE71A465B680BB1A342FAD911685518A8
:10779000A5420BD1246821445418A3421160E0D1C2
:1077A0001C685B68536021441160DAE702D90C233E
:1077B0000360D6E7256861198B4204BF19685B68CE
:1077C000636004BF491921605460CAE703B030BD4B
:1077D000D457002070B50E4E0C463168054611B9DD
:1077E00000F084FD30602146284600F07FFD431CF8
:1077F0000AD0C41C24F00304A04207D0211A284652
:1078000000F074FD013001D14FF0FF34204670BD0F
:10781000D85700202DE9F041CD1C25F0030508358F
:107820000C2D38BF0C25002D074601DBA94205D9D8
:107830000C233B6000263046BDE8F0812E4E01F05F
:10784000D9FE33681C4634BB29463846FFF7C2FFD1
:10785000431C04464DD134682646002E40D123688F
:107860003146384604EB030800F040FD80453AD12C
:10787000216803356D1A25F0030508350C2D38BF36
:107880000C2529463846FFF7A5FF01302BD0236889
:107890002B4423600EE02268521B1ED40B2A16D9FB
:1078A0006119A342256018BF5960636808BF316041
:1078B00062514B60384604F10B0601F0A1FE26F040
:1078C0000706231DF21AB6D09B1BA350B3E76268CC
:1078D000A3420CBF32605A60ECE723466468B2E70B
:1078E00034467668B9E70C233B60384601F088FEE1
:1078F000A1E72560DEE700BFD45700202DE9FF4750
:1079000055EC104B002D0E4619462B46BBBF05F11A
:1079100000431D4600232D230B700D9BDDF830A086
:10792000914623F02008BCBF22461446B8F1460F0A
:1079300005D0B8F1450F00D10136022100E0032146
:1079400003AB019302AB009345EC104B5346324618
:1079500000F03EFEB8F1470F074602D119F0010FC3
:1079600022D0B8F1460F07EB060910D13B78302B37
:107970000AD10022002320462946F9F7A5F818B9B4
:10798000C6F10106CAF80060DAF800309944002216
:10799000002320462946F9F797F808B1CDF80C9056
:1079A0003022039B4B4507D3039B0E9ADB1B3846C3
:1079B000136004B0BDE8F087591C03911A70F0E71A
:1079C000F7B503460029B8BF494203F8022BB4BFFC
:1079D0002D222B22092942702ADD0DF10704A4462D
:1079E0000A27A6460A4691FBF7F607FB161530351F
:1079F000632A04F1FF340EF8015C3146F1DC3031CA
:107A0000AEF1020504F8011C441C294661450AD365
:107A10000DF10902A2EB0E02654588BF0022134456
:107A2000181A03B0F0BD11F8012B04F8012FEDE78F
:107A3000302330318370C170031DF1E72DE9F04F21
:107A40002DED028B8DB00C46DDF8608016461F468A
:107A5000054601F063FDD0F800A05046F8F7B8FBEA
:107A600000230A9323680593D8F8003094F818B0DF
:107A7000073323F0070303F10802C8F80020D3E915
:107A80000023C4E91223D4E9128929F000430793A3
:107A9000CDF8188008EE100A9F4BDDE906014FF083
:107AA000FF32F9F743F888BBDDE906019A4B4FF046
:107AB000FF32F9F71DF848BB002200234046494633
:107AC000F9F70CF810B12D2384F84330934B944808
:107AD000BBF1470F94BF9846804603232361059B63
:107AE00023F0040222604FF00009009733460BAAEE
:107AF0002146284600F0D8F9013040F090804FF040
:107B0000FF300DB0BDEC028BBDE8F08F42464B4616
:107B100040464946F9F70AF840B14B46002BBCBF36
:107B20002D2384F843307F487F4BD1E763680BF007
:107B3000DF0206925A1C3FD106236360059B6168F1
:107B400043F48062002303930AABCDE901B309AB90
:107B500049EC108B009322600DF123032846FFF7B8
:107B6000CDFE069B0999472B804608D1C81C02DB35
:107B70006368994241DDABF1020B5FFA8BFBBBF10D
:107B8000650F20D801395A4604F150000991FFF7DA
:107B900017FF0A9A1318012A8146236102DC226822
:107BA000D20701D5013323619DF82330002B9CD0EF
:107BB0002D2384F8433098E7069A472ABED1002B3C
:107BC000BCD10123B9E7BBF1660F18D10029636866
:107BD0000BDD216113B92268D00702D501330B44B4
:107BE0002361A1654FF00009DEE713B92268D207CF
:107BF00001D50233F4E70123F2E74FF0670B0A9B4C
:107C0000994205DB23682161D807EAD54B1CE7E7D9
:107C10000029D4BFC1F1020201221344E0E7236826
:107C20005A0507D42369424631462846B8470130F1
:107C30002CD164E7BBF1650F40F2E080D4E912017A
:107C400000220023F8F740FF002834D0374A0123F0
:107C500031462846B84701303FF451AFDDE90923EA
:107C60009A4202DB2368D80710D518EE103A524624
:107C700031462846B84701303FF441AF4FF0000885
:107C800004F11A090A9B013B434509DC23689B0761
:107C900000F10581E0680B9B9842B8BF184630E7B9
:107CA00001234A4631462846B84701303FF427AF02
:107CB00008F10108E6E7099B002B39DC1B4A012388
:107CC00031462846B84701303FF419AFDDE90923B2
:107CD000134302D12368D907D8D518EE103A52467B
:107CE00031462846B84701303FF409AF4FF000094C
:107CF00004F11A0A099B5B424B4501DC0A9B92E79F
:107D00000123524631462846B84701303FF4F7AECA
:107D100009F10109EEE700BFFFFFEF7F88A400082B
:107D20008CA4000894A4000890A4000898A400085B
:107D30000A9AA36D9A42A8BF1A46002A914637DCD8
:107D40004FF0000B29EAE97904F11A02A36D0593BB
:107D5000A3EB09035B4533DCDDE909239A423BDBF6
:107D60002368DA0738D40A9B059A09999A1AA3EB73
:107D700001099145A8BF9146B9F1000F35DC4FF0DC
:107D8000000829EAE97904F11A0ADDE909239B1AB6
:107D9000A3EB090343457FF779AF012352463146F0
:107DA0002846B84701303FF4AAAE08F10108ECE7D5
:107DB0001346314642462846B8470130C0D19EE6B8
:107DC0000123314628460592B84701303FF497AE6B
:107DD000059A0BF1010BB9E718EE103A52463146FD
:107DE0002846B8470130BED189E6059A4B46424441
:107DF00031462846B8470130C1D180E60A9A012AA7
:107E000001DCDB0738D50123424631462846B84716
:107E100001303FF474AE18EE103A5246314628460F
:107E2000B84701303FF46BAED4E9120100220023C1
:107E3000F8F74AFED8B90A9B08F10102013B314626
:107E40002846B84701300ED159E601235246314643
:107E50002846B84701303FF452AE08F101080A9BAA
:107E6000013B4345F1DC4B4604F15002DCE64FF0A8
:107E7000000804F11A0AF2E701234246DFE7012372
:107E80004A4631462846B84701303FF438AE08F13B
:107E90000108E3680B995B1A4345F0DCFAE64FF002
:107EA000000804F11909F4E72DE9F0471646994650
:107EB0008A680B69DDF820809342B8BF13463360AF
:107EC00091F8432007460C460AB10133336023681A
:107ED000990642BF336802333360256815F0060502
:107EE00006D104F1190AE36832689B1AAB4226DC1A
:107EF00094F84320131E226818BF012392062BD446
:107F000004F1430249463846C04701301ED0236879
:107F1000E568326803F00603042B08BFAD1AA368B6
:107F200022690CBF25EAE57500259342C4BF9B1A60
:107F3000ED1800261A34B5421AD1002008E00123BA
:107F4000524649463846C047013003D14FF0FF3012
:107F5000BDE8F0870135C6E7E1185A1C302081F8EA
:107F60004300224494F8451082F843100233C7E7D7
:107F70000123224649463846C0470130E6D0013643
:107F8000D9E700002DE9FF470F7E0C9D782F914621
:107F900080460C469A4601F1430207D8622F0AD860
:107FA000002F00F0D880582F00F0A38004F1420584
:107FB00084F842703AE0A7F16303152BF6D801A1CB
:107FC00051F823F01D80000831800008AD7F0008C3
:107FD000AD7F0008AD7F0008AD7F0008318000084C
:107FE000AD7F0008AD7F0008AD7F0008AD7F0008C1
:107FF0003D810008618000081F810008AD7F0008F6
:10800000AD7F00085F810008AD7F00086180000837
:10801000AD7F0008AD7F0008278100082B681A1D7E
:108020001B682A6004F1420584F842300123A3E072
:1080300020682968060601F104030AD50E682B6042
:10804000002E03DA2D23764284F843305E480A235B
:1080500019E00E682B6010F0400F18BF36B2EFE742
:108060002B682068191D2960010601D51E6802E0F1
:108070004606FBD51E8854486F2F0CBF08230A23E1
:10808000002184F843106568A560002DA2BF216817
:1080900021F0040121600EB9002D4DD01546B6FB2C
:1080A000F3F103FB1167C75D05F8017D3746BB425D
:1080B0000E46F4D9082B0BD12368DE0708D52369B7
:1080C00061689942DEBF302305F8013C05F1FF35B8
:1080D000521B2261CDF800A04B4603AA2146404620
:1080E000FFF7E2FE01304CD14FF0FF3004B0BDE8A5
:1080F000F087354881F845702968236851F8046B8A
:1081000029601D0614D5DF0744BF43F02003236018
:108110001EB9236823F0200323601023B0E72368EF
:1081200043F0200323607823284884F84530E3E7B0
:10813000590648BFB6B2E6E71546BBE72B68266886
:108140006169181D286035061B6801D5196002E0B9
:108150007006FBD51980002323611546BAE72B680A
:108160001A1D2A601D68626800212846F8F738F851
:1081700008B1401B606063682361002384F84330CA
:10818000A8E723692A4649464046D0470130ABD08C
:1081900023689B0713D4E068039B9842B8BF184636
:1081A000A4E70123324649464046D04701309BD0E0
:1081B0000135E36803995B1AAB42F2DCEBE700257B
:1081C00004F11906F5E700BF9AA40008ABA4000863
:1081D0000FB40A4B13B51C6824B1A36913B9204628
:1081E00001F0FEF805AB049AA1680193204601F066
:1081F000D1FD02B0BDE8104004B07047140000206B
:1082000070B50E46054618B183690BB901F0E8F860
:10821000AB69AC6813B9284601F0E2F82C4B9C42DC
:1082200020D16C68636EDB0705D4A389980502D45E
:10823000A06D01F078F9A38919071DD52369DBB179
:10824000013EA36816F8011F013BA36039BB002B58
:1082500038DA22460A21284600F06CF8013011D0A5
:108260000A2511E01B4B9C4201D1AC68DAE71A4B9E
:108270009C4208BFEC68D5E72146284600F0ACF8E0
:108280000028DDD04FF0FF35636EDA0705D4A389EF
:108290009B0502D4A06D01F047F9284670BD002B64
:1082A00004DAA2699A4206DC0A2904D023685A1C1F
:1082B00022601970C5E72246284600F03BF80130DD
:1082C000BFD1DFE723680A255A1C22601D70DBE757
:1082D00090A50008B0A5000870A50008024B014653
:1082E0001868FFF78DBF00BF1400002038B5064D99
:1082F0000023044608462B60FCF728FB431C02D1F0
:108300002B6803B1236038BDE057002010B5013958
:10831000034632B111F8014F03F8014B013A002C2A
:10832000F7D11A440021934200D110BD03F8011B7C
:10833000F9E70000F8B50E461446054618B1836902
:108340000BB901F04DF8214B9C422BD16C68A3690D
:10835000A360A3891A072FD523696BB3236920680B
:10836000C01A6369F6B28342374604DC21462846C8
:1083700000F0A2FF30BBA368013BA36023685A1C36
:1083800022601E7063690130834204D0A389DB0739
:1083900006D50A2E04D12146284600F08DFF88B963
:1083A0003846F8BD0A4B9C4201D1AC68CFE7094B77
:1083B0009C4208BFEC68CAE72146284600F00CF84A
:1083C0000028CBD04FF0FF37EAE700BF90A50008A8
:1083D000B0A5000870A50008324B70B51D680646B0
:1083E0000C4625B1AB6913B9284600F0F9FF2E4BB6
:1083F0009C420FD16C68A389B4F90C2019072CD4C6
:10840000DD0611D40923336042F04003A3814FF00D
:10841000FF303EE0254B9C4201D1AC68EBE7244B9A
:108420009C4208BFEC68E6E7580712D5616B41B182
:1084300004F14403994202D03046FFF77FF900234C
:108440006363A38923F02403A3810023636023696A
:108450002360A38943F00803A38123694BB9A3894F
:1084600003F42073B3F5007F03D02146304601F0BA
:1084700081F8A089B4F90C2010F001030AD0002380
:10848000A36063695B42A361236943B910F0800074
:10849000BAD170BD810758BF6369A360F4E70020BB
:1084A000F7E700BF1400002090A50008B0A5000861
:1084B00070A500082DE9F74F03690C69A342074630
:1084C000C0F28180013C01F1140800F1140505EBB4
:1084D0008403019358F8243055F8242001339A423C
:1084E0004FEA840B08EB8409B2FBF3F631D34FF06B
:1084F000000E4046AC46F24650F8042B93B206FB01
:1085000003E34FEA134E9BB2AAEB0303DCF800A08F
:10851000120C13FA8AF306FB02E20093009B4FEA67
:10852000124E92B2C2EB1A4202EB2342BDF8003067
:10853000814543EA02434CF8043B4FEA224ADBD22E
:1085400055F80B302BB9019B043B9D421A462ED3A4
:108550003C61384601F0DCFA002824DB013628466D
:108560004FF0000C58F8042BD0F800E093B2ACEBBD
:108570000303120C13FA8EF3C2EB1E4202EB2342EA
:108580009BB243EA0243C14540F8043B4FEA224C08
:10859000E8D255F8242005EB840322B9043B9D4220
:1085A0001A460AD33C61304603B0BDE8F08F12682A
:1085B000043B002ACCD1013CC7E71268043B002AE7
:1085C000F0D1013CEBE70020EEE7000000000000E6
:1085D0002DE9F04F2DED048B57EC106B93B0456AED
:1085E000DDF88080069110EE10AA044609920C93E3
:1085F000BB4675B91020FFF783F80246606220B9C8
:10860000A74BEA21A74801F04BFDC0E901550560E1
:10861000C560636A196851B15A684A600123934082
:108620008B60204601F032F8636A00221A603B1E1C
:10863000AABF002323F0004BC8F800309A4BBCBF00
:108640000122C8F8002033EA0B031BD10C9A42F236
:108650000F731360CBF31303334300F09285219B18
:1086600063B9924B22E0924B01930833219A136035
:10867000019813B0BDEC048BBDE8F08F8B4B0193D8
:108680000333F3E70022002350465946F8F71CFA5B
:108690004BEC19AB804658B10C9A01231360219B17
:1086A000002B00F06B8583481860431E0193DFE7C1
:1086B0004BEC10AB10AA11A9204601F0CFFACBF376
:1086C0000A5508EE100A002D00F0848019EE903A49
:1086D000C3F3130343F07F57564647F44017A5F200
:1086E000FF35CDF83880744B002230463946F7F715
:1086F000CBFD65A3D3E90023F7F77EFF64A3D3E99D
:108700000023F7F7C3FD064628460F46F7F70AFF92
:1087100061A3D3E90023F7F76FFF02460B4630460B
:108720003946F7F7B3FD06460F46F8F715FA00226B
:108730000090002330463946F8F7D0F950B1009840
:10874000F7F7F0FE32463B46F8F7BEF910B9009B4A
:10875000013B0093009B162B5AD8009A574B03EB12
:10876000C203D3E9002351EC190BF8F7B7F900283D
:1087700050D0009B013B009300230B93109B5D1B8B
:108780006B1E059345BFC5F101030493002300232D
:108790004CBF05930493009B002B3DDB059B009A87
:1087A0000A921344059300230793069B092B00F2BA
:1087B0008980052BC4BF043B0693069BA3F10203EB
:1087C000CCBF00250125032B00F28780DFE803F0F2
:1087D0002D3A3859DDE910531D4405F23243202B60
:1087E000C1BFC3F1400305F212400BFA03F326FAAE
:1087F00000F0DABFC3F1200306FA03F01843F7F7DD
:1088000081FE01230646A1F1F877013D0E936AE748
:108810000123B2E70B90B1E7049B009A9B1A0493E3
:108820005342079300230A93BFE700230893099B51
:10883000002B55DC0123CDE902331A4609920CE0E6
:108840000123F3E70023099A0893009B1344029342
:108850000133012B0393B8BF0123606A00224260F9
:10886000042202F114069E4241683DD9204600F0E0
:10887000CDFE019000283BD1114B02464FF4D5713B
:10888000C0E60123DFE700BF61436F63A787D23FE4
:10889000B3C8608B288AC63FFB799F501344D33FEF
:1088A000C9A40008E0A400080000F07FC5A40008E7
:1088B000BCA4000899A400080000F83F78A60008AE
:1088C0005EA5000801250023069308954FF0FF33AD
:1088D000CDE9023300221223B0E701230893F5E724
:1088E000099BCDE90233B8E7013141605200B8E796
:1088F000636A019A1A60039B0E2B00F29D80002D83
:1089000000F09A80009B002B32DDB74A03F00F0382
:1089100002EBC303D3E90089009BD8054FEA231774
:1089200016D5B24B51EC190BD3E90823F7F78EFF9C
:1089300007F00F0782468B460325AC4E57B94246D7
:108940004B4650465946F7F781FF82468B4628E052
:108950000225F2E7F90708D540464946D6E9002343
:10896000F7F74AFE0135804689467F100836E5E76D
:1089700000F09B80009B9D4F5E429B4B06F00F02D8
:1089800003EBC203D3E9002351EC190BF7F734FED4
:10899000361182468B4600230225002E7AD1002B09
:1089A000D3D10B9B002B00F08280914B00225046CC
:1089B0005946F8F793F8002879D0039B002B76D01E
:1089C000029B002B36DD009B504659465F1E00225D
:1089D000884BF7F711FE029E82468B4601352846EA
:1089E000F7F7A0FD52465B46F7F706FE824B0022E2
:1089F000F7F74CFCD046D9468246A1F1507B002EB9
:108A000058D17E4B002240464946F7F73DFC52467E
:108A10005B4680468946F8F77FF8002840F095824B
:108A200052460BF1004340464946F8F757F80028F4
:108A300040F089825BEC19AB119B002BC0F248819E
:108A4000009A0E2A00F34481674B03EBC203D3E97B
:108A50000089099B002B80F2D580039B002B00F33B
:108A6000D18040F06F82654B002240464946F7F7BF
:108A7000C3FD52465B46F8F745F8039E374600288B
:108A800040F04582019D312305F8013B009B0133F5
:108A9000009340E2F20705D5D7E90023F7F7ACFDD4
:108AA000013501237610083777E7022579E7009F23
:108AB000039E94E701994C4B31440D91089903EBC7
:108AC000C60353E90223002943D04D490020F7F79C
:108AD000BDFE52465B46F7F7D7FB019D82468B46AB
:108AE00049464046F8F738F80646F7F71BFD0246B8
:108AF0000B4640464946F7F7C7FB303605F8016B91
:108B000052465B4680468946F7F7E8FF002863D166
:108B100042464B4636490020F7F7B6FB52465B46C5
:108B2000F7F7DCFF002840F0B5800D9B9D4281D017
:108B3000304B002250465946F7F75EFD2D4B8246DA
:108B40008B46404649460022F7F756FD8046894647
:108B5000C6E750465946F7F74FFD0D9B019D0F9311
:108B600082468B4649464046F7F7F6FF0646F7F73A
:108B7000D9FC303602460B4640464946F7F784FB9F
:108B800005F8016B0D9B9D42804689464FF000021F
:108B900024D11B4B50465946F7F778FB02460B464B
:108BA00040464946F7F7B8FF002873D152465B4666
:108BB00013490020F7F768FB02460B46404649463A
:108BC000F7F78CFF00283FF435AF0F9D6B1E0F9316
:108BD00015F8013C302BF8D0009749E0054BF7F72A
:108BE0000BFD80468946BDE778A6000850A6000820
:108BF0000000F03F0000244000001C400000144032
:108C00000000E03F019D56465F4642464B463046D7
:108C10003946F7F71BFEF7F79FFF8246F7F782FC0E
:108C200042464B46F7F7E8FC02460B4630463946CB
:108C30000AF13006F7F728FB05F8016B019E039F48
:108C4000AE1BB74202460B4635D1F7F71FFB424633
:108C50004B4606460F46F7F75FFFD0B942464B46F4
:108C600030463946F7F730FF10B11AF0010F10D136
:108C7000204618EE101A00F009FD002300982B7012
:108C80000C9B01301860219B002B3FF4F1AC1D6060
:108C9000EEE4009F2B461D4613F8012D392A06D11C
:108CA000019A9A42F7D10199302201370A701A7855
:108CB00001321A7090E7A64B0022F7F79DFC0022C4
:108CC000002306460F46F7F7FFFE00289DD0CFE7AA
:108CD000089A002A00F0D780069A012A00F3BA8089
:108CE0000E9A002A00F0B28003F23343079E049DDF
:108CF000049A1A440492059A01211A4420460592C6
:108D000000F07CFD0746002D0CDD059B002B09DDE6
:108D1000AB42049AA8BF2B46D21A0492059AED1AC8
:108D2000D31A0593079B1BB3089B002B00F0AF8061
:108D3000002E13DD39463246204600F01FFE18EEA5
:108D4000102A01460746204600F06EFD18EE101A64
:108D50008046204600F09AFC08EE108A079B9A1B7A
:108D600006D018EE101A204600F008FE08EE100A91
:108D70000121204600F042FD0A9B002B064640F3ED
:108D800088801A460146204600F0F8FD069B012B1C
:108D9000064640F381804FF00008336906EB8303F9
:108DA000186900F0DBFCC0F12000059B184410F0AE
:108DB0001F0000F09280C0F12003042B40F38A8052
:108DC000C0F11C00049B03440493059B0344054429
:108DD0000593049B002B07DD18EE101A1A46204657
:108DE00000F026FE08EE100A059B002B05DD31463B
:108DF0001A46204600F01CFE06460B9B002B6ED048
:108E000018EE100A314600F083FE002867DA009B56
:108E1000013B18EE101A00930A220023204600F0AE
:108E200057FC089B08EE100A002B00F0B1810023CC
:108E300039460A22204600F04BFC029B002B0746D5
:108E400000F38E80069B022B51DC89E0109BC3F15E
:108E500036034BE7039B5E1E079BB342BFBF079BD6
:108E60000796F21A0A9BB6BF9B189E1B0A93039B98
:108E7000B8BF0026002BB7BFDDE90323DDE90335CA
:108E80009D1A002334E7079E049D089F3BE7079A3D
:108E900067E7069B012B18DCBAF1000F15D1CBF365
:108EA000130393B92BF000431B0D1B0583B1049BE7
:108EB00001330493059B013305934FF001080A9B8E
:108EC000002B7FF46AAF01206FE74FF00008F6E750
:108ED0009846F4E73FF47DAF18461C3072E7039BD9
:108EE000002B37DC069B022B34DD039B0293029B95
:108EF0006BB931460522204600F0EAFB01460646E2
:108F000018EE100A00F004FE00283FF7BBAD099BE5
:108F1000019DDB4300934FF000083146204600F0EE
:108F2000B5FB002F3FF4A4AEB8F1000F05D0B84553
:108F300003D04146204600F0A9FB3946204600F008
:108F4000A5FB95E600263746E1E70097374699E509
:108F500000002440089B002B00F0CA80039B029372
:108F6000002D05DD39462A46204600F061FD074602
:108F7000B8F1000F5BD07968204600F047FB05464A
:108F800028B9874B024640F2EA21FFF73BBB3A691A
:108F90000232920007F10C010C30FEF7B9FB0122FE
:108FA0002946204600F044FD019B03F10109DDE95B
:108FB0000123134405930AF00103B84604930746BE
:108FC000314618EE100AFFF775FA4146029000F19B
:108FD000300A18EE100A00F09BFD3A460390314625
:108FE000204600F0B1FDC26809F1FF3B054602BB17
:108FF000014618EE100A00F08BFD02462946204675
:10900000079200F043FBDDE9063243EA0201049BCC
:109010000B434D460FD1BAF1390F2AD0039B002BD9
:1090200002DD029B03F1310A8BF800A075E7384698
:10903000BAE70122E2E7039B002B04DB06990B430E
:1090400004990B4322D1002AEEDD18EE101A0122FA
:10905000204600F0EDFC314608EE100A00F058FD05
:10906000002803DCE0D11AF0010FDDD0BAF1390F8E
:10907000D7D139238BF800302B461D46013B15F81C
:10908000012C392A71D001321A7046E7002A07DD17
:10909000BAF1390FEDD00AF101038BF800303CE74B
:1090A000059B09F801AC994547D018EE101A00232A
:1090B0000A22204600F00CFBB84508EE100A4FF0DB
:1090C00000034FF00A024146204606D100F000FBA3
:1090D0008046074609F1010972E700F0F9FA3946BE
:1090E000804600230A22204600F0F2FA0746F1E704
:1090F000039B0293019D18EE100A3146FFF7DAF93F
:1091000000F1300A019B05F801ABEA1A029B934279
:1091100009DD18EE101A00230A22204600F0D8FAC2
:1091200008EE100AE7E7029B002BC8BF1D46019B13
:10913000D8BF01251D444FF0000818EE101A012277
:10914000204600F075FC314608EE100A00F0E0FC05
:10915000002891DC02D11AF0010F8DD12B461D465B
:1091600013F8012D302AFAD0D7E6019A9A4284D119
:10917000009B0133009331231370CEE6094BFFF7B8
:1091800095BA219B002B7FF46EAA074BFFF78EBA8E
:10919000029B002BAEDC069B022B3FF7A8AEA9E793
:1091A0005EA5000898A40008BCA400088A892DE9DF
:1091B000F041054610070C4658D44B68002B05DCDF
:1091C0000B6C002B02DC0020BDE8F081E66A002E6B
:1091D000F9D0002312F480522F682B6032D0606DDA
:1091E000A3895A0705D56368C01A636B0BB1236C5A
:1091F000C01A00230246E66A216A2846B047431C8B
:10920000A38906D129681D292CD82A4ACA40D60725
:1092100028D500226260D9042269226004D5421C4C
:1092200001D12B6803B96065616B2F600029CAD03A
:1092300004F14403994202D02846FEF77FFA002049
:109240006063C1E7216A01232846B047411CC7D1AA
:109250002B68002BC4D01D2B01D0162B01D12F6001
:10926000B1E7A38943F04003A381ADE70F69002F65
:10927000A9D093070E6808BF4B690F6018BF002381
:10928000A6EB07088B60B8F1000F9CDD216AA66A87
:1092900043463A462846B047002806DCA38943F0F7
:1092A0004003A3814FF0FF308EE70744A8EB00088E
:1092B000E9E700BF0100402038B50B6905460C46C0
:1092C00013B90025284638BD18B183690BB900F0E1
:1092D00087F8144B9C421BD16C68B4F90C30002BFE
:1092E000EFD0626ED00704D4990502D4A06D00F0CF
:1092F0001AF928462146FFF759FF636EDA0705463B
:10930000E0D4A3899B05DDD4A06D00F00DF9D9E769
:10931000054B9C4201D1AC68DFE7044B9C4208BF7F
:10932000EC68DAE790A50008B0A5000870A5000871
:10933000002310B50446C0E90033C0E9043383605C
:1093400081814366C2818361194608225C30FEF741
:10935000EDF9054B6362054BA362054BE362054BD8
:109360002462236310BD00BFF59F000817A000080A
:109370004FA0000873A00008014900F0AFB800BF7B
:10938000B992000870B568224D1E55430E4605F18E
:109390007401FEF73FFA044640B10021C0E900160F
:1093A0000C30A06005F16802FEF7C0F9204670BDE0
:1093B000014800F0B8B800BFDD570020014800F0B8
:1093C000B3B800BFDD570020014800F0ACB800BFC3
:1093D000DE570020014800F0A7B800BFDE5700208C
:1093E00010B50446FFF7F0FFA3691BB1BDE81040BC
:1093F000FFF7F0BFC4E912332365134B134A1B6810
:10940000A262A34204BF0123A361204600F020F81A
:109410006060204600F01CF8A060204600F018F8BC
:109420000022E06004216068FFF782FFA06801224B
:109430000921FFF77DFFE06802221221FFF778FF84
:109440000123A361D2E700BF84A400087993000838
:10945000F8B50746FFF7ACFF1E4B1E68B36913B99A
:109460003046FFF7BDFF4836D6E90134013B03D54E
:1094700033680BB33668F7E7B4F90C50D5B9164B1F
:10948000E36004F15800656600F04CF8FFF796FFC2
:10949000C4E90155C4E904552560A561082229469F
:1094A00004F15C00FEF742F9C4E90D55C4E9125518
:1094B0002046F8BD6834D9E704213846FFF762FF3B
:1094C000044630600028D5D1FFF778FF0C233B60BD
:1094D000EEE700BF84A400080100FFFF2DE9F84378
:1094E0000646884600F148040027D4E90195B9F101
:1094F000010905D52468002CF7D13846BDE8F8836A
:10950000AB89012B07D9B5F90E30013303D02946B9
:109510003046C04707436835E9E700000048704718
:109520006801002070477047704770B50E46B1F96A
:109530000E10002996B014461D4608DAB6F90C3014
:1095400000222A601A0610D44FF480630EE06A46A7
:1095500000F0E6FD0028F1DB019A02F47042A2F56A
:1095600000535A425A412A60EEE74023002023600C
:1095700016B070BD8B8973B59D0706460C4607D59E
:1095800004F14703236023610123636102B070BDCE
:1095900001AB6A46FFF7C9FF009905463046FEF762
:1095A00039F948B9B4F90C309A05EFD423F0030324
:1095B00043F00203A381E3E70D4BB362A38920606C
:1095C00043F08003A381009B6361019B20615BB139
:1095D000B4F90E10304600F0B5FD28B1A38923F090
:1095E000030343F00103A381A0890543A581CDE7CF
:1095F000799300080148FFF796BF00BFDC570020B1
:109600000148FFF791BF00BFDC57002070B5466AE4
:1096100004460D4676B91020FEF772F802466062E5
:1096200020B9184B1848662100F03AFDC0E90166E0
:109630000660C660666AF36883B1636ADB6853F8E4
:109640002500B8B9012101FA05F6721D92002046E5
:1096500000F060FB60B1C0E901560EE02122042158
:10966000204600F057FB636AF060DB68002BE4D112
:10967000002070BD026843F825200023C0E90333B1
:10968000F7E700BFC9A40008D0A5000870B5466A76
:1096900005460C4676B91020FEF732F8024668629D
:1096A00020B9094B09488A2100F0FAFCC0E901669B
:1096B0000660C6603CB16B6A6268DB6853F82210D2
:1096C000216043F8224070BDC9A40008D0A500085D
:1096D0002DE9F0410D6907460C461E4601F1140CB8
:1096E0000020DCF8003099B202FB01611E0C0B0C6B
:1096F00002FB063389B2013001EB034185424CF88D
:10970000041B4FEA1346ECDC0EB3A368AB4219DC32
:10971000616838460131FFF779FF804628B9024673
:109720000C4B0D48B52100F0BBFC2269023204F15C
:109730000C0192000C30FDF7EBFF21463846FFF795
:10974000A5FF444604EB850301355E612561204693
:10975000BDE8F0815EA50008D0A50008030C1B043D
:10976000D3B90004102310F07F4F04BF0002083368
:1097700010F0704F04BF0001043310F0404F04BFDD
:1097800080000233002805DB10F0804F03F1010355
:1097900008BF2023184670470023E4E7036813F04E
:1097A000070201460BD0DA0723D4980749BF5B08AC
:1097B0009B0801200B605CBF0B600220704798B2D1
:1097C000A8B91B0C1020DAB20AB908301B0A1A0714
:1097D00004BF1B0904309A0704BF9B080230DA0754
:1097E00003D45B0800F1010005D00B607047104600
:1097F000E9E70020704720207047000010B50C46B4
:109800000121FFF703FF024628B9054B05484FF435
:10981000A07100F045FC01234461036110BD00BF4D
:109820005EA50008D0A500082DE9F04F91460A6911
:10983000D9F810309A42B8BF0B460C46BCBF4C4614
:1098400099462769D9F810A0A368616807EB0A0652
:10985000B34285B0B8BF0131FFF7D8FE30B9024638
:10986000444B454840F25D1100F01AFC00F114052C
:1098700005EB86082B460022434521D304F114034F
:1098800003EB870709F1140303EB8A0202923A1BE8
:10989000153A22F00302043204F115018F4238BF59
:1098A00004220192029A03939A420CD8002E03DDFF
:1098B00058F8043D002B5AD0066105B0BDE8F08F82
:1098C00043F8042BD8E7B3F800A0BAF1000F24D076
:1098D00004F1140EA9464FF0000C5EF8042BD9F8E1
:1098E00000101FFA82FB89B20AFB0B114FEA124BE0
:1098F000D9F8002061444FEA124C0AFB0BC202EB7C
:10990000114289B241EA0241774549F8041B4FEA06
:10991000124CE2D8019A45F802C0039AB2F80290BC
:109920000433B9F1000F20D0296804F1140CAE46BD
:109930004FF0000ABCF800B0BEF8022009FB0B2271
:10994000924489B241EA0A414EF8041B5CF8042BA8
:10995000BEF80010120C09FB021101EB1A41674519
:109960004FEA114AE6D8019AA95004359AE7013E18
:109970009CE700BF5EA50008D0A500082DE9F843CC
:10998000154612F0030206460F4607D0254C013A51
:10999000002354F82220FFF79BFE0746AD103DD070
:1099A000746A7CB91020FDF7ABFE0246706228B9DC
:1099B0001D4B1E484FF4D77100F072FBC0E9014403
:1099C0000460C460D6F82480D8F808404CB940F24E
:1099D00071213046FFF712FF0023C8F80800044643
:1099E00003604FF00009EB070AD53946224630469E
:1099F000FFF71AFF394680463046FFF747FE4746D5
:109A00006D100BD0206838B9224621463046FFF74A
:109A10000BFF2060C0F800900446E4E73846BDE83C
:109A2000F88300BF40A70008C9A40008D0A500081B
:109A30002DE9F0470C464968236903EB6218A368D7
:109A4000074691464FEA621A08F10106B3420BDB62
:109A50003846FFF7DBFD054648B902462A4B2B483E
:109A600040F2D91100F01CFB01315B00EEE700234E
:109A700000F1140100F110021846534537DB20694C
:109A80002AEAEA7A04F1140319F01F0901EB8A01AA
:109A900003EB80002FD0C9F1200E8A464FF0000C56
:109AA0001A6802FA09F242EA0C024AF8042B53F847
:109AB000042B984222FA0EFCF2D8031B153B23F02C
:109AC0000303043304F11502904238BF042341F824
:109AD00003C0BCF1000F01D008F10206013E384678
:109AE0002E612146FFF7D2FD2846BDE8F08742F8F7
:109AF000040F0133C1E7043953F8042B41F8042F54
:109B00009842F9D8EAE700BF5EA50008D0A5000892
:109B100030B502690C69121B0ED100F11403143127
:109B200003EB840001EB840150F8045D51F8044D0F
:109B3000A54203D005D30122104630BD8342F3D3A2
:109B4000FAE74FF0FF32F7E72DE9F84F0C460646EB
:109B5000114620469046FFF7DBFF051E10D129462F
:109B60003046FFF753FD30B93A4B024640F23221FE
:109B7000394800F095FA0123C0E90435BDE8F88FB3
:109B8000A4BF4346A0463046D8F80410A6BF1C46E2
:109B900000250125FFF73AFD20B92E4B02464FF470
:109BA0001071E5E7D8F810702669C56004F1140952
:109BB00008F1140500F1140E05EB870C09EB86067D
:109BC00008F11002F246002159F8043B52F804BF94
:109BD0001FFA83F811FA8BF11B0CA1EB0808C3EBF9
:109BE0001B4303EB28431FFA88F819144E4548EA33
:109BF00003434AF8043BE7D8331B153B23F0030328
:109C000004331534A64238BF04231D4473449E46D2
:109C10002E4666450ED30CF10302521B22F00302BE
:109C2000033DAC4538BF00221A4452F8043D7BB1D5
:109C30000761A3E756F8048B11FA88F2141404EBB9
:109C4000184492B242EA04424EF8042B2114E0E791
:109C5000013FEAE75EA50008D0A500082DE9F7431B
:109C60008946012157EC106B9046FFF7CFFC044664
:109C700030B90246254B264840F20A3100F010FA6E
:109C8000C7F30A55C7F3130335BB002E019328D041
:109C900068460096FFF782FD009900B3019AC0F173
:109CA000200302FA03F30B43C24063610192019B5C
:109CB000A361002B14BF022201222261D5B1A5F2BB
:109CC00033450544C9F80050C0F13500C8F800001C
:109CD000204603B0BDE8F08343F48013D5E761610B
:109CE000E5E701A8FFF75AFD019B636101222261AC
:109CF0002030E3E704EB8203A0F23240C9F8000011
:109D00001869FFF72BFDC0EB4210DFE75EA50008E6
:109D1000D0A5000837B5A1FB02244CB91146019229
:109D2000FDF778FD019A054630B9284603B030BDED
:109D30000C2202600025F8E72146FDF7F7FCF4E766
:109D40009368013B002B10B4936008DA9469A34236
:109D500001DB0A2903D15DF8044BFEF7EBBA136867
:109D6000581C1060197008465DF8044B7047F8B530
:109D700006460F461446D518AC4201D1002007E034
:109D800014F8011B3A463046FFF7DAFF431CF3D1C3
:109D9000F8BD00002DE9F04F0D469DB014469846E1
:109DA000064618B183690BB9FFF71AFB894B9D4230
:109DB0001BD175686B6ED90705D4AB899A0502D49F
:109DC000A86DFFF7B0FBAB891B0701D52B69EBB979
:109DD00029463046FEF700FBC0B16B6EDC070ED59E
:109DE0004FF0FF301DB0BDE8F08F7B4B9D4201D19D
:109DF000B568DFE7794B9D4208BFF568DAE7AB89C4
:109E00009805EDD4A86DFFF78FFBE9E700230993D0
:109E100020238DF82930CDF80C803023DFF8C08165
:109E20008DF82A304FF0010923469A4613F8012B8A
:109E30000AB1252AF9D1BAEB040B0BD05B462246B6
:109E400029463046FFF793FF013000F0AA80099AB7
:109E50005A4409929AF80030002B00F0A2800023A7
:109E60004FF0FF32CDE905230AF1010A049307936D
:109E70008DF853301A935446052214F8011B5848A4
:109E8000F6F7AEF9049AD8B9D10644BF20238DF86D
:109E90005330130744BF2B238DF853309AF800300A
:109EA0002A2B15D0079A544600204FF00A0C214661
:109EB00011F8013B303B092B4ED9B0B1079214E0A9
:109EC000A0EB080309FA03F313430493A246D2E775
:109ED000039B191D1B680391002BBBBF5B4242F023
:109EE000020207930793B8BF049223782E2B0CD15C
:109EF00063782A2B35D1039B1A1D1B680392002B14
:109F0000B8BF4FF0FF3302340593DFF8E4A02178A7
:109F100003225046F6F764F940B14023A0EB0A0053
:109F200003FA00F0049B03430134049314F8011B6B
:109F30002C488DF828100622F6F752F900283FD059
:109F4000294B1BBB039B073323F007030833039301
:109F5000099B3B44099367E70CFB02320C46012046
:109F6000A5E700230134059319464FF00A0C20465B
:109F700010F8012B303A092A03D9002BC5D00591DE
:109F8000C3E70CFB012104460123F0E703AB009378
:109F90002A46164B04A93046FDF750FD0746781CAB
:109FA000D6D16B6ED90705D4AB899A0502D4A86DBA
:109FB000FFF7BAFAAB895B063FF512AF099811E7D4
:109FC00003AB00932A46094B04A93046FDF7DAFF9C
:109FD000E4E700BF90A50008B0A5000870A5000840
:109FE0004CA7000856A700083D7A00086F9D00089E
:109FF00052A7000810B50C46B1F90E1000F0D6F8C3
:10A000000028ABBF636DA3891B1823F48053ACBF3A
:10A010006365A38110BD2DE9F0411F468B89DB05E7
:10A0200005460C46164605D5B1F90E10022300224E
:10A0300000F098F8A389B4F90E1023F48053A3819B
:10A0400032463B462846BDE8F04100F017B810B54F
:10A050000C46B1F90E1000F085F8431CA38915BF1A
:10A06000606523F4805343F48053A38118BFA38118
:10A0700010BDB1F90E1000F031B8000038B5074D31
:10A0800004460846114600222A601A46FCF77EFF65
:10A09000431C02D12B6803B1236038BDE057002078
:10A0A0001FB514461A46094B1B680546D8684CB1C3
:10A0B000074B0091CDE9013406492B4600F01EF80C
:10A0C00000F093F8044B1C46F3E700BF1400002097
:10A0D0005DA700086AA7000898A7000838B5064DD4
:10A0E0000023044608462B60FAF774FC431C02D197
:10A0F0002B6803B1236038BDE05700200EB403B5D0
:10A10000014603AB054853F8042B00680193FFF7A1
:10A1100041FE02B05DF804EB03B07047140000206C
:10A1200038B5074D00230446084611462B60FAF760
:10A1300054FC431C02D12B6803B1236038BD00BF1F
:10A14000E057002038B5064D0023044608462B6032
:10A15000FAF748FC431C02D12B6803B1236038BDD9
:10A16000E057002038B5074D044608461146002246
:10A170002A601A46FAF738FC431C02D12B6803B157
:10A18000236038BDE057002082B001B901A942B177
:10A190004BB113780B601278101E18BF012002B06B
:10A1A00070471046FBE76FF00100F8E738B5074D40
:10A1B00004460846114600222A601A46FAF7FAFBBE
:10A1C000431C02D12B6803B1236038BDE057002047
:10A1D00049B1FF2A85BF8A2303600A704FF0FF3020
:10A1E00098BF012070470846704708B5062000F068
:10A1F0002BF80120FAF7D8FB1F2938B504460D4685
:10A2000004D9162303604FF0FF3038BD426C12B101
:10A2100052F821304BB9204600F030F82A4601466A
:10A220002046BDE8384000F017B8012B0AD0591C71
:10A2300003D1162303600120E7E7002442F82540FC
:10A24000284698470020E0E7024B01461868FFF7D0
:10A25000D3BF00BF1400002038B5074D00230446CB
:10A26000084611462B60FAF797FB431C02D12B6876
:10A2700003B1236038BD00BFE0570020FAF78ABB66
:10A28000F8B500BFF8BC08BC9E467047F8B500BFE3
:08A29000F8BC08BC9E467047B3
:10A298006D795461736B3034000000006D7954613E
:10A2A800736B3033000000006D795461736B30328A
:10A2B8000000000064656661756C745461736B001E
:10A2C800BCA2000800000000000000000000000020
:10A2D800000000000004000018000000000000005A
:10A2E80000000000B0A2000800000000000000000C
:10A2F800000000000000000000040000080000004A
:10A308000000000000000000A4A2000800000000F7
:10A318000000000000000000000000000004000031
:10A3280008000000000000000000000098A20008DB
:10A338000000000000000000000000000000000015
:10A3480000040000080000000000000000000000F9
:10A35800000610160006101600000000000000009D
:10A3680001020304060708090000000001020304B3
:10A3780049444C4500000000546D72510000000033
:10A38800546D722053766300E5A4A7E5AEB6E5A543
:10A39800BDEFBC8CE68891E698AFE58898E5B08F6C
:10A3A800E5B885EFBC8CE69DA5E79C8BE68891E82F
:10A3B800A1A8E6BC94E596BD000000006170705F3E
:10A3C800696E69740D0000006170705F6465627584
:10A3D800670D0000534255535F496E6974206375D9
:10A3E800737365737366756C2E0D000094520020AC
:10A3F800E04F002004000000E04F002000000000B3
:10A40800B4520020E04F00200C000000E04F002074
:10A418000800000084520020905100200000000035
:10A428009051002004000000A45200202850002071
:10A43800000000002850002004000000E04F002029
:10A4480004000000E04F002000000000E04F002062
:10A458000C000000E04F0020080000009051002090
:10A468000000000090510020040000002850002047
:10A478000000000028500020040000001800002000
:10A48800494E4600696E66004E414E006E616E0090
:10A49800300030313233343536373839414243446D
:10A4A80045460030313233343536373839616263E6
:10A4B80064656600496E66696E697479004E614E1E
:10A4C800005245454E54206D616C6C6F6320737566
:10A4D80063636565646564002F6D6E742F776F72B2
:10A4E8006B73706163652F776F726B7370616365EF
:10A4F8002F4743432D31302D706970656C696E6547
:10A508002F6A656E6B696E732D4743432D31302D6D
:10A51800706970656C696E652D3333385F3230321F
:10A5280031313031385F31363334353136323033CA
:10A538002F7372632F6E65776C69622F6E65776C07
:10A5480069622F6C6962632F7374646C69622F642B
:10A55800746F612E630042616C6C6F632073756366
:10A568006365656465640000000000000000000089
:10A5780000000000000000000000000000000000D3
:10A5880000000000000000000000000000000000C3
:10A5980000000000000000000000000000000000B3
:10A5A80000000000000000000000000000000000A3
:10A5B8000000000000000000000000000000000093
:10A5C80000000000000000002F6D6E742F776F727E
:10A5D8006B73706163652F776F726B7370616365FE
:10A5E8002F4743432D31302D706970656C696E6556
:10A5F8002F6A656E6B696E732D4743432D31302D7D
:10A60800706970656C696E652D3333385F3230322E
:10A6180031313031385F31363334353136323033D9
:10A628002F7372632F6E65776C69622F6E65776C16
:10A6380069622F6C6962632F7374646C69622F6D31
:10A64800707265632E6300000080E03779C3414370
:10A65800176E05B5B5B89346F5F93FE9034F384D80
:10A66800321D30F94877825A3CBF737FDD4F15752C
:10A67800000000000000F03F00000000000024403F
:10A6880000000000000059400000000000408F401A
:10A69800000000000088C34000000000006AF84085
:10A6A8000000000080842E4100000000D0126341A9
:10A6B8000000000084D797410000000065CDCD411F
:10A6C800000000205FA00242000000E87648374200
:10A6D800000000A2941A6D42000040E59C30A2429E
:10A6E8000000901EC4BCD64200003426F56B0C4313
:10A6F8000080E03779C3414300A0D88557347643BA
:10A7080000C84E676DC1AB43003D9160E458E1431A
:10A71800408CB5781DAF154450EFE2D6E41A4B448F
:10A7280092D54D06CFF08044F64AE1C7022DB544D4
:10A73800B49DD9794378EA44050000001900000067
:10A748007D000000232D302B2000686C4C006566CE
:10A7580067454647002C2066756E6374696F6E3ACC
:10A768002000617373657274696F6E2022257322ED
:10A77800206661696C65643A2066696C65202225EB
:10A7880073222C206C696E65202564257325730A55
:10A79800004300504F534958002E0000202020202D
:10A7A8002020202020282828282820202020202079
:10A7B8002020202020202020202020208810101059
:10A7C80010101010101010101010101004040404B1
:10A7D8000404040404041010101010101041414126
:10A7E8004141410101010101010101010101010191
:10A7F8000101010101010110101010101042424224
:10A808004242420202020202020202020202020260
:10A8180002020202020202101010102000000000C2
:10A828000000000000000000000000000000000020
:10A838000000000000000000000000000000000010
:10A848000000000000000000000000000000000000
:10A8580000000000000000000000000000000000F0
:10A8680000000000000000000000000000000000E0
:10A8780000000000000000000000000000000000D0
:10A8880000000000000000000000000000000000C0
:0CA89800000000000000000000000000B4
:08A8A4003463FF7F0100000096
:04A8AC00B5010008EA
:04A8B000910100080A
:10A8B40001000000100000000024F400AAAAAAAAC3
:10A8C40000520020180000200000000090A500089D
:10A8D400B0A5000870A500080000000000000000FA
:10A8E4000000000000000000000000000000000064
:10A8F4000000000000000000000000000000000054
:10A904000000000000000000000000000000000043
:10A914000000000000000000000000000000000033
:10A9240000000000000000004300000000000000E0
:10A934000000000000000000000000000000000013
:10A9440000000000000000004300000000000000C0
:10A9540000000000000000000000000000000000F3
:10A9640000000000000000004300000000000000A0
:10A9740000000000000000000000000000000000D3
:10A984000000000000000000430000000000000080
:10A9940000000000000000000000000000000000B3
:10A9A4000000000000000000430000000000000060
:10A9B4000000000000000000000000000000000093
:10A9C4000000000000000000430000000000000040
:10A9D4000000000000000000000000000000000073
:10A9E4000000000000000000430000000000000020
:10A9F4000000000000000000000000000000000053
:10AA04000000000000000000D1A1000889A1000896
:10AA140000000000A3A70008A1A7000898A7000849
:10AA240098A7000898A7000898A7000898A7000806
:10AA340098A7000898A7000898A7000898A70008F6
:10AA4400FFFFFFFFFFFFFFFFFFFFFFFFFFFF000010
:10AA54000100415343494900000000000000000088
:10AA640000000000000000000000000000000000E2
:10AA74000000415343494900000000000000000069
:10AA840000000000000000000000000000000000C2
:04AA940000000000BE
:040000050800765920
:00000001FF
