ARM GAS  C:\Users\honor\AppData\Local\Temp\cco5I5zT.s 			page 1


   1              		.cpu cortex-m4
   2              		.arch armv7e-m
   3              		.fpu fpv4-sp-d16
   4              		.eabi_attribute 27, 1
   5              		.eabi_attribute 28, 1
   6              		.eabi_attribute 20, 1
   7              		.eabi_attribute 21, 1
   8              		.eabi_attribute 23, 3
   9              		.eabi_attribute 24, 1
  10              		.eabi_attribute 25, 1
  11              		.eabi_attribute 26, 1
  12              		.eabi_attribute 30, 1
  13              		.eabi_attribute 34, 1
  14              		.eabi_attribute 18, 4
  15              		.file	"main.c"
  16              		.text
  17              	.Ltext0:
  18              		.cfi_sections	.debug_frame
  19              		.section	.text.HAL_TIM_PeriodElapsedCallback,"ax",%progbits
  20              		.align	1
  21              		.global	HAL_TIM_PeriodElapsedCallback
  22              		.syntax unified
  23              		.thumb
  24              		.thumb_func
  26              	HAL_TIM_PeriodElapsedCallback:
  27              	.LVL0:
  28              	.LFB248:
  29              		.file 1 "frameworks/f407/Core/Src/main.c"
   1:frameworks/f407/Core/Src/main.c **** /* USER CODE BEGIN Header */
   2:frameworks/f407/Core/Src/main.c **** /**
   3:frameworks/f407/Core/Src/main.c ****   ******************************************************************************
   4:frameworks/f407/Core/Src/main.c ****   * @file           : main.c
   5:frameworks/f407/Core/Src/main.c ****   * @brief          : Main program body
   6:frameworks/f407/Core/Src/main.c ****   ******************************************************************************
   7:frameworks/f407/Core/Src/main.c ****   * @attention
   8:frameworks/f407/Core/Src/main.c ****   *
   9:frameworks/f407/Core/Src/main.c ****   * Copyright (c) 2026 STMicroelectronics.
  10:frameworks/f407/Core/Src/main.c ****   * All rights reserved.
  11:frameworks/f407/Core/Src/main.c ****   *
  12:frameworks/f407/Core/Src/main.c ****   * This software is licensed under terms that can be found in the LICENSE file
  13:frameworks/f407/Core/Src/main.c ****   * in the root directory of this software component.
  14:frameworks/f407/Core/Src/main.c ****   * If no LICENSE file comes with this software, it is provided AS-IS.
  15:frameworks/f407/Core/Src/main.c ****   *
  16:frameworks/f407/Core/Src/main.c ****   ******************************************************************************
  17:frameworks/f407/Core/Src/main.c ****   */
  18:frameworks/f407/Core/Src/main.c **** /* USER CODE END Header */
  19:frameworks/f407/Core/Src/main.c **** /* Includes ------------------------------------------------------------------*/
  20:frameworks/f407/Core/Src/main.c **** #include "main.h"
  21:frameworks/f407/Core/Src/main.c **** #include "cmsis_os.h"
  22:frameworks/f407/Core/Src/main.c **** #include "adc.h"
  23:frameworks/f407/Core/Src/main.c **** #include "can.h"
  24:frameworks/f407/Core/Src/main.c **** #include "dma.h"
  25:frameworks/f407/Core/Src/main.c **** #include "i2c.h"
  26:frameworks/f407/Core/Src/main.c **** #include "spi.h"
  27:frameworks/f407/Core/Src/main.c **** #include "tim.h"
  28:frameworks/f407/Core/Src/main.c **** #include "usart.h"
  29:frameworks/f407/Core/Src/main.c **** #include "gpio.h"
ARM GAS  C:\Users\honor\AppData\Local\Temp\cco5I5zT.s 			page 2


  30:frameworks/f407/Core/Src/main.c **** 
  31:frameworks/f407/Core/Src/main.c **** /* Private includes ----------------------------------------------------------*/
  32:frameworks/f407/Core/Src/main.c **** /* USER CODE BEGIN Includes */
  33:frameworks/f407/Core/Src/main.c **** #include "app.h"
  34:frameworks/f407/Core/Src/main.c **** #include "hal.h"
  35:frameworks/f407/Core/Src/main.c **** #include "bsp.h"
  36:frameworks/f407/Core/Src/main.c **** /* USER CODE END Includes */
  37:frameworks/f407/Core/Src/main.c **** 
  38:frameworks/f407/Core/Src/main.c **** /* Private typedef -----------------------------------------------------------*/
  39:frameworks/f407/Core/Src/main.c **** /* USER CODE BEGIN PTD */
  40:frameworks/f407/Core/Src/main.c **** 
  41:frameworks/f407/Core/Src/main.c **** /* USER CODE END PTD */
  42:frameworks/f407/Core/Src/main.c **** 
  43:frameworks/f407/Core/Src/main.c **** /* Private define ------------------------------------------------------------*/
  44:frameworks/f407/Core/Src/main.c **** /* USER CODE BEGIN PD */
  45:frameworks/f407/Core/Src/main.c **** 
  46:frameworks/f407/Core/Src/main.c **** /* USER CODE END PD */
  47:frameworks/f407/Core/Src/main.c **** 
  48:frameworks/f407/Core/Src/main.c **** /* Private macro -------------------------------------------------------------*/
  49:frameworks/f407/Core/Src/main.c **** /* USER CODE BEGIN PM */
  50:frameworks/f407/Core/Src/main.c **** 
  51:frameworks/f407/Core/Src/main.c **** /* USER CODE END PM */
  52:frameworks/f407/Core/Src/main.c **** 
  53:frameworks/f407/Core/Src/main.c **** /* Private variables ---------------------------------------------------------*/
  54:frameworks/f407/Core/Src/main.c **** 
  55:frameworks/f407/Core/Src/main.c **** /* USER CODE BEGIN PV */
  56:frameworks/f407/Core/Src/main.c **** 
  57:frameworks/f407/Core/Src/main.c **** /* USER CODE END PV */
  58:frameworks/f407/Core/Src/main.c **** 
  59:frameworks/f407/Core/Src/main.c **** /* Private function prototypes -----------------------------------------------*/
  60:frameworks/f407/Core/Src/main.c **** void SystemClock_Config(void);
  61:frameworks/f407/Core/Src/main.c **** void MX_FREERTOS_Init(void);
  62:frameworks/f407/Core/Src/main.c **** /* USER CODE BEGIN PFP */
  63:frameworks/f407/Core/Src/main.c **** 
  64:frameworks/f407/Core/Src/main.c **** /* USER CODE END PFP */
  65:frameworks/f407/Core/Src/main.c **** 
  66:frameworks/f407/Core/Src/main.c **** /* Private user code ---------------------------------------------------------*/
  67:frameworks/f407/Core/Src/main.c **** /* USER CODE BEGIN 0 */
  68:frameworks/f407/Core/Src/main.c **** 
  69:frameworks/f407/Core/Src/main.c **** /* USER CODE END 0 */
  70:frameworks/f407/Core/Src/main.c **** 
  71:frameworks/f407/Core/Src/main.c **** /**
  72:frameworks/f407/Core/Src/main.c ****   * @brief  The application entry point.
  73:frameworks/f407/Core/Src/main.c ****   * @retval int
  74:frameworks/f407/Core/Src/main.c ****   */
  75:frameworks/f407/Core/Src/main.c **** int main(void)
  76:frameworks/f407/Core/Src/main.c **** {
  77:frameworks/f407/Core/Src/main.c **** 
  78:frameworks/f407/Core/Src/main.c ****   /* USER CODE BEGIN 1 */
  79:frameworks/f407/Core/Src/main.c **** 
  80:frameworks/f407/Core/Src/main.c ****   /* USER CODE END 1 */
  81:frameworks/f407/Core/Src/main.c **** 
  82:frameworks/f407/Core/Src/main.c ****   /* MCU Configuration--------------------------------------------------------*/
  83:frameworks/f407/Core/Src/main.c **** 
  84:frameworks/f407/Core/Src/main.c ****   /* Reset of all peripherals, Initializes the Flash interface and the Systick. */
  85:frameworks/f407/Core/Src/main.c ****   HAL_Init();
  86:frameworks/f407/Core/Src/main.c **** 
ARM GAS  C:\Users\honor\AppData\Local\Temp\cco5I5zT.s 			page 3


  87:frameworks/f407/Core/Src/main.c ****   /* USER CODE BEGIN Init */
  88:frameworks/f407/Core/Src/main.c **** 
  89:frameworks/f407/Core/Src/main.c ****   /* USER CODE END Init */
  90:frameworks/f407/Core/Src/main.c **** 
  91:frameworks/f407/Core/Src/main.c ****   /* Configure the system clock */
  92:frameworks/f407/Core/Src/main.c ****   SystemClock_Config();
  93:frameworks/f407/Core/Src/main.c **** 
  94:frameworks/f407/Core/Src/main.c ****   /* USER CODE BEGIN SysInit */
  95:frameworks/f407/Core/Src/main.c **** 
  96:frameworks/f407/Core/Src/main.c ****   /* USER CODE END SysInit */
  97:frameworks/f407/Core/Src/main.c **** 
  98:frameworks/f407/Core/Src/main.c ****   /* Initialize all configured peripherals */
  99:frameworks/f407/Core/Src/main.c ****   MX_GPIO_Init();
 100:frameworks/f407/Core/Src/main.c ****   MX_DMA_Init();
 101:frameworks/f407/Core/Src/main.c ****   MX_UART5_Init();
 102:frameworks/f407/Core/Src/main.c ****   MX_USART1_UART_Init();
 103:frameworks/f407/Core/Src/main.c ****   MX_USART3_UART_Init();
 104:frameworks/f407/Core/Src/main.c ****   MX_CAN1_Init();
 105:frameworks/f407/Core/Src/main.c ****   MX_ADC1_Init();
 106:frameworks/f407/Core/Src/main.c ****   MX_TIM1_Init();
 107:frameworks/f407/Core/Src/main.c ****   MX_TIM2_Init();
 108:frameworks/f407/Core/Src/main.c ****   MX_TIM3_Init();
 109:frameworks/f407/Core/Src/main.c ****   MX_TIM4_Init();
 110:frameworks/f407/Core/Src/main.c ****   MX_TIM5_Init();
 111:frameworks/f407/Core/Src/main.c ****   MX_TIM9_Init();
 112:frameworks/f407/Core/Src/main.c ****   MX_TIM12_Init();
 113:frameworks/f407/Core/Src/main.c ****   MX_SPI1_Init();
 114:frameworks/f407/Core/Src/main.c ****   MX_UART4_Init();
 115:frameworks/f407/Core/Src/main.c ****   MX_CAN2_Init();
 116:frameworks/f407/Core/Src/main.c ****   MX_USART2_UART_Init();
 117:frameworks/f407/Core/Src/main.c ****   MX_I2C1_Init();
 118:frameworks/f407/Core/Src/main.c ****   /* USER CODE BEGIN 2 */
 119:frameworks/f407/Core/Src/main.c ****   app_init();
 120:frameworks/f407/Core/Src/main.c ****   /* USER CODE END 2 */
 121:frameworks/f407/Core/Src/main.c **** 
 122:frameworks/f407/Core/Src/main.c ****   /* Init scheduler */
 123:frameworks/f407/Core/Src/main.c ****   osKernelInitialize();
 124:frameworks/f407/Core/Src/main.c **** 
 125:frameworks/f407/Core/Src/main.c ****   /* Call init function for freertos objects (in cmsis_os2.c) */
 126:frameworks/f407/Core/Src/main.c ****   MX_FREERTOS_Init();
 127:frameworks/f407/Core/Src/main.c **** 
 128:frameworks/f407/Core/Src/main.c ****   /* Start scheduler */
 129:frameworks/f407/Core/Src/main.c ****   osKernelStart();
 130:frameworks/f407/Core/Src/main.c **** 
 131:frameworks/f407/Core/Src/main.c ****   /* We should never get here as control is now taken by the scheduler */
 132:frameworks/f407/Core/Src/main.c **** 
 133:frameworks/f407/Core/Src/main.c ****   /* Infinite loop */
 134:frameworks/f407/Core/Src/main.c ****   /* USER CODE BEGIN WHILE */
 135:frameworks/f407/Core/Src/main.c ****   while (1)
 136:frameworks/f407/Core/Src/main.c ****   {
 137:frameworks/f407/Core/Src/main.c ****     /* USER CODE END WHILE */
 138:frameworks/f407/Core/Src/main.c **** 
 139:frameworks/f407/Core/Src/main.c ****     /* USER CODE BEGIN 3 */
 140:frameworks/f407/Core/Src/main.c ****   }
 141:frameworks/f407/Core/Src/main.c ****   /* USER CODE END 3 */
 142:frameworks/f407/Core/Src/main.c **** }
 143:frameworks/f407/Core/Src/main.c **** 
ARM GAS  C:\Users\honor\AppData\Local\Temp\cco5I5zT.s 			page 4


 144:frameworks/f407/Core/Src/main.c **** /**
 145:frameworks/f407/Core/Src/main.c ****   * @brief System Clock Configuration
 146:frameworks/f407/Core/Src/main.c ****   * @retval None
 147:frameworks/f407/Core/Src/main.c ****   */
 148:frameworks/f407/Core/Src/main.c **** void SystemClock_Config(void)
 149:frameworks/f407/Core/Src/main.c **** {
 150:frameworks/f407/Core/Src/main.c ****   RCC_OscInitTypeDef RCC_OscInitStruct = {0};
 151:frameworks/f407/Core/Src/main.c ****   RCC_ClkInitTypeDef RCC_ClkInitStruct = {0};
 152:frameworks/f407/Core/Src/main.c **** 
 153:frameworks/f407/Core/Src/main.c ****   /** Configure the main internal regulator output voltage
 154:frameworks/f407/Core/Src/main.c ****   */
 155:frameworks/f407/Core/Src/main.c ****   __HAL_RCC_PWR_CLK_ENABLE();
 156:frameworks/f407/Core/Src/main.c ****   __HAL_PWR_VOLTAGESCALING_CONFIG(PWR_REGULATOR_VOLTAGE_SCALE1);
 157:frameworks/f407/Core/Src/main.c **** 
 158:frameworks/f407/Core/Src/main.c ****   /** Initializes the RCC Oscillators according to the specified parameters
 159:frameworks/f407/Core/Src/main.c ****   * in the RCC_OscInitTypeDef structure.
 160:frameworks/f407/Core/Src/main.c ****   */
 161:frameworks/f407/Core/Src/main.c ****   RCC_OscInitStruct.OscillatorType = RCC_OSCILLATORTYPE_HSI;
 162:frameworks/f407/Core/Src/main.c ****   RCC_OscInitStruct.HSIState = RCC_HSI_ON;
 163:frameworks/f407/Core/Src/main.c ****   RCC_OscInitStruct.HSICalibrationValue = RCC_HSICALIBRATION_DEFAULT;
 164:frameworks/f407/Core/Src/main.c ****   RCC_OscInitStruct.PLL.PLLState = RCC_PLL_ON;
 165:frameworks/f407/Core/Src/main.c ****   RCC_OscInitStruct.PLL.PLLSource = RCC_PLLSOURCE_HSI;
 166:frameworks/f407/Core/Src/main.c ****   RCC_OscInitStruct.PLL.PLLM = 8;
 167:frameworks/f407/Core/Src/main.c ****   RCC_OscInitStruct.PLL.PLLN = 168;
 168:frameworks/f407/Core/Src/main.c ****   RCC_OscInitStruct.PLL.PLLP = RCC_PLLP_DIV2;
 169:frameworks/f407/Core/Src/main.c ****   RCC_OscInitStruct.PLL.PLLQ = 4;
 170:frameworks/f407/Core/Src/main.c ****   if (HAL_RCC_OscConfig(&RCC_OscInitStruct) != HAL_OK)
 171:frameworks/f407/Core/Src/main.c ****   {
 172:frameworks/f407/Core/Src/main.c ****     Error_Handler();
 173:frameworks/f407/Core/Src/main.c ****   }
 174:frameworks/f407/Core/Src/main.c **** 
 175:frameworks/f407/Core/Src/main.c ****   /** Initializes the CPU, AHB and APB buses clocks
 176:frameworks/f407/Core/Src/main.c ****   */
 177:frameworks/f407/Core/Src/main.c ****   RCC_ClkInitStruct.ClockType = RCC_CLOCKTYPE_HCLK|RCC_CLOCKTYPE_SYSCLK
 178:frameworks/f407/Core/Src/main.c ****                               |RCC_CLOCKTYPE_PCLK1|RCC_CLOCKTYPE_PCLK2;
 179:frameworks/f407/Core/Src/main.c ****   RCC_ClkInitStruct.SYSCLKSource = RCC_SYSCLKSOURCE_PLLCLK;
 180:frameworks/f407/Core/Src/main.c ****   RCC_ClkInitStruct.AHBCLKDivider = RCC_SYSCLK_DIV1;
 181:frameworks/f407/Core/Src/main.c ****   RCC_ClkInitStruct.APB1CLKDivider = RCC_HCLK_DIV4;
 182:frameworks/f407/Core/Src/main.c ****   RCC_ClkInitStruct.APB2CLKDivider = RCC_HCLK_DIV2;
 183:frameworks/f407/Core/Src/main.c **** 
 184:frameworks/f407/Core/Src/main.c ****   if (HAL_RCC_ClockConfig(&RCC_ClkInitStruct, FLASH_LATENCY_5) != HAL_OK)
 185:frameworks/f407/Core/Src/main.c ****   {
 186:frameworks/f407/Core/Src/main.c ****     Error_Handler();
 187:frameworks/f407/Core/Src/main.c ****   }
 188:frameworks/f407/Core/Src/main.c **** }
 189:frameworks/f407/Core/Src/main.c **** 
 190:frameworks/f407/Core/Src/main.c **** /* USER CODE BEGIN 4 */
 191:frameworks/f407/Core/Src/main.c **** 
 192:frameworks/f407/Core/Src/main.c **** /* USER CODE END 4 */
 193:frameworks/f407/Core/Src/main.c **** 
 194:frameworks/f407/Core/Src/main.c **** /**
 195:frameworks/f407/Core/Src/main.c ****   * @brief  Period elapsed callback in non blocking mode
 196:frameworks/f407/Core/Src/main.c ****   * @note   This function is called  when TIM8 interrupt took place, inside
 197:frameworks/f407/Core/Src/main.c ****   * HAL_TIM_IRQHandler(). It makes a direct call to HAL_IncTick() to increment
 198:frameworks/f407/Core/Src/main.c ****   * a global variable "uwTick" used as application time base.
 199:frameworks/f407/Core/Src/main.c ****   * @param  htim : TIM handle
 200:frameworks/f407/Core/Src/main.c ****   * @retval None
ARM GAS  C:\Users\honor\AppData\Local\Temp\cco5I5zT.s 			page 5


 201:frameworks/f407/Core/Src/main.c ****   */
 202:frameworks/f407/Core/Src/main.c **** void HAL_TIM_PeriodElapsedCallback(TIM_HandleTypeDef *htim)
 203:frameworks/f407/Core/Src/main.c **** {
  30              		.loc 1 203 1 view -0
  31              		.cfi_startproc
  32              		@ args = 0, pretend = 0, frame = 0
  33              		@ frame_needed = 0, uses_anonymous_args = 0
  34              		.loc 1 203 1 is_stmt 0 view .LVU1
  35 0000 08B5     		push	{r3, lr}
  36              	.LCFI0:
  37              		.cfi_def_cfa_offset 8
  38              		.cfi_offset 3, -8
  39              		.cfi_offset 14, -4
 204:frameworks/f407/Core/Src/main.c ****   /* USER CODE BEGIN Callback 0 */
 205:frameworks/f407/Core/Src/main.c **** 
 206:frameworks/f407/Core/Src/main.c ****   /* USER CODE END Callback 0 */
 207:frameworks/f407/Core/Src/main.c ****   if (htim->Instance == TIM8) {
  40              		.loc 1 207 3 is_stmt 1 view .LVU2
  41              		.loc 1 207 11 is_stmt 0 view .LVU3
  42 0002 0268     		ldr	r2, [r0]
  43              		.loc 1 207 6 view .LVU4
  44 0004 034B     		ldr	r3, .L5
  45 0006 9A42     		cmp	r2, r3
  46 0008 00D0     		beq	.L4
  47              	.LVL1:
  48              	.L1:
 208:frameworks/f407/Core/Src/main.c ****     HAL_IncTick();
 209:frameworks/f407/Core/Src/main.c ****   }
 210:frameworks/f407/Core/Src/main.c ****   /* USER CODE BEGIN Callback 1 */
 211:frameworks/f407/Core/Src/main.c **** 
 212:frameworks/f407/Core/Src/main.c ****   /* USER CODE END Callback 1 */
 213:frameworks/f407/Core/Src/main.c **** }
  49              		.loc 1 213 1 view .LVU5
  50 000a 08BD     		pop	{r3, pc}
  51              	.LVL2:
  52              	.L4:
 208:frameworks/f407/Core/Src/main.c ****     HAL_IncTick();
  53              		.loc 1 208 5 is_stmt 1 view .LVU6
  54 000c FFF7FEFF 		bl	HAL_IncTick
  55              	.LVL3:
  56              		.loc 1 213 1 is_stmt 0 view .LVU7
  57 0010 FBE7     		b	.L1
  58              	.L6:
  59 0012 00BF     		.align	2
  60              	.L5:
  61 0014 00040140 		.word	1073808384
  62              		.cfi_endproc
  63              	.LFE248:
  65              		.section	.text.Error_Handler,"ax",%progbits
  66              		.align	1
  67              		.global	Error_Handler
  68              		.syntax unified
  69              		.thumb
  70              		.thumb_func
  72              	Error_Handler:
  73              	.LFB249:
 214:frameworks/f407/Core/Src/main.c **** 
ARM GAS  C:\Users\honor\AppData\Local\Temp\cco5I5zT.s 			page 6


 215:frameworks/f407/Core/Src/main.c **** /**
 216:frameworks/f407/Core/Src/main.c ****   * @brief  This function is executed in case of error occurrence.
 217:frameworks/f407/Core/Src/main.c ****   * @retval None
 218:frameworks/f407/Core/Src/main.c ****   */
 219:frameworks/f407/Core/Src/main.c **** void Error_Handler(void)
 220:frameworks/f407/Core/Src/main.c **** {
  74              		.loc 1 220 1 is_stmt 1 view -0
  75              		.cfi_startproc
  76              		@ Volatile: function does not return.
  77              		@ args = 0, pretend = 0, frame = 0
  78              		@ frame_needed = 0, uses_anonymous_args = 0
  79              		@ link register save eliminated.
 221:frameworks/f407/Core/Src/main.c ****   /* USER CODE BEGIN Error_Handler_Debug */
 222:frameworks/f407/Core/Src/main.c ****   /* User can add his own implementation to report the HAL error return state */
 223:frameworks/f407/Core/Src/main.c ****   __disable_irq();
  80              		.loc 1 223 3 view .LVU9
  81              	.LBB4:
  82              	.LBI4:
  83              		.file 2 "frameworks/f407/Drivers/CMSIS/Include/cmsis_gcc.h"
   1:frameworks/f407/Drivers/CMSIS/Include/cmsis_gcc.h **** /**************************************************************************//**
   2:frameworks/f407/Drivers/CMSIS/Include/cmsis_gcc.h ****  * @file     cmsis_gcc.h
   3:frameworks/f407/Drivers/CMSIS/Include/cmsis_gcc.h ****  * @brief    CMSIS compiler GCC header file
   4:frameworks/f407/Drivers/CMSIS/Include/cmsis_gcc.h ****  * @version  V5.4.1
   5:frameworks/f407/Drivers/CMSIS/Include/cmsis_gcc.h ****  * @date     27. May 2021
   6:frameworks/f407/Drivers/CMSIS/Include/cmsis_gcc.h ****  ******************************************************************************/
   7:frameworks/f407/Drivers/CMSIS/Include/cmsis_gcc.h **** /*
   8:frameworks/f407/Drivers/CMSIS/Include/cmsis_gcc.h ****  * Copyright (c) 2009-2021 Arm Limited. All rights reserved.
   9:frameworks/f407/Drivers/CMSIS/Include/cmsis_gcc.h ****  *
  10:frameworks/f407/Drivers/CMSIS/Include/cmsis_gcc.h ****  * SPDX-License-Identifier: Apache-2.0
  11:frameworks/f407/Drivers/CMSIS/Include/cmsis_gcc.h ****  *
  12:frameworks/f407/Drivers/CMSIS/Include/cmsis_gcc.h ****  * Licensed under the Apache License, Version 2.0 (the License); you may
  13:frameworks/f407/Drivers/CMSIS/Include/cmsis_gcc.h ****  * not use this file except in compliance with the License.
  14:frameworks/f407/Drivers/CMSIS/Include/cmsis_gcc.h ****  * You may obtain a copy of the License at
  15:frameworks/f407/Drivers/CMSIS/Include/cmsis_gcc.h ****  *
  16:frameworks/f407/Drivers/CMSIS/Include/cmsis_gcc.h ****  * www.apache.org/licenses/LICENSE-2.0
  17:frameworks/f407/Drivers/CMSIS/Include/cmsis_gcc.h ****  *
  18:frameworks/f407/Drivers/CMSIS/Include/cmsis_gcc.h ****  * Unless required by applicable law or agreed to in writing, software
  19:frameworks/f407/Drivers/CMSIS/Include/cmsis_gcc.h ****  * distributed under the License is distributed on an AS IS BASIS, WITHOUT
  20:frameworks/f407/Drivers/CMSIS/Include/cmsis_gcc.h ****  * WARRANTIES OR CONDITIONS OF ANY KIND, either express or implied.
  21:frameworks/f407/Drivers/CMSIS/Include/cmsis_gcc.h ****  * See the License for the specific language governing permissions and
  22:frameworks/f407/Drivers/CMSIS/Include/cmsis_gcc.h ****  * limitations under the License.
  23:frameworks/f407/Drivers/CMSIS/Include/cmsis_gcc.h ****  */
  24:frameworks/f407/Drivers/CMSIS/Include/cmsis_gcc.h **** 
  25:frameworks/f407/Drivers/CMSIS/Include/cmsis_gcc.h **** #ifndef __CMSIS_GCC_H
  26:frameworks/f407/Drivers/CMSIS/Include/cmsis_gcc.h **** #define __CMSIS_GCC_H
  27:frameworks/f407/Drivers/CMSIS/Include/cmsis_gcc.h **** 
  28:frameworks/f407/Drivers/CMSIS/Include/cmsis_gcc.h **** /* ignore some GCC warnings */
  29:frameworks/f407/Drivers/CMSIS/Include/cmsis_gcc.h **** #pragma GCC diagnostic push
  30:frameworks/f407/Drivers/CMSIS/Include/cmsis_gcc.h **** #pragma GCC diagnostic ignored "-Wsign-conversion"
  31:frameworks/f407/Drivers/CMSIS/Include/cmsis_gcc.h **** #pragma GCC diagnostic ignored "-Wconversion"
  32:frameworks/f407/Drivers/CMSIS/Include/cmsis_gcc.h **** #pragma GCC diagnostic ignored "-Wunused-parameter"
  33:frameworks/f407/Drivers/CMSIS/Include/cmsis_gcc.h **** 
  34:frameworks/f407/Drivers/CMSIS/Include/cmsis_gcc.h **** /* Fallback for __has_builtin */
  35:frameworks/f407/Drivers/CMSIS/Include/cmsis_gcc.h **** #ifndef __has_builtin
  36:frameworks/f407/Drivers/CMSIS/Include/cmsis_gcc.h ****   #define __has_builtin(x) (0)
  37:frameworks/f407/Drivers/CMSIS/Include/cmsis_gcc.h **** #endif
  38:frameworks/f407/Drivers/CMSIS/Include/cmsis_gcc.h **** 
ARM GAS  C:\Users\honor\AppData\Local\Temp\cco5I5zT.s 			page 7


  39:frameworks/f407/Drivers/CMSIS/Include/cmsis_gcc.h **** /* CMSIS compiler specific defines */
  40:frameworks/f407/Drivers/CMSIS/Include/cmsis_gcc.h **** #ifndef   __ASM
  41:frameworks/f407/Drivers/CMSIS/Include/cmsis_gcc.h ****   #define __ASM                                  __asm
  42:frameworks/f407/Drivers/CMSIS/Include/cmsis_gcc.h **** #endif
  43:frameworks/f407/Drivers/CMSIS/Include/cmsis_gcc.h **** #ifndef   __INLINE
  44:frameworks/f407/Drivers/CMSIS/Include/cmsis_gcc.h ****   #define __INLINE                               inline
  45:frameworks/f407/Drivers/CMSIS/Include/cmsis_gcc.h **** #endif
  46:frameworks/f407/Drivers/CMSIS/Include/cmsis_gcc.h **** #ifndef   __STATIC_INLINE
  47:frameworks/f407/Drivers/CMSIS/Include/cmsis_gcc.h ****   #define __STATIC_INLINE                        static inline
  48:frameworks/f407/Drivers/CMSIS/Include/cmsis_gcc.h **** #endif
  49:frameworks/f407/Drivers/CMSIS/Include/cmsis_gcc.h **** #ifndef   __STATIC_FORCEINLINE
  50:frameworks/f407/Drivers/CMSIS/Include/cmsis_gcc.h ****   #define __STATIC_FORCEINLINE                   __attribute__((always_inline)) static inline
  51:frameworks/f407/Drivers/CMSIS/Include/cmsis_gcc.h **** #endif
  52:frameworks/f407/Drivers/CMSIS/Include/cmsis_gcc.h **** #ifndef   __NO_RETURN
  53:frameworks/f407/Drivers/CMSIS/Include/cmsis_gcc.h ****   #define __NO_RETURN                            __attribute__((__noreturn__))
  54:frameworks/f407/Drivers/CMSIS/Include/cmsis_gcc.h **** #endif
  55:frameworks/f407/Drivers/CMSIS/Include/cmsis_gcc.h **** #ifndef   __USED
  56:frameworks/f407/Drivers/CMSIS/Include/cmsis_gcc.h ****   #define __USED                                 __attribute__((used))
  57:frameworks/f407/Drivers/CMSIS/Include/cmsis_gcc.h **** #endif
  58:frameworks/f407/Drivers/CMSIS/Include/cmsis_gcc.h **** #ifndef   __WEAK
  59:frameworks/f407/Drivers/CMSIS/Include/cmsis_gcc.h ****   #define __WEAK                                 __attribute__((weak))
  60:frameworks/f407/Drivers/CMSIS/Include/cmsis_gcc.h **** #endif
  61:frameworks/f407/Drivers/CMSIS/Include/cmsis_gcc.h **** #ifndef   __PACKED
  62:frameworks/f407/Drivers/CMSIS/Include/cmsis_gcc.h ****   #define __PACKED                               __attribute__((packed, aligned(1)))
  63:frameworks/f407/Drivers/CMSIS/Include/cmsis_gcc.h **** #endif
  64:frameworks/f407/Drivers/CMSIS/Include/cmsis_gcc.h **** #ifndef   __PACKED_STRUCT
  65:frameworks/f407/Drivers/CMSIS/Include/cmsis_gcc.h ****   #define __PACKED_STRUCT                        struct __attribute__((packed, aligned(1)))
  66:frameworks/f407/Drivers/CMSIS/Include/cmsis_gcc.h **** #endif
  67:frameworks/f407/Drivers/CMSIS/Include/cmsis_gcc.h **** #ifndef   __PACKED_UNION
  68:frameworks/f407/Drivers/CMSIS/Include/cmsis_gcc.h ****   #define __PACKED_UNION                         union __attribute__((packed, aligned(1)))
  69:frameworks/f407/Drivers/CMSIS/Include/cmsis_gcc.h **** #endif
  70:frameworks/f407/Drivers/CMSIS/Include/cmsis_gcc.h **** #ifndef   __UNALIGNED_UINT32        /* deprecated */
  71:frameworks/f407/Drivers/CMSIS/Include/cmsis_gcc.h ****   #pragma GCC diagnostic push
  72:frameworks/f407/Drivers/CMSIS/Include/cmsis_gcc.h ****   #pragma GCC diagnostic ignored "-Wpacked"
  73:frameworks/f407/Drivers/CMSIS/Include/cmsis_gcc.h ****   #pragma GCC diagnostic ignored "-Wattributes"
  74:frameworks/f407/Drivers/CMSIS/Include/cmsis_gcc.h ****   struct __attribute__((packed)) T_UINT32 { uint32_t v; };
  75:frameworks/f407/Drivers/CMSIS/Include/cmsis_gcc.h ****   #pragma GCC diagnostic pop
  76:frameworks/f407/Drivers/CMSIS/Include/cmsis_gcc.h ****   #define __UNALIGNED_UINT32(x)                  (((struct T_UINT32 *)(x))->v)
  77:frameworks/f407/Drivers/CMSIS/Include/cmsis_gcc.h **** #endif
  78:frameworks/f407/Drivers/CMSIS/Include/cmsis_gcc.h **** #ifndef   __UNALIGNED_UINT16_WRITE
  79:frameworks/f407/Drivers/CMSIS/Include/cmsis_gcc.h ****   #pragma GCC diagnostic push
  80:frameworks/f407/Drivers/CMSIS/Include/cmsis_gcc.h ****   #pragma GCC diagnostic ignored "-Wpacked"
  81:frameworks/f407/Drivers/CMSIS/Include/cmsis_gcc.h ****   #pragma GCC diagnostic ignored "-Wattributes"
  82:frameworks/f407/Drivers/CMSIS/Include/cmsis_gcc.h ****   __PACKED_STRUCT T_UINT16_WRITE { uint16_t v; };
  83:frameworks/f407/Drivers/CMSIS/Include/cmsis_gcc.h ****   #pragma GCC diagnostic pop
  84:frameworks/f407/Drivers/CMSIS/Include/cmsis_gcc.h ****   #define __UNALIGNED_UINT16_WRITE(addr, val)    (void)((((struct T_UINT16_WRITE *)(void *)(addr))-
  85:frameworks/f407/Drivers/CMSIS/Include/cmsis_gcc.h **** #endif
  86:frameworks/f407/Drivers/CMSIS/Include/cmsis_gcc.h **** #ifndef   __UNALIGNED_UINT16_READ
  87:frameworks/f407/Drivers/CMSIS/Include/cmsis_gcc.h ****   #pragma GCC diagnostic push
  88:frameworks/f407/Drivers/CMSIS/Include/cmsis_gcc.h ****   #pragma GCC diagnostic ignored "-Wpacked"
  89:frameworks/f407/Drivers/CMSIS/Include/cmsis_gcc.h ****   #pragma GCC diagnostic ignored "-Wattributes"
  90:frameworks/f407/Drivers/CMSIS/Include/cmsis_gcc.h ****   __PACKED_STRUCT T_UINT16_READ { uint16_t v; };
  91:frameworks/f407/Drivers/CMSIS/Include/cmsis_gcc.h ****   #pragma GCC diagnostic pop
  92:frameworks/f407/Drivers/CMSIS/Include/cmsis_gcc.h ****   #define __UNALIGNED_UINT16_READ(addr)          (((const struct T_UINT16_READ *)(const void *)(add
  93:frameworks/f407/Drivers/CMSIS/Include/cmsis_gcc.h **** #endif
  94:frameworks/f407/Drivers/CMSIS/Include/cmsis_gcc.h **** #ifndef   __UNALIGNED_UINT32_WRITE
  95:frameworks/f407/Drivers/CMSIS/Include/cmsis_gcc.h ****   #pragma GCC diagnostic push
ARM GAS  C:\Users\honor\AppData\Local\Temp\cco5I5zT.s 			page 8


  96:frameworks/f407/Drivers/CMSIS/Include/cmsis_gcc.h ****   #pragma GCC diagnostic ignored "-Wpacked"
  97:frameworks/f407/Drivers/CMSIS/Include/cmsis_gcc.h ****   #pragma GCC diagnostic ignored "-Wattributes"
  98:frameworks/f407/Drivers/CMSIS/Include/cmsis_gcc.h ****   __PACKED_STRUCT T_UINT32_WRITE { uint32_t v; };
  99:frameworks/f407/Drivers/CMSIS/Include/cmsis_gcc.h ****   #pragma GCC diagnostic pop
 100:frameworks/f407/Drivers/CMSIS/Include/cmsis_gcc.h ****   #define __UNALIGNED_UINT32_WRITE(addr, val)    (void)((((struct T_UINT32_WRITE *)(void *)(addr))-
 101:frameworks/f407/Drivers/CMSIS/Include/cmsis_gcc.h **** #endif
 102:frameworks/f407/Drivers/CMSIS/Include/cmsis_gcc.h **** #ifndef   __UNALIGNED_UINT32_READ
 103:frameworks/f407/Drivers/CMSIS/Include/cmsis_gcc.h ****   #pragma GCC diagnostic push
 104:frameworks/f407/Drivers/CMSIS/Include/cmsis_gcc.h ****   #pragma GCC diagnostic ignored "-Wpacked"
 105:frameworks/f407/Drivers/CMSIS/Include/cmsis_gcc.h ****   #pragma GCC diagnostic ignored "-Wattributes"
 106:frameworks/f407/Drivers/CMSIS/Include/cmsis_gcc.h ****   __PACKED_STRUCT T_UINT32_READ { uint32_t v; };
 107:frameworks/f407/Drivers/CMSIS/Include/cmsis_gcc.h ****   #pragma GCC diagnostic pop
 108:frameworks/f407/Drivers/CMSIS/Include/cmsis_gcc.h ****   #define __UNALIGNED_UINT32_READ(addr)          (((const struct T_UINT32_READ *)(const void *)(add
 109:frameworks/f407/Drivers/CMSIS/Include/cmsis_gcc.h **** #endif
 110:frameworks/f407/Drivers/CMSIS/Include/cmsis_gcc.h **** #ifndef   __ALIGNED
 111:frameworks/f407/Drivers/CMSIS/Include/cmsis_gcc.h ****   #define __ALIGNED(x)                           __attribute__((aligned(x)))
 112:frameworks/f407/Drivers/CMSIS/Include/cmsis_gcc.h **** #endif
 113:frameworks/f407/Drivers/CMSIS/Include/cmsis_gcc.h **** #ifndef   __RESTRICT
 114:frameworks/f407/Drivers/CMSIS/Include/cmsis_gcc.h ****   #define __RESTRICT                             __restrict
 115:frameworks/f407/Drivers/CMSIS/Include/cmsis_gcc.h **** #endif
 116:frameworks/f407/Drivers/CMSIS/Include/cmsis_gcc.h **** #ifndef   __COMPILER_BARRIER
 117:frameworks/f407/Drivers/CMSIS/Include/cmsis_gcc.h ****   #define __COMPILER_BARRIER()                   __ASM volatile("":::"memory")
 118:frameworks/f407/Drivers/CMSIS/Include/cmsis_gcc.h **** #endif
 119:frameworks/f407/Drivers/CMSIS/Include/cmsis_gcc.h **** 
 120:frameworks/f407/Drivers/CMSIS/Include/cmsis_gcc.h **** /* #########################  Startup and Lowlevel Init  ######################## */
 121:frameworks/f407/Drivers/CMSIS/Include/cmsis_gcc.h **** 
 122:frameworks/f407/Drivers/CMSIS/Include/cmsis_gcc.h **** #ifndef __PROGRAM_START
 123:frameworks/f407/Drivers/CMSIS/Include/cmsis_gcc.h **** 
 124:frameworks/f407/Drivers/CMSIS/Include/cmsis_gcc.h **** /**
 125:frameworks/f407/Drivers/CMSIS/Include/cmsis_gcc.h ****   \brief   Initializes data and bss sections
 126:frameworks/f407/Drivers/CMSIS/Include/cmsis_gcc.h ****   \details This default implementations initialized all data and additional bss
 127:frameworks/f407/Drivers/CMSIS/Include/cmsis_gcc.h ****            sections relying on .copy.table and .zero.table specified properly
 128:frameworks/f407/Drivers/CMSIS/Include/cmsis_gcc.h ****            in the used linker script.
 129:frameworks/f407/Drivers/CMSIS/Include/cmsis_gcc.h **** 
 130:frameworks/f407/Drivers/CMSIS/Include/cmsis_gcc.h ****  */
 131:frameworks/f407/Drivers/CMSIS/Include/cmsis_gcc.h **** __STATIC_FORCEINLINE __NO_RETURN void __cmsis_start(void)
 132:frameworks/f407/Drivers/CMSIS/Include/cmsis_gcc.h **** {
 133:frameworks/f407/Drivers/CMSIS/Include/cmsis_gcc.h ****   extern void _start(void) __NO_RETURN;
 134:frameworks/f407/Drivers/CMSIS/Include/cmsis_gcc.h **** 
 135:frameworks/f407/Drivers/CMSIS/Include/cmsis_gcc.h ****   typedef struct {
 136:frameworks/f407/Drivers/CMSIS/Include/cmsis_gcc.h ****     uint32_t const* src;
 137:frameworks/f407/Drivers/CMSIS/Include/cmsis_gcc.h ****     uint32_t* dest;
 138:frameworks/f407/Drivers/CMSIS/Include/cmsis_gcc.h ****     uint32_t  wlen;
 139:frameworks/f407/Drivers/CMSIS/Include/cmsis_gcc.h ****   } __copy_table_t;
 140:frameworks/f407/Drivers/CMSIS/Include/cmsis_gcc.h **** 
 141:frameworks/f407/Drivers/CMSIS/Include/cmsis_gcc.h ****   typedef struct {
 142:frameworks/f407/Drivers/CMSIS/Include/cmsis_gcc.h ****     uint32_t* dest;
 143:frameworks/f407/Drivers/CMSIS/Include/cmsis_gcc.h ****     uint32_t  wlen;
 144:frameworks/f407/Drivers/CMSIS/Include/cmsis_gcc.h ****   } __zero_table_t;
 145:frameworks/f407/Drivers/CMSIS/Include/cmsis_gcc.h **** 
 146:frameworks/f407/Drivers/CMSIS/Include/cmsis_gcc.h ****   extern const __copy_table_t __copy_table_start__;
 147:frameworks/f407/Drivers/CMSIS/Include/cmsis_gcc.h ****   extern const __copy_table_t __copy_table_end__;
 148:frameworks/f407/Drivers/CMSIS/Include/cmsis_gcc.h ****   extern const __zero_table_t __zero_table_start__;
 149:frameworks/f407/Drivers/CMSIS/Include/cmsis_gcc.h ****   extern const __zero_table_t __zero_table_end__;
 150:frameworks/f407/Drivers/CMSIS/Include/cmsis_gcc.h **** 
 151:frameworks/f407/Drivers/CMSIS/Include/cmsis_gcc.h ****   for (__copy_table_t const* pTable = &__copy_table_start__; pTable < &__copy_table_end__; ++pTable
 152:frameworks/f407/Drivers/CMSIS/Include/cmsis_gcc.h ****     for(uint32_t i=0u; i<pTable->wlen; ++i) {
ARM GAS  C:\Users\honor\AppData\Local\Temp\cco5I5zT.s 			page 9


 153:frameworks/f407/Drivers/CMSIS/Include/cmsis_gcc.h ****       pTable->dest[i] = pTable->src[i];
 154:frameworks/f407/Drivers/CMSIS/Include/cmsis_gcc.h ****     }
 155:frameworks/f407/Drivers/CMSIS/Include/cmsis_gcc.h ****   }
 156:frameworks/f407/Drivers/CMSIS/Include/cmsis_gcc.h **** 
 157:frameworks/f407/Drivers/CMSIS/Include/cmsis_gcc.h ****   for (__zero_table_t const* pTable = &__zero_table_start__; pTable < &__zero_table_end__; ++pTable
 158:frameworks/f407/Drivers/CMSIS/Include/cmsis_gcc.h ****     for(uint32_t i=0u; i<pTable->wlen; ++i) {
 159:frameworks/f407/Drivers/CMSIS/Include/cmsis_gcc.h ****       pTable->dest[i] = 0u;
 160:frameworks/f407/Drivers/CMSIS/Include/cmsis_gcc.h ****     }
 161:frameworks/f407/Drivers/CMSIS/Include/cmsis_gcc.h ****   }
 162:frameworks/f407/Drivers/CMSIS/Include/cmsis_gcc.h **** 
 163:frameworks/f407/Drivers/CMSIS/Include/cmsis_gcc.h ****   _start();
 164:frameworks/f407/Drivers/CMSIS/Include/cmsis_gcc.h **** }
 165:frameworks/f407/Drivers/CMSIS/Include/cmsis_gcc.h **** 
 166:frameworks/f407/Drivers/CMSIS/Include/cmsis_gcc.h **** #define __PROGRAM_START           __cmsis_start
 167:frameworks/f407/Drivers/CMSIS/Include/cmsis_gcc.h **** #endif
 168:frameworks/f407/Drivers/CMSIS/Include/cmsis_gcc.h **** 
 169:frameworks/f407/Drivers/CMSIS/Include/cmsis_gcc.h **** #ifndef __INITIAL_SP
 170:frameworks/f407/Drivers/CMSIS/Include/cmsis_gcc.h **** #define __INITIAL_SP              __StackTop
 171:frameworks/f407/Drivers/CMSIS/Include/cmsis_gcc.h **** #endif
 172:frameworks/f407/Drivers/CMSIS/Include/cmsis_gcc.h **** 
 173:frameworks/f407/Drivers/CMSIS/Include/cmsis_gcc.h **** #ifndef __STACK_LIMIT
 174:frameworks/f407/Drivers/CMSIS/Include/cmsis_gcc.h **** #define __STACK_LIMIT             __StackLimit
 175:frameworks/f407/Drivers/CMSIS/Include/cmsis_gcc.h **** #endif
 176:frameworks/f407/Drivers/CMSIS/Include/cmsis_gcc.h **** 
 177:frameworks/f407/Drivers/CMSIS/Include/cmsis_gcc.h **** #ifndef __VECTOR_TABLE
 178:frameworks/f407/Drivers/CMSIS/Include/cmsis_gcc.h **** #define __VECTOR_TABLE            __Vectors
 179:frameworks/f407/Drivers/CMSIS/Include/cmsis_gcc.h **** #endif
 180:frameworks/f407/Drivers/CMSIS/Include/cmsis_gcc.h **** 
 181:frameworks/f407/Drivers/CMSIS/Include/cmsis_gcc.h **** #ifndef __VECTOR_TABLE_ATTRIBUTE
 182:frameworks/f407/Drivers/CMSIS/Include/cmsis_gcc.h **** #define __VECTOR_TABLE_ATTRIBUTE  __attribute__((used, section(".vectors")))
 183:frameworks/f407/Drivers/CMSIS/Include/cmsis_gcc.h **** #endif
 184:frameworks/f407/Drivers/CMSIS/Include/cmsis_gcc.h **** 
 185:frameworks/f407/Drivers/CMSIS/Include/cmsis_gcc.h **** #if defined (__ARM_FEATURE_CMSE) && (__ARM_FEATURE_CMSE == 3U)
 186:frameworks/f407/Drivers/CMSIS/Include/cmsis_gcc.h **** #ifndef __STACK_SEAL
 187:frameworks/f407/Drivers/CMSIS/Include/cmsis_gcc.h **** #define __STACK_SEAL              __StackSeal
 188:frameworks/f407/Drivers/CMSIS/Include/cmsis_gcc.h **** #endif
 189:frameworks/f407/Drivers/CMSIS/Include/cmsis_gcc.h **** 
 190:frameworks/f407/Drivers/CMSIS/Include/cmsis_gcc.h **** #ifndef __TZ_STACK_SEAL_SIZE
 191:frameworks/f407/Drivers/CMSIS/Include/cmsis_gcc.h **** #define __TZ_STACK_SEAL_SIZE      8U
 192:frameworks/f407/Drivers/CMSIS/Include/cmsis_gcc.h **** #endif
 193:frameworks/f407/Drivers/CMSIS/Include/cmsis_gcc.h **** 
 194:frameworks/f407/Drivers/CMSIS/Include/cmsis_gcc.h **** #ifndef __TZ_STACK_SEAL_VALUE
 195:frameworks/f407/Drivers/CMSIS/Include/cmsis_gcc.h **** #define __TZ_STACK_SEAL_VALUE     0xFEF5EDA5FEF5EDA5ULL
 196:frameworks/f407/Drivers/CMSIS/Include/cmsis_gcc.h **** #endif
 197:frameworks/f407/Drivers/CMSIS/Include/cmsis_gcc.h **** 
 198:frameworks/f407/Drivers/CMSIS/Include/cmsis_gcc.h **** 
 199:frameworks/f407/Drivers/CMSIS/Include/cmsis_gcc.h **** __STATIC_FORCEINLINE void __TZ_set_STACKSEAL_S (uint32_t* stackTop) {
 200:frameworks/f407/Drivers/CMSIS/Include/cmsis_gcc.h ****   *((uint64_t *)stackTop) = __TZ_STACK_SEAL_VALUE;
 201:frameworks/f407/Drivers/CMSIS/Include/cmsis_gcc.h **** }
 202:frameworks/f407/Drivers/CMSIS/Include/cmsis_gcc.h **** #endif
 203:frameworks/f407/Drivers/CMSIS/Include/cmsis_gcc.h **** 
 204:frameworks/f407/Drivers/CMSIS/Include/cmsis_gcc.h **** 
 205:frameworks/f407/Drivers/CMSIS/Include/cmsis_gcc.h **** /* ##########################  Core Instruction Access  ######################### */
 206:frameworks/f407/Drivers/CMSIS/Include/cmsis_gcc.h **** /** \defgroup CMSIS_Core_InstructionInterface CMSIS Core Instruction Interface
 207:frameworks/f407/Drivers/CMSIS/Include/cmsis_gcc.h ****   Access to dedicated instructions
 208:frameworks/f407/Drivers/CMSIS/Include/cmsis_gcc.h ****   @{
 209:frameworks/f407/Drivers/CMSIS/Include/cmsis_gcc.h **** */
ARM GAS  C:\Users\honor\AppData\Local\Temp\cco5I5zT.s 			page 10


 210:frameworks/f407/Drivers/CMSIS/Include/cmsis_gcc.h **** 
 211:frameworks/f407/Drivers/CMSIS/Include/cmsis_gcc.h **** /* Define macros for porting to both thumb1 and thumb2.
 212:frameworks/f407/Drivers/CMSIS/Include/cmsis_gcc.h ****  * For thumb1, use low register (r0-r7), specified by constraint "l"
 213:frameworks/f407/Drivers/CMSIS/Include/cmsis_gcc.h ****  * Otherwise, use general registers, specified by constraint "r" */
 214:frameworks/f407/Drivers/CMSIS/Include/cmsis_gcc.h **** #if defined (__thumb__) && !defined (__thumb2__)
 215:frameworks/f407/Drivers/CMSIS/Include/cmsis_gcc.h **** #define __CMSIS_GCC_OUT_REG(r) "=l" (r)
 216:frameworks/f407/Drivers/CMSIS/Include/cmsis_gcc.h **** #define __CMSIS_GCC_RW_REG(r) "+l" (r)
 217:frameworks/f407/Drivers/CMSIS/Include/cmsis_gcc.h **** #define __CMSIS_GCC_USE_REG(r) "l" (r)
 218:frameworks/f407/Drivers/CMSIS/Include/cmsis_gcc.h **** #else
 219:frameworks/f407/Drivers/CMSIS/Include/cmsis_gcc.h **** #define __CMSIS_GCC_OUT_REG(r) "=r" (r)
 220:frameworks/f407/Drivers/CMSIS/Include/cmsis_gcc.h **** #define __CMSIS_GCC_RW_REG(r) "+r" (r)
 221:frameworks/f407/Drivers/CMSIS/Include/cmsis_gcc.h **** #define __CMSIS_GCC_USE_REG(r) "r" (r)
 222:frameworks/f407/Drivers/CMSIS/Include/cmsis_gcc.h **** #endif
 223:frameworks/f407/Drivers/CMSIS/Include/cmsis_gcc.h **** 
 224:frameworks/f407/Drivers/CMSIS/Include/cmsis_gcc.h **** /**
 225:frameworks/f407/Drivers/CMSIS/Include/cmsis_gcc.h ****   \brief   No Operation
 226:frameworks/f407/Drivers/CMSIS/Include/cmsis_gcc.h ****   \details No Operation does nothing. This instruction can be used for code alignment purposes.
 227:frameworks/f407/Drivers/CMSIS/Include/cmsis_gcc.h ****  */
 228:frameworks/f407/Drivers/CMSIS/Include/cmsis_gcc.h **** #define __NOP()                             __ASM volatile ("nop")
 229:frameworks/f407/Drivers/CMSIS/Include/cmsis_gcc.h **** 
 230:frameworks/f407/Drivers/CMSIS/Include/cmsis_gcc.h **** /**
 231:frameworks/f407/Drivers/CMSIS/Include/cmsis_gcc.h ****   \brief   Wait For Interrupt
 232:frameworks/f407/Drivers/CMSIS/Include/cmsis_gcc.h ****   \details Wait For Interrupt is a hint instruction that suspends execution until one of a number o
 233:frameworks/f407/Drivers/CMSIS/Include/cmsis_gcc.h ****  */
 234:frameworks/f407/Drivers/CMSIS/Include/cmsis_gcc.h **** #define __WFI()                             __ASM volatile ("wfi":::"memory")
 235:frameworks/f407/Drivers/CMSIS/Include/cmsis_gcc.h **** 
 236:frameworks/f407/Drivers/CMSIS/Include/cmsis_gcc.h **** 
 237:frameworks/f407/Drivers/CMSIS/Include/cmsis_gcc.h **** /**
 238:frameworks/f407/Drivers/CMSIS/Include/cmsis_gcc.h ****   \brief   Wait For Event
 239:frameworks/f407/Drivers/CMSIS/Include/cmsis_gcc.h ****   \details Wait For Event is a hint instruction that permits the processor to enter
 240:frameworks/f407/Drivers/CMSIS/Include/cmsis_gcc.h ****            a low-power state until one of a number of events occurs.
 241:frameworks/f407/Drivers/CMSIS/Include/cmsis_gcc.h ****  */
 242:frameworks/f407/Drivers/CMSIS/Include/cmsis_gcc.h **** #define __WFE()                             __ASM volatile ("wfe":::"memory")
 243:frameworks/f407/Drivers/CMSIS/Include/cmsis_gcc.h **** 
 244:frameworks/f407/Drivers/CMSIS/Include/cmsis_gcc.h **** 
 245:frameworks/f407/Drivers/CMSIS/Include/cmsis_gcc.h **** /**
 246:frameworks/f407/Drivers/CMSIS/Include/cmsis_gcc.h ****   \brief   Send Event
 247:frameworks/f407/Drivers/CMSIS/Include/cmsis_gcc.h ****   \details Send Event is a hint instruction. It causes an event to be signaled to the CPU.
 248:frameworks/f407/Drivers/CMSIS/Include/cmsis_gcc.h ****  */
 249:frameworks/f407/Drivers/CMSIS/Include/cmsis_gcc.h **** #define __SEV()                             __ASM volatile ("sev")
 250:frameworks/f407/Drivers/CMSIS/Include/cmsis_gcc.h **** 
 251:frameworks/f407/Drivers/CMSIS/Include/cmsis_gcc.h **** 
 252:frameworks/f407/Drivers/CMSIS/Include/cmsis_gcc.h **** /**
 253:frameworks/f407/Drivers/CMSIS/Include/cmsis_gcc.h ****   \brief   Instruction Synchronization Barrier
 254:frameworks/f407/Drivers/CMSIS/Include/cmsis_gcc.h ****   \details Instruction Synchronization Barrier flushes the pipeline in the processor,
 255:frameworks/f407/Drivers/CMSIS/Include/cmsis_gcc.h ****            so that all instructions following the ISB are fetched from cache or memory,
 256:frameworks/f407/Drivers/CMSIS/Include/cmsis_gcc.h ****            after the instruction has been completed.
 257:frameworks/f407/Drivers/CMSIS/Include/cmsis_gcc.h ****  */
 258:frameworks/f407/Drivers/CMSIS/Include/cmsis_gcc.h **** __STATIC_FORCEINLINE void __ISB(void)
 259:frameworks/f407/Drivers/CMSIS/Include/cmsis_gcc.h **** {
 260:frameworks/f407/Drivers/CMSIS/Include/cmsis_gcc.h ****   __ASM volatile ("isb 0xF":::"memory");
 261:frameworks/f407/Drivers/CMSIS/Include/cmsis_gcc.h **** }
 262:frameworks/f407/Drivers/CMSIS/Include/cmsis_gcc.h **** 
 263:frameworks/f407/Drivers/CMSIS/Include/cmsis_gcc.h **** 
 264:frameworks/f407/Drivers/CMSIS/Include/cmsis_gcc.h **** /**
 265:frameworks/f407/Drivers/CMSIS/Include/cmsis_gcc.h ****   \brief   Data Synchronization Barrier
 266:frameworks/f407/Drivers/CMSIS/Include/cmsis_gcc.h ****   \details Acts as a special kind of Data Memory Barrier.
ARM GAS  C:\Users\honor\AppData\Local\Temp\cco5I5zT.s 			page 11


 267:frameworks/f407/Drivers/CMSIS/Include/cmsis_gcc.h ****            It completes when all explicit memory accesses before this instruction complete.
 268:frameworks/f407/Drivers/CMSIS/Include/cmsis_gcc.h ****  */
 269:frameworks/f407/Drivers/CMSIS/Include/cmsis_gcc.h **** __STATIC_FORCEINLINE void __DSB(void)
 270:frameworks/f407/Drivers/CMSIS/Include/cmsis_gcc.h **** {
 271:frameworks/f407/Drivers/CMSIS/Include/cmsis_gcc.h ****   __ASM volatile ("dsb 0xF":::"memory");
 272:frameworks/f407/Drivers/CMSIS/Include/cmsis_gcc.h **** }
 273:frameworks/f407/Drivers/CMSIS/Include/cmsis_gcc.h **** 
 274:frameworks/f407/Drivers/CMSIS/Include/cmsis_gcc.h **** 
 275:frameworks/f407/Drivers/CMSIS/Include/cmsis_gcc.h **** /**
 276:frameworks/f407/Drivers/CMSIS/Include/cmsis_gcc.h ****   \brief   Data Memory Barrier
 277:frameworks/f407/Drivers/CMSIS/Include/cmsis_gcc.h ****   \details Ensures the apparent order of the explicit memory operations before
 278:frameworks/f407/Drivers/CMSIS/Include/cmsis_gcc.h ****            and after the instruction, without ensuring their completion.
 279:frameworks/f407/Drivers/CMSIS/Include/cmsis_gcc.h ****  */
 280:frameworks/f407/Drivers/CMSIS/Include/cmsis_gcc.h **** __STATIC_FORCEINLINE void __DMB(void)
 281:frameworks/f407/Drivers/CMSIS/Include/cmsis_gcc.h **** {
 282:frameworks/f407/Drivers/CMSIS/Include/cmsis_gcc.h ****   __ASM volatile ("dmb 0xF":::"memory");
 283:frameworks/f407/Drivers/CMSIS/Include/cmsis_gcc.h **** }
 284:frameworks/f407/Drivers/CMSIS/Include/cmsis_gcc.h **** 
 285:frameworks/f407/Drivers/CMSIS/Include/cmsis_gcc.h **** 
 286:frameworks/f407/Drivers/CMSIS/Include/cmsis_gcc.h **** /**
 287:frameworks/f407/Drivers/CMSIS/Include/cmsis_gcc.h ****   \brief   Reverse byte order (32 bit)
 288:frameworks/f407/Drivers/CMSIS/Include/cmsis_gcc.h ****   \details Reverses the byte order in unsigned integer value. For example, 0x12345678 becomes 0x785
 289:frameworks/f407/Drivers/CMSIS/Include/cmsis_gcc.h ****   \param [in]    value  Value to reverse
 290:frameworks/f407/Drivers/CMSIS/Include/cmsis_gcc.h ****   \return               Reversed value
 291:frameworks/f407/Drivers/CMSIS/Include/cmsis_gcc.h ****  */
 292:frameworks/f407/Drivers/CMSIS/Include/cmsis_gcc.h **** __STATIC_FORCEINLINE uint32_t __REV(uint32_t value)
 293:frameworks/f407/Drivers/CMSIS/Include/cmsis_gcc.h **** {
 294:frameworks/f407/Drivers/CMSIS/Include/cmsis_gcc.h **** #if (__GNUC__ > 4) || (__GNUC__ == 4 && __GNUC_MINOR__ >= 5)
 295:frameworks/f407/Drivers/CMSIS/Include/cmsis_gcc.h ****   return __builtin_bswap32(value);
 296:frameworks/f407/Drivers/CMSIS/Include/cmsis_gcc.h **** #else
 297:frameworks/f407/Drivers/CMSIS/Include/cmsis_gcc.h ****   uint32_t result;
 298:frameworks/f407/Drivers/CMSIS/Include/cmsis_gcc.h **** 
 299:frameworks/f407/Drivers/CMSIS/Include/cmsis_gcc.h ****   __ASM ("rev %0, %1" : __CMSIS_GCC_OUT_REG (result) : __CMSIS_GCC_USE_REG (value) );
 300:frameworks/f407/Drivers/CMSIS/Include/cmsis_gcc.h ****   return result;
 301:frameworks/f407/Drivers/CMSIS/Include/cmsis_gcc.h **** #endif
 302:frameworks/f407/Drivers/CMSIS/Include/cmsis_gcc.h **** }
 303:frameworks/f407/Drivers/CMSIS/Include/cmsis_gcc.h **** 
 304:frameworks/f407/Drivers/CMSIS/Include/cmsis_gcc.h **** 
 305:frameworks/f407/Drivers/CMSIS/Include/cmsis_gcc.h **** /**
 306:frameworks/f407/Drivers/CMSIS/Include/cmsis_gcc.h ****   \brief   Reverse byte order (16 bit)
 307:frameworks/f407/Drivers/CMSIS/Include/cmsis_gcc.h ****   \details Reverses the byte order within each halfword of a word. For example, 0x12345678 becomes 
 308:frameworks/f407/Drivers/CMSIS/Include/cmsis_gcc.h ****   \param [in]    value  Value to reverse
 309:frameworks/f407/Drivers/CMSIS/Include/cmsis_gcc.h ****   \return               Reversed value
 310:frameworks/f407/Drivers/CMSIS/Include/cmsis_gcc.h ****  */
 311:frameworks/f407/Drivers/CMSIS/Include/cmsis_gcc.h **** __STATIC_FORCEINLINE uint32_t __REV16(uint32_t value)
 312:frameworks/f407/Drivers/CMSIS/Include/cmsis_gcc.h **** {
 313:frameworks/f407/Drivers/CMSIS/Include/cmsis_gcc.h ****   uint32_t result;
 314:frameworks/f407/Drivers/CMSIS/Include/cmsis_gcc.h **** 
 315:frameworks/f407/Drivers/CMSIS/Include/cmsis_gcc.h ****   __ASM ("rev16 %0, %1" : __CMSIS_GCC_OUT_REG (result) : __CMSIS_GCC_USE_REG (value) );
 316:frameworks/f407/Drivers/CMSIS/Include/cmsis_gcc.h ****   return result;
 317:frameworks/f407/Drivers/CMSIS/Include/cmsis_gcc.h **** }
 318:frameworks/f407/Drivers/CMSIS/Include/cmsis_gcc.h **** 
 319:frameworks/f407/Drivers/CMSIS/Include/cmsis_gcc.h **** 
 320:frameworks/f407/Drivers/CMSIS/Include/cmsis_gcc.h **** /**
 321:frameworks/f407/Drivers/CMSIS/Include/cmsis_gcc.h ****   \brief   Reverse byte order (16 bit)
 322:frameworks/f407/Drivers/CMSIS/Include/cmsis_gcc.h ****   \details Reverses the byte order in a 16-bit value and returns the signed 16-bit result. For exam
 323:frameworks/f407/Drivers/CMSIS/Include/cmsis_gcc.h ****   \param [in]    value  Value to reverse
ARM GAS  C:\Users\honor\AppData\Local\Temp\cco5I5zT.s 			page 12


 324:frameworks/f407/Drivers/CMSIS/Include/cmsis_gcc.h ****   \return               Reversed value
 325:frameworks/f407/Drivers/CMSIS/Include/cmsis_gcc.h ****  */
 326:frameworks/f407/Drivers/CMSIS/Include/cmsis_gcc.h **** __STATIC_FORCEINLINE int16_t __REVSH(int16_t value)
 327:frameworks/f407/Drivers/CMSIS/Include/cmsis_gcc.h **** {
 328:frameworks/f407/Drivers/CMSIS/Include/cmsis_gcc.h **** #if (__GNUC__ > 4) || (__GNUC__ == 4 && __GNUC_MINOR__ >= 8)
 329:frameworks/f407/Drivers/CMSIS/Include/cmsis_gcc.h ****   return (int16_t)__builtin_bswap16(value);
 330:frameworks/f407/Drivers/CMSIS/Include/cmsis_gcc.h **** #else
 331:frameworks/f407/Drivers/CMSIS/Include/cmsis_gcc.h ****   int16_t result;
 332:frameworks/f407/Drivers/CMSIS/Include/cmsis_gcc.h **** 
 333:frameworks/f407/Drivers/CMSIS/Include/cmsis_gcc.h ****   __ASM ("revsh %0, %1" : __CMSIS_GCC_OUT_REG (result) : __CMSIS_GCC_USE_REG (value) );
 334:frameworks/f407/Drivers/CMSIS/Include/cmsis_gcc.h ****   return result;
 335:frameworks/f407/Drivers/CMSIS/Include/cmsis_gcc.h **** #endif
 336:frameworks/f407/Drivers/CMSIS/Include/cmsis_gcc.h **** }
 337:frameworks/f407/Drivers/CMSIS/Include/cmsis_gcc.h **** 
 338:frameworks/f407/Drivers/CMSIS/Include/cmsis_gcc.h **** 
 339:frameworks/f407/Drivers/CMSIS/Include/cmsis_gcc.h **** /**
 340:frameworks/f407/Drivers/CMSIS/Include/cmsis_gcc.h ****   \brief   Rotate Right in unsigned value (32 bit)
 341:frameworks/f407/Drivers/CMSIS/Include/cmsis_gcc.h ****   \details Rotate Right (immediate) provides the value of the contents of a register rotated by a v
 342:frameworks/f407/Drivers/CMSIS/Include/cmsis_gcc.h ****   \param [in]    op1  Value to rotate
 343:frameworks/f407/Drivers/CMSIS/Include/cmsis_gcc.h ****   \param [in]    op2  Number of Bits to rotate
 344:frameworks/f407/Drivers/CMSIS/Include/cmsis_gcc.h ****   \return               Rotated value
 345:frameworks/f407/Drivers/CMSIS/Include/cmsis_gcc.h ****  */
 346:frameworks/f407/Drivers/CMSIS/Include/cmsis_gcc.h **** __STATIC_FORCEINLINE uint32_t __ROR(uint32_t op1, uint32_t op2)
 347:frameworks/f407/Drivers/CMSIS/Include/cmsis_gcc.h **** {
 348:frameworks/f407/Drivers/CMSIS/Include/cmsis_gcc.h ****   op2 %= 32U;
 349:frameworks/f407/Drivers/CMSIS/Include/cmsis_gcc.h ****   if (op2 == 0U)
 350:frameworks/f407/Drivers/CMSIS/Include/cmsis_gcc.h ****   {
 351:frameworks/f407/Drivers/CMSIS/Include/cmsis_gcc.h ****     return op1;
 352:frameworks/f407/Drivers/CMSIS/Include/cmsis_gcc.h ****   }
 353:frameworks/f407/Drivers/CMSIS/Include/cmsis_gcc.h ****   return (op1 >> op2) | (op1 << (32U - op2));
 354:frameworks/f407/Drivers/CMSIS/Include/cmsis_gcc.h **** }
 355:frameworks/f407/Drivers/CMSIS/Include/cmsis_gcc.h **** 
 356:frameworks/f407/Drivers/CMSIS/Include/cmsis_gcc.h **** 
 357:frameworks/f407/Drivers/CMSIS/Include/cmsis_gcc.h **** /**
 358:frameworks/f407/Drivers/CMSIS/Include/cmsis_gcc.h ****   \brief   Breakpoint
 359:frameworks/f407/Drivers/CMSIS/Include/cmsis_gcc.h ****   \details Causes the processor to enter Debug state.
 360:frameworks/f407/Drivers/CMSIS/Include/cmsis_gcc.h ****            Debug tools can use this to investigate system state when the instruction at a particula
 361:frameworks/f407/Drivers/CMSIS/Include/cmsis_gcc.h ****   \param [in]    value  is ignored by the processor.
 362:frameworks/f407/Drivers/CMSIS/Include/cmsis_gcc.h ****                  If required, a debugger can use it to store additional information about the break
 363:frameworks/f407/Drivers/CMSIS/Include/cmsis_gcc.h ****  */
 364:frameworks/f407/Drivers/CMSIS/Include/cmsis_gcc.h **** #define __BKPT(value)                       __ASM volatile ("bkpt "#value)
 365:frameworks/f407/Drivers/CMSIS/Include/cmsis_gcc.h **** 
 366:frameworks/f407/Drivers/CMSIS/Include/cmsis_gcc.h **** 
 367:frameworks/f407/Drivers/CMSIS/Include/cmsis_gcc.h **** /**
 368:frameworks/f407/Drivers/CMSIS/Include/cmsis_gcc.h ****   \brief   Reverse bit order of value
 369:frameworks/f407/Drivers/CMSIS/Include/cmsis_gcc.h ****   \details Reverses the bit order of the given value.
 370:frameworks/f407/Drivers/CMSIS/Include/cmsis_gcc.h ****   \param [in]    value  Value to reverse
 371:frameworks/f407/Drivers/CMSIS/Include/cmsis_gcc.h ****   \return               Reversed value
 372:frameworks/f407/Drivers/CMSIS/Include/cmsis_gcc.h ****  */
 373:frameworks/f407/Drivers/CMSIS/Include/cmsis_gcc.h **** __STATIC_FORCEINLINE uint32_t __RBIT(uint32_t value)
 374:frameworks/f407/Drivers/CMSIS/Include/cmsis_gcc.h **** {
 375:frameworks/f407/Drivers/CMSIS/Include/cmsis_gcc.h ****   uint32_t result;
 376:frameworks/f407/Drivers/CMSIS/Include/cmsis_gcc.h **** 
 377:frameworks/f407/Drivers/CMSIS/Include/cmsis_gcc.h **** #if ((defined (__ARM_ARCH_7M__      ) && (__ARM_ARCH_7M__      == 1)) || \
 378:frameworks/f407/Drivers/CMSIS/Include/cmsis_gcc.h ****      (defined (__ARM_ARCH_7EM__     ) && (__ARM_ARCH_7EM__     == 1)) || \
 379:frameworks/f407/Drivers/CMSIS/Include/cmsis_gcc.h ****      (defined (__ARM_ARCH_8M_MAIN__ ) && (__ARM_ARCH_8M_MAIN__ == 1))    )
 380:frameworks/f407/Drivers/CMSIS/Include/cmsis_gcc.h ****    __ASM ("rbit %0, %1" : "=r" (result) : "r" (value) );
ARM GAS  C:\Users\honor\AppData\Local\Temp\cco5I5zT.s 			page 13


 381:frameworks/f407/Drivers/CMSIS/Include/cmsis_gcc.h **** #else
 382:frameworks/f407/Drivers/CMSIS/Include/cmsis_gcc.h ****   uint32_t s = (4U /*sizeof(v)*/ * 8U) - 1U; /* extra shift needed at end */
 383:frameworks/f407/Drivers/CMSIS/Include/cmsis_gcc.h **** 
 384:frameworks/f407/Drivers/CMSIS/Include/cmsis_gcc.h ****   result = value;                      /* r will be reversed bits of v; first get LSB of v */
 385:frameworks/f407/Drivers/CMSIS/Include/cmsis_gcc.h ****   for (value >>= 1U; value != 0U; value >>= 1U)
 386:frameworks/f407/Drivers/CMSIS/Include/cmsis_gcc.h ****   {
 387:frameworks/f407/Drivers/CMSIS/Include/cmsis_gcc.h ****     result <<= 1U;
 388:frameworks/f407/Drivers/CMSIS/Include/cmsis_gcc.h ****     result |= value & 1U;
 389:frameworks/f407/Drivers/CMSIS/Include/cmsis_gcc.h ****     s--;
 390:frameworks/f407/Drivers/CMSIS/Include/cmsis_gcc.h ****   }
 391:frameworks/f407/Drivers/CMSIS/Include/cmsis_gcc.h ****   result <<= s;                        /* shift when v's highest bits are zero */
 392:frameworks/f407/Drivers/CMSIS/Include/cmsis_gcc.h **** #endif
 393:frameworks/f407/Drivers/CMSIS/Include/cmsis_gcc.h ****   return result;
 394:frameworks/f407/Drivers/CMSIS/Include/cmsis_gcc.h **** }
 395:frameworks/f407/Drivers/CMSIS/Include/cmsis_gcc.h **** 
 396:frameworks/f407/Drivers/CMSIS/Include/cmsis_gcc.h **** 
 397:frameworks/f407/Drivers/CMSIS/Include/cmsis_gcc.h **** /**
 398:frameworks/f407/Drivers/CMSIS/Include/cmsis_gcc.h ****   \brief   Count leading zeros
 399:frameworks/f407/Drivers/CMSIS/Include/cmsis_gcc.h ****   \details Counts the number of leading zeros of a data value.
 400:frameworks/f407/Drivers/CMSIS/Include/cmsis_gcc.h ****   \param [in]  value  Value to count the leading zeros
 401:frameworks/f407/Drivers/CMSIS/Include/cmsis_gcc.h ****   \return             number of leading zeros in value
 402:frameworks/f407/Drivers/CMSIS/Include/cmsis_gcc.h ****  */
 403:frameworks/f407/Drivers/CMSIS/Include/cmsis_gcc.h **** __STATIC_FORCEINLINE uint8_t __CLZ(uint32_t value)
 404:frameworks/f407/Drivers/CMSIS/Include/cmsis_gcc.h **** {
 405:frameworks/f407/Drivers/CMSIS/Include/cmsis_gcc.h ****   /* Even though __builtin_clz produces a CLZ instruction on ARM, formally
 406:frameworks/f407/Drivers/CMSIS/Include/cmsis_gcc.h ****      __builtin_clz(0) is undefined behaviour, so handle this case specially.
 407:frameworks/f407/Drivers/CMSIS/Include/cmsis_gcc.h ****      This guarantees ARM-compatible results if happening to compile on a non-ARM
 408:frameworks/f407/Drivers/CMSIS/Include/cmsis_gcc.h ****      target, and ensures the compiler doesn't decide to activate any
 409:frameworks/f407/Drivers/CMSIS/Include/cmsis_gcc.h ****      optimisations using the logic "value was passed to __builtin_clz, so it
 410:frameworks/f407/Drivers/CMSIS/Include/cmsis_gcc.h ****      is non-zero".
 411:frameworks/f407/Drivers/CMSIS/Include/cmsis_gcc.h ****      ARM GCC 7.3 and possibly earlier will optimise this test away, leaving a
 412:frameworks/f407/Drivers/CMSIS/Include/cmsis_gcc.h ****      single CLZ instruction.
 413:frameworks/f407/Drivers/CMSIS/Include/cmsis_gcc.h ****    */
 414:frameworks/f407/Drivers/CMSIS/Include/cmsis_gcc.h ****   if (value == 0U)
 415:frameworks/f407/Drivers/CMSIS/Include/cmsis_gcc.h ****   {
 416:frameworks/f407/Drivers/CMSIS/Include/cmsis_gcc.h ****     return 32U;
 417:frameworks/f407/Drivers/CMSIS/Include/cmsis_gcc.h ****   }
 418:frameworks/f407/Drivers/CMSIS/Include/cmsis_gcc.h ****   return __builtin_clz(value);
 419:frameworks/f407/Drivers/CMSIS/Include/cmsis_gcc.h **** }
 420:frameworks/f407/Drivers/CMSIS/Include/cmsis_gcc.h **** 
 421:frameworks/f407/Drivers/CMSIS/Include/cmsis_gcc.h **** 
 422:frameworks/f407/Drivers/CMSIS/Include/cmsis_gcc.h **** #if ((defined (__ARM_ARCH_7M__      ) && (__ARM_ARCH_7M__      == 1)) || \
 423:frameworks/f407/Drivers/CMSIS/Include/cmsis_gcc.h ****      (defined (__ARM_ARCH_7EM__     ) && (__ARM_ARCH_7EM__     == 1)) || \
 424:frameworks/f407/Drivers/CMSIS/Include/cmsis_gcc.h ****      (defined (__ARM_ARCH_8M_MAIN__ ) && (__ARM_ARCH_8M_MAIN__ == 1)) || \
 425:frameworks/f407/Drivers/CMSIS/Include/cmsis_gcc.h ****      (defined (__ARM_ARCH_8M_BASE__ ) && (__ARM_ARCH_8M_BASE__ == 1))    )
 426:frameworks/f407/Drivers/CMSIS/Include/cmsis_gcc.h **** /**
 427:frameworks/f407/Drivers/CMSIS/Include/cmsis_gcc.h ****   \brief   LDR Exclusive (8 bit)
 428:frameworks/f407/Drivers/CMSIS/Include/cmsis_gcc.h ****   \details Executes a exclusive LDR instruction for 8 bit value.
 429:frameworks/f407/Drivers/CMSIS/Include/cmsis_gcc.h ****   \param [in]    ptr  Pointer to data
 430:frameworks/f407/Drivers/CMSIS/Include/cmsis_gcc.h ****   \return             value of type uint8_t at (*ptr)
 431:frameworks/f407/Drivers/CMSIS/Include/cmsis_gcc.h ****  */
 432:frameworks/f407/Drivers/CMSIS/Include/cmsis_gcc.h **** __STATIC_FORCEINLINE uint8_t __LDREXB(volatile uint8_t *addr)
 433:frameworks/f407/Drivers/CMSIS/Include/cmsis_gcc.h **** {
 434:frameworks/f407/Drivers/CMSIS/Include/cmsis_gcc.h ****     uint32_t result;
 435:frameworks/f407/Drivers/CMSIS/Include/cmsis_gcc.h **** 
 436:frameworks/f407/Drivers/CMSIS/Include/cmsis_gcc.h **** #if (__GNUC__ > 4) || (__GNUC__ == 4 && __GNUC_MINOR__ >= 8)
 437:frameworks/f407/Drivers/CMSIS/Include/cmsis_gcc.h ****    __ASM volatile ("ldrexb %0, %1" : "=r" (result) : "Q" (*addr) );
ARM GAS  C:\Users\honor\AppData\Local\Temp\cco5I5zT.s 			page 14


 438:frameworks/f407/Drivers/CMSIS/Include/cmsis_gcc.h **** #else
 439:frameworks/f407/Drivers/CMSIS/Include/cmsis_gcc.h ****     /* Prior to GCC 4.8, "Q" will be expanded to [rx, #0] which is not
 440:frameworks/f407/Drivers/CMSIS/Include/cmsis_gcc.h ****        accepted by assembler. So has to use following less efficient pattern.
 441:frameworks/f407/Drivers/CMSIS/Include/cmsis_gcc.h ****     */
 442:frameworks/f407/Drivers/CMSIS/Include/cmsis_gcc.h ****    __ASM volatile ("ldrexb %0, [%1]" : "=r" (result) : "r" (addr) : "memory" );
 443:frameworks/f407/Drivers/CMSIS/Include/cmsis_gcc.h **** #endif
 444:frameworks/f407/Drivers/CMSIS/Include/cmsis_gcc.h ****    return ((uint8_t) result);    /* Add explicit type cast here */
 445:frameworks/f407/Drivers/CMSIS/Include/cmsis_gcc.h **** }
 446:frameworks/f407/Drivers/CMSIS/Include/cmsis_gcc.h **** 
 447:frameworks/f407/Drivers/CMSIS/Include/cmsis_gcc.h **** 
 448:frameworks/f407/Drivers/CMSIS/Include/cmsis_gcc.h **** /**
 449:frameworks/f407/Drivers/CMSIS/Include/cmsis_gcc.h ****   \brief   LDR Exclusive (16 bit)
 450:frameworks/f407/Drivers/CMSIS/Include/cmsis_gcc.h ****   \details Executes a exclusive LDR instruction for 16 bit values.
 451:frameworks/f407/Drivers/CMSIS/Include/cmsis_gcc.h ****   \param [in]    ptr  Pointer to data
 452:frameworks/f407/Drivers/CMSIS/Include/cmsis_gcc.h ****   \return        value of type uint16_t at (*ptr)
 453:frameworks/f407/Drivers/CMSIS/Include/cmsis_gcc.h ****  */
 454:frameworks/f407/Drivers/CMSIS/Include/cmsis_gcc.h **** __STATIC_FORCEINLINE uint16_t __LDREXH(volatile uint16_t *addr)
 455:frameworks/f407/Drivers/CMSIS/Include/cmsis_gcc.h **** {
 456:frameworks/f407/Drivers/CMSIS/Include/cmsis_gcc.h ****     uint32_t result;
 457:frameworks/f407/Drivers/CMSIS/Include/cmsis_gcc.h **** 
 458:frameworks/f407/Drivers/CMSIS/Include/cmsis_gcc.h **** #if (__GNUC__ > 4) || (__GNUC__ == 4 && __GNUC_MINOR__ >= 8)
 459:frameworks/f407/Drivers/CMSIS/Include/cmsis_gcc.h ****    __ASM volatile ("ldrexh %0, %1" : "=r" (result) : "Q" (*addr) );
 460:frameworks/f407/Drivers/CMSIS/Include/cmsis_gcc.h **** #else
 461:frameworks/f407/Drivers/CMSIS/Include/cmsis_gcc.h ****     /* Prior to GCC 4.8, "Q" will be expanded to [rx, #0] which is not
 462:frameworks/f407/Drivers/CMSIS/Include/cmsis_gcc.h ****        accepted by assembler. So has to use following less efficient pattern.
 463:frameworks/f407/Drivers/CMSIS/Include/cmsis_gcc.h ****     */
 464:frameworks/f407/Drivers/CMSIS/Include/cmsis_gcc.h ****    __ASM volatile ("ldrexh %0, [%1]" : "=r" (result) : "r" (addr) : "memory" );
 465:frameworks/f407/Drivers/CMSIS/Include/cmsis_gcc.h **** #endif
 466:frameworks/f407/Drivers/CMSIS/Include/cmsis_gcc.h ****    return ((uint16_t) result);    /* Add explicit type cast here */
 467:frameworks/f407/Drivers/CMSIS/Include/cmsis_gcc.h **** }
 468:frameworks/f407/Drivers/CMSIS/Include/cmsis_gcc.h **** 
 469:frameworks/f407/Drivers/CMSIS/Include/cmsis_gcc.h **** 
 470:frameworks/f407/Drivers/CMSIS/Include/cmsis_gcc.h **** /**
 471:frameworks/f407/Drivers/CMSIS/Include/cmsis_gcc.h ****   \brief   LDR Exclusive (32 bit)
 472:frameworks/f407/Drivers/CMSIS/Include/cmsis_gcc.h ****   \details Executes a exclusive LDR instruction for 32 bit values.
 473:frameworks/f407/Drivers/CMSIS/Include/cmsis_gcc.h ****   \param [in]    ptr  Pointer to data
 474:frameworks/f407/Drivers/CMSIS/Include/cmsis_gcc.h ****   \return        value of type uint32_t at (*ptr)
 475:frameworks/f407/Drivers/CMSIS/Include/cmsis_gcc.h ****  */
 476:frameworks/f407/Drivers/CMSIS/Include/cmsis_gcc.h **** __STATIC_FORCEINLINE uint32_t __LDREXW(volatile uint32_t *addr)
 477:frameworks/f407/Drivers/CMSIS/Include/cmsis_gcc.h **** {
 478:frameworks/f407/Drivers/CMSIS/Include/cmsis_gcc.h ****     uint32_t result;
 479:frameworks/f407/Drivers/CMSIS/Include/cmsis_gcc.h **** 
 480:frameworks/f407/Drivers/CMSIS/Include/cmsis_gcc.h ****    __ASM volatile ("ldrex %0, %1" : "=r" (result) : "Q" (*addr) );
 481:frameworks/f407/Drivers/CMSIS/Include/cmsis_gcc.h ****    return(result);
 482:frameworks/f407/Drivers/CMSIS/Include/cmsis_gcc.h **** }
 483:frameworks/f407/Drivers/CMSIS/Include/cmsis_gcc.h **** 
 484:frameworks/f407/Drivers/CMSIS/Include/cmsis_gcc.h **** 
 485:frameworks/f407/Drivers/CMSIS/Include/cmsis_gcc.h **** /**
 486:frameworks/f407/Drivers/CMSIS/Include/cmsis_gcc.h ****   \brief   STR Exclusive (8 bit)
 487:frameworks/f407/Drivers/CMSIS/Include/cmsis_gcc.h ****   \details Executes a exclusive STR instruction for 8 bit values.
 488:frameworks/f407/Drivers/CMSIS/Include/cmsis_gcc.h ****   \param [in]  value  Value to store
 489:frameworks/f407/Drivers/CMSIS/Include/cmsis_gcc.h ****   \param [in]    ptr  Pointer to location
 490:frameworks/f407/Drivers/CMSIS/Include/cmsis_gcc.h ****   \return          0  Function succeeded
 491:frameworks/f407/Drivers/CMSIS/Include/cmsis_gcc.h ****   \return          1  Function failed
 492:frameworks/f407/Drivers/CMSIS/Include/cmsis_gcc.h ****  */
 493:frameworks/f407/Drivers/CMSIS/Include/cmsis_gcc.h **** __STATIC_FORCEINLINE uint32_t __STREXB(uint8_t value, volatile uint8_t *addr)
 494:frameworks/f407/Drivers/CMSIS/Include/cmsis_gcc.h **** {
ARM GAS  C:\Users\honor\AppData\Local\Temp\cco5I5zT.s 			page 15


 495:frameworks/f407/Drivers/CMSIS/Include/cmsis_gcc.h ****    uint32_t result;
 496:frameworks/f407/Drivers/CMSIS/Include/cmsis_gcc.h **** 
 497:frameworks/f407/Drivers/CMSIS/Include/cmsis_gcc.h ****    __ASM volatile ("strexb %0, %2, %1" : "=&r" (result), "=Q" (*addr) : "r" ((uint32_t)value) );
 498:frameworks/f407/Drivers/CMSIS/Include/cmsis_gcc.h ****    return(result);
 499:frameworks/f407/Drivers/CMSIS/Include/cmsis_gcc.h **** }
 500:frameworks/f407/Drivers/CMSIS/Include/cmsis_gcc.h **** 
 501:frameworks/f407/Drivers/CMSIS/Include/cmsis_gcc.h **** 
 502:frameworks/f407/Drivers/CMSIS/Include/cmsis_gcc.h **** /**
 503:frameworks/f407/Drivers/CMSIS/Include/cmsis_gcc.h ****   \brief   STR Exclusive (16 bit)
 504:frameworks/f407/Drivers/CMSIS/Include/cmsis_gcc.h ****   \details Executes a exclusive STR instruction for 16 bit values.
 505:frameworks/f407/Drivers/CMSIS/Include/cmsis_gcc.h ****   \param [in]  value  Value to store
 506:frameworks/f407/Drivers/CMSIS/Include/cmsis_gcc.h ****   \param [in]    ptr  Pointer to location
 507:frameworks/f407/Drivers/CMSIS/Include/cmsis_gcc.h ****   \return          0  Function succeeded
 508:frameworks/f407/Drivers/CMSIS/Include/cmsis_gcc.h ****   \return          1  Function failed
 509:frameworks/f407/Drivers/CMSIS/Include/cmsis_gcc.h ****  */
 510:frameworks/f407/Drivers/CMSIS/Include/cmsis_gcc.h **** __STATIC_FORCEINLINE uint32_t __STREXH(uint16_t value, volatile uint16_t *addr)
 511:frameworks/f407/Drivers/CMSIS/Include/cmsis_gcc.h **** {
 512:frameworks/f407/Drivers/CMSIS/Include/cmsis_gcc.h ****    uint32_t result;
 513:frameworks/f407/Drivers/CMSIS/Include/cmsis_gcc.h **** 
 514:frameworks/f407/Drivers/CMSIS/Include/cmsis_gcc.h ****    __ASM volatile ("strexh %0, %2, %1" : "=&r" (result), "=Q" (*addr) : "r" ((uint32_t)value) );
 515:frameworks/f407/Drivers/CMSIS/Include/cmsis_gcc.h ****    return(result);
 516:frameworks/f407/Drivers/CMSIS/Include/cmsis_gcc.h **** }
 517:frameworks/f407/Drivers/CMSIS/Include/cmsis_gcc.h **** 
 518:frameworks/f407/Drivers/CMSIS/Include/cmsis_gcc.h **** 
 519:frameworks/f407/Drivers/CMSIS/Include/cmsis_gcc.h **** /**
 520:frameworks/f407/Drivers/CMSIS/Include/cmsis_gcc.h ****   \brief   STR Exclusive (32 bit)
 521:frameworks/f407/Drivers/CMSIS/Include/cmsis_gcc.h ****   \details Executes a exclusive STR instruction for 32 bit values.
 522:frameworks/f407/Drivers/CMSIS/Include/cmsis_gcc.h ****   \param [in]  value  Value to store
 523:frameworks/f407/Drivers/CMSIS/Include/cmsis_gcc.h ****   \param [in]    ptr  Pointer to location
 524:frameworks/f407/Drivers/CMSIS/Include/cmsis_gcc.h ****   \return          0  Function succeeded
 525:frameworks/f407/Drivers/CMSIS/Include/cmsis_gcc.h ****   \return          1  Function failed
 526:frameworks/f407/Drivers/CMSIS/Include/cmsis_gcc.h ****  */
 527:frameworks/f407/Drivers/CMSIS/Include/cmsis_gcc.h **** __STATIC_FORCEINLINE uint32_t __STREXW(uint32_t value, volatile uint32_t *addr)
 528:frameworks/f407/Drivers/CMSIS/Include/cmsis_gcc.h **** {
 529:frameworks/f407/Drivers/CMSIS/Include/cmsis_gcc.h ****    uint32_t result;
 530:frameworks/f407/Drivers/CMSIS/Include/cmsis_gcc.h **** 
 531:frameworks/f407/Drivers/CMSIS/Include/cmsis_gcc.h ****    __ASM volatile ("strex %0, %2, %1" : "=&r" (result), "=Q" (*addr) : "r" (value) );
 532:frameworks/f407/Drivers/CMSIS/Include/cmsis_gcc.h ****    return(result);
 533:frameworks/f407/Drivers/CMSIS/Include/cmsis_gcc.h **** }
 534:frameworks/f407/Drivers/CMSIS/Include/cmsis_gcc.h **** 
 535:frameworks/f407/Drivers/CMSIS/Include/cmsis_gcc.h **** 
 536:frameworks/f407/Drivers/CMSIS/Include/cmsis_gcc.h **** /**
 537:frameworks/f407/Drivers/CMSIS/Include/cmsis_gcc.h ****   \brief   Remove the exclusive lock
 538:frameworks/f407/Drivers/CMSIS/Include/cmsis_gcc.h ****   \details Removes the exclusive lock which is created by LDREX.
 539:frameworks/f407/Drivers/CMSIS/Include/cmsis_gcc.h ****  */
 540:frameworks/f407/Drivers/CMSIS/Include/cmsis_gcc.h **** __STATIC_FORCEINLINE void __CLREX(void)
 541:frameworks/f407/Drivers/CMSIS/Include/cmsis_gcc.h **** {
 542:frameworks/f407/Drivers/CMSIS/Include/cmsis_gcc.h ****   __ASM volatile ("clrex" ::: "memory");
 543:frameworks/f407/Drivers/CMSIS/Include/cmsis_gcc.h **** }
 544:frameworks/f407/Drivers/CMSIS/Include/cmsis_gcc.h **** 
 545:frameworks/f407/Drivers/CMSIS/Include/cmsis_gcc.h **** #endif /* ((defined (__ARM_ARCH_7M__      ) && (__ARM_ARCH_7M__      == 1)) || \
 546:frameworks/f407/Drivers/CMSIS/Include/cmsis_gcc.h ****            (defined (__ARM_ARCH_7EM__     ) && (__ARM_ARCH_7EM__     == 1)) || \
 547:frameworks/f407/Drivers/CMSIS/Include/cmsis_gcc.h ****            (defined (__ARM_ARCH_8M_MAIN__ ) && (__ARM_ARCH_8M_MAIN__ == 1)) || \
 548:frameworks/f407/Drivers/CMSIS/Include/cmsis_gcc.h ****            (defined (__ARM_ARCH_8M_BASE__ ) && (__ARM_ARCH_8M_BASE__ == 1))    ) */
 549:frameworks/f407/Drivers/CMSIS/Include/cmsis_gcc.h **** 
 550:frameworks/f407/Drivers/CMSIS/Include/cmsis_gcc.h **** 
 551:frameworks/f407/Drivers/CMSIS/Include/cmsis_gcc.h **** #if ((defined (__ARM_ARCH_7M__      ) && (__ARM_ARCH_7M__      == 1)) || \
ARM GAS  C:\Users\honor\AppData\Local\Temp\cco5I5zT.s 			page 16


 552:frameworks/f407/Drivers/CMSIS/Include/cmsis_gcc.h ****      (defined (__ARM_ARCH_7EM__     ) && (__ARM_ARCH_7EM__     == 1)) || \
 553:frameworks/f407/Drivers/CMSIS/Include/cmsis_gcc.h ****      (defined (__ARM_ARCH_8M_MAIN__ ) && (__ARM_ARCH_8M_MAIN__ == 1))    )
 554:frameworks/f407/Drivers/CMSIS/Include/cmsis_gcc.h **** /**
 555:frameworks/f407/Drivers/CMSIS/Include/cmsis_gcc.h ****   \brief   Signed Saturate
 556:frameworks/f407/Drivers/CMSIS/Include/cmsis_gcc.h ****   \details Saturates a signed value.
 557:frameworks/f407/Drivers/CMSIS/Include/cmsis_gcc.h ****   \param [in]  ARG1  Value to be saturated
 558:frameworks/f407/Drivers/CMSIS/Include/cmsis_gcc.h ****   \param [in]  ARG2  Bit position to saturate to (1..32)
 559:frameworks/f407/Drivers/CMSIS/Include/cmsis_gcc.h ****   \return             Saturated value
 560:frameworks/f407/Drivers/CMSIS/Include/cmsis_gcc.h ****  */
 561:frameworks/f407/Drivers/CMSIS/Include/cmsis_gcc.h **** #define __SSAT(ARG1, ARG2) \
 562:frameworks/f407/Drivers/CMSIS/Include/cmsis_gcc.h **** __extension__ \
 563:frameworks/f407/Drivers/CMSIS/Include/cmsis_gcc.h **** ({                          \
 564:frameworks/f407/Drivers/CMSIS/Include/cmsis_gcc.h ****   int32_t __RES, __ARG1 = (ARG1); \
 565:frameworks/f407/Drivers/CMSIS/Include/cmsis_gcc.h ****   __ASM volatile ("ssat %0, %1, %2" : "=r" (__RES) :  "I" (ARG2), "r" (__ARG1) : "cc" ); \
 566:frameworks/f407/Drivers/CMSIS/Include/cmsis_gcc.h ****   __RES; \
 567:frameworks/f407/Drivers/CMSIS/Include/cmsis_gcc.h ****  })
 568:frameworks/f407/Drivers/CMSIS/Include/cmsis_gcc.h **** 
 569:frameworks/f407/Drivers/CMSIS/Include/cmsis_gcc.h **** 
 570:frameworks/f407/Drivers/CMSIS/Include/cmsis_gcc.h **** /**
 571:frameworks/f407/Drivers/CMSIS/Include/cmsis_gcc.h ****   \brief   Unsigned Saturate
 572:frameworks/f407/Drivers/CMSIS/Include/cmsis_gcc.h ****   \details Saturates an unsigned value.
 573:frameworks/f407/Drivers/CMSIS/Include/cmsis_gcc.h ****   \param [in]  ARG1  Value to be saturated
 574:frameworks/f407/Drivers/CMSIS/Include/cmsis_gcc.h ****   \param [in]  ARG2  Bit position to saturate to (0..31)
 575:frameworks/f407/Drivers/CMSIS/Include/cmsis_gcc.h ****   \return             Saturated value
 576:frameworks/f407/Drivers/CMSIS/Include/cmsis_gcc.h ****  */
 577:frameworks/f407/Drivers/CMSIS/Include/cmsis_gcc.h **** #define __USAT(ARG1, ARG2) \
 578:frameworks/f407/Drivers/CMSIS/Include/cmsis_gcc.h **** __extension__ \
 579:frameworks/f407/Drivers/CMSIS/Include/cmsis_gcc.h **** ({                          \
 580:frameworks/f407/Drivers/CMSIS/Include/cmsis_gcc.h ****   uint32_t __RES, __ARG1 = (ARG1); \
 581:frameworks/f407/Drivers/CMSIS/Include/cmsis_gcc.h ****   __ASM volatile ("usat %0, %1, %2" : "=r" (__RES) :  "I" (ARG2), "r" (__ARG1) : "cc" ); \
 582:frameworks/f407/Drivers/CMSIS/Include/cmsis_gcc.h ****   __RES; \
 583:frameworks/f407/Drivers/CMSIS/Include/cmsis_gcc.h ****  })
 584:frameworks/f407/Drivers/CMSIS/Include/cmsis_gcc.h **** 
 585:frameworks/f407/Drivers/CMSIS/Include/cmsis_gcc.h **** 
 586:frameworks/f407/Drivers/CMSIS/Include/cmsis_gcc.h **** /**
 587:frameworks/f407/Drivers/CMSIS/Include/cmsis_gcc.h ****   \brief   Rotate Right with Extend (32 bit)
 588:frameworks/f407/Drivers/CMSIS/Include/cmsis_gcc.h ****   \details Moves each bit of a bitstring right by one bit.
 589:frameworks/f407/Drivers/CMSIS/Include/cmsis_gcc.h ****            The carry input is shifted in at the left end of the bitstring.
 590:frameworks/f407/Drivers/CMSIS/Include/cmsis_gcc.h ****   \param [in]    value  Value to rotate
 591:frameworks/f407/Drivers/CMSIS/Include/cmsis_gcc.h ****   \return               Rotated value
 592:frameworks/f407/Drivers/CMSIS/Include/cmsis_gcc.h ****  */
 593:frameworks/f407/Drivers/CMSIS/Include/cmsis_gcc.h **** __STATIC_FORCEINLINE uint32_t __RRX(uint32_t value)
 594:frameworks/f407/Drivers/CMSIS/Include/cmsis_gcc.h **** {
 595:frameworks/f407/Drivers/CMSIS/Include/cmsis_gcc.h ****   uint32_t result;
 596:frameworks/f407/Drivers/CMSIS/Include/cmsis_gcc.h **** 
 597:frameworks/f407/Drivers/CMSIS/Include/cmsis_gcc.h ****   __ASM volatile ("rrx %0, %1" : __CMSIS_GCC_OUT_REG (result) : __CMSIS_GCC_USE_REG (value) );
 598:frameworks/f407/Drivers/CMSIS/Include/cmsis_gcc.h ****   return(result);
 599:frameworks/f407/Drivers/CMSIS/Include/cmsis_gcc.h **** }
 600:frameworks/f407/Drivers/CMSIS/Include/cmsis_gcc.h **** 
 601:frameworks/f407/Drivers/CMSIS/Include/cmsis_gcc.h **** 
 602:frameworks/f407/Drivers/CMSIS/Include/cmsis_gcc.h **** /**
 603:frameworks/f407/Drivers/CMSIS/Include/cmsis_gcc.h ****   \brief   LDRT Unprivileged (8 bit)
 604:frameworks/f407/Drivers/CMSIS/Include/cmsis_gcc.h ****   \details Executes a Unprivileged LDRT instruction for 8 bit value.
 605:frameworks/f407/Drivers/CMSIS/Include/cmsis_gcc.h ****   \param [in]    ptr  Pointer to data
 606:frameworks/f407/Drivers/CMSIS/Include/cmsis_gcc.h ****   \return             value of type uint8_t at (*ptr)
 607:frameworks/f407/Drivers/CMSIS/Include/cmsis_gcc.h ****  */
 608:frameworks/f407/Drivers/CMSIS/Include/cmsis_gcc.h **** __STATIC_FORCEINLINE uint8_t __LDRBT(volatile uint8_t *ptr)
ARM GAS  C:\Users\honor\AppData\Local\Temp\cco5I5zT.s 			page 17


 609:frameworks/f407/Drivers/CMSIS/Include/cmsis_gcc.h **** {
 610:frameworks/f407/Drivers/CMSIS/Include/cmsis_gcc.h ****     uint32_t result;
 611:frameworks/f407/Drivers/CMSIS/Include/cmsis_gcc.h **** 
 612:frameworks/f407/Drivers/CMSIS/Include/cmsis_gcc.h **** #if (__GNUC__ > 4) || (__GNUC__ == 4 && __GNUC_MINOR__ >= 8)
 613:frameworks/f407/Drivers/CMSIS/Include/cmsis_gcc.h ****    __ASM volatile ("ldrbt %0, %1" : "=r" (result) : "Q" (*ptr) );
 614:frameworks/f407/Drivers/CMSIS/Include/cmsis_gcc.h **** #else
 615:frameworks/f407/Drivers/CMSIS/Include/cmsis_gcc.h ****     /* Prior to GCC 4.8, "Q" will be expanded to [rx, #0] which is not
 616:frameworks/f407/Drivers/CMSIS/Include/cmsis_gcc.h ****        accepted by assembler. So has to use following less efficient pattern.
 617:frameworks/f407/Drivers/CMSIS/Include/cmsis_gcc.h ****     */
 618:frameworks/f407/Drivers/CMSIS/Include/cmsis_gcc.h ****    __ASM volatile ("ldrbt %0, [%1]" : "=r" (result) : "r" (ptr) : "memory" );
 619:frameworks/f407/Drivers/CMSIS/Include/cmsis_gcc.h **** #endif
 620:frameworks/f407/Drivers/CMSIS/Include/cmsis_gcc.h ****    return ((uint8_t) result);    /* Add explicit type cast here */
 621:frameworks/f407/Drivers/CMSIS/Include/cmsis_gcc.h **** }
 622:frameworks/f407/Drivers/CMSIS/Include/cmsis_gcc.h **** 
 623:frameworks/f407/Drivers/CMSIS/Include/cmsis_gcc.h **** 
 624:frameworks/f407/Drivers/CMSIS/Include/cmsis_gcc.h **** /**
 625:frameworks/f407/Drivers/CMSIS/Include/cmsis_gcc.h ****   \brief   LDRT Unprivileged (16 bit)
 626:frameworks/f407/Drivers/CMSIS/Include/cmsis_gcc.h ****   \details Executes a Unprivileged LDRT instruction for 16 bit values.
 627:frameworks/f407/Drivers/CMSIS/Include/cmsis_gcc.h ****   \param [in]    ptr  Pointer to data
 628:frameworks/f407/Drivers/CMSIS/Include/cmsis_gcc.h ****   \return        value of type uint16_t at (*ptr)
 629:frameworks/f407/Drivers/CMSIS/Include/cmsis_gcc.h ****  */
 630:frameworks/f407/Drivers/CMSIS/Include/cmsis_gcc.h **** __STATIC_FORCEINLINE uint16_t __LDRHT(volatile uint16_t *ptr)
 631:frameworks/f407/Drivers/CMSIS/Include/cmsis_gcc.h **** {
 632:frameworks/f407/Drivers/CMSIS/Include/cmsis_gcc.h ****     uint32_t result;
 633:frameworks/f407/Drivers/CMSIS/Include/cmsis_gcc.h **** 
 634:frameworks/f407/Drivers/CMSIS/Include/cmsis_gcc.h **** #if (__GNUC__ > 4) || (__GNUC__ == 4 && __GNUC_MINOR__ >= 8)
 635:frameworks/f407/Drivers/CMSIS/Include/cmsis_gcc.h ****    __ASM volatile ("ldrht %0, %1" : "=r" (result) : "Q" (*ptr) );
 636:frameworks/f407/Drivers/CMSIS/Include/cmsis_gcc.h **** #else
 637:frameworks/f407/Drivers/CMSIS/Include/cmsis_gcc.h ****     /* Prior to GCC 4.8, "Q" will be expanded to [rx, #0] which is not
 638:frameworks/f407/Drivers/CMSIS/Include/cmsis_gcc.h ****        accepted by assembler. So has to use following less efficient pattern.
 639:frameworks/f407/Drivers/CMSIS/Include/cmsis_gcc.h ****     */
 640:frameworks/f407/Drivers/CMSIS/Include/cmsis_gcc.h ****    __ASM volatile ("ldrht %0, [%1]" : "=r" (result) : "r" (ptr) : "memory" );
 641:frameworks/f407/Drivers/CMSIS/Include/cmsis_gcc.h **** #endif
 642:frameworks/f407/Drivers/CMSIS/Include/cmsis_gcc.h ****    return ((uint16_t) result);    /* Add explicit type cast here */
 643:frameworks/f407/Drivers/CMSIS/Include/cmsis_gcc.h **** }
 644:frameworks/f407/Drivers/CMSIS/Include/cmsis_gcc.h **** 
 645:frameworks/f407/Drivers/CMSIS/Include/cmsis_gcc.h **** 
 646:frameworks/f407/Drivers/CMSIS/Include/cmsis_gcc.h **** /**
 647:frameworks/f407/Drivers/CMSIS/Include/cmsis_gcc.h ****   \brief   LDRT Unprivileged (32 bit)
 648:frameworks/f407/Drivers/CMSIS/Include/cmsis_gcc.h ****   \details Executes a Unprivileged LDRT instruction for 32 bit values.
 649:frameworks/f407/Drivers/CMSIS/Include/cmsis_gcc.h ****   \param [in]    ptr  Pointer to data
 650:frameworks/f407/Drivers/CMSIS/Include/cmsis_gcc.h ****   \return        value of type uint32_t at (*ptr)
 651:frameworks/f407/Drivers/CMSIS/Include/cmsis_gcc.h ****  */
 652:frameworks/f407/Drivers/CMSIS/Include/cmsis_gcc.h **** __STATIC_FORCEINLINE uint32_t __LDRT(volatile uint32_t *ptr)
 653:frameworks/f407/Drivers/CMSIS/Include/cmsis_gcc.h **** {
 654:frameworks/f407/Drivers/CMSIS/Include/cmsis_gcc.h ****     uint32_t result;
 655:frameworks/f407/Drivers/CMSIS/Include/cmsis_gcc.h **** 
 656:frameworks/f407/Drivers/CMSIS/Include/cmsis_gcc.h ****    __ASM volatile ("ldrt %0, %1" : "=r" (result) : "Q" (*ptr) );
 657:frameworks/f407/Drivers/CMSIS/Include/cmsis_gcc.h ****    return(result);
 658:frameworks/f407/Drivers/CMSIS/Include/cmsis_gcc.h **** }
 659:frameworks/f407/Drivers/CMSIS/Include/cmsis_gcc.h **** 
 660:frameworks/f407/Drivers/CMSIS/Include/cmsis_gcc.h **** 
 661:frameworks/f407/Drivers/CMSIS/Include/cmsis_gcc.h **** /**
 662:frameworks/f407/Drivers/CMSIS/Include/cmsis_gcc.h ****   \brief   STRT Unprivileged (8 bit)
 663:frameworks/f407/Drivers/CMSIS/Include/cmsis_gcc.h ****   \details Executes a Unprivileged STRT instruction for 8 bit values.
 664:frameworks/f407/Drivers/CMSIS/Include/cmsis_gcc.h ****   \param [in]  value  Value to store
 665:frameworks/f407/Drivers/CMSIS/Include/cmsis_gcc.h ****   \param [in]    ptr  Pointer to location
ARM GAS  C:\Users\honor\AppData\Local\Temp\cco5I5zT.s 			page 18


 666:frameworks/f407/Drivers/CMSIS/Include/cmsis_gcc.h ****  */
 667:frameworks/f407/Drivers/CMSIS/Include/cmsis_gcc.h **** __STATIC_FORCEINLINE void __STRBT(uint8_t value, volatile uint8_t *ptr)
 668:frameworks/f407/Drivers/CMSIS/Include/cmsis_gcc.h **** {
 669:frameworks/f407/Drivers/CMSIS/Include/cmsis_gcc.h ****    __ASM volatile ("strbt %1, %0" : "=Q" (*ptr) : "r" ((uint32_t)value) );
 670:frameworks/f407/Drivers/CMSIS/Include/cmsis_gcc.h **** }
 671:frameworks/f407/Drivers/CMSIS/Include/cmsis_gcc.h **** 
 672:frameworks/f407/Drivers/CMSIS/Include/cmsis_gcc.h **** 
 673:frameworks/f407/Drivers/CMSIS/Include/cmsis_gcc.h **** /**
 674:frameworks/f407/Drivers/CMSIS/Include/cmsis_gcc.h ****   \brief   STRT Unprivileged (16 bit)
 675:frameworks/f407/Drivers/CMSIS/Include/cmsis_gcc.h ****   \details Executes a Unprivileged STRT instruction for 16 bit values.
 676:frameworks/f407/Drivers/CMSIS/Include/cmsis_gcc.h ****   \param [in]  value  Value to store
 677:frameworks/f407/Drivers/CMSIS/Include/cmsis_gcc.h ****   \param [in]    ptr  Pointer to location
 678:frameworks/f407/Drivers/CMSIS/Include/cmsis_gcc.h ****  */
 679:frameworks/f407/Drivers/CMSIS/Include/cmsis_gcc.h **** __STATIC_FORCEINLINE void __STRHT(uint16_t value, volatile uint16_t *ptr)
 680:frameworks/f407/Drivers/CMSIS/Include/cmsis_gcc.h **** {
 681:frameworks/f407/Drivers/CMSIS/Include/cmsis_gcc.h ****    __ASM volatile ("strht %1, %0" : "=Q" (*ptr) : "r" ((uint32_t)value) );
 682:frameworks/f407/Drivers/CMSIS/Include/cmsis_gcc.h **** }
 683:frameworks/f407/Drivers/CMSIS/Include/cmsis_gcc.h **** 
 684:frameworks/f407/Drivers/CMSIS/Include/cmsis_gcc.h **** 
 685:frameworks/f407/Drivers/CMSIS/Include/cmsis_gcc.h **** /**
 686:frameworks/f407/Drivers/CMSIS/Include/cmsis_gcc.h ****   \brief   STRT Unprivileged (32 bit)
 687:frameworks/f407/Drivers/CMSIS/Include/cmsis_gcc.h ****   \details Executes a Unprivileged STRT instruction for 32 bit values.
 688:frameworks/f407/Drivers/CMSIS/Include/cmsis_gcc.h ****   \param [in]  value  Value to store
 689:frameworks/f407/Drivers/CMSIS/Include/cmsis_gcc.h ****   \param [in]    ptr  Pointer to location
 690:frameworks/f407/Drivers/CMSIS/Include/cmsis_gcc.h ****  */
 691:frameworks/f407/Drivers/CMSIS/Include/cmsis_gcc.h **** __STATIC_FORCEINLINE void __STRT(uint32_t value, volatile uint32_t *ptr)
 692:frameworks/f407/Drivers/CMSIS/Include/cmsis_gcc.h **** {
 693:frameworks/f407/Drivers/CMSIS/Include/cmsis_gcc.h ****    __ASM volatile ("strt %1, %0" : "=Q" (*ptr) : "r" (value) );
 694:frameworks/f407/Drivers/CMSIS/Include/cmsis_gcc.h **** }
 695:frameworks/f407/Drivers/CMSIS/Include/cmsis_gcc.h **** 
 696:frameworks/f407/Drivers/CMSIS/Include/cmsis_gcc.h **** #else  /* ((defined (__ARM_ARCH_7M__      ) && (__ARM_ARCH_7M__      == 1)) || \
 697:frameworks/f407/Drivers/CMSIS/Include/cmsis_gcc.h ****            (defined (__ARM_ARCH_7EM__     ) && (__ARM_ARCH_7EM__     == 1)) || \
 698:frameworks/f407/Drivers/CMSIS/Include/cmsis_gcc.h ****            (defined (__ARM_ARCH_8M_MAIN__ ) && (__ARM_ARCH_8M_MAIN__ == 1))    ) */
 699:frameworks/f407/Drivers/CMSIS/Include/cmsis_gcc.h **** 
 700:frameworks/f407/Drivers/CMSIS/Include/cmsis_gcc.h **** /**
 701:frameworks/f407/Drivers/CMSIS/Include/cmsis_gcc.h ****   \brief   Signed Saturate
 702:frameworks/f407/Drivers/CMSIS/Include/cmsis_gcc.h ****   \details Saturates a signed value.
 703:frameworks/f407/Drivers/CMSIS/Include/cmsis_gcc.h ****   \param [in]  value  Value to be saturated
 704:frameworks/f407/Drivers/CMSIS/Include/cmsis_gcc.h ****   \param [in]    sat  Bit position to saturate to (1..32)
 705:frameworks/f407/Drivers/CMSIS/Include/cmsis_gcc.h ****   \return             Saturated value
 706:frameworks/f407/Drivers/CMSIS/Include/cmsis_gcc.h ****  */
 707:frameworks/f407/Drivers/CMSIS/Include/cmsis_gcc.h **** __STATIC_FORCEINLINE int32_t __SSAT(int32_t val, uint32_t sat)
 708:frameworks/f407/Drivers/CMSIS/Include/cmsis_gcc.h **** {
 709:frameworks/f407/Drivers/CMSIS/Include/cmsis_gcc.h ****   if ((sat >= 1U) && (sat <= 32U))
 710:frameworks/f407/Drivers/CMSIS/Include/cmsis_gcc.h ****   {
 711:frameworks/f407/Drivers/CMSIS/Include/cmsis_gcc.h ****     const int32_t max = (int32_t)((1U << (sat - 1U)) - 1U);
 712:frameworks/f407/Drivers/CMSIS/Include/cmsis_gcc.h ****     const int32_t min = -1 - max ;
 713:frameworks/f407/Drivers/CMSIS/Include/cmsis_gcc.h ****     if (val > max)
 714:frameworks/f407/Drivers/CMSIS/Include/cmsis_gcc.h ****     {
 715:frameworks/f407/Drivers/CMSIS/Include/cmsis_gcc.h ****       return max;
 716:frameworks/f407/Drivers/CMSIS/Include/cmsis_gcc.h ****     }
 717:frameworks/f407/Drivers/CMSIS/Include/cmsis_gcc.h ****     else if (val < min)
 718:frameworks/f407/Drivers/CMSIS/Include/cmsis_gcc.h ****     {
 719:frameworks/f407/Drivers/CMSIS/Include/cmsis_gcc.h ****       return min;
 720:frameworks/f407/Drivers/CMSIS/Include/cmsis_gcc.h ****     }
 721:frameworks/f407/Drivers/CMSIS/Include/cmsis_gcc.h ****   }
 722:frameworks/f407/Drivers/CMSIS/Include/cmsis_gcc.h ****   return val;
ARM GAS  C:\Users\honor\AppData\Local\Temp\cco5I5zT.s 			page 19


 723:frameworks/f407/Drivers/CMSIS/Include/cmsis_gcc.h **** }
 724:frameworks/f407/Drivers/CMSIS/Include/cmsis_gcc.h **** 
 725:frameworks/f407/Drivers/CMSIS/Include/cmsis_gcc.h **** /**
 726:frameworks/f407/Drivers/CMSIS/Include/cmsis_gcc.h ****   \brief   Unsigned Saturate
 727:frameworks/f407/Drivers/CMSIS/Include/cmsis_gcc.h ****   \details Saturates an unsigned value.
 728:frameworks/f407/Drivers/CMSIS/Include/cmsis_gcc.h ****   \param [in]  value  Value to be saturated
 729:frameworks/f407/Drivers/CMSIS/Include/cmsis_gcc.h ****   \param [in]    sat  Bit position to saturate to (0..31)
 730:frameworks/f407/Drivers/CMSIS/Include/cmsis_gcc.h ****   \return             Saturated value
 731:frameworks/f407/Drivers/CMSIS/Include/cmsis_gcc.h ****  */
 732:frameworks/f407/Drivers/CMSIS/Include/cmsis_gcc.h **** __STATIC_FORCEINLINE uint32_t __USAT(int32_t val, uint32_t sat)
 733:frameworks/f407/Drivers/CMSIS/Include/cmsis_gcc.h **** {
 734:frameworks/f407/Drivers/CMSIS/Include/cmsis_gcc.h ****   if (sat <= 31U)
 735:frameworks/f407/Drivers/CMSIS/Include/cmsis_gcc.h ****   {
 736:frameworks/f407/Drivers/CMSIS/Include/cmsis_gcc.h ****     const uint32_t max = ((1U << sat) - 1U);
 737:frameworks/f407/Drivers/CMSIS/Include/cmsis_gcc.h ****     if (val > (int32_t)max)
 738:frameworks/f407/Drivers/CMSIS/Include/cmsis_gcc.h ****     {
 739:frameworks/f407/Drivers/CMSIS/Include/cmsis_gcc.h ****       return max;
 740:frameworks/f407/Drivers/CMSIS/Include/cmsis_gcc.h ****     }
 741:frameworks/f407/Drivers/CMSIS/Include/cmsis_gcc.h ****     else if (val < 0)
 742:frameworks/f407/Drivers/CMSIS/Include/cmsis_gcc.h ****     {
 743:frameworks/f407/Drivers/CMSIS/Include/cmsis_gcc.h ****       return 0U;
 744:frameworks/f407/Drivers/CMSIS/Include/cmsis_gcc.h ****     }
 745:frameworks/f407/Drivers/CMSIS/Include/cmsis_gcc.h ****   }
 746:frameworks/f407/Drivers/CMSIS/Include/cmsis_gcc.h ****   return (uint32_t)val;
 747:frameworks/f407/Drivers/CMSIS/Include/cmsis_gcc.h **** }
 748:frameworks/f407/Drivers/CMSIS/Include/cmsis_gcc.h **** 
 749:frameworks/f407/Drivers/CMSIS/Include/cmsis_gcc.h **** #endif /* ((defined (__ARM_ARCH_7M__      ) && (__ARM_ARCH_7M__      == 1)) || \
 750:frameworks/f407/Drivers/CMSIS/Include/cmsis_gcc.h ****            (defined (__ARM_ARCH_7EM__     ) && (__ARM_ARCH_7EM__     == 1)) || \
 751:frameworks/f407/Drivers/CMSIS/Include/cmsis_gcc.h ****            (defined (__ARM_ARCH_8M_MAIN__ ) && (__ARM_ARCH_8M_MAIN__ == 1))    ) */
 752:frameworks/f407/Drivers/CMSIS/Include/cmsis_gcc.h **** 
 753:frameworks/f407/Drivers/CMSIS/Include/cmsis_gcc.h **** 
 754:frameworks/f407/Drivers/CMSIS/Include/cmsis_gcc.h **** #if ((defined (__ARM_ARCH_8M_MAIN__ ) && (__ARM_ARCH_8M_MAIN__ == 1)) || \
 755:frameworks/f407/Drivers/CMSIS/Include/cmsis_gcc.h ****      (defined (__ARM_ARCH_8M_BASE__ ) && (__ARM_ARCH_8M_BASE__ == 1))    )
 756:frameworks/f407/Drivers/CMSIS/Include/cmsis_gcc.h **** /**
 757:frameworks/f407/Drivers/CMSIS/Include/cmsis_gcc.h ****   \brief   Load-Acquire (8 bit)
 758:frameworks/f407/Drivers/CMSIS/Include/cmsis_gcc.h ****   \details Executes a LDAB instruction for 8 bit value.
 759:frameworks/f407/Drivers/CMSIS/Include/cmsis_gcc.h ****   \param [in]    ptr  Pointer to data
 760:frameworks/f407/Drivers/CMSIS/Include/cmsis_gcc.h ****   \return             value of type uint8_t at (*ptr)
 761:frameworks/f407/Drivers/CMSIS/Include/cmsis_gcc.h ****  */
 762:frameworks/f407/Drivers/CMSIS/Include/cmsis_gcc.h **** __STATIC_FORCEINLINE uint8_t __LDAB(volatile uint8_t *ptr)
 763:frameworks/f407/Drivers/CMSIS/Include/cmsis_gcc.h **** {
 764:frameworks/f407/Drivers/CMSIS/Include/cmsis_gcc.h ****     uint32_t result;
 765:frameworks/f407/Drivers/CMSIS/Include/cmsis_gcc.h **** 
 766:frameworks/f407/Drivers/CMSIS/Include/cmsis_gcc.h ****    __ASM volatile ("ldab %0, %1" : "=r" (result) : "Q" (*ptr) : "memory" );
 767:frameworks/f407/Drivers/CMSIS/Include/cmsis_gcc.h ****    return ((uint8_t) result);
 768:frameworks/f407/Drivers/CMSIS/Include/cmsis_gcc.h **** }
 769:frameworks/f407/Drivers/CMSIS/Include/cmsis_gcc.h **** 
 770:frameworks/f407/Drivers/CMSIS/Include/cmsis_gcc.h **** 
 771:frameworks/f407/Drivers/CMSIS/Include/cmsis_gcc.h **** /**
 772:frameworks/f407/Drivers/CMSIS/Include/cmsis_gcc.h ****   \brief   Load-Acquire (16 bit)
 773:frameworks/f407/Drivers/CMSIS/Include/cmsis_gcc.h ****   \details Executes a LDAH instruction for 16 bit values.
 774:frameworks/f407/Drivers/CMSIS/Include/cmsis_gcc.h ****   \param [in]    ptr  Pointer to data
 775:frameworks/f407/Drivers/CMSIS/Include/cmsis_gcc.h ****   \return        value of type uint16_t at (*ptr)
 776:frameworks/f407/Drivers/CMSIS/Include/cmsis_gcc.h ****  */
 777:frameworks/f407/Drivers/CMSIS/Include/cmsis_gcc.h **** __STATIC_FORCEINLINE uint16_t __LDAH(volatile uint16_t *ptr)
 778:frameworks/f407/Drivers/CMSIS/Include/cmsis_gcc.h **** {
 779:frameworks/f407/Drivers/CMSIS/Include/cmsis_gcc.h ****     uint32_t result;
ARM GAS  C:\Users\honor\AppData\Local\Temp\cco5I5zT.s 			page 20


 780:frameworks/f407/Drivers/CMSIS/Include/cmsis_gcc.h **** 
 781:frameworks/f407/Drivers/CMSIS/Include/cmsis_gcc.h ****    __ASM volatile ("ldah %0, %1" : "=r" (result) : "Q" (*ptr) : "memory" );
 782:frameworks/f407/Drivers/CMSIS/Include/cmsis_gcc.h ****    return ((uint16_t) result);
 783:frameworks/f407/Drivers/CMSIS/Include/cmsis_gcc.h **** }
 784:frameworks/f407/Drivers/CMSIS/Include/cmsis_gcc.h **** 
 785:frameworks/f407/Drivers/CMSIS/Include/cmsis_gcc.h **** 
 786:frameworks/f407/Drivers/CMSIS/Include/cmsis_gcc.h **** /**
 787:frameworks/f407/Drivers/CMSIS/Include/cmsis_gcc.h ****   \brief   Load-Acquire (32 bit)
 788:frameworks/f407/Drivers/CMSIS/Include/cmsis_gcc.h ****   \details Executes a LDA instruction for 32 bit values.
 789:frameworks/f407/Drivers/CMSIS/Include/cmsis_gcc.h ****   \param [in]    ptr  Pointer to data
 790:frameworks/f407/Drivers/CMSIS/Include/cmsis_gcc.h ****   \return        value of type uint32_t at (*ptr)
 791:frameworks/f407/Drivers/CMSIS/Include/cmsis_gcc.h ****  */
 792:frameworks/f407/Drivers/CMSIS/Include/cmsis_gcc.h **** __STATIC_FORCEINLINE uint32_t __LDA(volatile uint32_t *ptr)
 793:frameworks/f407/Drivers/CMSIS/Include/cmsis_gcc.h **** {
 794:frameworks/f407/Drivers/CMSIS/Include/cmsis_gcc.h ****     uint32_t result;
 795:frameworks/f407/Drivers/CMSIS/Include/cmsis_gcc.h **** 
 796:frameworks/f407/Drivers/CMSIS/Include/cmsis_gcc.h ****    __ASM volatile ("lda %0, %1" : "=r" (result) : "Q" (*ptr) : "memory" );
 797:frameworks/f407/Drivers/CMSIS/Include/cmsis_gcc.h ****    return(result);
 798:frameworks/f407/Drivers/CMSIS/Include/cmsis_gcc.h **** }
 799:frameworks/f407/Drivers/CMSIS/Include/cmsis_gcc.h **** 
 800:frameworks/f407/Drivers/CMSIS/Include/cmsis_gcc.h **** 
 801:frameworks/f407/Drivers/CMSIS/Include/cmsis_gcc.h **** /**
 802:frameworks/f407/Drivers/CMSIS/Include/cmsis_gcc.h ****   \brief   Store-Release (8 bit)
 803:frameworks/f407/Drivers/CMSIS/Include/cmsis_gcc.h ****   \details Executes a STLB instruction for 8 bit values.
 804:frameworks/f407/Drivers/CMSIS/Include/cmsis_gcc.h ****   \param [in]  value  Value to store
 805:frameworks/f407/Drivers/CMSIS/Include/cmsis_gcc.h ****   \param [in]    ptr  Pointer to location
 806:frameworks/f407/Drivers/CMSIS/Include/cmsis_gcc.h ****  */
 807:frameworks/f407/Drivers/CMSIS/Include/cmsis_gcc.h **** __STATIC_FORCEINLINE void __STLB(uint8_t value, volatile uint8_t *ptr)
 808:frameworks/f407/Drivers/CMSIS/Include/cmsis_gcc.h **** {
 809:frameworks/f407/Drivers/CMSIS/Include/cmsis_gcc.h ****    __ASM volatile ("stlb %1, %0" : "=Q" (*ptr) : "r" ((uint32_t)value) : "memory" );
 810:frameworks/f407/Drivers/CMSIS/Include/cmsis_gcc.h **** }
 811:frameworks/f407/Drivers/CMSIS/Include/cmsis_gcc.h **** 
 812:frameworks/f407/Drivers/CMSIS/Include/cmsis_gcc.h **** 
 813:frameworks/f407/Drivers/CMSIS/Include/cmsis_gcc.h **** /**
 814:frameworks/f407/Drivers/CMSIS/Include/cmsis_gcc.h ****   \brief   Store-Release (16 bit)
 815:frameworks/f407/Drivers/CMSIS/Include/cmsis_gcc.h ****   \details Executes a STLH instruction for 16 bit values.
 816:frameworks/f407/Drivers/CMSIS/Include/cmsis_gcc.h ****   \param [in]  value  Value to store
 817:frameworks/f407/Drivers/CMSIS/Include/cmsis_gcc.h ****   \param [in]    ptr  Pointer to location
 818:frameworks/f407/Drivers/CMSIS/Include/cmsis_gcc.h ****  */
 819:frameworks/f407/Drivers/CMSIS/Include/cmsis_gcc.h **** __STATIC_FORCEINLINE void __STLH(uint16_t value, volatile uint16_t *ptr)
 820:frameworks/f407/Drivers/CMSIS/Include/cmsis_gcc.h **** {
 821:frameworks/f407/Drivers/CMSIS/Include/cmsis_gcc.h ****    __ASM volatile ("stlh %1, %0" : "=Q" (*ptr) : "r" ((uint32_t)value) : "memory" );
 822:frameworks/f407/Drivers/CMSIS/Include/cmsis_gcc.h **** }
 823:frameworks/f407/Drivers/CMSIS/Include/cmsis_gcc.h **** 
 824:frameworks/f407/Drivers/CMSIS/Include/cmsis_gcc.h **** 
 825:frameworks/f407/Drivers/CMSIS/Include/cmsis_gcc.h **** /**
 826:frameworks/f407/Drivers/CMSIS/Include/cmsis_gcc.h ****   \brief   Store-Release (32 bit)
 827:frameworks/f407/Drivers/CMSIS/Include/cmsis_gcc.h ****   \details Executes a STL instruction for 32 bit values.
 828:frameworks/f407/Drivers/CMSIS/Include/cmsis_gcc.h ****   \param [in]  value  Value to store
 829:frameworks/f407/Drivers/CMSIS/Include/cmsis_gcc.h ****   \param [in]    ptr  Pointer to location
 830:frameworks/f407/Drivers/CMSIS/Include/cmsis_gcc.h ****  */
 831:frameworks/f407/Drivers/CMSIS/Include/cmsis_gcc.h **** __STATIC_FORCEINLINE void __STL(uint32_t value, volatile uint32_t *ptr)
 832:frameworks/f407/Drivers/CMSIS/Include/cmsis_gcc.h **** {
 833:frameworks/f407/Drivers/CMSIS/Include/cmsis_gcc.h ****    __ASM volatile ("stl %1, %0" : "=Q" (*ptr) : "r" ((uint32_t)value) : "memory" );
 834:frameworks/f407/Drivers/CMSIS/Include/cmsis_gcc.h **** }
 835:frameworks/f407/Drivers/CMSIS/Include/cmsis_gcc.h **** 
 836:frameworks/f407/Drivers/CMSIS/Include/cmsis_gcc.h **** 
ARM GAS  C:\Users\honor\AppData\Local\Temp\cco5I5zT.s 			page 21


 837:frameworks/f407/Drivers/CMSIS/Include/cmsis_gcc.h **** /**
 838:frameworks/f407/Drivers/CMSIS/Include/cmsis_gcc.h ****   \brief   Load-Acquire Exclusive (8 bit)
 839:frameworks/f407/Drivers/CMSIS/Include/cmsis_gcc.h ****   \details Executes a LDAB exclusive instruction for 8 bit value.
 840:frameworks/f407/Drivers/CMSIS/Include/cmsis_gcc.h ****   \param [in]    ptr  Pointer to data
 841:frameworks/f407/Drivers/CMSIS/Include/cmsis_gcc.h ****   \return             value of type uint8_t at (*ptr)
 842:frameworks/f407/Drivers/CMSIS/Include/cmsis_gcc.h ****  */
 843:frameworks/f407/Drivers/CMSIS/Include/cmsis_gcc.h **** __STATIC_FORCEINLINE uint8_t __LDAEXB(volatile uint8_t *ptr)
 844:frameworks/f407/Drivers/CMSIS/Include/cmsis_gcc.h **** {
 845:frameworks/f407/Drivers/CMSIS/Include/cmsis_gcc.h ****     uint32_t result;
 846:frameworks/f407/Drivers/CMSIS/Include/cmsis_gcc.h **** 
 847:frameworks/f407/Drivers/CMSIS/Include/cmsis_gcc.h ****    __ASM volatile ("ldaexb %0, %1" : "=r" (result) : "Q" (*ptr) : "memory" );
 848:frameworks/f407/Drivers/CMSIS/Include/cmsis_gcc.h ****    return ((uint8_t) result);
 849:frameworks/f407/Drivers/CMSIS/Include/cmsis_gcc.h **** }
 850:frameworks/f407/Drivers/CMSIS/Include/cmsis_gcc.h **** 
 851:frameworks/f407/Drivers/CMSIS/Include/cmsis_gcc.h **** 
 852:frameworks/f407/Drivers/CMSIS/Include/cmsis_gcc.h **** /**
 853:frameworks/f407/Drivers/CMSIS/Include/cmsis_gcc.h ****   \brief   Load-Acquire Exclusive (16 bit)
 854:frameworks/f407/Drivers/CMSIS/Include/cmsis_gcc.h ****   \details Executes a LDAH exclusive instruction for 16 bit values.
 855:frameworks/f407/Drivers/CMSIS/Include/cmsis_gcc.h ****   \param [in]    ptr  Pointer to data
 856:frameworks/f407/Drivers/CMSIS/Include/cmsis_gcc.h ****   \return        value of type uint16_t at (*ptr)
 857:frameworks/f407/Drivers/CMSIS/Include/cmsis_gcc.h ****  */
 858:frameworks/f407/Drivers/CMSIS/Include/cmsis_gcc.h **** __STATIC_FORCEINLINE uint16_t __LDAEXH(volatile uint16_t *ptr)
 859:frameworks/f407/Drivers/CMSIS/Include/cmsis_gcc.h **** {
 860:frameworks/f407/Drivers/CMSIS/Include/cmsis_gcc.h ****     uint32_t result;
 861:frameworks/f407/Drivers/CMSIS/Include/cmsis_gcc.h **** 
 862:frameworks/f407/Drivers/CMSIS/Include/cmsis_gcc.h ****    __ASM volatile ("ldaexh %0, %1" : "=r" (result) : "Q" (*ptr) : "memory" );
 863:frameworks/f407/Drivers/CMSIS/Include/cmsis_gcc.h ****    return ((uint16_t) result);
 864:frameworks/f407/Drivers/CMSIS/Include/cmsis_gcc.h **** }
 865:frameworks/f407/Drivers/CMSIS/Include/cmsis_gcc.h **** 
 866:frameworks/f407/Drivers/CMSIS/Include/cmsis_gcc.h **** 
 867:frameworks/f407/Drivers/CMSIS/Include/cmsis_gcc.h **** /**
 868:frameworks/f407/Drivers/CMSIS/Include/cmsis_gcc.h ****   \brief   Load-Acquire Exclusive (32 bit)
 869:frameworks/f407/Drivers/CMSIS/Include/cmsis_gcc.h ****   \details Executes a LDA exclusive instruction for 32 bit values.
 870:frameworks/f407/Drivers/CMSIS/Include/cmsis_gcc.h ****   \param [in]    ptr  Pointer to data
 871:frameworks/f407/Drivers/CMSIS/Include/cmsis_gcc.h ****   \return        value of type uint32_t at (*ptr)
 872:frameworks/f407/Drivers/CMSIS/Include/cmsis_gcc.h ****  */
 873:frameworks/f407/Drivers/CMSIS/Include/cmsis_gcc.h **** __STATIC_FORCEINLINE uint32_t __LDAEX(volatile uint32_t *ptr)
 874:frameworks/f407/Drivers/CMSIS/Include/cmsis_gcc.h **** {
 875:frameworks/f407/Drivers/CMSIS/Include/cmsis_gcc.h ****     uint32_t result;
 876:frameworks/f407/Drivers/CMSIS/Include/cmsis_gcc.h **** 
 877:frameworks/f407/Drivers/CMSIS/Include/cmsis_gcc.h ****    __ASM volatile ("ldaex %0, %1" : "=r" (result) : "Q" (*ptr) : "memory" );
 878:frameworks/f407/Drivers/CMSIS/Include/cmsis_gcc.h ****    return(result);
 879:frameworks/f407/Drivers/CMSIS/Include/cmsis_gcc.h **** }
 880:frameworks/f407/Drivers/CMSIS/Include/cmsis_gcc.h **** 
 881:frameworks/f407/Drivers/CMSIS/Include/cmsis_gcc.h **** 
 882:frameworks/f407/Drivers/CMSIS/Include/cmsis_gcc.h **** /**
 883:frameworks/f407/Drivers/CMSIS/Include/cmsis_gcc.h ****   \brief   Store-Release Exclusive (8 bit)
 884:frameworks/f407/Drivers/CMSIS/Include/cmsis_gcc.h ****   \details Executes a STLB exclusive instruction for 8 bit values.
 885:frameworks/f407/Drivers/CMSIS/Include/cmsis_gcc.h ****   \param [in]  value  Value to store
 886:frameworks/f407/Drivers/CMSIS/Include/cmsis_gcc.h ****   \param [in]    ptr  Pointer to location
 887:frameworks/f407/Drivers/CMSIS/Include/cmsis_gcc.h ****   \return          0  Function succeeded
 888:frameworks/f407/Drivers/CMSIS/Include/cmsis_gcc.h ****   \return          1  Function failed
 889:frameworks/f407/Drivers/CMSIS/Include/cmsis_gcc.h ****  */
 890:frameworks/f407/Drivers/CMSIS/Include/cmsis_gcc.h **** __STATIC_FORCEINLINE uint32_t __STLEXB(uint8_t value, volatile uint8_t *ptr)
 891:frameworks/f407/Drivers/CMSIS/Include/cmsis_gcc.h **** {
 892:frameworks/f407/Drivers/CMSIS/Include/cmsis_gcc.h ****    uint32_t result;
 893:frameworks/f407/Drivers/CMSIS/Include/cmsis_gcc.h **** 
ARM GAS  C:\Users\honor\AppData\Local\Temp\cco5I5zT.s 			page 22


 894:frameworks/f407/Drivers/CMSIS/Include/cmsis_gcc.h ****    __ASM volatile ("stlexb %0, %2, %1" : "=&r" (result), "=Q" (*ptr) : "r" ((uint32_t)value) : "mem
 895:frameworks/f407/Drivers/CMSIS/Include/cmsis_gcc.h ****    return(result);
 896:frameworks/f407/Drivers/CMSIS/Include/cmsis_gcc.h **** }
 897:frameworks/f407/Drivers/CMSIS/Include/cmsis_gcc.h **** 
 898:frameworks/f407/Drivers/CMSIS/Include/cmsis_gcc.h **** 
 899:frameworks/f407/Drivers/CMSIS/Include/cmsis_gcc.h **** /**
 900:frameworks/f407/Drivers/CMSIS/Include/cmsis_gcc.h ****   \brief   Store-Release Exclusive (16 bit)
 901:frameworks/f407/Drivers/CMSIS/Include/cmsis_gcc.h ****   \details Executes a STLH exclusive instruction for 16 bit values.
 902:frameworks/f407/Drivers/CMSIS/Include/cmsis_gcc.h ****   \param [in]  value  Value to store
 903:frameworks/f407/Drivers/CMSIS/Include/cmsis_gcc.h ****   \param [in]    ptr  Pointer to location
 904:frameworks/f407/Drivers/CMSIS/Include/cmsis_gcc.h ****   \return          0  Function succeeded
 905:frameworks/f407/Drivers/CMSIS/Include/cmsis_gcc.h ****   \return          1  Function failed
 906:frameworks/f407/Drivers/CMSIS/Include/cmsis_gcc.h ****  */
 907:frameworks/f407/Drivers/CMSIS/Include/cmsis_gcc.h **** __STATIC_FORCEINLINE uint32_t __STLEXH(uint16_t value, volatile uint16_t *ptr)
 908:frameworks/f407/Drivers/CMSIS/Include/cmsis_gcc.h **** {
 909:frameworks/f407/Drivers/CMSIS/Include/cmsis_gcc.h ****    uint32_t result;
 910:frameworks/f407/Drivers/CMSIS/Include/cmsis_gcc.h **** 
 911:frameworks/f407/Drivers/CMSIS/Include/cmsis_gcc.h ****    __ASM volatile ("stlexh %0, %2, %1" : "=&r" (result), "=Q" (*ptr) : "r" ((uint32_t)value) : "mem
 912:frameworks/f407/Drivers/CMSIS/Include/cmsis_gcc.h ****    return(result);
 913:frameworks/f407/Drivers/CMSIS/Include/cmsis_gcc.h **** }
 914:frameworks/f407/Drivers/CMSIS/Include/cmsis_gcc.h **** 
 915:frameworks/f407/Drivers/CMSIS/Include/cmsis_gcc.h **** 
 916:frameworks/f407/Drivers/CMSIS/Include/cmsis_gcc.h **** /**
 917:frameworks/f407/Drivers/CMSIS/Include/cmsis_gcc.h ****   \brief   Store-Release Exclusive (32 bit)
 918:frameworks/f407/Drivers/CMSIS/Include/cmsis_gcc.h ****   \details Executes a STL exclusive instruction for 32 bit values.
 919:frameworks/f407/Drivers/CMSIS/Include/cmsis_gcc.h ****   \param [in]  value  Value to store
 920:frameworks/f407/Drivers/CMSIS/Include/cmsis_gcc.h ****   \param [in]    ptr  Pointer to location
 921:frameworks/f407/Drivers/CMSIS/Include/cmsis_gcc.h ****   \return          0  Function succeeded
 922:frameworks/f407/Drivers/CMSIS/Include/cmsis_gcc.h ****   \return          1  Function failed
 923:frameworks/f407/Drivers/CMSIS/Include/cmsis_gcc.h ****  */
 924:frameworks/f407/Drivers/CMSIS/Include/cmsis_gcc.h **** __STATIC_FORCEINLINE uint32_t __STLEX(uint32_t value, volatile uint32_t *ptr)
 925:frameworks/f407/Drivers/CMSIS/Include/cmsis_gcc.h **** {
 926:frameworks/f407/Drivers/CMSIS/Include/cmsis_gcc.h ****    uint32_t result;
 927:frameworks/f407/Drivers/CMSIS/Include/cmsis_gcc.h **** 
 928:frameworks/f407/Drivers/CMSIS/Include/cmsis_gcc.h ****    __ASM volatile ("stlex %0, %2, %1" : "=&r" (result), "=Q" (*ptr) : "r" ((uint32_t)value) : "memo
 929:frameworks/f407/Drivers/CMSIS/Include/cmsis_gcc.h ****    return(result);
 930:frameworks/f407/Drivers/CMSIS/Include/cmsis_gcc.h **** }
 931:frameworks/f407/Drivers/CMSIS/Include/cmsis_gcc.h **** 
 932:frameworks/f407/Drivers/CMSIS/Include/cmsis_gcc.h **** #endif /* ((defined (__ARM_ARCH_8M_MAIN__ ) && (__ARM_ARCH_8M_MAIN__ == 1)) || \
 933:frameworks/f407/Drivers/CMSIS/Include/cmsis_gcc.h ****            (defined (__ARM_ARCH_8M_BASE__ ) && (__ARM_ARCH_8M_BASE__ == 1))    ) */
 934:frameworks/f407/Drivers/CMSIS/Include/cmsis_gcc.h **** 
 935:frameworks/f407/Drivers/CMSIS/Include/cmsis_gcc.h **** /*@}*/ /* end of group CMSIS_Core_InstructionInterface */
 936:frameworks/f407/Drivers/CMSIS/Include/cmsis_gcc.h **** 
 937:frameworks/f407/Drivers/CMSIS/Include/cmsis_gcc.h **** 
 938:frameworks/f407/Drivers/CMSIS/Include/cmsis_gcc.h **** /* ###########################  Core Function Access  ########################### */
 939:frameworks/f407/Drivers/CMSIS/Include/cmsis_gcc.h **** /** \ingroup  CMSIS_Core_FunctionInterface
 940:frameworks/f407/Drivers/CMSIS/Include/cmsis_gcc.h ****     \defgroup CMSIS_Core_RegAccFunctions CMSIS Core Register Access Functions
 941:frameworks/f407/Drivers/CMSIS/Include/cmsis_gcc.h ****   @{
 942:frameworks/f407/Drivers/CMSIS/Include/cmsis_gcc.h ****  */
 943:frameworks/f407/Drivers/CMSIS/Include/cmsis_gcc.h **** 
 944:frameworks/f407/Drivers/CMSIS/Include/cmsis_gcc.h **** /**
 945:frameworks/f407/Drivers/CMSIS/Include/cmsis_gcc.h ****   \brief   Enable IRQ Interrupts
 946:frameworks/f407/Drivers/CMSIS/Include/cmsis_gcc.h ****   \details Enables IRQ interrupts by clearing special-purpose register PRIMASK.
 947:frameworks/f407/Drivers/CMSIS/Include/cmsis_gcc.h ****            Can only be executed in Privileged modes.
 948:frameworks/f407/Drivers/CMSIS/Include/cmsis_gcc.h ****  */
 949:frameworks/f407/Drivers/CMSIS/Include/cmsis_gcc.h **** __STATIC_FORCEINLINE void __enable_irq(void)
 950:frameworks/f407/Drivers/CMSIS/Include/cmsis_gcc.h **** {
ARM GAS  C:\Users\honor\AppData\Local\Temp\cco5I5zT.s 			page 23


 951:frameworks/f407/Drivers/CMSIS/Include/cmsis_gcc.h ****   __ASM volatile ("cpsie i" : : : "memory");
 952:frameworks/f407/Drivers/CMSIS/Include/cmsis_gcc.h **** }
 953:frameworks/f407/Drivers/CMSIS/Include/cmsis_gcc.h **** 
 954:frameworks/f407/Drivers/CMSIS/Include/cmsis_gcc.h **** 
 955:frameworks/f407/Drivers/CMSIS/Include/cmsis_gcc.h **** /**
 956:frameworks/f407/Drivers/CMSIS/Include/cmsis_gcc.h ****   \brief   Disable IRQ Interrupts
 957:frameworks/f407/Drivers/CMSIS/Include/cmsis_gcc.h ****   \details Disables IRQ interrupts by setting special-purpose register PRIMASK.
 958:frameworks/f407/Drivers/CMSIS/Include/cmsis_gcc.h ****            Can only be executed in Privileged modes.
 959:frameworks/f407/Drivers/CMSIS/Include/cmsis_gcc.h ****  */
 960:frameworks/f407/Drivers/CMSIS/Include/cmsis_gcc.h **** __STATIC_FORCEINLINE void __disable_irq(void)
  84              		.loc 2 960 27 view .LVU10
  85              	.LBB5:
 961:frameworks/f407/Drivers/CMSIS/Include/cmsis_gcc.h **** {
 962:frameworks/f407/Drivers/CMSIS/Include/cmsis_gcc.h ****   __ASM volatile ("cpsid i" : : : "memory");
  86              		.loc 2 962 3 view .LVU11
  87              		.syntax unified
  88              	@ 962 "frameworks/f407/Drivers/CMSIS/Include/cmsis_gcc.h" 1
  89 0000 72B6     		cpsid i
  90              	@ 0 "" 2
  91              		.thumb
  92              		.syntax unified
  93              	.L8:
  94              	.LBE5:
  95              	.LBE4:
 224:frameworks/f407/Core/Src/main.c ****   while (1)
  96              		.loc 1 224 3 discriminator 1 view .LVU12
 225:frameworks/f407/Core/Src/main.c ****   {
 226:frameworks/f407/Core/Src/main.c ****   }
  97              		.loc 1 226 3 discriminator 1 view .LVU13
 224:frameworks/f407/Core/Src/main.c ****   while (1)
  98              		.loc 1 224 9 discriminator 1 view .LVU14
  99 0002 FEE7     		b	.L8
 100              		.cfi_endproc
 101              	.LFE249:
 103              		.section	.text.SystemClock_Config,"ax",%progbits
 104              		.align	1
 105              		.global	SystemClock_Config
 106              		.syntax unified
 107              		.thumb
 108              		.thumb_func
 110              	SystemClock_Config:
 111              	.LFB247:
 149:frameworks/f407/Core/Src/main.c ****   RCC_OscInitTypeDef RCC_OscInitStruct = {0};
 112              		.loc 1 149 1 view -0
 113              		.cfi_startproc
 114              		@ args = 0, pretend = 0, frame = 80
 115              		@ frame_needed = 0, uses_anonymous_args = 0
 116 0000 00B5     		push	{lr}
 117              	.LCFI1:
 118              		.cfi_def_cfa_offset 4
 119              		.cfi_offset 14, -4
 120 0002 95B0     		sub	sp, sp, #84
 121              	.LCFI2:
 122              		.cfi_def_cfa_offset 88
 150:frameworks/f407/Core/Src/main.c ****   RCC_ClkInitTypeDef RCC_ClkInitStruct = {0};
 123              		.loc 1 150 3 view .LVU16
 150:frameworks/f407/Core/Src/main.c ****   RCC_ClkInitTypeDef RCC_ClkInitStruct = {0};
ARM GAS  C:\Users\honor\AppData\Local\Temp\cco5I5zT.s 			page 24


 124              		.loc 1 150 22 is_stmt 0 view .LVU17
 125 0004 3022     		movs	r2, #48
 126 0006 0021     		movs	r1, #0
 127 0008 08A8     		add	r0, sp, #32
 128 000a FFF7FEFF 		bl	memset
 129              	.LVL4:
 151:frameworks/f407/Core/Src/main.c **** 
 130              		.loc 1 151 3 is_stmt 1 view .LVU18
 151:frameworks/f407/Core/Src/main.c **** 
 131              		.loc 1 151 22 is_stmt 0 view .LVU19
 132 000e 0023     		movs	r3, #0
 133 0010 0393     		str	r3, [sp, #12]
 134 0012 0493     		str	r3, [sp, #16]
 135 0014 0593     		str	r3, [sp, #20]
 136 0016 0693     		str	r3, [sp, #24]
 137 0018 0793     		str	r3, [sp, #28]
 155:frameworks/f407/Core/Src/main.c ****   __HAL_PWR_VOLTAGESCALING_CONFIG(PWR_REGULATOR_VOLTAGE_SCALE1);
 138              		.loc 1 155 3 is_stmt 1 view .LVU20
 139              	.LBB6:
 155:frameworks/f407/Core/Src/main.c ****   __HAL_PWR_VOLTAGESCALING_CONFIG(PWR_REGULATOR_VOLTAGE_SCALE1);
 140              		.loc 1 155 3 view .LVU21
 141 001a 0193     		str	r3, [sp, #4]
 155:frameworks/f407/Core/Src/main.c ****   __HAL_PWR_VOLTAGESCALING_CONFIG(PWR_REGULATOR_VOLTAGE_SCALE1);
 142              		.loc 1 155 3 view .LVU22
 143 001c 1F4A     		ldr	r2, .L15
 144 001e 116C     		ldr	r1, [r2, #64]
 145 0020 41F08051 		orr	r1, r1, #268435456
 146 0024 1164     		str	r1, [r2, #64]
 155:frameworks/f407/Core/Src/main.c ****   __HAL_PWR_VOLTAGESCALING_CONFIG(PWR_REGULATOR_VOLTAGE_SCALE1);
 147              		.loc 1 155 3 view .LVU23
 148 0026 126C     		ldr	r2, [r2, #64]
 149 0028 02F08052 		and	r2, r2, #268435456
 150 002c 0192     		str	r2, [sp, #4]
 155:frameworks/f407/Core/Src/main.c ****   __HAL_PWR_VOLTAGESCALING_CONFIG(PWR_REGULATOR_VOLTAGE_SCALE1);
 151              		.loc 1 155 3 view .LVU24
 152 002e 019A     		ldr	r2, [sp, #4]
 153              	.LBE6:
 155:frameworks/f407/Core/Src/main.c ****   __HAL_PWR_VOLTAGESCALING_CONFIG(PWR_REGULATOR_VOLTAGE_SCALE1);
 154              		.loc 1 155 3 view .LVU25
 156:frameworks/f407/Core/Src/main.c **** 
 155              		.loc 1 156 3 view .LVU26
 156              	.LBB7:
 156:frameworks/f407/Core/Src/main.c **** 
 157              		.loc 1 156 3 view .LVU27
 158 0030 0293     		str	r3, [sp, #8]
 156:frameworks/f407/Core/Src/main.c **** 
 159              		.loc 1 156 3 view .LVU28
 160 0032 1B4A     		ldr	r2, .L15+4
 161 0034 1168     		ldr	r1, [r2]
 162 0036 41F48041 		orr	r1, r1, #16384
 163 003a 1160     		str	r1, [r2]
 156:frameworks/f407/Core/Src/main.c **** 
 164              		.loc 1 156 3 view .LVU29
 165 003c 1268     		ldr	r2, [r2]
 166 003e 02F48042 		and	r2, r2, #16384
 167 0042 0292     		str	r2, [sp, #8]
 156:frameworks/f407/Core/Src/main.c **** 
ARM GAS  C:\Users\honor\AppData\Local\Temp\cco5I5zT.s 			page 25


 168              		.loc 1 156 3 view .LVU30
 169 0044 029A     		ldr	r2, [sp, #8]
 170              	.LBE7:
 156:frameworks/f407/Core/Src/main.c **** 
 171              		.loc 1 156 3 view .LVU31
 161:frameworks/f407/Core/Src/main.c ****   RCC_OscInitStruct.HSIState = RCC_HSI_ON;
 172              		.loc 1 161 3 view .LVU32
 161:frameworks/f407/Core/Src/main.c ****   RCC_OscInitStruct.HSIState = RCC_HSI_ON;
 173              		.loc 1 161 36 is_stmt 0 view .LVU33
 174 0046 0222     		movs	r2, #2
 175 0048 0892     		str	r2, [sp, #32]
 162:frameworks/f407/Core/Src/main.c ****   RCC_OscInitStruct.HSICalibrationValue = RCC_HSICALIBRATION_DEFAULT;
 176              		.loc 1 162 3 is_stmt 1 view .LVU34
 162:frameworks/f407/Core/Src/main.c ****   RCC_OscInitStruct.HSICalibrationValue = RCC_HSICALIBRATION_DEFAULT;
 177              		.loc 1 162 30 is_stmt 0 view .LVU35
 178 004a 0121     		movs	r1, #1
 179 004c 0B91     		str	r1, [sp, #44]
 163:frameworks/f407/Core/Src/main.c ****   RCC_OscInitStruct.PLL.PLLState = RCC_PLL_ON;
 180              		.loc 1 163 3 is_stmt 1 view .LVU36
 163:frameworks/f407/Core/Src/main.c ****   RCC_OscInitStruct.PLL.PLLState = RCC_PLL_ON;
 181              		.loc 1 163 41 is_stmt 0 view .LVU37
 182 004e 1021     		movs	r1, #16
 183 0050 0C91     		str	r1, [sp, #48]
 164:frameworks/f407/Core/Src/main.c ****   RCC_OscInitStruct.PLL.PLLSource = RCC_PLLSOURCE_HSI;
 184              		.loc 1 164 3 is_stmt 1 view .LVU38
 164:frameworks/f407/Core/Src/main.c ****   RCC_OscInitStruct.PLL.PLLSource = RCC_PLLSOURCE_HSI;
 185              		.loc 1 164 34 is_stmt 0 view .LVU39
 186 0052 0E92     		str	r2, [sp, #56]
 165:frameworks/f407/Core/Src/main.c ****   RCC_OscInitStruct.PLL.PLLM = 8;
 187              		.loc 1 165 3 is_stmt 1 view .LVU40
 165:frameworks/f407/Core/Src/main.c ****   RCC_OscInitStruct.PLL.PLLM = 8;
 188              		.loc 1 165 35 is_stmt 0 view .LVU41
 189 0054 0F93     		str	r3, [sp, #60]
 166:frameworks/f407/Core/Src/main.c ****   RCC_OscInitStruct.PLL.PLLN = 168;
 190              		.loc 1 166 3 is_stmt 1 view .LVU42
 166:frameworks/f407/Core/Src/main.c ****   RCC_OscInitStruct.PLL.PLLN = 168;
 191              		.loc 1 166 30 is_stmt 0 view .LVU43
 192 0056 0823     		movs	r3, #8
 193 0058 1093     		str	r3, [sp, #64]
 167:frameworks/f407/Core/Src/main.c ****   RCC_OscInitStruct.PLL.PLLP = RCC_PLLP_DIV2;
 194              		.loc 1 167 3 is_stmt 1 view .LVU44
 167:frameworks/f407/Core/Src/main.c ****   RCC_OscInitStruct.PLL.PLLP = RCC_PLLP_DIV2;
 195              		.loc 1 167 30 is_stmt 0 view .LVU45
 196 005a A823     		movs	r3, #168
 197 005c 1193     		str	r3, [sp, #68]
 168:frameworks/f407/Core/Src/main.c ****   RCC_OscInitStruct.PLL.PLLQ = 4;
 198              		.loc 1 168 3 is_stmt 1 view .LVU46
 168:frameworks/f407/Core/Src/main.c ****   RCC_OscInitStruct.PLL.PLLQ = 4;
 199              		.loc 1 168 30 is_stmt 0 view .LVU47
 200 005e 1292     		str	r2, [sp, #72]
 169:frameworks/f407/Core/Src/main.c ****   if (HAL_RCC_OscConfig(&RCC_OscInitStruct) != HAL_OK)
 201              		.loc 1 169 3 is_stmt 1 view .LVU48
 169:frameworks/f407/Core/Src/main.c ****   if (HAL_RCC_OscConfig(&RCC_OscInitStruct) != HAL_OK)
 202              		.loc 1 169 30 is_stmt 0 view .LVU49
 203 0060 0423     		movs	r3, #4
 204 0062 1393     		str	r3, [sp, #76]
 170:frameworks/f407/Core/Src/main.c ****   {
ARM GAS  C:\Users\honor\AppData\Local\Temp\cco5I5zT.s 			page 26


 205              		.loc 1 170 3 is_stmt 1 view .LVU50
 170:frameworks/f407/Core/Src/main.c ****   {
 206              		.loc 1 170 7 is_stmt 0 view .LVU51
 207 0064 08A8     		add	r0, sp, #32
 208 0066 FFF7FEFF 		bl	HAL_RCC_OscConfig
 209              	.LVL5:
 170:frameworks/f407/Core/Src/main.c ****   {
 210              		.loc 1 170 6 view .LVU52
 211 006a 98B9     		cbnz	r0, .L13
 177:frameworks/f407/Core/Src/main.c ****                               |RCC_CLOCKTYPE_PCLK1|RCC_CLOCKTYPE_PCLK2;
 212              		.loc 1 177 3 is_stmt 1 view .LVU53
 177:frameworks/f407/Core/Src/main.c ****                               |RCC_CLOCKTYPE_PCLK1|RCC_CLOCKTYPE_PCLK2;
 213              		.loc 1 177 31 is_stmt 0 view .LVU54
 214 006c 0F23     		movs	r3, #15
 215 006e 0393     		str	r3, [sp, #12]
 179:frameworks/f407/Core/Src/main.c ****   RCC_ClkInitStruct.AHBCLKDivider = RCC_SYSCLK_DIV1;
 216              		.loc 1 179 3 is_stmt 1 view .LVU55
 179:frameworks/f407/Core/Src/main.c ****   RCC_ClkInitStruct.AHBCLKDivider = RCC_SYSCLK_DIV1;
 217              		.loc 1 179 34 is_stmt 0 view .LVU56
 218 0070 0223     		movs	r3, #2
 219 0072 0493     		str	r3, [sp, #16]
 180:frameworks/f407/Core/Src/main.c ****   RCC_ClkInitStruct.APB1CLKDivider = RCC_HCLK_DIV4;
 220              		.loc 1 180 3 is_stmt 1 view .LVU57
 180:frameworks/f407/Core/Src/main.c ****   RCC_ClkInitStruct.APB1CLKDivider = RCC_HCLK_DIV4;
 221              		.loc 1 180 35 is_stmt 0 view .LVU58
 222 0074 0023     		movs	r3, #0
 223 0076 0593     		str	r3, [sp, #20]
 181:frameworks/f407/Core/Src/main.c ****   RCC_ClkInitStruct.APB2CLKDivider = RCC_HCLK_DIV2;
 224              		.loc 1 181 3 is_stmt 1 view .LVU59
 181:frameworks/f407/Core/Src/main.c ****   RCC_ClkInitStruct.APB2CLKDivider = RCC_HCLK_DIV2;
 225              		.loc 1 181 36 is_stmt 0 view .LVU60
 226 0078 4FF4A053 		mov	r3, #5120
 227 007c 0693     		str	r3, [sp, #24]
 182:frameworks/f407/Core/Src/main.c **** 
 228              		.loc 1 182 3 is_stmt 1 view .LVU61
 182:frameworks/f407/Core/Src/main.c **** 
 229              		.loc 1 182 36 is_stmt 0 view .LVU62
 230 007e 4FF48053 		mov	r3, #4096
 231 0082 0793     		str	r3, [sp, #28]
 184:frameworks/f407/Core/Src/main.c ****   {
 232              		.loc 1 184 3 is_stmt 1 view .LVU63
 184:frameworks/f407/Core/Src/main.c ****   {
 233              		.loc 1 184 7 is_stmt 0 view .LVU64
 234 0084 0521     		movs	r1, #5
 235 0086 03A8     		add	r0, sp, #12
 236 0088 FFF7FEFF 		bl	HAL_RCC_ClockConfig
 237              	.LVL6:
 184:frameworks/f407/Core/Src/main.c ****   {
 238              		.loc 1 184 6 view .LVU65
 239 008c 20B9     		cbnz	r0, .L14
 188:frameworks/f407/Core/Src/main.c **** 
 240              		.loc 1 188 1 view .LVU66
 241 008e 15B0     		add	sp, sp, #84
 242              	.LCFI3:
 243              		.cfi_remember_state
 244              		.cfi_def_cfa_offset 4
 245              		@ sp needed
ARM GAS  C:\Users\honor\AppData\Local\Temp\cco5I5zT.s 			page 27


 246 0090 5DF804FB 		ldr	pc, [sp], #4
 247              	.L13:
 248              	.LCFI4:
 249              		.cfi_restore_state
 172:frameworks/f407/Core/Src/main.c ****   }
 250              		.loc 1 172 5 is_stmt 1 view .LVU67
 251 0094 FFF7FEFF 		bl	Error_Handler
 252              	.LVL7:
 253              	.L14:
 186:frameworks/f407/Core/Src/main.c ****   }
 254              		.loc 1 186 5 view .LVU68
 255 0098 FFF7FEFF 		bl	Error_Handler
 256              	.LVL8:
 257              	.L16:
 258              		.align	2
 259              	.L15:
 260 009c 00380240 		.word	1073887232
 261 00a0 00700040 		.word	1073770496
 262              		.cfi_endproc
 263              	.LFE247:
 265              		.section	.text.main,"ax",%progbits
 266              		.align	1
 267              		.global	main
 268              		.syntax unified
 269              		.thumb
 270              		.thumb_func
 272              	main:
 273              	.LFB246:
  76:frameworks/f407/Core/Src/main.c **** 
 274              		.loc 1 76 1 view -0
 275              		.cfi_startproc
 276              		@ Volatile: function does not return.
 277              		@ args = 0, pretend = 0, frame = 0
 278              		@ frame_needed = 0, uses_anonymous_args = 0
 279 0000 08B5     		push	{r3, lr}
 280              	.LCFI5:
 281              		.cfi_def_cfa_offset 8
 282              		.cfi_offset 3, -8
 283              		.cfi_offset 14, -4
  85:frameworks/f407/Core/Src/main.c **** 
 284              		.loc 1 85 3 view .LVU70
 285 0002 FFF7FEFF 		bl	HAL_Init
 286              	.LVL9:
  92:frameworks/f407/Core/Src/main.c **** 
 287              		.loc 1 92 3 view .LVU71
 288 0006 FFF7FEFF 		bl	SystemClock_Config
 289              	.LVL10:
  99:frameworks/f407/Core/Src/main.c ****   MX_DMA_Init();
 290              		.loc 1 99 3 view .LVU72
 291 000a FFF7FEFF 		bl	MX_GPIO_Init
 292              	.LVL11:
 100:frameworks/f407/Core/Src/main.c ****   MX_UART5_Init();
 293              		.loc 1 100 3 view .LVU73
 294 000e FFF7FEFF 		bl	MX_DMA_Init
 295              	.LVL12:
 101:frameworks/f407/Core/Src/main.c ****   MX_USART1_UART_Init();
 296              		.loc 1 101 3 view .LVU74
ARM GAS  C:\Users\honor\AppData\Local\Temp\cco5I5zT.s 			page 28


 297 0012 FFF7FEFF 		bl	MX_UART5_Init
 298              	.LVL13:
 102:frameworks/f407/Core/Src/main.c ****   MX_USART3_UART_Init();
 299              		.loc 1 102 3 view .LVU75
 300 0016 FFF7FEFF 		bl	MX_USART1_UART_Init
 301              	.LVL14:
 103:frameworks/f407/Core/Src/main.c ****   MX_CAN1_Init();
 302              		.loc 1 103 3 view .LVU76
 303 001a FFF7FEFF 		bl	MX_USART3_UART_Init
 304              	.LVL15:
 104:frameworks/f407/Core/Src/main.c ****   MX_ADC1_Init();
 305              		.loc 1 104 3 view .LVU77
 306 001e FFF7FEFF 		bl	MX_CAN1_Init
 307              	.LVL16:
 105:frameworks/f407/Core/Src/main.c ****   MX_TIM1_Init();
 308              		.loc 1 105 3 view .LVU78
 309 0022 FFF7FEFF 		bl	MX_ADC1_Init
 310              	.LVL17:
 106:frameworks/f407/Core/Src/main.c ****   MX_TIM2_Init();
 311              		.loc 1 106 3 view .LVU79
 312 0026 FFF7FEFF 		bl	MX_TIM1_Init
 313              	.LVL18:
 107:frameworks/f407/Core/Src/main.c ****   MX_TIM3_Init();
 314              		.loc 1 107 3 view .LVU80
 315 002a FFF7FEFF 		bl	MX_TIM2_Init
 316              	.LVL19:
 108:frameworks/f407/Core/Src/main.c ****   MX_TIM4_Init();
 317              		.loc 1 108 3 view .LVU81
 318 002e FFF7FEFF 		bl	MX_TIM3_Init
 319              	.LVL20:
 109:frameworks/f407/Core/Src/main.c ****   MX_TIM5_Init();
 320              		.loc 1 109 3 view .LVU82
 321 0032 FFF7FEFF 		bl	MX_TIM4_Init
 322              	.LVL21:
 110:frameworks/f407/Core/Src/main.c ****   MX_TIM9_Init();
 323              		.loc 1 110 3 view .LVU83
 324 0036 FFF7FEFF 		bl	MX_TIM5_Init
 325              	.LVL22:
 111:frameworks/f407/Core/Src/main.c ****   MX_TIM12_Init();
 326              		.loc 1 111 3 view .LVU84
 327 003a FFF7FEFF 		bl	MX_TIM9_Init
 328              	.LVL23:
 112:frameworks/f407/Core/Src/main.c ****   MX_SPI1_Init();
 329              		.loc 1 112 3 view .LVU85
 330 003e FFF7FEFF 		bl	MX_TIM12_Init
 331              	.LVL24:
 113:frameworks/f407/Core/Src/main.c ****   MX_UART4_Init();
 332              		.loc 1 113 3 view .LVU86
 333 0042 FFF7FEFF 		bl	MX_SPI1_Init
 334              	.LVL25:
 114:frameworks/f407/Core/Src/main.c ****   MX_CAN2_Init();
 335              		.loc 1 114 3 view .LVU87
 336 0046 FFF7FEFF 		bl	MX_UART4_Init
 337              	.LVL26:
 115:frameworks/f407/Core/Src/main.c ****   MX_USART2_UART_Init();
 338              		.loc 1 115 3 view .LVU88
 339 004a FFF7FEFF 		bl	MX_CAN2_Init
ARM GAS  C:\Users\honor\AppData\Local\Temp\cco5I5zT.s 			page 29


 340              	.LVL27:
 116:frameworks/f407/Core/Src/main.c ****   MX_I2C1_Init();
 341              		.loc 1 116 3 view .LVU89
 342 004e FFF7FEFF 		bl	MX_USART2_UART_Init
 343              	.LVL28:
 117:frameworks/f407/Core/Src/main.c ****   /* USER CODE BEGIN 2 */
 344              		.loc 1 117 3 view .LVU90
 345 0052 FFF7FEFF 		bl	MX_I2C1_Init
 346              	.LVL29:
 119:frameworks/f407/Core/Src/main.c ****   /* USER CODE END 2 */
 347              		.loc 1 119 3 view .LVU91
 348 0056 FFF7FEFF 		bl	app_init
 349              	.LVL30:
 123:frameworks/f407/Core/Src/main.c **** 
 350              		.loc 1 123 3 view .LVU92
 351 005a FFF7FEFF 		bl	osKernelInitialize
 352              	.LVL31:
 126:frameworks/f407/Core/Src/main.c **** 
 353              		.loc 1 126 3 view .LVU93
 354 005e FFF7FEFF 		bl	MX_FREERTOS_Init
 355              	.LVL32:
 129:frameworks/f407/Core/Src/main.c **** 
 356              		.loc 1 129 3 view .LVU94
 357 0062 FFF7FEFF 		bl	osKernelStart
 358              	.LVL33:
 359              	.L18:
 135:frameworks/f407/Core/Src/main.c ****   {
 360              		.loc 1 135 3 discriminator 1 view .LVU95
 140:frameworks/f407/Core/Src/main.c ****   /* USER CODE END 3 */
 361              		.loc 1 140 3 discriminator 1 view .LVU96
 135:frameworks/f407/Core/Src/main.c ****   {
 362              		.loc 1 135 9 discriminator 1 view .LVU97
 363 0066 FEE7     		b	.L18
 364              		.cfi_endproc
 365              	.LFE246:
 367              		.text
 368              	.Letext0:
 369              		.file 3 "e:\\ng_circumstance\\arm\\arm-none-eabi\\include\\machine\\_default_types.h"
 370              		.file 4 "e:\\ng_circumstance\\arm\\arm-none-eabi\\include\\sys\\_stdint.h"
 371              		.file 5 "frameworks/f407/Drivers/CMSIS/Device/ST/STM32F4xx/Include/stm32f407xx.h"
 372              		.file 6 "frameworks/f407/Drivers/STM32F4xx_HAL_Driver/Inc/stm32f4xx_hal_def.h"
 373              		.file 7 "frameworks/f407/Drivers/STM32F4xx_HAL_Driver/Inc/stm32f4xx_hal_rcc_ex.h"
 374              		.file 8 "frameworks/f407/Drivers/STM32F4xx_HAL_Driver/Inc/stm32f4xx_hal_rcc.h"
 375              		.file 9 "frameworks/f407/Drivers/STM32F4xx_HAL_Driver/Inc/stm32f4xx_hal_dma.h"
 376              		.file 10 "frameworks/f407/Drivers/STM32F4xx_HAL_Driver/Inc/stm32f4xx_hal_tim.h"
 377              		.file 11 "frameworks/f407/Drivers/STM32F4xx_HAL_Driver/Inc/stm32f4xx_hal.h"
 378              		.file 12 "frameworks/f407/Core/Inc/gpio.h"
 379              		.file 13 "frameworks/f407/Core/Inc/dma.h"
 380              		.file 14 "frameworks/f407/Core/Inc/usart.h"
 381              		.file 15 "frameworks/f407/Core/Inc/can.h"
 382              		.file 16 "frameworks/f407/Core/Inc/adc.h"
 383              		.file 17 "frameworks/f407/Core/Inc/tim.h"
 384              		.file 18 "frameworks/f407/Core/Inc/spi.h"
 385              		.file 19 "frameworks/f407/Core/Inc/i2c.h"
 386              		.file 20 "APP/app.h"
 387              		.file 21 "frameworks/f407/Middlewares/Third_Party/FreeRTOS/Source/CMSIS_RTOS_V2/cmsis_os2.h"
 388              		.file 22 "<built-in>"
ARM GAS  C:\Users\honor\AppData\Local\Temp\cco5I5zT.s 			page 30


ARM GAS  C:\Users\honor\AppData\Local\Temp\cco5I5zT.s 			page 31


DEFINED SYMBOLS
                            *ABS*:00000000 main.c
C:\Users\honor\AppData\Local\Temp\cco5I5zT.s:20     .text.HAL_TIM_PeriodElapsedCallback:00000000 $t
C:\Users\honor\AppData\Local\Temp\cco5I5zT.s:26     .text.HAL_TIM_PeriodElapsedCallback:00000000 HAL_TIM_PeriodElapsedCallback
C:\Users\honor\AppData\Local\Temp\cco5I5zT.s:61     .text.HAL_TIM_PeriodElapsedCallback:00000014 $d
C:\Users\honor\AppData\Local\Temp\cco5I5zT.s:66     .text.Error_Handler:00000000 $t
C:\Users\honor\AppData\Local\Temp\cco5I5zT.s:72     .text.Error_Handler:00000000 Error_Handler
C:\Users\honor\AppData\Local\Temp\cco5I5zT.s:104    .text.SystemClock_Config:00000000 $t
C:\Users\honor\AppData\Local\Temp\cco5I5zT.s:110    .text.SystemClock_Config:00000000 SystemClock_Config
C:\Users\honor\AppData\Local\Temp\cco5I5zT.s:260    .text.SystemClock_Config:0000009c $d
C:\Users\honor\AppData\Local\Temp\cco5I5zT.s:266    .text.main:00000000 $t
C:\Users\honor\AppData\Local\Temp\cco5I5zT.s:272    .text.main:00000000 main

UNDEFINED SYMBOLS
HAL_IncTick
memset
HAL_RCC_OscConfig
HAL_RCC_ClockConfig
HAL_Init
MX_GPIO_Init
MX_DMA_Init
MX_UART5_Init
MX_USART1_UART_Init
MX_USART3_UART_Init
MX_CAN1_Init
MX_ADC1_Init
MX_TIM1_Init
MX_TIM2_Init
MX_TIM3_Init
MX_TIM4_Init
MX_TIM5_Init
MX_TIM9_Init
MX_TIM12_Init
MX_SPI1_Init
MX_UART4_Init
MX_CAN2_Init
MX_USART2_UART_Init
MX_I2C1_Init
app_init
osKernelInitialize
MX_FREERTOS_Init
osKernelStart
