ARM GAS  C:\Users\honor\AppData\Local\Temp\ccqm0Nze.s 			page 1


   1              		.cpu cortex-m4
   2              		.arch armv7e-m
   3              		.fpu fpv4-sp-d16
   4              		.eabi_attribute 27, 1
   5              		.eabi_attribute 28, 1
   6              		.eabi_attribute 20, 1
   7              		.eabi_attribute 21, 1
   8              		.eabi_attribute 23, 3
   9              		.eabi_attribute 24, 1
  10              		.eabi_attribute 25, 1
  11              		.eabi_attribute 26, 1
  12              		.eabi_attribute 30, 1
  13              		.eabi_attribute 34, 1
  14              		.eabi_attribute 18, 4
  15              		.file	"stm32f4xx_hal_can.c"
  16              		.text
  17              	.Ltext0:
  18              		.cfi_sections	.debug_frame
  19              		.section	.text.HAL_CAN_MspInit,"ax",%progbits
  20              		.align	1
  21              		.weak	HAL_CAN_MspInit
  22              		.syntax unified
  23              		.thumb
  24              		.thumb_func
  26              	HAL_CAN_MspInit:
  27              	.LVL0:
  28              	.LFB241:
  29              		.file 1 "frameworks/f407/Drivers/STM32F4xx_HAL_Driver/Src/stm32f4xx_hal_can.c"
   1:frameworks/f407/Drivers/STM32F4xx_HAL_Driver/Src/stm32f4xx_hal_can.c **** /**
   2:frameworks/f407/Drivers/STM32F4xx_HAL_Driver/Src/stm32f4xx_hal_can.c ****   ******************************************************************************
   3:frameworks/f407/Drivers/STM32F4xx_HAL_Driver/Src/stm32f4xx_hal_can.c ****   * @file    stm32f4xx_hal_can.c
   4:frameworks/f407/Drivers/STM32F4xx_HAL_Driver/Src/stm32f4xx_hal_can.c ****   * @author  MCD Application Team
   5:frameworks/f407/Drivers/STM32F4xx_HAL_Driver/Src/stm32f4xx_hal_can.c ****   * @brief   CAN HAL module driver.
   6:frameworks/f407/Drivers/STM32F4xx_HAL_Driver/Src/stm32f4xx_hal_can.c ****   *          This file provides firmware functions to manage the following
   7:frameworks/f407/Drivers/STM32F4xx_HAL_Driver/Src/stm32f4xx_hal_can.c ****   *          functionalities of the Controller Area Network (CAN) peripheral:
   8:frameworks/f407/Drivers/STM32F4xx_HAL_Driver/Src/stm32f4xx_hal_can.c ****   *           + Initialization and de-initialization functions
   9:frameworks/f407/Drivers/STM32F4xx_HAL_Driver/Src/stm32f4xx_hal_can.c ****   *           + Configuration functions
  10:frameworks/f407/Drivers/STM32F4xx_HAL_Driver/Src/stm32f4xx_hal_can.c ****   *           + Control functions
  11:frameworks/f407/Drivers/STM32F4xx_HAL_Driver/Src/stm32f4xx_hal_can.c ****   *           + Interrupts management
  12:frameworks/f407/Drivers/STM32F4xx_HAL_Driver/Src/stm32f4xx_hal_can.c ****   *           + Callbacks functions
  13:frameworks/f407/Drivers/STM32F4xx_HAL_Driver/Src/stm32f4xx_hal_can.c ****   *           + Peripheral State and Error functions
  14:frameworks/f407/Drivers/STM32F4xx_HAL_Driver/Src/stm32f4xx_hal_can.c ****   *
  15:frameworks/f407/Drivers/STM32F4xx_HAL_Driver/Src/stm32f4xx_hal_can.c ****   ******************************************************************************
  16:frameworks/f407/Drivers/STM32F4xx_HAL_Driver/Src/stm32f4xx_hal_can.c ****   * @attention
  17:frameworks/f407/Drivers/STM32F4xx_HAL_Driver/Src/stm32f4xx_hal_can.c ****   *
  18:frameworks/f407/Drivers/STM32F4xx_HAL_Driver/Src/stm32f4xx_hal_can.c ****   * Copyright (c) 2016 STMicroelectronics.
  19:frameworks/f407/Drivers/STM32F4xx_HAL_Driver/Src/stm32f4xx_hal_can.c ****   * All rights reserved.
  20:frameworks/f407/Drivers/STM32F4xx_HAL_Driver/Src/stm32f4xx_hal_can.c ****   *
  21:frameworks/f407/Drivers/STM32F4xx_HAL_Driver/Src/stm32f4xx_hal_can.c ****   * This software is licensed under terms that can be found in the LICENSE file
  22:frameworks/f407/Drivers/STM32F4xx_HAL_Driver/Src/stm32f4xx_hal_can.c ****   * in the root directory of this software component.
  23:frameworks/f407/Drivers/STM32F4xx_HAL_Driver/Src/stm32f4xx_hal_can.c ****   * If no LICENSE file comes with this software, it is provided AS-IS.
  24:frameworks/f407/Drivers/STM32F4xx_HAL_Driver/Src/stm32f4xx_hal_can.c ****   *
  25:frameworks/f407/Drivers/STM32F4xx_HAL_Driver/Src/stm32f4xx_hal_can.c ****   ******************************************************************************
  26:frameworks/f407/Drivers/STM32F4xx_HAL_Driver/Src/stm32f4xx_hal_can.c ****   @verbatim
  27:frameworks/f407/Drivers/STM32F4xx_HAL_Driver/Src/stm32f4xx_hal_can.c ****   ==============================================================================
  28:frameworks/f407/Drivers/STM32F4xx_HAL_Driver/Src/stm32f4xx_hal_can.c ****                         ##### How to use this driver #####
  29:frameworks/f407/Drivers/STM32F4xx_HAL_Driver/Src/stm32f4xx_hal_can.c ****   ==============================================================================
ARM GAS  C:\Users\honor\AppData\Local\Temp\ccqm0Nze.s 			page 2


  30:frameworks/f407/Drivers/STM32F4xx_HAL_Driver/Src/stm32f4xx_hal_can.c ****     [..]
  31:frameworks/f407/Drivers/STM32F4xx_HAL_Driver/Src/stm32f4xx_hal_can.c ****       (#) Initialize the CAN low level resources by implementing the
  32:frameworks/f407/Drivers/STM32F4xx_HAL_Driver/Src/stm32f4xx_hal_can.c ****           HAL_CAN_MspInit():
  33:frameworks/f407/Drivers/STM32F4xx_HAL_Driver/Src/stm32f4xx_hal_can.c ****          (++) Enable the CAN interface clock using __HAL_RCC_CANx_CLK_ENABLE()
  34:frameworks/f407/Drivers/STM32F4xx_HAL_Driver/Src/stm32f4xx_hal_can.c ****          (++) Configure CAN pins
  35:frameworks/f407/Drivers/STM32F4xx_HAL_Driver/Src/stm32f4xx_hal_can.c ****              (+++) Enable the clock for the CAN GPIOs
  36:frameworks/f407/Drivers/STM32F4xx_HAL_Driver/Src/stm32f4xx_hal_can.c ****              (+++) Configure CAN pins as alternate function
  37:frameworks/f407/Drivers/STM32F4xx_HAL_Driver/Src/stm32f4xx_hal_can.c ****          (++) In case of using interrupts (e.g. HAL_CAN_ActivateNotification())
  38:frameworks/f407/Drivers/STM32F4xx_HAL_Driver/Src/stm32f4xx_hal_can.c ****              (+++) Configure the CAN interrupt priority using
  39:frameworks/f407/Drivers/STM32F4xx_HAL_Driver/Src/stm32f4xx_hal_can.c ****                    HAL_NVIC_SetPriority()
  40:frameworks/f407/Drivers/STM32F4xx_HAL_Driver/Src/stm32f4xx_hal_can.c ****              (+++) Enable the CAN IRQ handler using HAL_NVIC_EnableIRQ()
  41:frameworks/f407/Drivers/STM32F4xx_HAL_Driver/Src/stm32f4xx_hal_can.c ****              (+++) In CAN IRQ handler, call HAL_CAN_IRQHandler()
  42:frameworks/f407/Drivers/STM32F4xx_HAL_Driver/Src/stm32f4xx_hal_can.c **** 
  43:frameworks/f407/Drivers/STM32F4xx_HAL_Driver/Src/stm32f4xx_hal_can.c ****       (#) Initialize the CAN peripheral using HAL_CAN_Init() function. This
  44:frameworks/f407/Drivers/STM32F4xx_HAL_Driver/Src/stm32f4xx_hal_can.c ****           function resorts to HAL_CAN_MspInit() for low-level initialization.
  45:frameworks/f407/Drivers/STM32F4xx_HAL_Driver/Src/stm32f4xx_hal_can.c **** 
  46:frameworks/f407/Drivers/STM32F4xx_HAL_Driver/Src/stm32f4xx_hal_can.c ****       (#) Configure the reception filters using the following configuration
  47:frameworks/f407/Drivers/STM32F4xx_HAL_Driver/Src/stm32f4xx_hal_can.c ****           functions:
  48:frameworks/f407/Drivers/STM32F4xx_HAL_Driver/Src/stm32f4xx_hal_can.c ****             (++) HAL_CAN_ConfigFilter()
  49:frameworks/f407/Drivers/STM32F4xx_HAL_Driver/Src/stm32f4xx_hal_can.c **** 
  50:frameworks/f407/Drivers/STM32F4xx_HAL_Driver/Src/stm32f4xx_hal_can.c ****       (#) Start the CAN module using HAL_CAN_Start() function. At this level
  51:frameworks/f407/Drivers/STM32F4xx_HAL_Driver/Src/stm32f4xx_hal_can.c ****           the node is active on the bus: it receive messages, and can send
  52:frameworks/f407/Drivers/STM32F4xx_HAL_Driver/Src/stm32f4xx_hal_can.c ****           messages.
  53:frameworks/f407/Drivers/STM32F4xx_HAL_Driver/Src/stm32f4xx_hal_can.c **** 
  54:frameworks/f407/Drivers/STM32F4xx_HAL_Driver/Src/stm32f4xx_hal_can.c ****       (#) To manage messages transmission, the following Tx control functions
  55:frameworks/f407/Drivers/STM32F4xx_HAL_Driver/Src/stm32f4xx_hal_can.c ****           can be used:
  56:frameworks/f407/Drivers/STM32F4xx_HAL_Driver/Src/stm32f4xx_hal_can.c ****             (++) HAL_CAN_AddTxMessage() to request transmission of a new
  57:frameworks/f407/Drivers/STM32F4xx_HAL_Driver/Src/stm32f4xx_hal_can.c ****                  message.
  58:frameworks/f407/Drivers/STM32F4xx_HAL_Driver/Src/stm32f4xx_hal_can.c ****             (++) HAL_CAN_AbortTxRequest() to abort transmission of a pending
  59:frameworks/f407/Drivers/STM32F4xx_HAL_Driver/Src/stm32f4xx_hal_can.c ****                  message.
  60:frameworks/f407/Drivers/STM32F4xx_HAL_Driver/Src/stm32f4xx_hal_can.c ****             (++) HAL_CAN_GetTxMailboxesFreeLevel() to get the number of free Tx
  61:frameworks/f407/Drivers/STM32F4xx_HAL_Driver/Src/stm32f4xx_hal_can.c ****                  mailboxes.
  62:frameworks/f407/Drivers/STM32F4xx_HAL_Driver/Src/stm32f4xx_hal_can.c ****             (++) HAL_CAN_IsTxMessagePending() to check if a message is pending
  63:frameworks/f407/Drivers/STM32F4xx_HAL_Driver/Src/stm32f4xx_hal_can.c ****                  in a Tx mailbox.
  64:frameworks/f407/Drivers/STM32F4xx_HAL_Driver/Src/stm32f4xx_hal_can.c ****             (++) HAL_CAN_GetTxTimestamp() to get the timestamp of Tx message
  65:frameworks/f407/Drivers/STM32F4xx_HAL_Driver/Src/stm32f4xx_hal_can.c ****                  sent, if time triggered communication mode is enabled.
  66:frameworks/f407/Drivers/STM32F4xx_HAL_Driver/Src/stm32f4xx_hal_can.c **** 
  67:frameworks/f407/Drivers/STM32F4xx_HAL_Driver/Src/stm32f4xx_hal_can.c ****       (#) When a message is received into the CAN Rx FIFOs, it can be retrieved
  68:frameworks/f407/Drivers/STM32F4xx_HAL_Driver/Src/stm32f4xx_hal_can.c ****           using the HAL_CAN_GetRxMessage() function. The function
  69:frameworks/f407/Drivers/STM32F4xx_HAL_Driver/Src/stm32f4xx_hal_can.c ****           HAL_CAN_GetRxFifoFillLevel() allows to know how many Rx message are
  70:frameworks/f407/Drivers/STM32F4xx_HAL_Driver/Src/stm32f4xx_hal_can.c ****           stored in the Rx Fifo.
  71:frameworks/f407/Drivers/STM32F4xx_HAL_Driver/Src/stm32f4xx_hal_can.c **** 
  72:frameworks/f407/Drivers/STM32F4xx_HAL_Driver/Src/stm32f4xx_hal_can.c ****       (#) Calling the HAL_CAN_Stop() function stops the CAN module.
  73:frameworks/f407/Drivers/STM32F4xx_HAL_Driver/Src/stm32f4xx_hal_can.c **** 
  74:frameworks/f407/Drivers/STM32F4xx_HAL_Driver/Src/stm32f4xx_hal_can.c ****       (#) The deinitialization is achieved with HAL_CAN_DeInit() function.
  75:frameworks/f407/Drivers/STM32F4xx_HAL_Driver/Src/stm32f4xx_hal_can.c **** 
  76:frameworks/f407/Drivers/STM32F4xx_HAL_Driver/Src/stm32f4xx_hal_can.c **** 
  77:frameworks/f407/Drivers/STM32F4xx_HAL_Driver/Src/stm32f4xx_hal_can.c ****       *** Polling mode operation ***
  78:frameworks/f407/Drivers/STM32F4xx_HAL_Driver/Src/stm32f4xx_hal_can.c ****       ==============================
  79:frameworks/f407/Drivers/STM32F4xx_HAL_Driver/Src/stm32f4xx_hal_can.c ****     [..]
  80:frameworks/f407/Drivers/STM32F4xx_HAL_Driver/Src/stm32f4xx_hal_can.c ****       (#) Reception:
  81:frameworks/f407/Drivers/STM32F4xx_HAL_Driver/Src/stm32f4xx_hal_can.c ****             (++) Monitor reception of message using HAL_CAN_GetRxFifoFillLevel()
  82:frameworks/f407/Drivers/STM32F4xx_HAL_Driver/Src/stm32f4xx_hal_can.c ****                  until at least one message is received.
  83:frameworks/f407/Drivers/STM32F4xx_HAL_Driver/Src/stm32f4xx_hal_can.c ****             (++) Then get the message using HAL_CAN_GetRxMessage().
  84:frameworks/f407/Drivers/STM32F4xx_HAL_Driver/Src/stm32f4xx_hal_can.c **** 
  85:frameworks/f407/Drivers/STM32F4xx_HAL_Driver/Src/stm32f4xx_hal_can.c ****       (#) Transmission:
  86:frameworks/f407/Drivers/STM32F4xx_HAL_Driver/Src/stm32f4xx_hal_can.c ****             (++) Monitor the Tx mailboxes availability until at least one Tx
ARM GAS  C:\Users\honor\AppData\Local\Temp\ccqm0Nze.s 			page 3


  87:frameworks/f407/Drivers/STM32F4xx_HAL_Driver/Src/stm32f4xx_hal_can.c ****                  mailbox is free, using HAL_CAN_GetTxMailboxesFreeLevel().
  88:frameworks/f407/Drivers/STM32F4xx_HAL_Driver/Src/stm32f4xx_hal_can.c ****             (++) Then request transmission of a message using
  89:frameworks/f407/Drivers/STM32F4xx_HAL_Driver/Src/stm32f4xx_hal_can.c ****                  HAL_CAN_AddTxMessage().
  90:frameworks/f407/Drivers/STM32F4xx_HAL_Driver/Src/stm32f4xx_hal_can.c **** 
  91:frameworks/f407/Drivers/STM32F4xx_HAL_Driver/Src/stm32f4xx_hal_can.c **** 
  92:frameworks/f407/Drivers/STM32F4xx_HAL_Driver/Src/stm32f4xx_hal_can.c ****       *** Interrupt mode operation ***
  93:frameworks/f407/Drivers/STM32F4xx_HAL_Driver/Src/stm32f4xx_hal_can.c ****       ================================
  94:frameworks/f407/Drivers/STM32F4xx_HAL_Driver/Src/stm32f4xx_hal_can.c ****     [..]
  95:frameworks/f407/Drivers/STM32F4xx_HAL_Driver/Src/stm32f4xx_hal_can.c ****       (#) Notifications are activated using HAL_CAN_ActivateNotification()
  96:frameworks/f407/Drivers/STM32F4xx_HAL_Driver/Src/stm32f4xx_hal_can.c ****           function. Then, the process can be controlled through the
  97:frameworks/f407/Drivers/STM32F4xx_HAL_Driver/Src/stm32f4xx_hal_can.c ****           available user callbacks: HAL_CAN_xxxCallback(), using same APIs
  98:frameworks/f407/Drivers/STM32F4xx_HAL_Driver/Src/stm32f4xx_hal_can.c ****           HAL_CAN_GetRxMessage() and HAL_CAN_AddTxMessage().
  99:frameworks/f407/Drivers/STM32F4xx_HAL_Driver/Src/stm32f4xx_hal_can.c **** 
 100:frameworks/f407/Drivers/STM32F4xx_HAL_Driver/Src/stm32f4xx_hal_can.c ****       (#) Notifications can be deactivated using
 101:frameworks/f407/Drivers/STM32F4xx_HAL_Driver/Src/stm32f4xx_hal_can.c ****           HAL_CAN_DeactivateNotification() function.
 102:frameworks/f407/Drivers/STM32F4xx_HAL_Driver/Src/stm32f4xx_hal_can.c **** 
 103:frameworks/f407/Drivers/STM32F4xx_HAL_Driver/Src/stm32f4xx_hal_can.c ****       (#) Special care should be taken for CAN_IT_RX_FIFO0_MSG_PENDING and
 104:frameworks/f407/Drivers/STM32F4xx_HAL_Driver/Src/stm32f4xx_hal_can.c ****           CAN_IT_RX_FIFO1_MSG_PENDING notifications. These notifications trig
 105:frameworks/f407/Drivers/STM32F4xx_HAL_Driver/Src/stm32f4xx_hal_can.c ****           the callbacks HAL_CAN_RxFIFO0MsgPendingCallback() and
 106:frameworks/f407/Drivers/STM32F4xx_HAL_Driver/Src/stm32f4xx_hal_can.c ****           HAL_CAN_RxFIFO1MsgPendingCallback(). User has two possible options
 107:frameworks/f407/Drivers/STM32F4xx_HAL_Driver/Src/stm32f4xx_hal_can.c ****           here.
 108:frameworks/f407/Drivers/STM32F4xx_HAL_Driver/Src/stm32f4xx_hal_can.c ****             (++) Directly get the Rx message in the callback, using
 109:frameworks/f407/Drivers/STM32F4xx_HAL_Driver/Src/stm32f4xx_hal_can.c ****                  HAL_CAN_GetRxMessage().
 110:frameworks/f407/Drivers/STM32F4xx_HAL_Driver/Src/stm32f4xx_hal_can.c ****             (++) Or deactivate the notification in the callback without
 111:frameworks/f407/Drivers/STM32F4xx_HAL_Driver/Src/stm32f4xx_hal_can.c ****                  getting the Rx message. The Rx message can then be got later
 112:frameworks/f407/Drivers/STM32F4xx_HAL_Driver/Src/stm32f4xx_hal_can.c ****                  using HAL_CAN_GetRxMessage(). Once the Rx message have been
 113:frameworks/f407/Drivers/STM32F4xx_HAL_Driver/Src/stm32f4xx_hal_can.c ****                  read, the notification can be activated again.
 114:frameworks/f407/Drivers/STM32F4xx_HAL_Driver/Src/stm32f4xx_hal_can.c **** 
 115:frameworks/f407/Drivers/STM32F4xx_HAL_Driver/Src/stm32f4xx_hal_can.c **** 
 116:frameworks/f407/Drivers/STM32F4xx_HAL_Driver/Src/stm32f4xx_hal_can.c ****       *** Sleep mode ***
 117:frameworks/f407/Drivers/STM32F4xx_HAL_Driver/Src/stm32f4xx_hal_can.c ****       ==================
 118:frameworks/f407/Drivers/STM32F4xx_HAL_Driver/Src/stm32f4xx_hal_can.c ****     [..]
 119:frameworks/f407/Drivers/STM32F4xx_HAL_Driver/Src/stm32f4xx_hal_can.c ****       (#) The CAN peripheral can be put in sleep mode (low power), using
 120:frameworks/f407/Drivers/STM32F4xx_HAL_Driver/Src/stm32f4xx_hal_can.c ****           HAL_CAN_RequestSleep(). The sleep mode will be entered as soon as the
 121:frameworks/f407/Drivers/STM32F4xx_HAL_Driver/Src/stm32f4xx_hal_can.c ****           current CAN activity (transmission or reception of a CAN frame) will
 122:frameworks/f407/Drivers/STM32F4xx_HAL_Driver/Src/stm32f4xx_hal_can.c ****           be completed.
 123:frameworks/f407/Drivers/STM32F4xx_HAL_Driver/Src/stm32f4xx_hal_can.c **** 
 124:frameworks/f407/Drivers/STM32F4xx_HAL_Driver/Src/stm32f4xx_hal_can.c ****       (#) A notification can be activated to be informed when the sleep mode
 125:frameworks/f407/Drivers/STM32F4xx_HAL_Driver/Src/stm32f4xx_hal_can.c ****           will be entered.
 126:frameworks/f407/Drivers/STM32F4xx_HAL_Driver/Src/stm32f4xx_hal_can.c **** 
 127:frameworks/f407/Drivers/STM32F4xx_HAL_Driver/Src/stm32f4xx_hal_can.c ****       (#) It can be checked if the sleep mode is entered using
 128:frameworks/f407/Drivers/STM32F4xx_HAL_Driver/Src/stm32f4xx_hal_can.c ****           HAL_CAN_IsSleepActive().
 129:frameworks/f407/Drivers/STM32F4xx_HAL_Driver/Src/stm32f4xx_hal_can.c ****           Note that the CAN state (accessible from the API HAL_CAN_GetState())
 130:frameworks/f407/Drivers/STM32F4xx_HAL_Driver/Src/stm32f4xx_hal_can.c ****           is HAL_CAN_STATE_SLEEP_PENDING as soon as the sleep mode request is
 131:frameworks/f407/Drivers/STM32F4xx_HAL_Driver/Src/stm32f4xx_hal_can.c ****           submitted (the sleep mode is not yet entered), and become
 132:frameworks/f407/Drivers/STM32F4xx_HAL_Driver/Src/stm32f4xx_hal_can.c ****           HAL_CAN_STATE_SLEEP_ACTIVE when the sleep mode is effective.
 133:frameworks/f407/Drivers/STM32F4xx_HAL_Driver/Src/stm32f4xx_hal_can.c **** 
 134:frameworks/f407/Drivers/STM32F4xx_HAL_Driver/Src/stm32f4xx_hal_can.c ****       (#) The wake-up from sleep mode can be triggered by two ways:
 135:frameworks/f407/Drivers/STM32F4xx_HAL_Driver/Src/stm32f4xx_hal_can.c ****             (++) Using HAL_CAN_WakeUp(). When returning from this function,
 136:frameworks/f407/Drivers/STM32F4xx_HAL_Driver/Src/stm32f4xx_hal_can.c ****                  the sleep mode is exited (if return status is HAL_OK).
 137:frameworks/f407/Drivers/STM32F4xx_HAL_Driver/Src/stm32f4xx_hal_can.c ****             (++) When a start of Rx CAN frame is detected by the CAN peripheral,
 138:frameworks/f407/Drivers/STM32F4xx_HAL_Driver/Src/stm32f4xx_hal_can.c ****                  if automatic wake up mode is enabled.
 139:frameworks/f407/Drivers/STM32F4xx_HAL_Driver/Src/stm32f4xx_hal_can.c **** 
 140:frameworks/f407/Drivers/STM32F4xx_HAL_Driver/Src/stm32f4xx_hal_can.c ****   *** Callback registration ***
 141:frameworks/f407/Drivers/STM32F4xx_HAL_Driver/Src/stm32f4xx_hal_can.c ****   =============================================
 142:frameworks/f407/Drivers/STM32F4xx_HAL_Driver/Src/stm32f4xx_hal_can.c **** 
 143:frameworks/f407/Drivers/STM32F4xx_HAL_Driver/Src/stm32f4xx_hal_can.c ****   The compilation define  USE_HAL_CAN_REGISTER_CALLBACKS when set to 1
ARM GAS  C:\Users\honor\AppData\Local\Temp\ccqm0Nze.s 			page 4


 144:frameworks/f407/Drivers/STM32F4xx_HAL_Driver/Src/stm32f4xx_hal_can.c ****   allows the user to configure dynamically the driver callbacks.
 145:frameworks/f407/Drivers/STM32F4xx_HAL_Driver/Src/stm32f4xx_hal_can.c ****   Use Function HAL_CAN_RegisterCallback() to register an interrupt callback.
 146:frameworks/f407/Drivers/STM32F4xx_HAL_Driver/Src/stm32f4xx_hal_can.c **** 
 147:frameworks/f407/Drivers/STM32F4xx_HAL_Driver/Src/stm32f4xx_hal_can.c ****   Function HAL_CAN_RegisterCallback() allows to register following callbacks:
 148:frameworks/f407/Drivers/STM32F4xx_HAL_Driver/Src/stm32f4xx_hal_can.c ****     (+) TxMailbox0CompleteCallback   : Tx Mailbox 0 Complete Callback.
 149:frameworks/f407/Drivers/STM32F4xx_HAL_Driver/Src/stm32f4xx_hal_can.c ****     (+) TxMailbox1CompleteCallback   : Tx Mailbox 1 Complete Callback.
 150:frameworks/f407/Drivers/STM32F4xx_HAL_Driver/Src/stm32f4xx_hal_can.c ****     (+) TxMailbox2CompleteCallback   : Tx Mailbox 2 Complete Callback.
 151:frameworks/f407/Drivers/STM32F4xx_HAL_Driver/Src/stm32f4xx_hal_can.c ****     (+) TxMailbox0AbortCallback      : Tx Mailbox 0 Abort Callback.
 152:frameworks/f407/Drivers/STM32F4xx_HAL_Driver/Src/stm32f4xx_hal_can.c ****     (+) TxMailbox1AbortCallback      : Tx Mailbox 1 Abort Callback.
 153:frameworks/f407/Drivers/STM32F4xx_HAL_Driver/Src/stm32f4xx_hal_can.c ****     (+) TxMailbox2AbortCallback      : Tx Mailbox 2 Abort Callback.
 154:frameworks/f407/Drivers/STM32F4xx_HAL_Driver/Src/stm32f4xx_hal_can.c ****     (+) RxFifo0MsgPendingCallback    : Rx Fifo 0 Message Pending Callback.
 155:frameworks/f407/Drivers/STM32F4xx_HAL_Driver/Src/stm32f4xx_hal_can.c ****     (+) RxFifo0FullCallback          : Rx Fifo 0 Full Callback.
 156:frameworks/f407/Drivers/STM32F4xx_HAL_Driver/Src/stm32f4xx_hal_can.c ****     (+) RxFifo1MsgPendingCallback    : Rx Fifo 1 Message Pending Callback.
 157:frameworks/f407/Drivers/STM32F4xx_HAL_Driver/Src/stm32f4xx_hal_can.c ****     (+) RxFifo1FullCallback          : Rx Fifo 1 Full Callback.
 158:frameworks/f407/Drivers/STM32F4xx_HAL_Driver/Src/stm32f4xx_hal_can.c ****     (+) SleepCallback                : Sleep Callback.
 159:frameworks/f407/Drivers/STM32F4xx_HAL_Driver/Src/stm32f4xx_hal_can.c ****     (+) WakeUpFromRxMsgCallback      : Wake Up From Rx Message Callback.
 160:frameworks/f407/Drivers/STM32F4xx_HAL_Driver/Src/stm32f4xx_hal_can.c ****     (+) ErrorCallback                : Error Callback.
 161:frameworks/f407/Drivers/STM32F4xx_HAL_Driver/Src/stm32f4xx_hal_can.c ****     (+) MspInitCallback              : CAN MspInit.
 162:frameworks/f407/Drivers/STM32F4xx_HAL_Driver/Src/stm32f4xx_hal_can.c ****     (+) MspDeInitCallback            : CAN MspDeInit.
 163:frameworks/f407/Drivers/STM32F4xx_HAL_Driver/Src/stm32f4xx_hal_can.c ****   This function takes as parameters the HAL peripheral handle, the Callback ID
 164:frameworks/f407/Drivers/STM32F4xx_HAL_Driver/Src/stm32f4xx_hal_can.c ****   and a pointer to the user callback function.
 165:frameworks/f407/Drivers/STM32F4xx_HAL_Driver/Src/stm32f4xx_hal_can.c **** 
 166:frameworks/f407/Drivers/STM32F4xx_HAL_Driver/Src/stm32f4xx_hal_can.c ****   Use function HAL_CAN_UnRegisterCallback() to reset a callback to the default
 167:frameworks/f407/Drivers/STM32F4xx_HAL_Driver/Src/stm32f4xx_hal_can.c ****   weak function.
 168:frameworks/f407/Drivers/STM32F4xx_HAL_Driver/Src/stm32f4xx_hal_can.c ****   HAL_CAN_UnRegisterCallback takes as parameters the HAL peripheral handle,
 169:frameworks/f407/Drivers/STM32F4xx_HAL_Driver/Src/stm32f4xx_hal_can.c ****   and the Callback ID.
 170:frameworks/f407/Drivers/STM32F4xx_HAL_Driver/Src/stm32f4xx_hal_can.c ****   This function allows to reset following callbacks:
 171:frameworks/f407/Drivers/STM32F4xx_HAL_Driver/Src/stm32f4xx_hal_can.c ****     (+) TxMailbox0CompleteCallback   : Tx Mailbox 0 Complete Callback.
 172:frameworks/f407/Drivers/STM32F4xx_HAL_Driver/Src/stm32f4xx_hal_can.c ****     (+) TxMailbox1CompleteCallback   : Tx Mailbox 1 Complete Callback.
 173:frameworks/f407/Drivers/STM32F4xx_HAL_Driver/Src/stm32f4xx_hal_can.c ****     (+) TxMailbox2CompleteCallback   : Tx Mailbox 2 Complete Callback.
 174:frameworks/f407/Drivers/STM32F4xx_HAL_Driver/Src/stm32f4xx_hal_can.c ****     (+) TxMailbox0AbortCallback      : Tx Mailbox 0 Abort Callback.
 175:frameworks/f407/Drivers/STM32F4xx_HAL_Driver/Src/stm32f4xx_hal_can.c ****     (+) TxMailbox1AbortCallback      : Tx Mailbox 1 Abort Callback.
 176:frameworks/f407/Drivers/STM32F4xx_HAL_Driver/Src/stm32f4xx_hal_can.c ****     (+) TxMailbox2AbortCallback      : Tx Mailbox 2 Abort Callback.
 177:frameworks/f407/Drivers/STM32F4xx_HAL_Driver/Src/stm32f4xx_hal_can.c ****     (+) RxFifo0MsgPendingCallback    : Rx Fifo 0 Message Pending Callback.
 178:frameworks/f407/Drivers/STM32F4xx_HAL_Driver/Src/stm32f4xx_hal_can.c ****     (+) RxFifo0FullCallback          : Rx Fifo 0 Full Callback.
 179:frameworks/f407/Drivers/STM32F4xx_HAL_Driver/Src/stm32f4xx_hal_can.c ****     (+) RxFifo1MsgPendingCallback    : Rx Fifo 1 Message Pending Callback.
 180:frameworks/f407/Drivers/STM32F4xx_HAL_Driver/Src/stm32f4xx_hal_can.c ****     (+) RxFifo1FullCallback          : Rx Fifo 1 Full Callback.
 181:frameworks/f407/Drivers/STM32F4xx_HAL_Driver/Src/stm32f4xx_hal_can.c ****     (+) SleepCallback                : Sleep Callback.
 182:frameworks/f407/Drivers/STM32F4xx_HAL_Driver/Src/stm32f4xx_hal_can.c ****     (+) WakeUpFromRxMsgCallback      : Wake Up From Rx Message Callback.
 183:frameworks/f407/Drivers/STM32F4xx_HAL_Driver/Src/stm32f4xx_hal_can.c ****     (+) ErrorCallback                : Error Callback.
 184:frameworks/f407/Drivers/STM32F4xx_HAL_Driver/Src/stm32f4xx_hal_can.c ****     (+) MspInitCallback              : CAN MspInit.
 185:frameworks/f407/Drivers/STM32F4xx_HAL_Driver/Src/stm32f4xx_hal_can.c ****     (+) MspDeInitCallback            : CAN MspDeInit.
 186:frameworks/f407/Drivers/STM32F4xx_HAL_Driver/Src/stm32f4xx_hal_can.c **** 
 187:frameworks/f407/Drivers/STM32F4xx_HAL_Driver/Src/stm32f4xx_hal_can.c ****   By default, after the HAL_CAN_Init() and when the state is HAL_CAN_STATE_RESET,
 188:frameworks/f407/Drivers/STM32F4xx_HAL_Driver/Src/stm32f4xx_hal_can.c ****   all callbacks are set to the corresponding weak functions:
 189:frameworks/f407/Drivers/STM32F4xx_HAL_Driver/Src/stm32f4xx_hal_can.c ****   example HAL_CAN_ErrorCallback().
 190:frameworks/f407/Drivers/STM32F4xx_HAL_Driver/Src/stm32f4xx_hal_can.c ****   Exception done for MspInit and MspDeInit functions that are
 191:frameworks/f407/Drivers/STM32F4xx_HAL_Driver/Src/stm32f4xx_hal_can.c ****   reset to the legacy weak function in the HAL_CAN_Init()/ HAL_CAN_DeInit() only when
 192:frameworks/f407/Drivers/STM32F4xx_HAL_Driver/Src/stm32f4xx_hal_can.c ****   these callbacks are null (not registered beforehand).
 193:frameworks/f407/Drivers/STM32F4xx_HAL_Driver/Src/stm32f4xx_hal_can.c ****   if not, MspInit or MspDeInit are not null, the HAL_CAN_Init()/ HAL_CAN_DeInit()
 194:frameworks/f407/Drivers/STM32F4xx_HAL_Driver/Src/stm32f4xx_hal_can.c ****   keep and use the user MspInit/MspDeInit callbacks (registered beforehand)
 195:frameworks/f407/Drivers/STM32F4xx_HAL_Driver/Src/stm32f4xx_hal_can.c **** 
 196:frameworks/f407/Drivers/STM32F4xx_HAL_Driver/Src/stm32f4xx_hal_can.c ****   Callbacks can be registered/unregistered in HAL_CAN_STATE_READY state only.
 197:frameworks/f407/Drivers/STM32F4xx_HAL_Driver/Src/stm32f4xx_hal_can.c ****   Exception done MspInit/MspDeInit that can be registered/unregistered
 198:frameworks/f407/Drivers/STM32F4xx_HAL_Driver/Src/stm32f4xx_hal_can.c ****   in HAL_CAN_STATE_READY or HAL_CAN_STATE_RESET state,
 199:frameworks/f407/Drivers/STM32F4xx_HAL_Driver/Src/stm32f4xx_hal_can.c ****   thus registered (user) MspInit/DeInit callbacks can be used during the Init/DeInit.
 200:frameworks/f407/Drivers/STM32F4xx_HAL_Driver/Src/stm32f4xx_hal_can.c ****   In that case first register the MspInit/MspDeInit user callbacks
ARM GAS  C:\Users\honor\AppData\Local\Temp\ccqm0Nze.s 			page 5


 201:frameworks/f407/Drivers/STM32F4xx_HAL_Driver/Src/stm32f4xx_hal_can.c ****   using HAL_CAN_RegisterCallback() before calling HAL_CAN_DeInit()
 202:frameworks/f407/Drivers/STM32F4xx_HAL_Driver/Src/stm32f4xx_hal_can.c ****   or HAL_CAN_Init() function.
 203:frameworks/f407/Drivers/STM32F4xx_HAL_Driver/Src/stm32f4xx_hal_can.c **** 
 204:frameworks/f407/Drivers/STM32F4xx_HAL_Driver/Src/stm32f4xx_hal_can.c ****   When The compilation define USE_HAL_CAN_REGISTER_CALLBACKS is set to 0 or
 205:frameworks/f407/Drivers/STM32F4xx_HAL_Driver/Src/stm32f4xx_hal_can.c ****   not defined, the callback registration feature is not available and all callbacks
 206:frameworks/f407/Drivers/STM32F4xx_HAL_Driver/Src/stm32f4xx_hal_can.c ****   are set to the corresponding weak functions.
 207:frameworks/f407/Drivers/STM32F4xx_HAL_Driver/Src/stm32f4xx_hal_can.c **** 
 208:frameworks/f407/Drivers/STM32F4xx_HAL_Driver/Src/stm32f4xx_hal_can.c ****   @endverbatim
 209:frameworks/f407/Drivers/STM32F4xx_HAL_Driver/Src/stm32f4xx_hal_can.c ****   ******************************************************************************
 210:frameworks/f407/Drivers/STM32F4xx_HAL_Driver/Src/stm32f4xx_hal_can.c ****   */
 211:frameworks/f407/Drivers/STM32F4xx_HAL_Driver/Src/stm32f4xx_hal_can.c **** 
 212:frameworks/f407/Drivers/STM32F4xx_HAL_Driver/Src/stm32f4xx_hal_can.c **** /* Includes ------------------------------------------------------------------*/
 213:frameworks/f407/Drivers/STM32F4xx_HAL_Driver/Src/stm32f4xx_hal_can.c **** #include "stm32f4xx_hal.h"
 214:frameworks/f407/Drivers/STM32F4xx_HAL_Driver/Src/stm32f4xx_hal_can.c **** 
 215:frameworks/f407/Drivers/STM32F4xx_HAL_Driver/Src/stm32f4xx_hal_can.c **** /** @addtogroup STM32F4xx_HAL_Driver
 216:frameworks/f407/Drivers/STM32F4xx_HAL_Driver/Src/stm32f4xx_hal_can.c ****   * @{
 217:frameworks/f407/Drivers/STM32F4xx_HAL_Driver/Src/stm32f4xx_hal_can.c ****   */
 218:frameworks/f407/Drivers/STM32F4xx_HAL_Driver/Src/stm32f4xx_hal_can.c **** 
 219:frameworks/f407/Drivers/STM32F4xx_HAL_Driver/Src/stm32f4xx_hal_can.c **** #if defined(CAN1)
 220:frameworks/f407/Drivers/STM32F4xx_HAL_Driver/Src/stm32f4xx_hal_can.c **** 
 221:frameworks/f407/Drivers/STM32F4xx_HAL_Driver/Src/stm32f4xx_hal_can.c **** /** @defgroup CAN CAN
 222:frameworks/f407/Drivers/STM32F4xx_HAL_Driver/Src/stm32f4xx_hal_can.c ****   * @brief CAN driver modules
 223:frameworks/f407/Drivers/STM32F4xx_HAL_Driver/Src/stm32f4xx_hal_can.c ****   * @{
 224:frameworks/f407/Drivers/STM32F4xx_HAL_Driver/Src/stm32f4xx_hal_can.c ****   */
 225:frameworks/f407/Drivers/STM32F4xx_HAL_Driver/Src/stm32f4xx_hal_can.c **** 
 226:frameworks/f407/Drivers/STM32F4xx_HAL_Driver/Src/stm32f4xx_hal_can.c **** #ifdef HAL_CAN_MODULE_ENABLED
 227:frameworks/f407/Drivers/STM32F4xx_HAL_Driver/Src/stm32f4xx_hal_can.c **** 
 228:frameworks/f407/Drivers/STM32F4xx_HAL_Driver/Src/stm32f4xx_hal_can.c **** #ifdef HAL_CAN_LEGACY_MODULE_ENABLED
 229:frameworks/f407/Drivers/STM32F4xx_HAL_Driver/Src/stm32f4xx_hal_can.c **** #error "The CAN driver cannot be used with its legacy, Please enable only one CAN module at once"
 230:frameworks/f407/Drivers/STM32F4xx_HAL_Driver/Src/stm32f4xx_hal_can.c **** #endif /* HAL_CAN_LEGACY_MODULE_ENABLED */
 231:frameworks/f407/Drivers/STM32F4xx_HAL_Driver/Src/stm32f4xx_hal_can.c **** 
 232:frameworks/f407/Drivers/STM32F4xx_HAL_Driver/Src/stm32f4xx_hal_can.c **** /* Private typedef -----------------------------------------------------------*/
 233:frameworks/f407/Drivers/STM32F4xx_HAL_Driver/Src/stm32f4xx_hal_can.c **** /* Private define ------------------------------------------------------------*/
 234:frameworks/f407/Drivers/STM32F4xx_HAL_Driver/Src/stm32f4xx_hal_can.c **** /** @defgroup CAN_Private_Constants CAN Private Constants
 235:frameworks/f407/Drivers/STM32F4xx_HAL_Driver/Src/stm32f4xx_hal_can.c ****   * @{
 236:frameworks/f407/Drivers/STM32F4xx_HAL_Driver/Src/stm32f4xx_hal_can.c ****   */
 237:frameworks/f407/Drivers/STM32F4xx_HAL_Driver/Src/stm32f4xx_hal_can.c **** #define CAN_TIMEOUT_VALUE 10U
 238:frameworks/f407/Drivers/STM32F4xx_HAL_Driver/Src/stm32f4xx_hal_can.c **** #define CAN_WAKEUP_TIMEOUT_COUNTER 1000000U
 239:frameworks/f407/Drivers/STM32F4xx_HAL_Driver/Src/stm32f4xx_hal_can.c **** /**
 240:frameworks/f407/Drivers/STM32F4xx_HAL_Driver/Src/stm32f4xx_hal_can.c ****   * @}
 241:frameworks/f407/Drivers/STM32F4xx_HAL_Driver/Src/stm32f4xx_hal_can.c ****   */
 242:frameworks/f407/Drivers/STM32F4xx_HAL_Driver/Src/stm32f4xx_hal_can.c **** /* Private macro -------------------------------------------------------------*/
 243:frameworks/f407/Drivers/STM32F4xx_HAL_Driver/Src/stm32f4xx_hal_can.c **** /* Private variables ---------------------------------------------------------*/
 244:frameworks/f407/Drivers/STM32F4xx_HAL_Driver/Src/stm32f4xx_hal_can.c **** /* Private function prototypes -----------------------------------------------*/
 245:frameworks/f407/Drivers/STM32F4xx_HAL_Driver/Src/stm32f4xx_hal_can.c **** /* Exported functions --------------------------------------------------------*/
 246:frameworks/f407/Drivers/STM32F4xx_HAL_Driver/Src/stm32f4xx_hal_can.c **** 
 247:frameworks/f407/Drivers/STM32F4xx_HAL_Driver/Src/stm32f4xx_hal_can.c **** /** @defgroup CAN_Exported_Functions CAN Exported Functions
 248:frameworks/f407/Drivers/STM32F4xx_HAL_Driver/Src/stm32f4xx_hal_can.c ****   * @{
 249:frameworks/f407/Drivers/STM32F4xx_HAL_Driver/Src/stm32f4xx_hal_can.c ****   */
 250:frameworks/f407/Drivers/STM32F4xx_HAL_Driver/Src/stm32f4xx_hal_can.c **** 
 251:frameworks/f407/Drivers/STM32F4xx_HAL_Driver/Src/stm32f4xx_hal_can.c **** /** @defgroup CAN_Exported_Functions_Group1 Initialization and de-initialization functions
 252:frameworks/f407/Drivers/STM32F4xx_HAL_Driver/Src/stm32f4xx_hal_can.c ****   * @brief    Initialization and Configuration functions
 253:frameworks/f407/Drivers/STM32F4xx_HAL_Driver/Src/stm32f4xx_hal_can.c ****   *
 254:frameworks/f407/Drivers/STM32F4xx_HAL_Driver/Src/stm32f4xx_hal_can.c **** @verbatim
 255:frameworks/f407/Drivers/STM32F4xx_HAL_Driver/Src/stm32f4xx_hal_can.c ****   ==============================================================================
 256:frameworks/f407/Drivers/STM32F4xx_HAL_Driver/Src/stm32f4xx_hal_can.c ****               ##### Initialization and de-initialization functions #####
 257:frameworks/f407/Drivers/STM32F4xx_HAL_Driver/Src/stm32f4xx_hal_can.c ****   ==============================================================================
ARM GAS  C:\Users\honor\AppData\Local\Temp\ccqm0Nze.s 			page 6


 258:frameworks/f407/Drivers/STM32F4xx_HAL_Driver/Src/stm32f4xx_hal_can.c ****     [..]  This section provides functions allowing to:
 259:frameworks/f407/Drivers/STM32F4xx_HAL_Driver/Src/stm32f4xx_hal_can.c ****       (+) HAL_CAN_Init                       : Initialize and configure the CAN.
 260:frameworks/f407/Drivers/STM32F4xx_HAL_Driver/Src/stm32f4xx_hal_can.c ****       (+) HAL_CAN_DeInit                     : De-initialize the CAN.
 261:frameworks/f407/Drivers/STM32F4xx_HAL_Driver/Src/stm32f4xx_hal_can.c ****       (+) HAL_CAN_MspInit                    : Initialize the CAN MSP.
 262:frameworks/f407/Drivers/STM32F4xx_HAL_Driver/Src/stm32f4xx_hal_can.c ****       (+) HAL_CAN_MspDeInit                  : DeInitialize the CAN MSP.
 263:frameworks/f407/Drivers/STM32F4xx_HAL_Driver/Src/stm32f4xx_hal_can.c **** 
 264:frameworks/f407/Drivers/STM32F4xx_HAL_Driver/Src/stm32f4xx_hal_can.c **** @endverbatim
 265:frameworks/f407/Drivers/STM32F4xx_HAL_Driver/Src/stm32f4xx_hal_can.c ****   * @{
 266:frameworks/f407/Drivers/STM32F4xx_HAL_Driver/Src/stm32f4xx_hal_can.c ****   */
 267:frameworks/f407/Drivers/STM32F4xx_HAL_Driver/Src/stm32f4xx_hal_can.c **** 
 268:frameworks/f407/Drivers/STM32F4xx_HAL_Driver/Src/stm32f4xx_hal_can.c **** /**
 269:frameworks/f407/Drivers/STM32F4xx_HAL_Driver/Src/stm32f4xx_hal_can.c ****   * @brief  Initializes the CAN peripheral according to the specified
 270:frameworks/f407/Drivers/STM32F4xx_HAL_Driver/Src/stm32f4xx_hal_can.c ****   *         parameters in the CAN_InitStruct.
 271:frameworks/f407/Drivers/STM32F4xx_HAL_Driver/Src/stm32f4xx_hal_can.c ****   * @param  hcan pointer to a CAN_HandleTypeDef structure that contains
 272:frameworks/f407/Drivers/STM32F4xx_HAL_Driver/Src/stm32f4xx_hal_can.c ****   *         the configuration information for the specified CAN.
 273:frameworks/f407/Drivers/STM32F4xx_HAL_Driver/Src/stm32f4xx_hal_can.c ****   * @retval HAL status
 274:frameworks/f407/Drivers/STM32F4xx_HAL_Driver/Src/stm32f4xx_hal_can.c ****   */
 275:frameworks/f407/Drivers/STM32F4xx_HAL_Driver/Src/stm32f4xx_hal_can.c **** HAL_StatusTypeDef HAL_CAN_Init(CAN_HandleTypeDef *hcan)
 276:frameworks/f407/Drivers/STM32F4xx_HAL_Driver/Src/stm32f4xx_hal_can.c **** {
 277:frameworks/f407/Drivers/STM32F4xx_HAL_Driver/Src/stm32f4xx_hal_can.c ****   uint32_t tickstart;
 278:frameworks/f407/Drivers/STM32F4xx_HAL_Driver/Src/stm32f4xx_hal_can.c **** 
 279:frameworks/f407/Drivers/STM32F4xx_HAL_Driver/Src/stm32f4xx_hal_can.c ****   /* Check CAN handle */
 280:frameworks/f407/Drivers/STM32F4xx_HAL_Driver/Src/stm32f4xx_hal_can.c ****   if (hcan == NULL)
 281:frameworks/f407/Drivers/STM32F4xx_HAL_Driver/Src/stm32f4xx_hal_can.c ****   {
 282:frameworks/f407/Drivers/STM32F4xx_HAL_Driver/Src/stm32f4xx_hal_can.c ****     return HAL_ERROR;
 283:frameworks/f407/Drivers/STM32F4xx_HAL_Driver/Src/stm32f4xx_hal_can.c ****   }
 284:frameworks/f407/Drivers/STM32F4xx_HAL_Driver/Src/stm32f4xx_hal_can.c **** 
 285:frameworks/f407/Drivers/STM32F4xx_HAL_Driver/Src/stm32f4xx_hal_can.c ****   /* Check the parameters */
 286:frameworks/f407/Drivers/STM32F4xx_HAL_Driver/Src/stm32f4xx_hal_can.c ****   assert_param(IS_CAN_ALL_INSTANCE(hcan->Instance));
 287:frameworks/f407/Drivers/STM32F4xx_HAL_Driver/Src/stm32f4xx_hal_can.c ****   assert_param(IS_FUNCTIONAL_STATE(hcan->Init.TimeTriggeredMode));
 288:frameworks/f407/Drivers/STM32F4xx_HAL_Driver/Src/stm32f4xx_hal_can.c ****   assert_param(IS_FUNCTIONAL_STATE(hcan->Init.AutoBusOff));
 289:frameworks/f407/Drivers/STM32F4xx_HAL_Driver/Src/stm32f4xx_hal_can.c ****   assert_param(IS_FUNCTIONAL_STATE(hcan->Init.AutoWakeUp));
 290:frameworks/f407/Drivers/STM32F4xx_HAL_Driver/Src/stm32f4xx_hal_can.c ****   assert_param(IS_FUNCTIONAL_STATE(hcan->Init.AutoRetransmission));
 291:frameworks/f407/Drivers/STM32F4xx_HAL_Driver/Src/stm32f4xx_hal_can.c ****   assert_param(IS_FUNCTIONAL_STATE(hcan->Init.ReceiveFifoLocked));
 292:frameworks/f407/Drivers/STM32F4xx_HAL_Driver/Src/stm32f4xx_hal_can.c ****   assert_param(IS_FUNCTIONAL_STATE(hcan->Init.TransmitFifoPriority));
 293:frameworks/f407/Drivers/STM32F4xx_HAL_Driver/Src/stm32f4xx_hal_can.c ****   assert_param(IS_CAN_MODE(hcan->Init.Mode));
 294:frameworks/f407/Drivers/STM32F4xx_HAL_Driver/Src/stm32f4xx_hal_can.c ****   assert_param(IS_CAN_SJW(hcan->Init.SyncJumpWidth));
 295:frameworks/f407/Drivers/STM32F4xx_HAL_Driver/Src/stm32f4xx_hal_can.c ****   assert_param(IS_CAN_BS1(hcan->Init.TimeSeg1));
 296:frameworks/f407/Drivers/STM32F4xx_HAL_Driver/Src/stm32f4xx_hal_can.c ****   assert_param(IS_CAN_BS2(hcan->Init.TimeSeg2));
 297:frameworks/f407/Drivers/STM32F4xx_HAL_Driver/Src/stm32f4xx_hal_can.c ****   assert_param(IS_CAN_PRESCALER(hcan->Init.Prescaler));
 298:frameworks/f407/Drivers/STM32F4xx_HAL_Driver/Src/stm32f4xx_hal_can.c **** 
 299:frameworks/f407/Drivers/STM32F4xx_HAL_Driver/Src/stm32f4xx_hal_can.c **** #if USE_HAL_CAN_REGISTER_CALLBACKS == 1
 300:frameworks/f407/Drivers/STM32F4xx_HAL_Driver/Src/stm32f4xx_hal_can.c ****   if (hcan->State == HAL_CAN_STATE_RESET)
 301:frameworks/f407/Drivers/STM32F4xx_HAL_Driver/Src/stm32f4xx_hal_can.c ****   {
 302:frameworks/f407/Drivers/STM32F4xx_HAL_Driver/Src/stm32f4xx_hal_can.c ****     /* Reset callbacks to legacy functions */
 303:frameworks/f407/Drivers/STM32F4xx_HAL_Driver/Src/stm32f4xx_hal_can.c ****     hcan->RxFifo0MsgPendingCallback  =  HAL_CAN_RxFifo0MsgPendingCallback;  /* Legacy weak RxFifo0M
 304:frameworks/f407/Drivers/STM32F4xx_HAL_Driver/Src/stm32f4xx_hal_can.c ****     hcan->RxFifo0FullCallback        =  HAL_CAN_RxFifo0FullCallback;        /* Legacy weak RxFifo0F
 305:frameworks/f407/Drivers/STM32F4xx_HAL_Driver/Src/stm32f4xx_hal_can.c ****     hcan->RxFifo1MsgPendingCallback  =  HAL_CAN_RxFifo1MsgPendingCallback;  /* Legacy weak RxFifo1M
 306:frameworks/f407/Drivers/STM32F4xx_HAL_Driver/Src/stm32f4xx_hal_can.c ****     hcan->RxFifo1FullCallback        =  HAL_CAN_RxFifo1FullCallback;        /* Legacy weak RxFifo1F
 307:frameworks/f407/Drivers/STM32F4xx_HAL_Driver/Src/stm32f4xx_hal_can.c ****     hcan->TxMailbox0CompleteCallback =  HAL_CAN_TxMailbox0CompleteCallback; /* Legacy weak TxMailbo
 308:frameworks/f407/Drivers/STM32F4xx_HAL_Driver/Src/stm32f4xx_hal_can.c ****     hcan->TxMailbox1CompleteCallback =  HAL_CAN_TxMailbox1CompleteCallback; /* Legacy weak TxMailbo
 309:frameworks/f407/Drivers/STM32F4xx_HAL_Driver/Src/stm32f4xx_hal_can.c ****     hcan->TxMailbox2CompleteCallback =  HAL_CAN_TxMailbox2CompleteCallback; /* Legacy weak TxMailbo
 310:frameworks/f407/Drivers/STM32F4xx_HAL_Driver/Src/stm32f4xx_hal_can.c ****     hcan->TxMailbox0AbortCallback    =  HAL_CAN_TxMailbox0AbortCallback;    /* Legacy weak TxMailbo
 311:frameworks/f407/Drivers/STM32F4xx_HAL_Driver/Src/stm32f4xx_hal_can.c ****     hcan->TxMailbox1AbortCallback    =  HAL_CAN_TxMailbox1AbortCallback;    /* Legacy weak TxMailbo
 312:frameworks/f407/Drivers/STM32F4xx_HAL_Driver/Src/stm32f4xx_hal_can.c ****     hcan->TxMailbox2AbortCallback    =  HAL_CAN_TxMailbox2AbortCallback;    /* Legacy weak TxMailbo
 313:frameworks/f407/Drivers/STM32F4xx_HAL_Driver/Src/stm32f4xx_hal_can.c ****     hcan->SleepCallback              =  HAL_CAN_SleepCallback;              /* Legacy weak SleepCal
 314:frameworks/f407/Drivers/STM32F4xx_HAL_Driver/Src/stm32f4xx_hal_can.c ****     hcan->WakeUpFromRxMsgCallback    =  HAL_CAN_WakeUpFromRxMsgCallback;    /* Legacy weak WakeUpFr
ARM GAS  C:\Users\honor\AppData\Local\Temp\ccqm0Nze.s 			page 7


 315:frameworks/f407/Drivers/STM32F4xx_HAL_Driver/Src/stm32f4xx_hal_can.c ****     hcan->ErrorCallback              =  HAL_CAN_ErrorCallback;              /* Legacy weak ErrorCal
 316:frameworks/f407/Drivers/STM32F4xx_HAL_Driver/Src/stm32f4xx_hal_can.c **** 
 317:frameworks/f407/Drivers/STM32F4xx_HAL_Driver/Src/stm32f4xx_hal_can.c ****     if (hcan->MspInitCallback == NULL)
 318:frameworks/f407/Drivers/STM32F4xx_HAL_Driver/Src/stm32f4xx_hal_can.c ****     {
 319:frameworks/f407/Drivers/STM32F4xx_HAL_Driver/Src/stm32f4xx_hal_can.c ****       hcan->MspInitCallback = HAL_CAN_MspInit; /* Legacy weak MspInit */
 320:frameworks/f407/Drivers/STM32F4xx_HAL_Driver/Src/stm32f4xx_hal_can.c ****     }
 321:frameworks/f407/Drivers/STM32F4xx_HAL_Driver/Src/stm32f4xx_hal_can.c **** 
 322:frameworks/f407/Drivers/STM32F4xx_HAL_Driver/Src/stm32f4xx_hal_can.c ****     /* Init the low level hardware: CLOCK, NVIC */
 323:frameworks/f407/Drivers/STM32F4xx_HAL_Driver/Src/stm32f4xx_hal_can.c ****     hcan->MspInitCallback(hcan);
 324:frameworks/f407/Drivers/STM32F4xx_HAL_Driver/Src/stm32f4xx_hal_can.c ****   }
 325:frameworks/f407/Drivers/STM32F4xx_HAL_Driver/Src/stm32f4xx_hal_can.c **** 
 326:frameworks/f407/Drivers/STM32F4xx_HAL_Driver/Src/stm32f4xx_hal_can.c **** #else
 327:frameworks/f407/Drivers/STM32F4xx_HAL_Driver/Src/stm32f4xx_hal_can.c ****   if (hcan->State == HAL_CAN_STATE_RESET)
 328:frameworks/f407/Drivers/STM32F4xx_HAL_Driver/Src/stm32f4xx_hal_can.c ****   {
 329:frameworks/f407/Drivers/STM32F4xx_HAL_Driver/Src/stm32f4xx_hal_can.c ****     /* Init the low level hardware: CLOCK, NVIC */
 330:frameworks/f407/Drivers/STM32F4xx_HAL_Driver/Src/stm32f4xx_hal_can.c ****     HAL_CAN_MspInit(hcan);
 331:frameworks/f407/Drivers/STM32F4xx_HAL_Driver/Src/stm32f4xx_hal_can.c ****   }
 332:frameworks/f407/Drivers/STM32F4xx_HAL_Driver/Src/stm32f4xx_hal_can.c **** #endif /* USE_HAL_CAN_REGISTER_CALLBACKS */
 333:frameworks/f407/Drivers/STM32F4xx_HAL_Driver/Src/stm32f4xx_hal_can.c **** 
 334:frameworks/f407/Drivers/STM32F4xx_HAL_Driver/Src/stm32f4xx_hal_can.c ****   /* Request initialisation */
 335:frameworks/f407/Drivers/STM32F4xx_HAL_Driver/Src/stm32f4xx_hal_can.c ****   SET_BIT(hcan->Instance->MCR, CAN_MCR_INRQ);
 336:frameworks/f407/Drivers/STM32F4xx_HAL_Driver/Src/stm32f4xx_hal_can.c **** 
 337:frameworks/f407/Drivers/STM32F4xx_HAL_Driver/Src/stm32f4xx_hal_can.c ****   /* Get tick */
 338:frameworks/f407/Drivers/STM32F4xx_HAL_Driver/Src/stm32f4xx_hal_can.c ****   tickstart = HAL_GetTick();
 339:frameworks/f407/Drivers/STM32F4xx_HAL_Driver/Src/stm32f4xx_hal_can.c **** 
 340:frameworks/f407/Drivers/STM32F4xx_HAL_Driver/Src/stm32f4xx_hal_can.c ****   /* Wait initialisation acknowledge */
 341:frameworks/f407/Drivers/STM32F4xx_HAL_Driver/Src/stm32f4xx_hal_can.c ****   while ((hcan->Instance->MSR & CAN_MSR_INAK) == 0U)
 342:frameworks/f407/Drivers/STM32F4xx_HAL_Driver/Src/stm32f4xx_hal_can.c ****   {
 343:frameworks/f407/Drivers/STM32F4xx_HAL_Driver/Src/stm32f4xx_hal_can.c ****     if ((HAL_GetTick() - tickstart) > CAN_TIMEOUT_VALUE)
 344:frameworks/f407/Drivers/STM32F4xx_HAL_Driver/Src/stm32f4xx_hal_can.c ****     {
 345:frameworks/f407/Drivers/STM32F4xx_HAL_Driver/Src/stm32f4xx_hal_can.c ****       /* Update error code */
 346:frameworks/f407/Drivers/STM32F4xx_HAL_Driver/Src/stm32f4xx_hal_can.c ****       hcan->ErrorCode |= HAL_CAN_ERROR_TIMEOUT;
 347:frameworks/f407/Drivers/STM32F4xx_HAL_Driver/Src/stm32f4xx_hal_can.c **** 
 348:frameworks/f407/Drivers/STM32F4xx_HAL_Driver/Src/stm32f4xx_hal_can.c ****       /* Change CAN state */
 349:frameworks/f407/Drivers/STM32F4xx_HAL_Driver/Src/stm32f4xx_hal_can.c ****       hcan->State = HAL_CAN_STATE_ERROR;
 350:frameworks/f407/Drivers/STM32F4xx_HAL_Driver/Src/stm32f4xx_hal_can.c **** 
 351:frameworks/f407/Drivers/STM32F4xx_HAL_Driver/Src/stm32f4xx_hal_can.c ****       return HAL_ERROR;
 352:frameworks/f407/Drivers/STM32F4xx_HAL_Driver/Src/stm32f4xx_hal_can.c ****     }
 353:frameworks/f407/Drivers/STM32F4xx_HAL_Driver/Src/stm32f4xx_hal_can.c ****   }
 354:frameworks/f407/Drivers/STM32F4xx_HAL_Driver/Src/stm32f4xx_hal_can.c **** 
 355:frameworks/f407/Drivers/STM32F4xx_HAL_Driver/Src/stm32f4xx_hal_can.c ****   /* Exit from sleep mode */
 356:frameworks/f407/Drivers/STM32F4xx_HAL_Driver/Src/stm32f4xx_hal_can.c ****   CLEAR_BIT(hcan->Instance->MCR, CAN_MCR_SLEEP);
 357:frameworks/f407/Drivers/STM32F4xx_HAL_Driver/Src/stm32f4xx_hal_can.c **** 
 358:frameworks/f407/Drivers/STM32F4xx_HAL_Driver/Src/stm32f4xx_hal_can.c ****   /* Get tick */
 359:frameworks/f407/Drivers/STM32F4xx_HAL_Driver/Src/stm32f4xx_hal_can.c ****   tickstart = HAL_GetTick();
 360:frameworks/f407/Drivers/STM32F4xx_HAL_Driver/Src/stm32f4xx_hal_can.c **** 
 361:frameworks/f407/Drivers/STM32F4xx_HAL_Driver/Src/stm32f4xx_hal_can.c ****   /* Check Sleep mode leave acknowledge */
 362:frameworks/f407/Drivers/STM32F4xx_HAL_Driver/Src/stm32f4xx_hal_can.c ****   while ((hcan->Instance->MSR & CAN_MSR_SLAK) != 0U)
 363:frameworks/f407/Drivers/STM32F4xx_HAL_Driver/Src/stm32f4xx_hal_can.c ****   {
 364:frameworks/f407/Drivers/STM32F4xx_HAL_Driver/Src/stm32f4xx_hal_can.c ****     if ((HAL_GetTick() - tickstart) > CAN_TIMEOUT_VALUE)
 365:frameworks/f407/Drivers/STM32F4xx_HAL_Driver/Src/stm32f4xx_hal_can.c ****     {
 366:frameworks/f407/Drivers/STM32F4xx_HAL_Driver/Src/stm32f4xx_hal_can.c ****       /* Update error code */
 367:frameworks/f407/Drivers/STM32F4xx_HAL_Driver/Src/stm32f4xx_hal_can.c ****       hcan->ErrorCode |= HAL_CAN_ERROR_TIMEOUT;
 368:frameworks/f407/Drivers/STM32F4xx_HAL_Driver/Src/stm32f4xx_hal_can.c **** 
 369:frameworks/f407/Drivers/STM32F4xx_HAL_Driver/Src/stm32f4xx_hal_can.c ****       /* Change CAN state */
 370:frameworks/f407/Drivers/STM32F4xx_HAL_Driver/Src/stm32f4xx_hal_can.c ****       hcan->State = HAL_CAN_STATE_ERROR;
 371:frameworks/f407/Drivers/STM32F4xx_HAL_Driver/Src/stm32f4xx_hal_can.c **** 
ARM GAS  C:\Users\honor\AppData\Local\Temp\ccqm0Nze.s 			page 8


 372:frameworks/f407/Drivers/STM32F4xx_HAL_Driver/Src/stm32f4xx_hal_can.c ****       return HAL_ERROR;
 373:frameworks/f407/Drivers/STM32F4xx_HAL_Driver/Src/stm32f4xx_hal_can.c ****     }
 374:frameworks/f407/Drivers/STM32F4xx_HAL_Driver/Src/stm32f4xx_hal_can.c ****   }
 375:frameworks/f407/Drivers/STM32F4xx_HAL_Driver/Src/stm32f4xx_hal_can.c **** 
 376:frameworks/f407/Drivers/STM32F4xx_HAL_Driver/Src/stm32f4xx_hal_can.c ****   /* Set the time triggered communication mode */
 377:frameworks/f407/Drivers/STM32F4xx_HAL_Driver/Src/stm32f4xx_hal_can.c ****   if (hcan->Init.TimeTriggeredMode == ENABLE)
 378:frameworks/f407/Drivers/STM32F4xx_HAL_Driver/Src/stm32f4xx_hal_can.c ****   {
 379:frameworks/f407/Drivers/STM32F4xx_HAL_Driver/Src/stm32f4xx_hal_can.c ****     SET_BIT(hcan->Instance->MCR, CAN_MCR_TTCM);
 380:frameworks/f407/Drivers/STM32F4xx_HAL_Driver/Src/stm32f4xx_hal_can.c ****   }
 381:frameworks/f407/Drivers/STM32F4xx_HAL_Driver/Src/stm32f4xx_hal_can.c ****   else
 382:frameworks/f407/Drivers/STM32F4xx_HAL_Driver/Src/stm32f4xx_hal_can.c ****   {
 383:frameworks/f407/Drivers/STM32F4xx_HAL_Driver/Src/stm32f4xx_hal_can.c ****     CLEAR_BIT(hcan->Instance->MCR, CAN_MCR_TTCM);
 384:frameworks/f407/Drivers/STM32F4xx_HAL_Driver/Src/stm32f4xx_hal_can.c ****   }
 385:frameworks/f407/Drivers/STM32F4xx_HAL_Driver/Src/stm32f4xx_hal_can.c **** 
 386:frameworks/f407/Drivers/STM32F4xx_HAL_Driver/Src/stm32f4xx_hal_can.c ****   /* Set the automatic bus-off management */
 387:frameworks/f407/Drivers/STM32F4xx_HAL_Driver/Src/stm32f4xx_hal_can.c ****   if (hcan->Init.AutoBusOff == ENABLE)
 388:frameworks/f407/Drivers/STM32F4xx_HAL_Driver/Src/stm32f4xx_hal_can.c ****   {
 389:frameworks/f407/Drivers/STM32F4xx_HAL_Driver/Src/stm32f4xx_hal_can.c ****     SET_BIT(hcan->Instance->MCR, CAN_MCR_ABOM);
 390:frameworks/f407/Drivers/STM32F4xx_HAL_Driver/Src/stm32f4xx_hal_can.c ****   }
 391:frameworks/f407/Drivers/STM32F4xx_HAL_Driver/Src/stm32f4xx_hal_can.c ****   else
 392:frameworks/f407/Drivers/STM32F4xx_HAL_Driver/Src/stm32f4xx_hal_can.c ****   {
 393:frameworks/f407/Drivers/STM32F4xx_HAL_Driver/Src/stm32f4xx_hal_can.c ****     CLEAR_BIT(hcan->Instance->MCR, CAN_MCR_ABOM);
 394:frameworks/f407/Drivers/STM32F4xx_HAL_Driver/Src/stm32f4xx_hal_can.c ****   }
 395:frameworks/f407/Drivers/STM32F4xx_HAL_Driver/Src/stm32f4xx_hal_can.c **** 
 396:frameworks/f407/Drivers/STM32F4xx_HAL_Driver/Src/stm32f4xx_hal_can.c ****   /* Set the automatic wake-up mode */
 397:frameworks/f407/Drivers/STM32F4xx_HAL_Driver/Src/stm32f4xx_hal_can.c ****   if (hcan->Init.AutoWakeUp == ENABLE)
 398:frameworks/f407/Drivers/STM32F4xx_HAL_Driver/Src/stm32f4xx_hal_can.c ****   {
 399:frameworks/f407/Drivers/STM32F4xx_HAL_Driver/Src/stm32f4xx_hal_can.c ****     SET_BIT(hcan->Instance->MCR, CAN_MCR_AWUM);
 400:frameworks/f407/Drivers/STM32F4xx_HAL_Driver/Src/stm32f4xx_hal_can.c ****   }
 401:frameworks/f407/Drivers/STM32F4xx_HAL_Driver/Src/stm32f4xx_hal_can.c ****   else
 402:frameworks/f407/Drivers/STM32F4xx_HAL_Driver/Src/stm32f4xx_hal_can.c ****   {
 403:frameworks/f407/Drivers/STM32F4xx_HAL_Driver/Src/stm32f4xx_hal_can.c ****     CLEAR_BIT(hcan->Instance->MCR, CAN_MCR_AWUM);
 404:frameworks/f407/Drivers/STM32F4xx_HAL_Driver/Src/stm32f4xx_hal_can.c ****   }
 405:frameworks/f407/Drivers/STM32F4xx_HAL_Driver/Src/stm32f4xx_hal_can.c **** 
 406:frameworks/f407/Drivers/STM32F4xx_HAL_Driver/Src/stm32f4xx_hal_can.c ****   /* Set the automatic retransmission */
 407:frameworks/f407/Drivers/STM32F4xx_HAL_Driver/Src/stm32f4xx_hal_can.c ****   if (hcan->Init.AutoRetransmission == ENABLE)
 408:frameworks/f407/Drivers/STM32F4xx_HAL_Driver/Src/stm32f4xx_hal_can.c ****   {
 409:frameworks/f407/Drivers/STM32F4xx_HAL_Driver/Src/stm32f4xx_hal_can.c ****     CLEAR_BIT(hcan->Instance->MCR, CAN_MCR_NART);
 410:frameworks/f407/Drivers/STM32F4xx_HAL_Driver/Src/stm32f4xx_hal_can.c ****   }
 411:frameworks/f407/Drivers/STM32F4xx_HAL_Driver/Src/stm32f4xx_hal_can.c ****   else
 412:frameworks/f407/Drivers/STM32F4xx_HAL_Driver/Src/stm32f4xx_hal_can.c ****   {
 413:frameworks/f407/Drivers/STM32F4xx_HAL_Driver/Src/stm32f4xx_hal_can.c ****     SET_BIT(hcan->Instance->MCR, CAN_MCR_NART);
 414:frameworks/f407/Drivers/STM32F4xx_HAL_Driver/Src/stm32f4xx_hal_can.c ****   }
 415:frameworks/f407/Drivers/STM32F4xx_HAL_Driver/Src/stm32f4xx_hal_can.c **** 
 416:frameworks/f407/Drivers/STM32F4xx_HAL_Driver/Src/stm32f4xx_hal_can.c ****   /* Set the receive FIFO locked mode */
 417:frameworks/f407/Drivers/STM32F4xx_HAL_Driver/Src/stm32f4xx_hal_can.c ****   if (hcan->Init.ReceiveFifoLocked == ENABLE)
 418:frameworks/f407/Drivers/STM32F4xx_HAL_Driver/Src/stm32f4xx_hal_can.c ****   {
 419:frameworks/f407/Drivers/STM32F4xx_HAL_Driver/Src/stm32f4xx_hal_can.c ****     SET_BIT(hcan->Instance->MCR, CAN_MCR_RFLM);
 420:frameworks/f407/Drivers/STM32F4xx_HAL_Driver/Src/stm32f4xx_hal_can.c ****   }
 421:frameworks/f407/Drivers/STM32F4xx_HAL_Driver/Src/stm32f4xx_hal_can.c ****   else
 422:frameworks/f407/Drivers/STM32F4xx_HAL_Driver/Src/stm32f4xx_hal_can.c ****   {
 423:frameworks/f407/Drivers/STM32F4xx_HAL_Driver/Src/stm32f4xx_hal_can.c ****     CLEAR_BIT(hcan->Instance->MCR, CAN_MCR_RFLM);
 424:frameworks/f407/Drivers/STM32F4xx_HAL_Driver/Src/stm32f4xx_hal_can.c ****   }
 425:frameworks/f407/Drivers/STM32F4xx_HAL_Driver/Src/stm32f4xx_hal_can.c **** 
 426:frameworks/f407/Drivers/STM32F4xx_HAL_Driver/Src/stm32f4xx_hal_can.c ****   /* Set the transmit FIFO priority */
 427:frameworks/f407/Drivers/STM32F4xx_HAL_Driver/Src/stm32f4xx_hal_can.c ****   if (hcan->Init.TransmitFifoPriority == ENABLE)
 428:frameworks/f407/Drivers/STM32F4xx_HAL_Driver/Src/stm32f4xx_hal_can.c ****   {
ARM GAS  C:\Users\honor\AppData\Local\Temp\ccqm0Nze.s 			page 9


 429:frameworks/f407/Drivers/STM32F4xx_HAL_Driver/Src/stm32f4xx_hal_can.c ****     SET_BIT(hcan->Instance->MCR, CAN_MCR_TXFP);
 430:frameworks/f407/Drivers/STM32F4xx_HAL_Driver/Src/stm32f4xx_hal_can.c ****   }
 431:frameworks/f407/Drivers/STM32F4xx_HAL_Driver/Src/stm32f4xx_hal_can.c ****   else
 432:frameworks/f407/Drivers/STM32F4xx_HAL_Driver/Src/stm32f4xx_hal_can.c ****   {
 433:frameworks/f407/Drivers/STM32F4xx_HAL_Driver/Src/stm32f4xx_hal_can.c ****     CLEAR_BIT(hcan->Instance->MCR, CAN_MCR_TXFP);
 434:frameworks/f407/Drivers/STM32F4xx_HAL_Driver/Src/stm32f4xx_hal_can.c ****   }
 435:frameworks/f407/Drivers/STM32F4xx_HAL_Driver/Src/stm32f4xx_hal_can.c **** 
 436:frameworks/f407/Drivers/STM32F4xx_HAL_Driver/Src/stm32f4xx_hal_can.c ****   /* Set the bit timing register */
 437:frameworks/f407/Drivers/STM32F4xx_HAL_Driver/Src/stm32f4xx_hal_can.c ****   WRITE_REG(hcan->Instance->BTR, (uint32_t)(hcan->Init.Mode           |
 438:frameworks/f407/Drivers/STM32F4xx_HAL_Driver/Src/stm32f4xx_hal_can.c ****                                             hcan->Init.SyncJumpWidth  |
 439:frameworks/f407/Drivers/STM32F4xx_HAL_Driver/Src/stm32f4xx_hal_can.c ****                                             hcan->Init.TimeSeg1       |
 440:frameworks/f407/Drivers/STM32F4xx_HAL_Driver/Src/stm32f4xx_hal_can.c ****                                             hcan->Init.TimeSeg2       |
 441:frameworks/f407/Drivers/STM32F4xx_HAL_Driver/Src/stm32f4xx_hal_can.c ****                                             (hcan->Init.Prescaler - 1U)));
 442:frameworks/f407/Drivers/STM32F4xx_HAL_Driver/Src/stm32f4xx_hal_can.c **** 
 443:frameworks/f407/Drivers/STM32F4xx_HAL_Driver/Src/stm32f4xx_hal_can.c ****   /* Initialize the error code */
 444:frameworks/f407/Drivers/STM32F4xx_HAL_Driver/Src/stm32f4xx_hal_can.c ****   hcan->ErrorCode = HAL_CAN_ERROR_NONE;
 445:frameworks/f407/Drivers/STM32F4xx_HAL_Driver/Src/stm32f4xx_hal_can.c **** 
 446:frameworks/f407/Drivers/STM32F4xx_HAL_Driver/Src/stm32f4xx_hal_can.c ****   /* Initialize the CAN state */
 447:frameworks/f407/Drivers/STM32F4xx_HAL_Driver/Src/stm32f4xx_hal_can.c ****   hcan->State = HAL_CAN_STATE_READY;
 448:frameworks/f407/Drivers/STM32F4xx_HAL_Driver/Src/stm32f4xx_hal_can.c **** 
 449:frameworks/f407/Drivers/STM32F4xx_HAL_Driver/Src/stm32f4xx_hal_can.c ****   /* Return function status */
 450:frameworks/f407/Drivers/STM32F4xx_HAL_Driver/Src/stm32f4xx_hal_can.c ****   return HAL_OK;
 451:frameworks/f407/Drivers/STM32F4xx_HAL_Driver/Src/stm32f4xx_hal_can.c **** }
 452:frameworks/f407/Drivers/STM32F4xx_HAL_Driver/Src/stm32f4xx_hal_can.c **** 
 453:frameworks/f407/Drivers/STM32F4xx_HAL_Driver/Src/stm32f4xx_hal_can.c **** /**
 454:frameworks/f407/Drivers/STM32F4xx_HAL_Driver/Src/stm32f4xx_hal_can.c ****   * @brief  Deinitializes the CAN peripheral registers to their default
 455:frameworks/f407/Drivers/STM32F4xx_HAL_Driver/Src/stm32f4xx_hal_can.c ****   *         reset values.
 456:frameworks/f407/Drivers/STM32F4xx_HAL_Driver/Src/stm32f4xx_hal_can.c ****   * @param  hcan pointer to a CAN_HandleTypeDef structure that contains
 457:frameworks/f407/Drivers/STM32F4xx_HAL_Driver/Src/stm32f4xx_hal_can.c ****   *         the configuration information for the specified CAN.
 458:frameworks/f407/Drivers/STM32F4xx_HAL_Driver/Src/stm32f4xx_hal_can.c ****   * @retval HAL status
 459:frameworks/f407/Drivers/STM32F4xx_HAL_Driver/Src/stm32f4xx_hal_can.c ****   */
 460:frameworks/f407/Drivers/STM32F4xx_HAL_Driver/Src/stm32f4xx_hal_can.c **** HAL_StatusTypeDef HAL_CAN_DeInit(CAN_HandleTypeDef *hcan)
 461:frameworks/f407/Drivers/STM32F4xx_HAL_Driver/Src/stm32f4xx_hal_can.c **** {
 462:frameworks/f407/Drivers/STM32F4xx_HAL_Driver/Src/stm32f4xx_hal_can.c ****   /* Check CAN handle */
 463:frameworks/f407/Drivers/STM32F4xx_HAL_Driver/Src/stm32f4xx_hal_can.c ****   if (hcan == NULL)
 464:frameworks/f407/Drivers/STM32F4xx_HAL_Driver/Src/stm32f4xx_hal_can.c ****   {
 465:frameworks/f407/Drivers/STM32F4xx_HAL_Driver/Src/stm32f4xx_hal_can.c ****     return HAL_ERROR;
 466:frameworks/f407/Drivers/STM32F4xx_HAL_Driver/Src/stm32f4xx_hal_can.c ****   }
 467:frameworks/f407/Drivers/STM32F4xx_HAL_Driver/Src/stm32f4xx_hal_can.c **** 
 468:frameworks/f407/Drivers/STM32F4xx_HAL_Driver/Src/stm32f4xx_hal_can.c ****   /* Check the parameters */
 469:frameworks/f407/Drivers/STM32F4xx_HAL_Driver/Src/stm32f4xx_hal_can.c ****   assert_param(IS_CAN_ALL_INSTANCE(hcan->Instance));
 470:frameworks/f407/Drivers/STM32F4xx_HAL_Driver/Src/stm32f4xx_hal_can.c **** 
 471:frameworks/f407/Drivers/STM32F4xx_HAL_Driver/Src/stm32f4xx_hal_can.c ****   /* Stop the CAN module */
 472:frameworks/f407/Drivers/STM32F4xx_HAL_Driver/Src/stm32f4xx_hal_can.c ****   (void)HAL_CAN_Stop(hcan);
 473:frameworks/f407/Drivers/STM32F4xx_HAL_Driver/Src/stm32f4xx_hal_can.c **** 
 474:frameworks/f407/Drivers/STM32F4xx_HAL_Driver/Src/stm32f4xx_hal_can.c **** #if USE_HAL_CAN_REGISTER_CALLBACKS == 1
 475:frameworks/f407/Drivers/STM32F4xx_HAL_Driver/Src/stm32f4xx_hal_can.c ****   if (hcan->MspDeInitCallback == NULL)
 476:frameworks/f407/Drivers/STM32F4xx_HAL_Driver/Src/stm32f4xx_hal_can.c ****   {
 477:frameworks/f407/Drivers/STM32F4xx_HAL_Driver/Src/stm32f4xx_hal_can.c ****     hcan->MspDeInitCallback = HAL_CAN_MspDeInit; /* Legacy weak MspDeInit */
 478:frameworks/f407/Drivers/STM32F4xx_HAL_Driver/Src/stm32f4xx_hal_can.c ****   }
 479:frameworks/f407/Drivers/STM32F4xx_HAL_Driver/Src/stm32f4xx_hal_can.c **** 
 480:frameworks/f407/Drivers/STM32F4xx_HAL_Driver/Src/stm32f4xx_hal_can.c ****   /* DeInit the low level hardware: CLOCK, NVIC */
 481:frameworks/f407/Drivers/STM32F4xx_HAL_Driver/Src/stm32f4xx_hal_can.c ****   hcan->MspDeInitCallback(hcan);
 482:frameworks/f407/Drivers/STM32F4xx_HAL_Driver/Src/stm32f4xx_hal_can.c **** 
 483:frameworks/f407/Drivers/STM32F4xx_HAL_Driver/Src/stm32f4xx_hal_can.c **** #else
 484:frameworks/f407/Drivers/STM32F4xx_HAL_Driver/Src/stm32f4xx_hal_can.c ****   /* DeInit the low level hardware: CLOCK, NVIC */
 485:frameworks/f407/Drivers/STM32F4xx_HAL_Driver/Src/stm32f4xx_hal_can.c ****   HAL_CAN_MspDeInit(hcan);
ARM GAS  C:\Users\honor\AppData\Local\Temp\ccqm0Nze.s 			page 10


 486:frameworks/f407/Drivers/STM32F4xx_HAL_Driver/Src/stm32f4xx_hal_can.c **** #endif /* USE_HAL_CAN_REGISTER_CALLBACKS */
 487:frameworks/f407/Drivers/STM32F4xx_HAL_Driver/Src/stm32f4xx_hal_can.c **** 
 488:frameworks/f407/Drivers/STM32F4xx_HAL_Driver/Src/stm32f4xx_hal_can.c ****   /* Reset the CAN peripheral */
 489:frameworks/f407/Drivers/STM32F4xx_HAL_Driver/Src/stm32f4xx_hal_can.c ****   SET_BIT(hcan->Instance->MCR, CAN_MCR_RESET);
 490:frameworks/f407/Drivers/STM32F4xx_HAL_Driver/Src/stm32f4xx_hal_can.c **** 
 491:frameworks/f407/Drivers/STM32F4xx_HAL_Driver/Src/stm32f4xx_hal_can.c ****   /* Reset the CAN ErrorCode */
 492:frameworks/f407/Drivers/STM32F4xx_HAL_Driver/Src/stm32f4xx_hal_can.c ****   hcan->ErrorCode = HAL_CAN_ERROR_NONE;
 493:frameworks/f407/Drivers/STM32F4xx_HAL_Driver/Src/stm32f4xx_hal_can.c **** 
 494:frameworks/f407/Drivers/STM32F4xx_HAL_Driver/Src/stm32f4xx_hal_can.c ****   /* Change CAN state */
 495:frameworks/f407/Drivers/STM32F4xx_HAL_Driver/Src/stm32f4xx_hal_can.c ****   hcan->State = HAL_CAN_STATE_RESET;
 496:frameworks/f407/Drivers/STM32F4xx_HAL_Driver/Src/stm32f4xx_hal_can.c **** 
 497:frameworks/f407/Drivers/STM32F4xx_HAL_Driver/Src/stm32f4xx_hal_can.c ****   /* Return function status */
 498:frameworks/f407/Drivers/STM32F4xx_HAL_Driver/Src/stm32f4xx_hal_can.c ****   return HAL_OK;
 499:frameworks/f407/Drivers/STM32F4xx_HAL_Driver/Src/stm32f4xx_hal_can.c **** }
 500:frameworks/f407/Drivers/STM32F4xx_HAL_Driver/Src/stm32f4xx_hal_can.c **** 
 501:frameworks/f407/Drivers/STM32F4xx_HAL_Driver/Src/stm32f4xx_hal_can.c **** /**
 502:frameworks/f407/Drivers/STM32F4xx_HAL_Driver/Src/stm32f4xx_hal_can.c ****   * @brief  Initializes the CAN MSP.
 503:frameworks/f407/Drivers/STM32F4xx_HAL_Driver/Src/stm32f4xx_hal_can.c ****   * @param  hcan pointer to a CAN_HandleTypeDef structure that contains
 504:frameworks/f407/Drivers/STM32F4xx_HAL_Driver/Src/stm32f4xx_hal_can.c ****   *         the configuration information for the specified CAN.
 505:frameworks/f407/Drivers/STM32F4xx_HAL_Driver/Src/stm32f4xx_hal_can.c ****   * @retval None
 506:frameworks/f407/Drivers/STM32F4xx_HAL_Driver/Src/stm32f4xx_hal_can.c ****   */
 507:frameworks/f407/Drivers/STM32F4xx_HAL_Driver/Src/stm32f4xx_hal_can.c **** __weak void HAL_CAN_MspInit(CAN_HandleTypeDef *hcan)
 508:frameworks/f407/Drivers/STM32F4xx_HAL_Driver/Src/stm32f4xx_hal_can.c **** {
  30              		.loc 1 508 1 view -0
  31              		.cfi_startproc
  32              		@ args = 0, pretend = 0, frame = 0
  33              		@ frame_needed = 0, uses_anonymous_args = 0
  34              		@ link register save eliminated.
 509:frameworks/f407/Drivers/STM32F4xx_HAL_Driver/Src/stm32f4xx_hal_can.c ****   /* Prevent unused argument(s) compilation warning */
 510:frameworks/f407/Drivers/STM32F4xx_HAL_Driver/Src/stm32f4xx_hal_can.c ****   UNUSED(hcan);
  35              		.loc 1 510 3 view .LVU1
 511:frameworks/f407/Drivers/STM32F4xx_HAL_Driver/Src/stm32f4xx_hal_can.c **** 
 512:frameworks/f407/Drivers/STM32F4xx_HAL_Driver/Src/stm32f4xx_hal_can.c ****   /* NOTE : This function Should not be modified, when the callback is needed,
 513:frameworks/f407/Drivers/STM32F4xx_HAL_Driver/Src/stm32f4xx_hal_can.c ****             the HAL_CAN_MspInit could be implemented in the user file
 514:frameworks/f407/Drivers/STM32F4xx_HAL_Driver/Src/stm32f4xx_hal_can.c ****    */
 515:frameworks/f407/Drivers/STM32F4xx_HAL_Driver/Src/stm32f4xx_hal_can.c **** }
  36              		.loc 1 515 1 is_stmt 0 view .LVU2
  37 0000 7047     		bx	lr
  38              		.cfi_endproc
  39              	.LFE241:
  41              		.section	.text.HAL_CAN_Init,"ax",%progbits
  42              		.align	1
  43              		.global	HAL_CAN_Init
  44              		.syntax unified
  45              		.thumb
  46              		.thumb_func
  48              	HAL_CAN_Init:
  49              	.LVL1:
  50              	.LFB239:
 276:frameworks/f407/Drivers/STM32F4xx_HAL_Driver/Src/stm32f4xx_hal_can.c ****   uint32_t tickstart;
  51              		.loc 1 276 1 is_stmt 1 view -0
  52              		.cfi_startproc
  53              		@ args = 0, pretend = 0, frame = 0
  54              		@ frame_needed = 0, uses_anonymous_args = 0
 277:frameworks/f407/Drivers/STM32F4xx_HAL_Driver/Src/stm32f4xx_hal_can.c **** 
  55              		.loc 1 277 3 view .LVU4
 280:frameworks/f407/Drivers/STM32F4xx_HAL_Driver/Src/stm32f4xx_hal_can.c ****   {
ARM GAS  C:\Users\honor\AppData\Local\Temp\ccqm0Nze.s 			page 11


  56              		.loc 1 280 3 view .LVU5
 280:frameworks/f407/Drivers/STM32F4xx_HAL_Driver/Src/stm32f4xx_hal_can.c ****   {
  57              		.loc 1 280 6 is_stmt 0 view .LVU6
  58 0000 0028     		cmp	r0, #0
  59 0002 00F0A180 		beq	.L21
 276:frameworks/f407/Drivers/STM32F4xx_HAL_Driver/Src/stm32f4xx_hal_can.c ****   uint32_t tickstart;
  60              		.loc 1 276 1 view .LVU7
  61 0006 38B5     		push	{r3, r4, r5, lr}
  62              	.LCFI0:
  63              		.cfi_def_cfa_offset 16
  64              		.cfi_offset 3, -16
  65              		.cfi_offset 4, -12
  66              		.cfi_offset 5, -8
  67              		.cfi_offset 14, -4
  68 0008 0446     		mov	r4, r0
 286:frameworks/f407/Drivers/STM32F4xx_HAL_Driver/Src/stm32f4xx_hal_can.c ****   assert_param(IS_FUNCTIONAL_STATE(hcan->Init.TimeTriggeredMode));
  69              		.loc 1 286 3 is_stmt 1 view .LVU8
 287:frameworks/f407/Drivers/STM32F4xx_HAL_Driver/Src/stm32f4xx_hal_can.c ****   assert_param(IS_FUNCTIONAL_STATE(hcan->Init.AutoBusOff));
  70              		.loc 1 287 3 view .LVU9
 288:frameworks/f407/Drivers/STM32F4xx_HAL_Driver/Src/stm32f4xx_hal_can.c ****   assert_param(IS_FUNCTIONAL_STATE(hcan->Init.AutoWakeUp));
  71              		.loc 1 288 3 view .LVU10
 289:frameworks/f407/Drivers/STM32F4xx_HAL_Driver/Src/stm32f4xx_hal_can.c ****   assert_param(IS_FUNCTIONAL_STATE(hcan->Init.AutoRetransmission));
  72              		.loc 1 289 3 view .LVU11
 290:frameworks/f407/Drivers/STM32F4xx_HAL_Driver/Src/stm32f4xx_hal_can.c ****   assert_param(IS_FUNCTIONAL_STATE(hcan->Init.ReceiveFifoLocked));
  73              		.loc 1 290 3 view .LVU12
 291:frameworks/f407/Drivers/STM32F4xx_HAL_Driver/Src/stm32f4xx_hal_can.c ****   assert_param(IS_FUNCTIONAL_STATE(hcan->Init.TransmitFifoPriority));
  74              		.loc 1 291 3 view .LVU13
 292:frameworks/f407/Drivers/STM32F4xx_HAL_Driver/Src/stm32f4xx_hal_can.c ****   assert_param(IS_CAN_MODE(hcan->Init.Mode));
  75              		.loc 1 292 3 view .LVU14
 293:frameworks/f407/Drivers/STM32F4xx_HAL_Driver/Src/stm32f4xx_hal_can.c ****   assert_param(IS_CAN_SJW(hcan->Init.SyncJumpWidth));
  76              		.loc 1 293 3 view .LVU15
 294:frameworks/f407/Drivers/STM32F4xx_HAL_Driver/Src/stm32f4xx_hal_can.c ****   assert_param(IS_CAN_BS1(hcan->Init.TimeSeg1));
  77              		.loc 1 294 3 view .LVU16
 295:frameworks/f407/Drivers/STM32F4xx_HAL_Driver/Src/stm32f4xx_hal_can.c ****   assert_param(IS_CAN_BS2(hcan->Init.TimeSeg2));
  78              		.loc 1 295 3 view .LVU17
 296:frameworks/f407/Drivers/STM32F4xx_HAL_Driver/Src/stm32f4xx_hal_can.c ****   assert_param(IS_CAN_PRESCALER(hcan->Init.Prescaler));
  79              		.loc 1 296 3 view .LVU18
 297:frameworks/f407/Drivers/STM32F4xx_HAL_Driver/Src/stm32f4xx_hal_can.c **** 
  80              		.loc 1 297 3 view .LVU19
 327:frameworks/f407/Drivers/STM32F4xx_HAL_Driver/Src/stm32f4xx_hal_can.c ****   {
  81              		.loc 1 327 3 view .LVU20
 327:frameworks/f407/Drivers/STM32F4xx_HAL_Driver/Src/stm32f4xx_hal_can.c ****   {
  82              		.loc 1 327 11 is_stmt 0 view .LVU21
  83 000a 90F82030 		ldrb	r3, [r0, #32]	@ zero_extendqisi2
 327:frameworks/f407/Drivers/STM32F4xx_HAL_Driver/Src/stm32f4xx_hal_can.c ****   {
  84              		.loc 1 327 6 view .LVU22
  85 000e D3B1     		cbz	r3, .L26
  86              	.LVL2:
  87              	.L4:
 335:frameworks/f407/Drivers/STM32F4xx_HAL_Driver/Src/stm32f4xx_hal_can.c **** 
  88              		.loc 1 335 3 is_stmt 1 view .LVU23
  89 0010 2268     		ldr	r2, [r4]
  90 0012 1368     		ldr	r3, [r2]
  91 0014 43F00103 		orr	r3, r3, #1
  92 0018 1360     		str	r3, [r2]
 338:frameworks/f407/Drivers/STM32F4xx_HAL_Driver/Src/stm32f4xx_hal_can.c **** 
  93              		.loc 1 338 3 view .LVU24
ARM GAS  C:\Users\honor\AppData\Local\Temp\ccqm0Nze.s 			page 12


 338:frameworks/f407/Drivers/STM32F4xx_HAL_Driver/Src/stm32f4xx_hal_can.c **** 
  94              		.loc 1 338 15 is_stmt 0 view .LVU25
  95 001a FFF7FEFF 		bl	HAL_GetTick
  96              	.LVL3:
  97 001e 0546     		mov	r5, r0
  98              	.LVL4:
 341:frameworks/f407/Drivers/STM32F4xx_HAL_Driver/Src/stm32f4xx_hal_can.c ****   {
  99              		.loc 1 341 3 is_stmt 1 view .LVU26
 100              	.L5:
 341:frameworks/f407/Drivers/STM32F4xx_HAL_Driver/Src/stm32f4xx_hal_can.c ****   {
 101              		.loc 1 341 9 view .LVU27
 341:frameworks/f407/Drivers/STM32F4xx_HAL_Driver/Src/stm32f4xx_hal_can.c ****   {
 102              		.loc 1 341 15 is_stmt 0 view .LVU28
 103 0020 2368     		ldr	r3, [r4]
 341:frameworks/f407/Drivers/STM32F4xx_HAL_Driver/Src/stm32f4xx_hal_can.c ****   {
 104              		.loc 1 341 25 view .LVU29
 105 0022 5A68     		ldr	r2, [r3, #4]
 341:frameworks/f407/Drivers/STM32F4xx_HAL_Driver/Src/stm32f4xx_hal_can.c ****   {
 106              		.loc 1 341 9 view .LVU30
 107 0024 12F0010F 		tst	r2, #1
 108 0028 10D1     		bne	.L27
 343:frameworks/f407/Drivers/STM32F4xx_HAL_Driver/Src/stm32f4xx_hal_can.c ****     {
 109              		.loc 1 343 5 is_stmt 1 view .LVU31
 343:frameworks/f407/Drivers/STM32F4xx_HAL_Driver/Src/stm32f4xx_hal_can.c ****     {
 110              		.loc 1 343 10 is_stmt 0 view .LVU32
 111 002a FFF7FEFF 		bl	HAL_GetTick
 112              	.LVL5:
 343:frameworks/f407/Drivers/STM32F4xx_HAL_Driver/Src/stm32f4xx_hal_can.c ****     {
 113              		.loc 1 343 24 view .LVU33
 114 002e 401B     		subs	r0, r0, r5
 343:frameworks/f407/Drivers/STM32F4xx_HAL_Driver/Src/stm32f4xx_hal_can.c ****     {
 115              		.loc 1 343 8 view .LVU34
 116 0030 0A28     		cmp	r0, #10
 117 0032 F5D9     		bls	.L5
 346:frameworks/f407/Drivers/STM32F4xx_HAL_Driver/Src/stm32f4xx_hal_can.c **** 
 118              		.loc 1 346 7 is_stmt 1 view .LVU35
 346:frameworks/f407/Drivers/STM32F4xx_HAL_Driver/Src/stm32f4xx_hal_can.c **** 
 119              		.loc 1 346 23 is_stmt 0 view .LVU36
 120 0034 636A     		ldr	r3, [r4, #36]
 121 0036 43F40033 		orr	r3, r3, #131072
 122 003a 6362     		str	r3, [r4, #36]
 349:frameworks/f407/Drivers/STM32F4xx_HAL_Driver/Src/stm32f4xx_hal_can.c **** 
 123              		.loc 1 349 7 is_stmt 1 view .LVU37
 349:frameworks/f407/Drivers/STM32F4xx_HAL_Driver/Src/stm32f4xx_hal_can.c **** 
 124              		.loc 1 349 19 is_stmt 0 view .LVU38
 125 003c 0523     		movs	r3, #5
 126 003e 84F82030 		strb	r3, [r4, #32]
 351:frameworks/f407/Drivers/STM32F4xx_HAL_Driver/Src/stm32f4xx_hal_can.c ****     }
 127              		.loc 1 351 7 is_stmt 1 view .LVU39
 351:frameworks/f407/Drivers/STM32F4xx_HAL_Driver/Src/stm32f4xx_hal_can.c ****     }
 128              		.loc 1 351 14 is_stmt 0 view .LVU40
 129 0042 0120     		movs	r0, #1
 130              	.L3:
 451:frameworks/f407/Drivers/STM32F4xx_HAL_Driver/Src/stm32f4xx_hal_can.c **** 
 131              		.loc 1 451 1 view .LVU41
 132 0044 38BD     		pop	{r3, r4, r5, pc}
 133              	.LVL6:
ARM GAS  C:\Users\honor\AppData\Local\Temp\ccqm0Nze.s 			page 13


 134              	.L26:
 330:frameworks/f407/Drivers/STM32F4xx_HAL_Driver/Src/stm32f4xx_hal_can.c ****   }
 135              		.loc 1 330 5 is_stmt 1 view .LVU42
 136 0046 FFF7FEFF 		bl	HAL_CAN_MspInit
 137              	.LVL7:
 330:frameworks/f407/Drivers/STM32F4xx_HAL_Driver/Src/stm32f4xx_hal_can.c ****   }
 138              		.loc 1 330 5 is_stmt 0 view .LVU43
 139 004a E1E7     		b	.L4
 140              	.LVL8:
 141              	.L27:
 356:frameworks/f407/Drivers/STM32F4xx_HAL_Driver/Src/stm32f4xx_hal_can.c **** 
 142              		.loc 1 356 3 is_stmt 1 view .LVU44
 143 004c 1A68     		ldr	r2, [r3]
 144 004e 22F00202 		bic	r2, r2, #2
 145 0052 1A60     		str	r2, [r3]
 359:frameworks/f407/Drivers/STM32F4xx_HAL_Driver/Src/stm32f4xx_hal_can.c **** 
 146              		.loc 1 359 3 view .LVU45
 359:frameworks/f407/Drivers/STM32F4xx_HAL_Driver/Src/stm32f4xx_hal_can.c **** 
 147              		.loc 1 359 15 is_stmt 0 view .LVU46
 148 0054 FFF7FEFF 		bl	HAL_GetTick
 149              	.LVL9:
 150 0058 0546     		mov	r5, r0
 151              	.LVL10:
 362:frameworks/f407/Drivers/STM32F4xx_HAL_Driver/Src/stm32f4xx_hal_can.c ****   {
 152              		.loc 1 362 3 is_stmt 1 view .LVU47
 153              	.L7:
 362:frameworks/f407/Drivers/STM32F4xx_HAL_Driver/Src/stm32f4xx_hal_can.c ****   {
 154              		.loc 1 362 9 view .LVU48
 362:frameworks/f407/Drivers/STM32F4xx_HAL_Driver/Src/stm32f4xx_hal_can.c ****   {
 155              		.loc 1 362 15 is_stmt 0 view .LVU49
 156 005a 2368     		ldr	r3, [r4]
 362:frameworks/f407/Drivers/STM32F4xx_HAL_Driver/Src/stm32f4xx_hal_can.c ****   {
 157              		.loc 1 362 25 view .LVU50
 158 005c 5A68     		ldr	r2, [r3, #4]
 362:frameworks/f407/Drivers/STM32F4xx_HAL_Driver/Src/stm32f4xx_hal_can.c ****   {
 159              		.loc 1 362 9 view .LVU51
 160 005e 12F0020F 		tst	r2, #2
 161 0062 0DD0     		beq	.L28
 364:frameworks/f407/Drivers/STM32F4xx_HAL_Driver/Src/stm32f4xx_hal_can.c ****     {
 162              		.loc 1 364 5 is_stmt 1 view .LVU52
 364:frameworks/f407/Drivers/STM32F4xx_HAL_Driver/Src/stm32f4xx_hal_can.c ****     {
 163              		.loc 1 364 10 is_stmt 0 view .LVU53
 164 0064 FFF7FEFF 		bl	HAL_GetTick
 165              	.LVL11:
 364:frameworks/f407/Drivers/STM32F4xx_HAL_Driver/Src/stm32f4xx_hal_can.c ****     {
 166              		.loc 1 364 24 view .LVU54
 167 0068 401B     		subs	r0, r0, r5
 364:frameworks/f407/Drivers/STM32F4xx_HAL_Driver/Src/stm32f4xx_hal_can.c ****     {
 168              		.loc 1 364 8 view .LVU55
 169 006a 0A28     		cmp	r0, #10
 170 006c F5D9     		bls	.L7
 367:frameworks/f407/Drivers/STM32F4xx_HAL_Driver/Src/stm32f4xx_hal_can.c **** 
 171              		.loc 1 367 7 is_stmt 1 view .LVU56
 367:frameworks/f407/Drivers/STM32F4xx_HAL_Driver/Src/stm32f4xx_hal_can.c **** 
 172              		.loc 1 367 23 is_stmt 0 view .LVU57
 173 006e 636A     		ldr	r3, [r4, #36]
 174 0070 43F40033 		orr	r3, r3, #131072
ARM GAS  C:\Users\honor\AppData\Local\Temp\ccqm0Nze.s 			page 14


 175 0074 6362     		str	r3, [r4, #36]
 370:frameworks/f407/Drivers/STM32F4xx_HAL_Driver/Src/stm32f4xx_hal_can.c **** 
 176              		.loc 1 370 7 is_stmt 1 view .LVU58
 370:frameworks/f407/Drivers/STM32F4xx_HAL_Driver/Src/stm32f4xx_hal_can.c **** 
 177              		.loc 1 370 19 is_stmt 0 view .LVU59
 178 0076 0523     		movs	r3, #5
 179 0078 84F82030 		strb	r3, [r4, #32]
 372:frameworks/f407/Drivers/STM32F4xx_HAL_Driver/Src/stm32f4xx_hal_can.c ****     }
 180              		.loc 1 372 7 is_stmt 1 view .LVU60
 372:frameworks/f407/Drivers/STM32F4xx_HAL_Driver/Src/stm32f4xx_hal_can.c ****     }
 181              		.loc 1 372 14 is_stmt 0 view .LVU61
 182 007c 0120     		movs	r0, #1
 183 007e E1E7     		b	.L3
 184              	.L28:
 377:frameworks/f407/Drivers/STM32F4xx_HAL_Driver/Src/stm32f4xx_hal_can.c ****   {
 185              		.loc 1 377 3 is_stmt 1 view .LVU62
 377:frameworks/f407/Drivers/STM32F4xx_HAL_Driver/Src/stm32f4xx_hal_can.c ****   {
 186              		.loc 1 377 17 is_stmt 0 view .LVU63
 187 0080 227E     		ldrb	r2, [r4, #24]	@ zero_extendqisi2
 377:frameworks/f407/Drivers/STM32F4xx_HAL_Driver/Src/stm32f4xx_hal_can.c ****   {
 188              		.loc 1 377 6 view .LVU64
 189 0082 012A     		cmp	r2, #1
 190 0084 3DD0     		beq	.L29
 383:frameworks/f407/Drivers/STM32F4xx_HAL_Driver/Src/stm32f4xx_hal_can.c ****   }
 191              		.loc 1 383 5 is_stmt 1 view .LVU65
 192 0086 1A68     		ldr	r2, [r3]
 193 0088 22F08002 		bic	r2, r2, #128
 194 008c 1A60     		str	r2, [r3]
 195              	.L10:
 387:frameworks/f407/Drivers/STM32F4xx_HAL_Driver/Src/stm32f4xx_hal_can.c ****   {
 196              		.loc 1 387 3 view .LVU66
 387:frameworks/f407/Drivers/STM32F4xx_HAL_Driver/Src/stm32f4xx_hal_can.c ****   {
 197              		.loc 1 387 17 is_stmt 0 view .LVU67
 198 008e 637E     		ldrb	r3, [r4, #25]	@ zero_extendqisi2
 387:frameworks/f407/Drivers/STM32F4xx_HAL_Driver/Src/stm32f4xx_hal_can.c ****   {
 199              		.loc 1 387 6 view .LVU68
 200 0090 012B     		cmp	r3, #1
 201 0092 3BD0     		beq	.L30
 393:frameworks/f407/Drivers/STM32F4xx_HAL_Driver/Src/stm32f4xx_hal_can.c ****   }
 202              		.loc 1 393 5 is_stmt 1 view .LVU69
 203 0094 2268     		ldr	r2, [r4]
 204 0096 1368     		ldr	r3, [r2]
 205 0098 23F04003 		bic	r3, r3, #64
 206 009c 1360     		str	r3, [r2]
 207              	.L12:
 397:frameworks/f407/Drivers/STM32F4xx_HAL_Driver/Src/stm32f4xx_hal_can.c ****   {
 208              		.loc 1 397 3 view .LVU70
 397:frameworks/f407/Drivers/STM32F4xx_HAL_Driver/Src/stm32f4xx_hal_can.c ****   {
 209              		.loc 1 397 17 is_stmt 0 view .LVU71
 210 009e A37E     		ldrb	r3, [r4, #26]	@ zero_extendqisi2
 397:frameworks/f407/Drivers/STM32F4xx_HAL_Driver/Src/stm32f4xx_hal_can.c ****   {
 211              		.loc 1 397 6 view .LVU72
 212 00a0 012B     		cmp	r3, #1
 213 00a2 39D0     		beq	.L31
 403:frameworks/f407/Drivers/STM32F4xx_HAL_Driver/Src/stm32f4xx_hal_can.c ****   }
 214              		.loc 1 403 5 is_stmt 1 view .LVU73
 215 00a4 2268     		ldr	r2, [r4]
ARM GAS  C:\Users\honor\AppData\Local\Temp\ccqm0Nze.s 			page 15


 216 00a6 1368     		ldr	r3, [r2]
 217 00a8 23F02003 		bic	r3, r3, #32
 218 00ac 1360     		str	r3, [r2]
 219              	.L14:
 407:frameworks/f407/Drivers/STM32F4xx_HAL_Driver/Src/stm32f4xx_hal_can.c ****   {
 220              		.loc 1 407 3 view .LVU74
 407:frameworks/f407/Drivers/STM32F4xx_HAL_Driver/Src/stm32f4xx_hal_can.c ****   {
 221              		.loc 1 407 17 is_stmt 0 view .LVU75
 222 00ae E37E     		ldrb	r3, [r4, #27]	@ zero_extendqisi2
 407:frameworks/f407/Drivers/STM32F4xx_HAL_Driver/Src/stm32f4xx_hal_can.c ****   {
 223              		.loc 1 407 6 view .LVU76
 224 00b0 012B     		cmp	r3, #1
 225 00b2 37D0     		beq	.L32
 413:frameworks/f407/Drivers/STM32F4xx_HAL_Driver/Src/stm32f4xx_hal_can.c ****   }
 226              		.loc 1 413 5 is_stmt 1 view .LVU77
 227 00b4 2268     		ldr	r2, [r4]
 228 00b6 1368     		ldr	r3, [r2]
 229 00b8 43F01003 		orr	r3, r3, #16
 230 00bc 1360     		str	r3, [r2]
 231              	.L16:
 417:frameworks/f407/Drivers/STM32F4xx_HAL_Driver/Src/stm32f4xx_hal_can.c ****   {
 232              		.loc 1 417 3 view .LVU78
 417:frameworks/f407/Drivers/STM32F4xx_HAL_Driver/Src/stm32f4xx_hal_can.c ****   {
 233              		.loc 1 417 17 is_stmt 0 view .LVU79
 234 00be 237F     		ldrb	r3, [r4, #28]	@ zero_extendqisi2
 417:frameworks/f407/Drivers/STM32F4xx_HAL_Driver/Src/stm32f4xx_hal_can.c ****   {
 235              		.loc 1 417 6 view .LVU80
 236 00c0 012B     		cmp	r3, #1
 237 00c2 35D0     		beq	.L33
 423:frameworks/f407/Drivers/STM32F4xx_HAL_Driver/Src/stm32f4xx_hal_can.c ****   }
 238              		.loc 1 423 5 is_stmt 1 view .LVU81
 239 00c4 2268     		ldr	r2, [r4]
 240 00c6 1368     		ldr	r3, [r2]
 241 00c8 23F00803 		bic	r3, r3, #8
 242 00cc 1360     		str	r3, [r2]
 243              	.L18:
 427:frameworks/f407/Drivers/STM32F4xx_HAL_Driver/Src/stm32f4xx_hal_can.c ****   {
 244              		.loc 1 427 3 view .LVU82
 427:frameworks/f407/Drivers/STM32F4xx_HAL_Driver/Src/stm32f4xx_hal_can.c ****   {
 245              		.loc 1 427 17 is_stmt 0 view .LVU83
 246 00ce 637F     		ldrb	r3, [r4, #29]	@ zero_extendqisi2
 427:frameworks/f407/Drivers/STM32F4xx_HAL_Driver/Src/stm32f4xx_hal_can.c ****   {
 247              		.loc 1 427 6 view .LVU84
 248 00d0 012B     		cmp	r3, #1
 249 00d2 33D0     		beq	.L34
 433:frameworks/f407/Drivers/STM32F4xx_HAL_Driver/Src/stm32f4xx_hal_can.c ****   }
 250              		.loc 1 433 5 is_stmt 1 view .LVU85
 251 00d4 2268     		ldr	r2, [r4]
 252 00d6 1368     		ldr	r3, [r2]
 253 00d8 23F00403 		bic	r3, r3, #4
 254 00dc 1360     		str	r3, [r2]
 255              	.L20:
 437:frameworks/f407/Drivers/STM32F4xx_HAL_Driver/Src/stm32f4xx_hal_can.c ****                                             hcan->Init.SyncJumpWidth  |
 256              		.loc 1 437 3 view .LVU86
 257 00de A368     		ldr	r3, [r4, #8]
 258 00e0 E268     		ldr	r2, [r4, #12]
 259 00e2 1343     		orrs	r3, r3, r2
ARM GAS  C:\Users\honor\AppData\Local\Temp\ccqm0Nze.s 			page 16


 260 00e4 2269     		ldr	r2, [r4, #16]
 261 00e6 1343     		orrs	r3, r3, r2
 262 00e8 6269     		ldr	r2, [r4, #20]
 263 00ea 1343     		orrs	r3, r3, r2
 264 00ec 6268     		ldr	r2, [r4, #4]
 265 00ee 013A     		subs	r2, r2, #1
 266 00f0 2168     		ldr	r1, [r4]
 267 00f2 1343     		orrs	r3, r3, r2
 268 00f4 CB61     		str	r3, [r1, #28]
 444:frameworks/f407/Drivers/STM32F4xx_HAL_Driver/Src/stm32f4xx_hal_can.c **** 
 269              		.loc 1 444 3 view .LVU87
 444:frameworks/f407/Drivers/STM32F4xx_HAL_Driver/Src/stm32f4xx_hal_can.c **** 
 270              		.loc 1 444 19 is_stmt 0 view .LVU88
 271 00f6 0020     		movs	r0, #0
 272 00f8 6062     		str	r0, [r4, #36]
 447:frameworks/f407/Drivers/STM32F4xx_HAL_Driver/Src/stm32f4xx_hal_can.c **** 
 273              		.loc 1 447 3 is_stmt 1 view .LVU89
 447:frameworks/f407/Drivers/STM32F4xx_HAL_Driver/Src/stm32f4xx_hal_can.c **** 
 274              		.loc 1 447 15 is_stmt 0 view .LVU90
 275 00fa 0123     		movs	r3, #1
 276 00fc 84F82030 		strb	r3, [r4, #32]
 450:frameworks/f407/Drivers/STM32F4xx_HAL_Driver/Src/stm32f4xx_hal_can.c **** }
 277              		.loc 1 450 3 is_stmt 1 view .LVU91
 450:frameworks/f407/Drivers/STM32F4xx_HAL_Driver/Src/stm32f4xx_hal_can.c **** }
 278              		.loc 1 450 10 is_stmt 0 view .LVU92
 279 0100 A0E7     		b	.L3
 280              	.L29:
 379:frameworks/f407/Drivers/STM32F4xx_HAL_Driver/Src/stm32f4xx_hal_can.c ****   }
 281              		.loc 1 379 5 is_stmt 1 view .LVU93
 282 0102 1A68     		ldr	r2, [r3]
 283 0104 42F08002 		orr	r2, r2, #128
 284 0108 1A60     		str	r2, [r3]
 285 010a C0E7     		b	.L10
 286              	.L30:
 389:frameworks/f407/Drivers/STM32F4xx_HAL_Driver/Src/stm32f4xx_hal_can.c ****   }
 287              		.loc 1 389 5 view .LVU94
 288 010c 2268     		ldr	r2, [r4]
 289 010e 1368     		ldr	r3, [r2]
 290 0110 43F04003 		orr	r3, r3, #64
 291 0114 1360     		str	r3, [r2]
 292 0116 C2E7     		b	.L12
 293              	.L31:
 399:frameworks/f407/Drivers/STM32F4xx_HAL_Driver/Src/stm32f4xx_hal_can.c ****   }
 294              		.loc 1 399 5 view .LVU95
 295 0118 2268     		ldr	r2, [r4]
 296 011a 1368     		ldr	r3, [r2]
 297 011c 43F02003 		orr	r3, r3, #32
 298 0120 1360     		str	r3, [r2]
 299 0122 C4E7     		b	.L14
 300              	.L32:
 409:frameworks/f407/Drivers/STM32F4xx_HAL_Driver/Src/stm32f4xx_hal_can.c ****   }
 301              		.loc 1 409 5 view .LVU96
 302 0124 2268     		ldr	r2, [r4]
 303 0126 1368     		ldr	r3, [r2]
 304 0128 23F01003 		bic	r3, r3, #16
 305 012c 1360     		str	r3, [r2]
 306 012e C6E7     		b	.L16
ARM GAS  C:\Users\honor\AppData\Local\Temp\ccqm0Nze.s 			page 17


 307              	.L33:
 419:frameworks/f407/Drivers/STM32F4xx_HAL_Driver/Src/stm32f4xx_hal_can.c ****   }
 308              		.loc 1 419 5 view .LVU97
 309 0130 2268     		ldr	r2, [r4]
 310 0132 1368     		ldr	r3, [r2]
 311 0134 43F00803 		orr	r3, r3, #8
 312 0138 1360     		str	r3, [r2]
 313 013a C8E7     		b	.L18
 314              	.L34:
 429:frameworks/f407/Drivers/STM32F4xx_HAL_Driver/Src/stm32f4xx_hal_can.c ****   }
 315              		.loc 1 429 5 view .LVU98
 316 013c 2268     		ldr	r2, [r4]
 317 013e 1368     		ldr	r3, [r2]
 318 0140 43F00403 		orr	r3, r3, #4
 319 0144 1360     		str	r3, [r2]
 320 0146 CAE7     		b	.L20
 321              	.LVL12:
 322              	.L21:
 323              	.LCFI1:
 324              		.cfi_def_cfa_offset 0
 325              		.cfi_restore 3
 326              		.cfi_restore 4
 327              		.cfi_restore 5
 328              		.cfi_restore 14
 282:frameworks/f407/Drivers/STM32F4xx_HAL_Driver/Src/stm32f4xx_hal_can.c ****   }
 329              		.loc 1 282 12 is_stmt 0 view .LVU99
 330 0148 0120     		movs	r0, #1
 331              	.LVL13:
 451:frameworks/f407/Drivers/STM32F4xx_HAL_Driver/Src/stm32f4xx_hal_can.c **** 
 332              		.loc 1 451 1 view .LVU100
 333 014a 7047     		bx	lr
 334              		.cfi_endproc
 335              	.LFE239:
 337              		.section	.text.HAL_CAN_MspDeInit,"ax",%progbits
 338              		.align	1
 339              		.weak	HAL_CAN_MspDeInit
 340              		.syntax unified
 341              		.thumb
 342              		.thumb_func
 344              	HAL_CAN_MspDeInit:
 345              	.LVL14:
 346              	.LFB242:
 516:frameworks/f407/Drivers/STM32F4xx_HAL_Driver/Src/stm32f4xx_hal_can.c **** 
 517:frameworks/f407/Drivers/STM32F4xx_HAL_Driver/Src/stm32f4xx_hal_can.c **** /**
 518:frameworks/f407/Drivers/STM32F4xx_HAL_Driver/Src/stm32f4xx_hal_can.c ****   * @brief  DeInitializes the CAN MSP.
 519:frameworks/f407/Drivers/STM32F4xx_HAL_Driver/Src/stm32f4xx_hal_can.c ****   * @param  hcan pointer to a CAN_HandleTypeDef structure that contains
 520:frameworks/f407/Drivers/STM32F4xx_HAL_Driver/Src/stm32f4xx_hal_can.c ****   *         the configuration information for the specified CAN.
 521:frameworks/f407/Drivers/STM32F4xx_HAL_Driver/Src/stm32f4xx_hal_can.c ****   * @retval None
 522:frameworks/f407/Drivers/STM32F4xx_HAL_Driver/Src/stm32f4xx_hal_can.c ****   */
 523:frameworks/f407/Drivers/STM32F4xx_HAL_Driver/Src/stm32f4xx_hal_can.c **** __weak void HAL_CAN_MspDeInit(CAN_HandleTypeDef *hcan)
 524:frameworks/f407/Drivers/STM32F4xx_HAL_Driver/Src/stm32f4xx_hal_can.c **** {
 347              		.loc 1 524 1 is_stmt 1 view -0
 348              		.cfi_startproc
 349              		@ args = 0, pretend = 0, frame = 0
 350              		@ frame_needed = 0, uses_anonymous_args = 0
 351              		@ link register save eliminated.
 525:frameworks/f407/Drivers/STM32F4xx_HAL_Driver/Src/stm32f4xx_hal_can.c ****   /* Prevent unused argument(s) compilation warning */
ARM GAS  C:\Users\honor\AppData\Local\Temp\ccqm0Nze.s 			page 18


 526:frameworks/f407/Drivers/STM32F4xx_HAL_Driver/Src/stm32f4xx_hal_can.c ****   UNUSED(hcan);
 352              		.loc 1 526 3 view .LVU102
 527:frameworks/f407/Drivers/STM32F4xx_HAL_Driver/Src/stm32f4xx_hal_can.c **** 
 528:frameworks/f407/Drivers/STM32F4xx_HAL_Driver/Src/stm32f4xx_hal_can.c ****   /* NOTE : This function Should not be modified, when the callback is needed,
 529:frameworks/f407/Drivers/STM32F4xx_HAL_Driver/Src/stm32f4xx_hal_can.c ****             the HAL_CAN_MspDeInit could be implemented in the user file
 530:frameworks/f407/Drivers/STM32F4xx_HAL_Driver/Src/stm32f4xx_hal_can.c ****    */
 531:frameworks/f407/Drivers/STM32F4xx_HAL_Driver/Src/stm32f4xx_hal_can.c **** }
 353              		.loc 1 531 1 is_stmt 0 view .LVU103
 354 0000 7047     		bx	lr
 355              		.cfi_endproc
 356              	.LFE242:
 358              		.section	.text.HAL_CAN_ConfigFilter,"ax",%progbits
 359              		.align	1
 360              		.global	HAL_CAN_ConfigFilter
 361              		.syntax unified
 362              		.thumb
 363              		.thumb_func
 365              	HAL_CAN_ConfigFilter:
 366              	.LVL15:
 367              	.LFB243:
 532:frameworks/f407/Drivers/STM32F4xx_HAL_Driver/Src/stm32f4xx_hal_can.c **** 
 533:frameworks/f407/Drivers/STM32F4xx_HAL_Driver/Src/stm32f4xx_hal_can.c **** #if USE_HAL_CAN_REGISTER_CALLBACKS == 1
 534:frameworks/f407/Drivers/STM32F4xx_HAL_Driver/Src/stm32f4xx_hal_can.c **** /**
 535:frameworks/f407/Drivers/STM32F4xx_HAL_Driver/Src/stm32f4xx_hal_can.c ****   * @brief  Register a CAN CallBack.
 536:frameworks/f407/Drivers/STM32F4xx_HAL_Driver/Src/stm32f4xx_hal_can.c ****   *         To be used instead of the weak predefined callback
 537:frameworks/f407/Drivers/STM32F4xx_HAL_Driver/Src/stm32f4xx_hal_can.c ****   * @param  hcan pointer to a CAN_HandleTypeDef structure that contains
 538:frameworks/f407/Drivers/STM32F4xx_HAL_Driver/Src/stm32f4xx_hal_can.c ****   *         the configuration information for CAN module
 539:frameworks/f407/Drivers/STM32F4xx_HAL_Driver/Src/stm32f4xx_hal_can.c ****   * @param  CallbackID ID of the callback to be registered
 540:frameworks/f407/Drivers/STM32F4xx_HAL_Driver/Src/stm32f4xx_hal_can.c ****   *         This parameter can be one of the following values:
 541:frameworks/f407/Drivers/STM32F4xx_HAL_Driver/Src/stm32f4xx_hal_can.c ****   *           @arg @ref HAL_CAN_TX_MAILBOX0_COMPLETE_CB_ID Tx Mailbox 0 Complete callback ID
 542:frameworks/f407/Drivers/STM32F4xx_HAL_Driver/Src/stm32f4xx_hal_can.c ****   *           @arg @ref HAL_CAN_TX_MAILBOX1_COMPLETE_CB_ID Tx Mailbox 1 Complete callback ID
 543:frameworks/f407/Drivers/STM32F4xx_HAL_Driver/Src/stm32f4xx_hal_can.c ****   *           @arg @ref HAL_CAN_TX_MAILBOX2_COMPLETE_CB_ID Tx Mailbox 2 Complete callback ID
 544:frameworks/f407/Drivers/STM32F4xx_HAL_Driver/Src/stm32f4xx_hal_can.c ****   *           @arg @ref HAL_CAN_TX_MAILBOX0_ABORT_CB_ID Tx Mailbox 0 Abort callback ID
 545:frameworks/f407/Drivers/STM32F4xx_HAL_Driver/Src/stm32f4xx_hal_can.c ****   *           @arg @ref HAL_CAN_TX_MAILBOX1_ABORT_CB_ID Tx Mailbox 1 Abort callback ID
 546:frameworks/f407/Drivers/STM32F4xx_HAL_Driver/Src/stm32f4xx_hal_can.c ****   *           @arg @ref HAL_CAN_TX_MAILBOX2_ABORT_CB_ID Tx Mailbox 2 Abort callback ID
 547:frameworks/f407/Drivers/STM32F4xx_HAL_Driver/Src/stm32f4xx_hal_can.c ****   *           @arg @ref HAL_CAN_RX_FIFO0_MSG_PENDING_CB_ID Rx Fifo 0 message pending callback ID
 548:frameworks/f407/Drivers/STM32F4xx_HAL_Driver/Src/stm32f4xx_hal_can.c ****   *           @arg @ref HAL_CAN_RX_FIFO0_FULL_CB_ID Rx Fifo 0 full callback ID
 549:frameworks/f407/Drivers/STM32F4xx_HAL_Driver/Src/stm32f4xx_hal_can.c ****   *           @arg @ref HAL_CAN_RX_FIFO1_MSG_PENDING_CB_ID Rx Fifo 1 message pending callback ID
 550:frameworks/f407/Drivers/STM32F4xx_HAL_Driver/Src/stm32f4xx_hal_can.c ****   *           @arg @ref HAL_CAN_RX_FIFO1_FULL_CB_ID Rx Fifo 1 full callback ID
 551:frameworks/f407/Drivers/STM32F4xx_HAL_Driver/Src/stm32f4xx_hal_can.c ****   *           @arg @ref HAL_CAN_SLEEP_CB_ID Sleep callback ID
 552:frameworks/f407/Drivers/STM32F4xx_HAL_Driver/Src/stm32f4xx_hal_can.c ****   *           @arg @ref HAL_CAN_WAKEUP_FROM_RX_MSG_CB_ID Wake Up from Rx message callback ID
 553:frameworks/f407/Drivers/STM32F4xx_HAL_Driver/Src/stm32f4xx_hal_can.c ****   *           @arg @ref HAL_CAN_ERROR_CB_ID Error callback ID
 554:frameworks/f407/Drivers/STM32F4xx_HAL_Driver/Src/stm32f4xx_hal_can.c ****   *           @arg @ref HAL_CAN_MSPINIT_CB_ID MspInit callback ID
 555:frameworks/f407/Drivers/STM32F4xx_HAL_Driver/Src/stm32f4xx_hal_can.c ****   *           @arg @ref HAL_CAN_MSPDEINIT_CB_ID MspDeInit callback ID
 556:frameworks/f407/Drivers/STM32F4xx_HAL_Driver/Src/stm32f4xx_hal_can.c ****   * @param  pCallback pointer to the Callback function
 557:frameworks/f407/Drivers/STM32F4xx_HAL_Driver/Src/stm32f4xx_hal_can.c ****   * @retval HAL status
 558:frameworks/f407/Drivers/STM32F4xx_HAL_Driver/Src/stm32f4xx_hal_can.c ****   */
 559:frameworks/f407/Drivers/STM32F4xx_HAL_Driver/Src/stm32f4xx_hal_can.c **** HAL_StatusTypeDef HAL_CAN_RegisterCallback(CAN_HandleTypeDef *hcan, HAL_CAN_CallbackIDTypeDef Callb
 560:frameworks/f407/Drivers/STM32F4xx_HAL_Driver/Src/stm32f4xx_hal_can.c ****                                            void (* pCallback)(CAN_HandleTypeDef *_hcan))
 561:frameworks/f407/Drivers/STM32F4xx_HAL_Driver/Src/stm32f4xx_hal_can.c **** {
 562:frameworks/f407/Drivers/STM32F4xx_HAL_Driver/Src/stm32f4xx_hal_can.c ****   HAL_StatusTypeDef status = HAL_OK;
 563:frameworks/f407/Drivers/STM32F4xx_HAL_Driver/Src/stm32f4xx_hal_can.c **** 
 564:frameworks/f407/Drivers/STM32F4xx_HAL_Driver/Src/stm32f4xx_hal_can.c ****   if (pCallback == NULL)
 565:frameworks/f407/Drivers/STM32F4xx_HAL_Driver/Src/stm32f4xx_hal_can.c ****   {
 566:frameworks/f407/Drivers/STM32F4xx_HAL_Driver/Src/stm32f4xx_hal_can.c ****     /* Update the error code */
 567:frameworks/f407/Drivers/STM32F4xx_HAL_Driver/Src/stm32f4xx_hal_can.c ****     hcan->ErrorCode |= HAL_CAN_ERROR_INVALID_CALLBACK;
 568:frameworks/f407/Drivers/STM32F4xx_HAL_Driver/Src/stm32f4xx_hal_can.c **** 
ARM GAS  C:\Users\honor\AppData\Local\Temp\ccqm0Nze.s 			page 19


 569:frameworks/f407/Drivers/STM32F4xx_HAL_Driver/Src/stm32f4xx_hal_can.c ****     return HAL_ERROR;
 570:frameworks/f407/Drivers/STM32F4xx_HAL_Driver/Src/stm32f4xx_hal_can.c ****   }
 571:frameworks/f407/Drivers/STM32F4xx_HAL_Driver/Src/stm32f4xx_hal_can.c **** 
 572:frameworks/f407/Drivers/STM32F4xx_HAL_Driver/Src/stm32f4xx_hal_can.c ****   if (hcan->State == HAL_CAN_STATE_READY)
 573:frameworks/f407/Drivers/STM32F4xx_HAL_Driver/Src/stm32f4xx_hal_can.c ****   {
 574:frameworks/f407/Drivers/STM32F4xx_HAL_Driver/Src/stm32f4xx_hal_can.c ****     switch (CallbackID)
 575:frameworks/f407/Drivers/STM32F4xx_HAL_Driver/Src/stm32f4xx_hal_can.c ****     {
 576:frameworks/f407/Drivers/STM32F4xx_HAL_Driver/Src/stm32f4xx_hal_can.c ****       case HAL_CAN_TX_MAILBOX0_COMPLETE_CB_ID :
 577:frameworks/f407/Drivers/STM32F4xx_HAL_Driver/Src/stm32f4xx_hal_can.c ****         hcan->TxMailbox0CompleteCallback = pCallback;
 578:frameworks/f407/Drivers/STM32F4xx_HAL_Driver/Src/stm32f4xx_hal_can.c ****         break;
 579:frameworks/f407/Drivers/STM32F4xx_HAL_Driver/Src/stm32f4xx_hal_can.c **** 
 580:frameworks/f407/Drivers/STM32F4xx_HAL_Driver/Src/stm32f4xx_hal_can.c ****       case HAL_CAN_TX_MAILBOX1_COMPLETE_CB_ID :
 581:frameworks/f407/Drivers/STM32F4xx_HAL_Driver/Src/stm32f4xx_hal_can.c ****         hcan->TxMailbox1CompleteCallback = pCallback;
 582:frameworks/f407/Drivers/STM32F4xx_HAL_Driver/Src/stm32f4xx_hal_can.c ****         break;
 583:frameworks/f407/Drivers/STM32F4xx_HAL_Driver/Src/stm32f4xx_hal_can.c **** 
 584:frameworks/f407/Drivers/STM32F4xx_HAL_Driver/Src/stm32f4xx_hal_can.c ****       case HAL_CAN_TX_MAILBOX2_COMPLETE_CB_ID :
 585:frameworks/f407/Drivers/STM32F4xx_HAL_Driver/Src/stm32f4xx_hal_can.c ****         hcan->TxMailbox2CompleteCallback = pCallback;
 586:frameworks/f407/Drivers/STM32F4xx_HAL_Driver/Src/stm32f4xx_hal_can.c ****         break;
 587:frameworks/f407/Drivers/STM32F4xx_HAL_Driver/Src/stm32f4xx_hal_can.c **** 
 588:frameworks/f407/Drivers/STM32F4xx_HAL_Driver/Src/stm32f4xx_hal_can.c ****       case HAL_CAN_TX_MAILBOX0_ABORT_CB_ID :
 589:frameworks/f407/Drivers/STM32F4xx_HAL_Driver/Src/stm32f4xx_hal_can.c ****         hcan->TxMailbox0AbortCallback = pCallback;
 590:frameworks/f407/Drivers/STM32F4xx_HAL_Driver/Src/stm32f4xx_hal_can.c ****         break;
 591:frameworks/f407/Drivers/STM32F4xx_HAL_Driver/Src/stm32f4xx_hal_can.c **** 
 592:frameworks/f407/Drivers/STM32F4xx_HAL_Driver/Src/stm32f4xx_hal_can.c ****       case HAL_CAN_TX_MAILBOX1_ABORT_CB_ID :
 593:frameworks/f407/Drivers/STM32F4xx_HAL_Driver/Src/stm32f4xx_hal_can.c ****         hcan->TxMailbox1AbortCallback = pCallback;
 594:frameworks/f407/Drivers/STM32F4xx_HAL_Driver/Src/stm32f4xx_hal_can.c ****         break;
 595:frameworks/f407/Drivers/STM32F4xx_HAL_Driver/Src/stm32f4xx_hal_can.c **** 
 596:frameworks/f407/Drivers/STM32F4xx_HAL_Driver/Src/stm32f4xx_hal_can.c ****       case HAL_CAN_TX_MAILBOX2_ABORT_CB_ID :
 597:frameworks/f407/Drivers/STM32F4xx_HAL_Driver/Src/stm32f4xx_hal_can.c ****         hcan->TxMailbox2AbortCallback = pCallback;
 598:frameworks/f407/Drivers/STM32F4xx_HAL_Driver/Src/stm32f4xx_hal_can.c ****         break;
 599:frameworks/f407/Drivers/STM32F4xx_HAL_Driver/Src/stm32f4xx_hal_can.c **** 
 600:frameworks/f407/Drivers/STM32F4xx_HAL_Driver/Src/stm32f4xx_hal_can.c ****       case HAL_CAN_RX_FIFO0_MSG_PENDING_CB_ID :
 601:frameworks/f407/Drivers/STM32F4xx_HAL_Driver/Src/stm32f4xx_hal_can.c ****         hcan->RxFifo0MsgPendingCallback = pCallback;
 602:frameworks/f407/Drivers/STM32F4xx_HAL_Driver/Src/stm32f4xx_hal_can.c ****         break;
 603:frameworks/f407/Drivers/STM32F4xx_HAL_Driver/Src/stm32f4xx_hal_can.c **** 
 604:frameworks/f407/Drivers/STM32F4xx_HAL_Driver/Src/stm32f4xx_hal_can.c ****       case HAL_CAN_RX_FIFO0_FULL_CB_ID :
 605:frameworks/f407/Drivers/STM32F4xx_HAL_Driver/Src/stm32f4xx_hal_can.c ****         hcan->RxFifo0FullCallback = pCallback;
 606:frameworks/f407/Drivers/STM32F4xx_HAL_Driver/Src/stm32f4xx_hal_can.c ****         break;
 607:frameworks/f407/Drivers/STM32F4xx_HAL_Driver/Src/stm32f4xx_hal_can.c **** 
 608:frameworks/f407/Drivers/STM32F4xx_HAL_Driver/Src/stm32f4xx_hal_can.c ****       case HAL_CAN_RX_FIFO1_MSG_PENDING_CB_ID :
 609:frameworks/f407/Drivers/STM32F4xx_HAL_Driver/Src/stm32f4xx_hal_can.c ****         hcan->RxFifo1MsgPendingCallback = pCallback;
 610:frameworks/f407/Drivers/STM32F4xx_HAL_Driver/Src/stm32f4xx_hal_can.c ****         break;
 611:frameworks/f407/Drivers/STM32F4xx_HAL_Driver/Src/stm32f4xx_hal_can.c **** 
 612:frameworks/f407/Drivers/STM32F4xx_HAL_Driver/Src/stm32f4xx_hal_can.c ****       case HAL_CAN_RX_FIFO1_FULL_CB_ID :
 613:frameworks/f407/Drivers/STM32F4xx_HAL_Driver/Src/stm32f4xx_hal_can.c ****         hcan->RxFifo1FullCallback = pCallback;
 614:frameworks/f407/Drivers/STM32F4xx_HAL_Driver/Src/stm32f4xx_hal_can.c ****         break;
 615:frameworks/f407/Drivers/STM32F4xx_HAL_Driver/Src/stm32f4xx_hal_can.c **** 
 616:frameworks/f407/Drivers/STM32F4xx_HAL_Driver/Src/stm32f4xx_hal_can.c ****       case HAL_CAN_SLEEP_CB_ID :
 617:frameworks/f407/Drivers/STM32F4xx_HAL_Driver/Src/stm32f4xx_hal_can.c ****         hcan->SleepCallback = pCallback;
 618:frameworks/f407/Drivers/STM32F4xx_HAL_Driver/Src/stm32f4xx_hal_can.c ****         break;
 619:frameworks/f407/Drivers/STM32F4xx_HAL_Driver/Src/stm32f4xx_hal_can.c **** 
 620:frameworks/f407/Drivers/STM32F4xx_HAL_Driver/Src/stm32f4xx_hal_can.c ****       case HAL_CAN_WAKEUP_FROM_RX_MSG_CB_ID :
 621:frameworks/f407/Drivers/STM32F4xx_HAL_Driver/Src/stm32f4xx_hal_can.c ****         hcan->WakeUpFromRxMsgCallback = pCallback;
 622:frameworks/f407/Drivers/STM32F4xx_HAL_Driver/Src/stm32f4xx_hal_can.c ****         break;
 623:frameworks/f407/Drivers/STM32F4xx_HAL_Driver/Src/stm32f4xx_hal_can.c **** 
 624:frameworks/f407/Drivers/STM32F4xx_HAL_Driver/Src/stm32f4xx_hal_can.c ****       case HAL_CAN_ERROR_CB_ID :
 625:frameworks/f407/Drivers/STM32F4xx_HAL_Driver/Src/stm32f4xx_hal_can.c ****         hcan->ErrorCallback = pCallback;
ARM GAS  C:\Users\honor\AppData\Local\Temp\ccqm0Nze.s 			page 20


 626:frameworks/f407/Drivers/STM32F4xx_HAL_Driver/Src/stm32f4xx_hal_can.c ****         break;
 627:frameworks/f407/Drivers/STM32F4xx_HAL_Driver/Src/stm32f4xx_hal_can.c **** 
 628:frameworks/f407/Drivers/STM32F4xx_HAL_Driver/Src/stm32f4xx_hal_can.c ****       case HAL_CAN_MSPINIT_CB_ID :
 629:frameworks/f407/Drivers/STM32F4xx_HAL_Driver/Src/stm32f4xx_hal_can.c ****         hcan->MspInitCallback = pCallback;
 630:frameworks/f407/Drivers/STM32F4xx_HAL_Driver/Src/stm32f4xx_hal_can.c ****         break;
 631:frameworks/f407/Drivers/STM32F4xx_HAL_Driver/Src/stm32f4xx_hal_can.c **** 
 632:frameworks/f407/Drivers/STM32F4xx_HAL_Driver/Src/stm32f4xx_hal_can.c ****       case HAL_CAN_MSPDEINIT_CB_ID :
 633:frameworks/f407/Drivers/STM32F4xx_HAL_Driver/Src/stm32f4xx_hal_can.c ****         hcan->MspDeInitCallback = pCallback;
 634:frameworks/f407/Drivers/STM32F4xx_HAL_Driver/Src/stm32f4xx_hal_can.c ****         break;
 635:frameworks/f407/Drivers/STM32F4xx_HAL_Driver/Src/stm32f4xx_hal_can.c **** 
 636:frameworks/f407/Drivers/STM32F4xx_HAL_Driver/Src/stm32f4xx_hal_can.c ****       default :
 637:frameworks/f407/Drivers/STM32F4xx_HAL_Driver/Src/stm32f4xx_hal_can.c ****         /* Update the error code */
 638:frameworks/f407/Drivers/STM32F4xx_HAL_Driver/Src/stm32f4xx_hal_can.c ****         hcan->ErrorCode |= HAL_CAN_ERROR_INVALID_CALLBACK;
 639:frameworks/f407/Drivers/STM32F4xx_HAL_Driver/Src/stm32f4xx_hal_can.c **** 
 640:frameworks/f407/Drivers/STM32F4xx_HAL_Driver/Src/stm32f4xx_hal_can.c ****         /* Return error status */
 641:frameworks/f407/Drivers/STM32F4xx_HAL_Driver/Src/stm32f4xx_hal_can.c ****         status =  HAL_ERROR;
 642:frameworks/f407/Drivers/STM32F4xx_HAL_Driver/Src/stm32f4xx_hal_can.c ****         break;
 643:frameworks/f407/Drivers/STM32F4xx_HAL_Driver/Src/stm32f4xx_hal_can.c ****     }
 644:frameworks/f407/Drivers/STM32F4xx_HAL_Driver/Src/stm32f4xx_hal_can.c ****   }
 645:frameworks/f407/Drivers/STM32F4xx_HAL_Driver/Src/stm32f4xx_hal_can.c ****   else if (hcan->State == HAL_CAN_STATE_RESET)
 646:frameworks/f407/Drivers/STM32F4xx_HAL_Driver/Src/stm32f4xx_hal_can.c ****   {
 647:frameworks/f407/Drivers/STM32F4xx_HAL_Driver/Src/stm32f4xx_hal_can.c ****     switch (CallbackID)
 648:frameworks/f407/Drivers/STM32F4xx_HAL_Driver/Src/stm32f4xx_hal_can.c ****     {
 649:frameworks/f407/Drivers/STM32F4xx_HAL_Driver/Src/stm32f4xx_hal_can.c ****       case HAL_CAN_MSPINIT_CB_ID :
 650:frameworks/f407/Drivers/STM32F4xx_HAL_Driver/Src/stm32f4xx_hal_can.c ****         hcan->MspInitCallback = pCallback;
 651:frameworks/f407/Drivers/STM32F4xx_HAL_Driver/Src/stm32f4xx_hal_can.c ****         break;
 652:frameworks/f407/Drivers/STM32F4xx_HAL_Driver/Src/stm32f4xx_hal_can.c **** 
 653:frameworks/f407/Drivers/STM32F4xx_HAL_Driver/Src/stm32f4xx_hal_can.c ****       case HAL_CAN_MSPDEINIT_CB_ID :
 654:frameworks/f407/Drivers/STM32F4xx_HAL_Driver/Src/stm32f4xx_hal_can.c ****         hcan->MspDeInitCallback = pCallback;
 655:frameworks/f407/Drivers/STM32F4xx_HAL_Driver/Src/stm32f4xx_hal_can.c ****         break;
 656:frameworks/f407/Drivers/STM32F4xx_HAL_Driver/Src/stm32f4xx_hal_can.c **** 
 657:frameworks/f407/Drivers/STM32F4xx_HAL_Driver/Src/stm32f4xx_hal_can.c ****       default :
 658:frameworks/f407/Drivers/STM32F4xx_HAL_Driver/Src/stm32f4xx_hal_can.c ****         /* Update the error code */
 659:frameworks/f407/Drivers/STM32F4xx_HAL_Driver/Src/stm32f4xx_hal_can.c ****         hcan->ErrorCode |= HAL_CAN_ERROR_INVALID_CALLBACK;
 660:frameworks/f407/Drivers/STM32F4xx_HAL_Driver/Src/stm32f4xx_hal_can.c **** 
 661:frameworks/f407/Drivers/STM32F4xx_HAL_Driver/Src/stm32f4xx_hal_can.c ****         /* Return error status */
 662:frameworks/f407/Drivers/STM32F4xx_HAL_Driver/Src/stm32f4xx_hal_can.c ****         status =  HAL_ERROR;
 663:frameworks/f407/Drivers/STM32F4xx_HAL_Driver/Src/stm32f4xx_hal_can.c ****         break;
 664:frameworks/f407/Drivers/STM32F4xx_HAL_Driver/Src/stm32f4xx_hal_can.c ****     }
 665:frameworks/f407/Drivers/STM32F4xx_HAL_Driver/Src/stm32f4xx_hal_can.c ****   }
 666:frameworks/f407/Drivers/STM32F4xx_HAL_Driver/Src/stm32f4xx_hal_can.c ****   else
 667:frameworks/f407/Drivers/STM32F4xx_HAL_Driver/Src/stm32f4xx_hal_can.c ****   {
 668:frameworks/f407/Drivers/STM32F4xx_HAL_Driver/Src/stm32f4xx_hal_can.c ****     /* Update the error code */
 669:frameworks/f407/Drivers/STM32F4xx_HAL_Driver/Src/stm32f4xx_hal_can.c ****     hcan->ErrorCode |= HAL_CAN_ERROR_INVALID_CALLBACK;
 670:frameworks/f407/Drivers/STM32F4xx_HAL_Driver/Src/stm32f4xx_hal_can.c **** 
 671:frameworks/f407/Drivers/STM32F4xx_HAL_Driver/Src/stm32f4xx_hal_can.c ****     /* Return error status */
 672:frameworks/f407/Drivers/STM32F4xx_HAL_Driver/Src/stm32f4xx_hal_can.c ****     status =  HAL_ERROR;
 673:frameworks/f407/Drivers/STM32F4xx_HAL_Driver/Src/stm32f4xx_hal_can.c ****   }
 674:frameworks/f407/Drivers/STM32F4xx_HAL_Driver/Src/stm32f4xx_hal_can.c **** 
 675:frameworks/f407/Drivers/STM32F4xx_HAL_Driver/Src/stm32f4xx_hal_can.c ****   return status;
 676:frameworks/f407/Drivers/STM32F4xx_HAL_Driver/Src/stm32f4xx_hal_can.c **** }
 677:frameworks/f407/Drivers/STM32F4xx_HAL_Driver/Src/stm32f4xx_hal_can.c **** 
 678:frameworks/f407/Drivers/STM32F4xx_HAL_Driver/Src/stm32f4xx_hal_can.c **** /**
 679:frameworks/f407/Drivers/STM32F4xx_HAL_Driver/Src/stm32f4xx_hal_can.c ****   * @brief  Unregister a CAN CallBack.
 680:frameworks/f407/Drivers/STM32F4xx_HAL_Driver/Src/stm32f4xx_hal_can.c ****   *         CAN callback is redirected to the weak predefined callback
 681:frameworks/f407/Drivers/STM32F4xx_HAL_Driver/Src/stm32f4xx_hal_can.c ****   * @param  hcan pointer to a CAN_HandleTypeDef structure that contains
 682:frameworks/f407/Drivers/STM32F4xx_HAL_Driver/Src/stm32f4xx_hal_can.c ****   *         the configuration information for CAN module
ARM GAS  C:\Users\honor\AppData\Local\Temp\ccqm0Nze.s 			page 21


 683:frameworks/f407/Drivers/STM32F4xx_HAL_Driver/Src/stm32f4xx_hal_can.c ****   * @param  CallbackID ID of the callback to be unregistered
 684:frameworks/f407/Drivers/STM32F4xx_HAL_Driver/Src/stm32f4xx_hal_can.c ****   *         This parameter can be one of the following values:
 685:frameworks/f407/Drivers/STM32F4xx_HAL_Driver/Src/stm32f4xx_hal_can.c ****   *           @arg @ref HAL_CAN_TX_MAILBOX0_COMPLETE_CB_ID Tx Mailbox 0 Complete callback ID
 686:frameworks/f407/Drivers/STM32F4xx_HAL_Driver/Src/stm32f4xx_hal_can.c ****   *           @arg @ref HAL_CAN_TX_MAILBOX1_COMPLETE_CB_ID Tx Mailbox 1 Complete callback ID
 687:frameworks/f407/Drivers/STM32F4xx_HAL_Driver/Src/stm32f4xx_hal_can.c ****   *           @arg @ref HAL_CAN_TX_MAILBOX2_COMPLETE_CB_ID Tx Mailbox 2 Complete callback ID
 688:frameworks/f407/Drivers/STM32F4xx_HAL_Driver/Src/stm32f4xx_hal_can.c ****   *           @arg @ref HAL_CAN_TX_MAILBOX0_ABORT_CB_ID Tx Mailbox 0 Abort callback ID
 689:frameworks/f407/Drivers/STM32F4xx_HAL_Driver/Src/stm32f4xx_hal_can.c ****   *           @arg @ref HAL_CAN_TX_MAILBOX1_ABORT_CB_ID Tx Mailbox 1 Abort callback ID
 690:frameworks/f407/Drivers/STM32F4xx_HAL_Driver/Src/stm32f4xx_hal_can.c ****   *           @arg @ref HAL_CAN_TX_MAILBOX2_ABORT_CB_ID Tx Mailbox 2 Abort callback ID
 691:frameworks/f407/Drivers/STM32F4xx_HAL_Driver/Src/stm32f4xx_hal_can.c ****   *           @arg @ref HAL_CAN_RX_FIFO0_MSG_PENDING_CB_ID Rx Fifo 0 message pending callback ID
 692:frameworks/f407/Drivers/STM32F4xx_HAL_Driver/Src/stm32f4xx_hal_can.c ****   *           @arg @ref HAL_CAN_RX_FIFO0_FULL_CB_ID Rx Fifo 0 full callback ID
 693:frameworks/f407/Drivers/STM32F4xx_HAL_Driver/Src/stm32f4xx_hal_can.c ****   *           @arg @ref HAL_CAN_RX_FIFO1_MSG_PENDING_CB_ID Rx Fifo 1 message pending callback ID
 694:frameworks/f407/Drivers/STM32F4xx_HAL_Driver/Src/stm32f4xx_hal_can.c ****   *           @arg @ref HAL_CAN_RX_FIFO1_FULL_CB_ID Rx Fifo 1 full callback ID
 695:frameworks/f407/Drivers/STM32F4xx_HAL_Driver/Src/stm32f4xx_hal_can.c ****   *           @arg @ref HAL_CAN_SLEEP_CB_ID Sleep callback ID
 696:frameworks/f407/Drivers/STM32F4xx_HAL_Driver/Src/stm32f4xx_hal_can.c ****   *           @arg @ref HAL_CAN_WAKEUP_FROM_RX_MSG_CB_ID Wake Up from Rx message callback ID
 697:frameworks/f407/Drivers/STM32F4xx_HAL_Driver/Src/stm32f4xx_hal_can.c ****   *           @arg @ref HAL_CAN_ERROR_CB_ID Error callback ID
 698:frameworks/f407/Drivers/STM32F4xx_HAL_Driver/Src/stm32f4xx_hal_can.c ****   *           @arg @ref HAL_CAN_MSPINIT_CB_ID MspInit callback ID
 699:frameworks/f407/Drivers/STM32F4xx_HAL_Driver/Src/stm32f4xx_hal_can.c ****   *           @arg @ref HAL_CAN_MSPDEINIT_CB_ID MspDeInit callback ID
 700:frameworks/f407/Drivers/STM32F4xx_HAL_Driver/Src/stm32f4xx_hal_can.c ****   * @retval HAL status
 701:frameworks/f407/Drivers/STM32F4xx_HAL_Driver/Src/stm32f4xx_hal_can.c ****   */
 702:frameworks/f407/Drivers/STM32F4xx_HAL_Driver/Src/stm32f4xx_hal_can.c **** HAL_StatusTypeDef HAL_CAN_UnRegisterCallback(CAN_HandleTypeDef *hcan, HAL_CAN_CallbackIDTypeDef Cal
 703:frameworks/f407/Drivers/STM32F4xx_HAL_Driver/Src/stm32f4xx_hal_can.c **** {
 704:frameworks/f407/Drivers/STM32F4xx_HAL_Driver/Src/stm32f4xx_hal_can.c ****   HAL_StatusTypeDef status = HAL_OK;
 705:frameworks/f407/Drivers/STM32F4xx_HAL_Driver/Src/stm32f4xx_hal_can.c **** 
 706:frameworks/f407/Drivers/STM32F4xx_HAL_Driver/Src/stm32f4xx_hal_can.c ****   if (hcan->State == HAL_CAN_STATE_READY)
 707:frameworks/f407/Drivers/STM32F4xx_HAL_Driver/Src/stm32f4xx_hal_can.c ****   {
 708:frameworks/f407/Drivers/STM32F4xx_HAL_Driver/Src/stm32f4xx_hal_can.c ****     switch (CallbackID)
 709:frameworks/f407/Drivers/STM32F4xx_HAL_Driver/Src/stm32f4xx_hal_can.c ****     {
 710:frameworks/f407/Drivers/STM32F4xx_HAL_Driver/Src/stm32f4xx_hal_can.c ****       case HAL_CAN_TX_MAILBOX0_COMPLETE_CB_ID :
 711:frameworks/f407/Drivers/STM32F4xx_HAL_Driver/Src/stm32f4xx_hal_can.c ****         hcan->TxMailbox0CompleteCallback = HAL_CAN_TxMailbox0CompleteCallback;
 712:frameworks/f407/Drivers/STM32F4xx_HAL_Driver/Src/stm32f4xx_hal_can.c ****         break;
 713:frameworks/f407/Drivers/STM32F4xx_HAL_Driver/Src/stm32f4xx_hal_can.c **** 
 714:frameworks/f407/Drivers/STM32F4xx_HAL_Driver/Src/stm32f4xx_hal_can.c ****       case HAL_CAN_TX_MAILBOX1_COMPLETE_CB_ID :
 715:frameworks/f407/Drivers/STM32F4xx_HAL_Driver/Src/stm32f4xx_hal_can.c ****         hcan->TxMailbox1CompleteCallback = HAL_CAN_TxMailbox1CompleteCallback;
 716:frameworks/f407/Drivers/STM32F4xx_HAL_Driver/Src/stm32f4xx_hal_can.c ****         break;
 717:frameworks/f407/Drivers/STM32F4xx_HAL_Driver/Src/stm32f4xx_hal_can.c **** 
 718:frameworks/f407/Drivers/STM32F4xx_HAL_Driver/Src/stm32f4xx_hal_can.c ****       case HAL_CAN_TX_MAILBOX2_COMPLETE_CB_ID :
 719:frameworks/f407/Drivers/STM32F4xx_HAL_Driver/Src/stm32f4xx_hal_can.c ****         hcan->TxMailbox2CompleteCallback = HAL_CAN_TxMailbox2CompleteCallback;
 720:frameworks/f407/Drivers/STM32F4xx_HAL_Driver/Src/stm32f4xx_hal_can.c ****         break;
 721:frameworks/f407/Drivers/STM32F4xx_HAL_Driver/Src/stm32f4xx_hal_can.c **** 
 722:frameworks/f407/Drivers/STM32F4xx_HAL_Driver/Src/stm32f4xx_hal_can.c ****       case HAL_CAN_TX_MAILBOX0_ABORT_CB_ID :
 723:frameworks/f407/Drivers/STM32F4xx_HAL_Driver/Src/stm32f4xx_hal_can.c ****         hcan->TxMailbox0AbortCallback = HAL_CAN_TxMailbox0AbortCallback;
 724:frameworks/f407/Drivers/STM32F4xx_HAL_Driver/Src/stm32f4xx_hal_can.c ****         break;
 725:frameworks/f407/Drivers/STM32F4xx_HAL_Driver/Src/stm32f4xx_hal_can.c **** 
 726:frameworks/f407/Drivers/STM32F4xx_HAL_Driver/Src/stm32f4xx_hal_can.c ****       case HAL_CAN_TX_MAILBOX1_ABORT_CB_ID :
 727:frameworks/f407/Drivers/STM32F4xx_HAL_Driver/Src/stm32f4xx_hal_can.c ****         hcan->TxMailbox1AbortCallback = HAL_CAN_TxMailbox1AbortCallback;
 728:frameworks/f407/Drivers/STM32F4xx_HAL_Driver/Src/stm32f4xx_hal_can.c ****         break;
 729:frameworks/f407/Drivers/STM32F4xx_HAL_Driver/Src/stm32f4xx_hal_can.c **** 
 730:frameworks/f407/Drivers/STM32F4xx_HAL_Driver/Src/stm32f4xx_hal_can.c ****       case HAL_CAN_TX_MAILBOX2_ABORT_CB_ID :
 731:frameworks/f407/Drivers/STM32F4xx_HAL_Driver/Src/stm32f4xx_hal_can.c ****         hcan->TxMailbox2AbortCallback = HAL_CAN_TxMailbox2AbortCallback;
 732:frameworks/f407/Drivers/STM32F4xx_HAL_Driver/Src/stm32f4xx_hal_can.c ****         break;
 733:frameworks/f407/Drivers/STM32F4xx_HAL_Driver/Src/stm32f4xx_hal_can.c **** 
 734:frameworks/f407/Drivers/STM32F4xx_HAL_Driver/Src/stm32f4xx_hal_can.c ****       case HAL_CAN_RX_FIFO0_MSG_PENDING_CB_ID :
 735:frameworks/f407/Drivers/STM32F4xx_HAL_Driver/Src/stm32f4xx_hal_can.c ****         hcan->RxFifo0MsgPendingCallback = HAL_CAN_RxFifo0MsgPendingCallback;
 736:frameworks/f407/Drivers/STM32F4xx_HAL_Driver/Src/stm32f4xx_hal_can.c ****         break;
 737:frameworks/f407/Drivers/STM32F4xx_HAL_Driver/Src/stm32f4xx_hal_can.c **** 
 738:frameworks/f407/Drivers/STM32F4xx_HAL_Driver/Src/stm32f4xx_hal_can.c ****       case HAL_CAN_RX_FIFO0_FULL_CB_ID :
 739:frameworks/f407/Drivers/STM32F4xx_HAL_Driver/Src/stm32f4xx_hal_can.c ****         hcan->RxFifo0FullCallback = HAL_CAN_RxFifo0FullCallback;
ARM GAS  C:\Users\honor\AppData\Local\Temp\ccqm0Nze.s 			page 22


 740:frameworks/f407/Drivers/STM32F4xx_HAL_Driver/Src/stm32f4xx_hal_can.c ****         break;
 741:frameworks/f407/Drivers/STM32F4xx_HAL_Driver/Src/stm32f4xx_hal_can.c **** 
 742:frameworks/f407/Drivers/STM32F4xx_HAL_Driver/Src/stm32f4xx_hal_can.c ****       case HAL_CAN_RX_FIFO1_MSG_PENDING_CB_ID :
 743:frameworks/f407/Drivers/STM32F4xx_HAL_Driver/Src/stm32f4xx_hal_can.c ****         hcan->RxFifo1MsgPendingCallback = HAL_CAN_RxFifo1MsgPendingCallback;
 744:frameworks/f407/Drivers/STM32F4xx_HAL_Driver/Src/stm32f4xx_hal_can.c ****         break;
 745:frameworks/f407/Drivers/STM32F4xx_HAL_Driver/Src/stm32f4xx_hal_can.c **** 
 746:frameworks/f407/Drivers/STM32F4xx_HAL_Driver/Src/stm32f4xx_hal_can.c ****       case HAL_CAN_RX_FIFO1_FULL_CB_ID :
 747:frameworks/f407/Drivers/STM32F4xx_HAL_Driver/Src/stm32f4xx_hal_can.c ****         hcan->RxFifo1FullCallback = HAL_CAN_RxFifo1FullCallback;
 748:frameworks/f407/Drivers/STM32F4xx_HAL_Driver/Src/stm32f4xx_hal_can.c ****         break;
 749:frameworks/f407/Drivers/STM32F4xx_HAL_Driver/Src/stm32f4xx_hal_can.c **** 
 750:frameworks/f407/Drivers/STM32F4xx_HAL_Driver/Src/stm32f4xx_hal_can.c ****       case HAL_CAN_SLEEP_CB_ID :
 751:frameworks/f407/Drivers/STM32F4xx_HAL_Driver/Src/stm32f4xx_hal_can.c ****         hcan->SleepCallback = HAL_CAN_SleepCallback;
 752:frameworks/f407/Drivers/STM32F4xx_HAL_Driver/Src/stm32f4xx_hal_can.c ****         break;
 753:frameworks/f407/Drivers/STM32F4xx_HAL_Driver/Src/stm32f4xx_hal_can.c **** 
 754:frameworks/f407/Drivers/STM32F4xx_HAL_Driver/Src/stm32f4xx_hal_can.c ****       case HAL_CAN_WAKEUP_FROM_RX_MSG_CB_ID :
 755:frameworks/f407/Drivers/STM32F4xx_HAL_Driver/Src/stm32f4xx_hal_can.c ****         hcan->WakeUpFromRxMsgCallback = HAL_CAN_WakeUpFromRxMsgCallback;
 756:frameworks/f407/Drivers/STM32F4xx_HAL_Driver/Src/stm32f4xx_hal_can.c ****         break;
 757:frameworks/f407/Drivers/STM32F4xx_HAL_Driver/Src/stm32f4xx_hal_can.c **** 
 758:frameworks/f407/Drivers/STM32F4xx_HAL_Driver/Src/stm32f4xx_hal_can.c ****       case HAL_CAN_ERROR_CB_ID :
 759:frameworks/f407/Drivers/STM32F4xx_HAL_Driver/Src/stm32f4xx_hal_can.c ****         hcan->ErrorCallback = HAL_CAN_ErrorCallback;
 760:frameworks/f407/Drivers/STM32F4xx_HAL_Driver/Src/stm32f4xx_hal_can.c ****         break;
 761:frameworks/f407/Drivers/STM32F4xx_HAL_Driver/Src/stm32f4xx_hal_can.c **** 
 762:frameworks/f407/Drivers/STM32F4xx_HAL_Driver/Src/stm32f4xx_hal_can.c ****       case HAL_CAN_MSPINIT_CB_ID :
 763:frameworks/f407/Drivers/STM32F4xx_HAL_Driver/Src/stm32f4xx_hal_can.c ****         hcan->MspInitCallback = HAL_CAN_MspInit;
 764:frameworks/f407/Drivers/STM32F4xx_HAL_Driver/Src/stm32f4xx_hal_can.c ****         break;
 765:frameworks/f407/Drivers/STM32F4xx_HAL_Driver/Src/stm32f4xx_hal_can.c **** 
 766:frameworks/f407/Drivers/STM32F4xx_HAL_Driver/Src/stm32f4xx_hal_can.c ****       case HAL_CAN_MSPDEINIT_CB_ID :
 767:frameworks/f407/Drivers/STM32F4xx_HAL_Driver/Src/stm32f4xx_hal_can.c ****         hcan->MspDeInitCallback = HAL_CAN_MspDeInit;
 768:frameworks/f407/Drivers/STM32F4xx_HAL_Driver/Src/stm32f4xx_hal_can.c ****         break;
 769:frameworks/f407/Drivers/STM32F4xx_HAL_Driver/Src/stm32f4xx_hal_can.c **** 
 770:frameworks/f407/Drivers/STM32F4xx_HAL_Driver/Src/stm32f4xx_hal_can.c ****       default :
 771:frameworks/f407/Drivers/STM32F4xx_HAL_Driver/Src/stm32f4xx_hal_can.c ****         /* Update the error code */
 772:frameworks/f407/Drivers/STM32F4xx_HAL_Driver/Src/stm32f4xx_hal_can.c ****         hcan->ErrorCode |= HAL_CAN_ERROR_INVALID_CALLBACK;
 773:frameworks/f407/Drivers/STM32F4xx_HAL_Driver/Src/stm32f4xx_hal_can.c **** 
 774:frameworks/f407/Drivers/STM32F4xx_HAL_Driver/Src/stm32f4xx_hal_can.c ****         /* Return error status */
 775:frameworks/f407/Drivers/STM32F4xx_HAL_Driver/Src/stm32f4xx_hal_can.c ****         status =  HAL_ERROR;
 776:frameworks/f407/Drivers/STM32F4xx_HAL_Driver/Src/stm32f4xx_hal_can.c ****         break;
 777:frameworks/f407/Drivers/STM32F4xx_HAL_Driver/Src/stm32f4xx_hal_can.c ****     }
 778:frameworks/f407/Drivers/STM32F4xx_HAL_Driver/Src/stm32f4xx_hal_can.c ****   }
 779:frameworks/f407/Drivers/STM32F4xx_HAL_Driver/Src/stm32f4xx_hal_can.c ****   else if (hcan->State == HAL_CAN_STATE_RESET)
 780:frameworks/f407/Drivers/STM32F4xx_HAL_Driver/Src/stm32f4xx_hal_can.c ****   {
 781:frameworks/f407/Drivers/STM32F4xx_HAL_Driver/Src/stm32f4xx_hal_can.c ****     switch (CallbackID)
 782:frameworks/f407/Drivers/STM32F4xx_HAL_Driver/Src/stm32f4xx_hal_can.c ****     {
 783:frameworks/f407/Drivers/STM32F4xx_HAL_Driver/Src/stm32f4xx_hal_can.c ****       case HAL_CAN_MSPINIT_CB_ID :
 784:frameworks/f407/Drivers/STM32F4xx_HAL_Driver/Src/stm32f4xx_hal_can.c ****         hcan->MspInitCallback = HAL_CAN_MspInit;
 785:frameworks/f407/Drivers/STM32F4xx_HAL_Driver/Src/stm32f4xx_hal_can.c ****         break;
 786:frameworks/f407/Drivers/STM32F4xx_HAL_Driver/Src/stm32f4xx_hal_can.c **** 
 787:frameworks/f407/Drivers/STM32F4xx_HAL_Driver/Src/stm32f4xx_hal_can.c ****       case HAL_CAN_MSPDEINIT_CB_ID :
 788:frameworks/f407/Drivers/STM32F4xx_HAL_Driver/Src/stm32f4xx_hal_can.c ****         hcan->MspDeInitCallback = HAL_CAN_MspDeInit;
 789:frameworks/f407/Drivers/STM32F4xx_HAL_Driver/Src/stm32f4xx_hal_can.c ****         break;
 790:frameworks/f407/Drivers/STM32F4xx_HAL_Driver/Src/stm32f4xx_hal_can.c **** 
 791:frameworks/f407/Drivers/STM32F4xx_HAL_Driver/Src/stm32f4xx_hal_can.c ****       default :
 792:frameworks/f407/Drivers/STM32F4xx_HAL_Driver/Src/stm32f4xx_hal_can.c ****         /* Update the error code */
 793:frameworks/f407/Drivers/STM32F4xx_HAL_Driver/Src/stm32f4xx_hal_can.c ****         hcan->ErrorCode |= HAL_CAN_ERROR_INVALID_CALLBACK;
 794:frameworks/f407/Drivers/STM32F4xx_HAL_Driver/Src/stm32f4xx_hal_can.c **** 
 795:frameworks/f407/Drivers/STM32F4xx_HAL_Driver/Src/stm32f4xx_hal_can.c ****         /* Return error status */
 796:frameworks/f407/Drivers/STM32F4xx_HAL_Driver/Src/stm32f4xx_hal_can.c ****         status =  HAL_ERROR;
ARM GAS  C:\Users\honor\AppData\Local\Temp\ccqm0Nze.s 			page 23


 797:frameworks/f407/Drivers/STM32F4xx_HAL_Driver/Src/stm32f4xx_hal_can.c ****         break;
 798:frameworks/f407/Drivers/STM32F4xx_HAL_Driver/Src/stm32f4xx_hal_can.c ****     }
 799:frameworks/f407/Drivers/STM32F4xx_HAL_Driver/Src/stm32f4xx_hal_can.c ****   }
 800:frameworks/f407/Drivers/STM32F4xx_HAL_Driver/Src/stm32f4xx_hal_can.c ****   else
 801:frameworks/f407/Drivers/STM32F4xx_HAL_Driver/Src/stm32f4xx_hal_can.c ****   {
 802:frameworks/f407/Drivers/STM32F4xx_HAL_Driver/Src/stm32f4xx_hal_can.c ****     /* Update the error code */
 803:frameworks/f407/Drivers/STM32F4xx_HAL_Driver/Src/stm32f4xx_hal_can.c ****     hcan->ErrorCode |= HAL_CAN_ERROR_INVALID_CALLBACK;
 804:frameworks/f407/Drivers/STM32F4xx_HAL_Driver/Src/stm32f4xx_hal_can.c **** 
 805:frameworks/f407/Drivers/STM32F4xx_HAL_Driver/Src/stm32f4xx_hal_can.c ****     /* Return error status */
 806:frameworks/f407/Drivers/STM32F4xx_HAL_Driver/Src/stm32f4xx_hal_can.c ****     status =  HAL_ERROR;
 807:frameworks/f407/Drivers/STM32F4xx_HAL_Driver/Src/stm32f4xx_hal_can.c ****   }
 808:frameworks/f407/Drivers/STM32F4xx_HAL_Driver/Src/stm32f4xx_hal_can.c **** 
 809:frameworks/f407/Drivers/STM32F4xx_HAL_Driver/Src/stm32f4xx_hal_can.c ****   return status;
 810:frameworks/f407/Drivers/STM32F4xx_HAL_Driver/Src/stm32f4xx_hal_can.c **** }
 811:frameworks/f407/Drivers/STM32F4xx_HAL_Driver/Src/stm32f4xx_hal_can.c **** #endif /* USE_HAL_CAN_REGISTER_CALLBACKS */
 812:frameworks/f407/Drivers/STM32F4xx_HAL_Driver/Src/stm32f4xx_hal_can.c **** 
 813:frameworks/f407/Drivers/STM32F4xx_HAL_Driver/Src/stm32f4xx_hal_can.c **** /**
 814:frameworks/f407/Drivers/STM32F4xx_HAL_Driver/Src/stm32f4xx_hal_can.c ****   * @}
 815:frameworks/f407/Drivers/STM32F4xx_HAL_Driver/Src/stm32f4xx_hal_can.c ****   */
 816:frameworks/f407/Drivers/STM32F4xx_HAL_Driver/Src/stm32f4xx_hal_can.c **** 
 817:frameworks/f407/Drivers/STM32F4xx_HAL_Driver/Src/stm32f4xx_hal_can.c **** /** @defgroup CAN_Exported_Functions_Group2 Configuration functions
 818:frameworks/f407/Drivers/STM32F4xx_HAL_Driver/Src/stm32f4xx_hal_can.c ****   * @brief    Configuration functions.
 819:frameworks/f407/Drivers/STM32F4xx_HAL_Driver/Src/stm32f4xx_hal_can.c ****   *
 820:frameworks/f407/Drivers/STM32F4xx_HAL_Driver/Src/stm32f4xx_hal_can.c **** @verbatim
 821:frameworks/f407/Drivers/STM32F4xx_HAL_Driver/Src/stm32f4xx_hal_can.c ****   ==============================================================================
 822:frameworks/f407/Drivers/STM32F4xx_HAL_Driver/Src/stm32f4xx_hal_can.c ****               ##### Configuration functions #####
 823:frameworks/f407/Drivers/STM32F4xx_HAL_Driver/Src/stm32f4xx_hal_can.c ****   ==============================================================================
 824:frameworks/f407/Drivers/STM32F4xx_HAL_Driver/Src/stm32f4xx_hal_can.c ****     [..]  This section provides functions allowing to:
 825:frameworks/f407/Drivers/STM32F4xx_HAL_Driver/Src/stm32f4xx_hal_can.c ****       (+) HAL_CAN_ConfigFilter            : Configure the CAN reception filters
 826:frameworks/f407/Drivers/STM32F4xx_HAL_Driver/Src/stm32f4xx_hal_can.c **** 
 827:frameworks/f407/Drivers/STM32F4xx_HAL_Driver/Src/stm32f4xx_hal_can.c **** @endverbatim
 828:frameworks/f407/Drivers/STM32F4xx_HAL_Driver/Src/stm32f4xx_hal_can.c ****   * @{
 829:frameworks/f407/Drivers/STM32F4xx_HAL_Driver/Src/stm32f4xx_hal_can.c ****   */
 830:frameworks/f407/Drivers/STM32F4xx_HAL_Driver/Src/stm32f4xx_hal_can.c **** 
 831:frameworks/f407/Drivers/STM32F4xx_HAL_Driver/Src/stm32f4xx_hal_can.c **** /**
 832:frameworks/f407/Drivers/STM32F4xx_HAL_Driver/Src/stm32f4xx_hal_can.c ****   * @brief  Configures the CAN reception filter according to the specified
 833:frameworks/f407/Drivers/STM32F4xx_HAL_Driver/Src/stm32f4xx_hal_can.c ****   *         parameters in the CAN_FilterInitStruct.
 834:frameworks/f407/Drivers/STM32F4xx_HAL_Driver/Src/stm32f4xx_hal_can.c ****   * @param  hcan pointer to a CAN_HandleTypeDef structure that contains
 835:frameworks/f407/Drivers/STM32F4xx_HAL_Driver/Src/stm32f4xx_hal_can.c ****   *         the configuration information for the specified CAN.
 836:frameworks/f407/Drivers/STM32F4xx_HAL_Driver/Src/stm32f4xx_hal_can.c ****   * @param  sFilterConfig pointer to a CAN_FilterTypeDef structure that
 837:frameworks/f407/Drivers/STM32F4xx_HAL_Driver/Src/stm32f4xx_hal_can.c ****   *         contains the filter configuration information.
 838:frameworks/f407/Drivers/STM32F4xx_HAL_Driver/Src/stm32f4xx_hal_can.c ****   * @retval None
 839:frameworks/f407/Drivers/STM32F4xx_HAL_Driver/Src/stm32f4xx_hal_can.c ****   */
 840:frameworks/f407/Drivers/STM32F4xx_HAL_Driver/Src/stm32f4xx_hal_can.c **** HAL_StatusTypeDef HAL_CAN_ConfigFilter(CAN_HandleTypeDef *hcan, const CAN_FilterTypeDef *sFilterCon
 841:frameworks/f407/Drivers/STM32F4xx_HAL_Driver/Src/stm32f4xx_hal_can.c **** {
 368              		.loc 1 841 1 is_stmt 1 view -0
 369              		.cfi_startproc
 370              		@ args = 0, pretend = 0, frame = 0
 371              		@ frame_needed = 0, uses_anonymous_args = 0
 842:frameworks/f407/Drivers/STM32F4xx_HAL_Driver/Src/stm32f4xx_hal_can.c ****   uint32_t filternbrbitpos;
 372              		.loc 1 842 3 view .LVU105
 843:frameworks/f407/Drivers/STM32F4xx_HAL_Driver/Src/stm32f4xx_hal_can.c ****   CAN_TypeDef *can_ip;
 373              		.loc 1 843 3 view .LVU106
 844:frameworks/f407/Drivers/STM32F4xx_HAL_Driver/Src/stm32f4xx_hal_can.c ****   HAL_CAN_StateTypeDef state = hcan->State;
 374              		.loc 1 844 3 view .LVU107
 375              		.loc 1 844 24 is_stmt 0 view .LVU108
 376 0000 90F82030 		ldrb	r3, [r0, #32]	@ zero_extendqisi2
ARM GAS  C:\Users\honor\AppData\Local\Temp\ccqm0Nze.s 			page 24


 377              	.LVL16:
 845:frameworks/f407/Drivers/STM32F4xx_HAL_Driver/Src/stm32f4xx_hal_can.c **** 
 846:frameworks/f407/Drivers/STM32F4xx_HAL_Driver/Src/stm32f4xx_hal_can.c ****   if ((state == HAL_CAN_STATE_READY) ||
 378              		.loc 1 846 3 is_stmt 1 view .LVU109
 379              		.loc 1 846 38 is_stmt 0 view .LVU110
 380 0004 013B     		subs	r3, r3, #1
 381              	.LVL17:
 382              		.loc 1 846 38 view .LVU111
 383 0006 DBB2     		uxtb	r3, r3
 384              		.loc 1 846 6 view .LVU112
 385 0008 012B     		cmp	r3, #1
 386 000a 05D9     		bls	.L50
 847:frameworks/f407/Drivers/STM32F4xx_HAL_Driver/Src/stm32f4xx_hal_can.c ****       (state == HAL_CAN_STATE_LISTENING))
 848:frameworks/f407/Drivers/STM32F4xx_HAL_Driver/Src/stm32f4xx_hal_can.c ****   {
 849:frameworks/f407/Drivers/STM32F4xx_HAL_Driver/Src/stm32f4xx_hal_can.c ****     /* Check the parameters */
 850:frameworks/f407/Drivers/STM32F4xx_HAL_Driver/Src/stm32f4xx_hal_can.c ****     assert_param(IS_CAN_FILTER_ID_HALFWORD(sFilterConfig->FilterIdHigh));
 851:frameworks/f407/Drivers/STM32F4xx_HAL_Driver/Src/stm32f4xx_hal_can.c ****     assert_param(IS_CAN_FILTER_ID_HALFWORD(sFilterConfig->FilterIdLow));
 852:frameworks/f407/Drivers/STM32F4xx_HAL_Driver/Src/stm32f4xx_hal_can.c ****     assert_param(IS_CAN_FILTER_ID_HALFWORD(sFilterConfig->FilterMaskIdHigh));
 853:frameworks/f407/Drivers/STM32F4xx_HAL_Driver/Src/stm32f4xx_hal_can.c ****     assert_param(IS_CAN_FILTER_ID_HALFWORD(sFilterConfig->FilterMaskIdLow));
 854:frameworks/f407/Drivers/STM32F4xx_HAL_Driver/Src/stm32f4xx_hal_can.c ****     assert_param(IS_CAN_FILTER_MODE(sFilterConfig->FilterMode));
 855:frameworks/f407/Drivers/STM32F4xx_HAL_Driver/Src/stm32f4xx_hal_can.c ****     assert_param(IS_CAN_FILTER_SCALE(sFilterConfig->FilterScale));
 856:frameworks/f407/Drivers/STM32F4xx_HAL_Driver/Src/stm32f4xx_hal_can.c ****     assert_param(IS_CAN_FILTER_FIFO(sFilterConfig->FilterFIFOAssignment));
 857:frameworks/f407/Drivers/STM32F4xx_HAL_Driver/Src/stm32f4xx_hal_can.c ****     assert_param(IS_CAN_FILTER_ACTIVATION(sFilterConfig->FilterActivation));
 858:frameworks/f407/Drivers/STM32F4xx_HAL_Driver/Src/stm32f4xx_hal_can.c **** 
 859:frameworks/f407/Drivers/STM32F4xx_HAL_Driver/Src/stm32f4xx_hal_can.c **** #if defined(CAN3)
 860:frameworks/f407/Drivers/STM32F4xx_HAL_Driver/Src/stm32f4xx_hal_can.c ****     /* Check the CAN instance */
 861:frameworks/f407/Drivers/STM32F4xx_HAL_Driver/Src/stm32f4xx_hal_can.c ****     if (hcan->Instance == CAN3)
 862:frameworks/f407/Drivers/STM32F4xx_HAL_Driver/Src/stm32f4xx_hal_can.c ****     {
 863:frameworks/f407/Drivers/STM32F4xx_HAL_Driver/Src/stm32f4xx_hal_can.c ****       /* CAN3 is single instance with 14 dedicated filters banks */
 864:frameworks/f407/Drivers/STM32F4xx_HAL_Driver/Src/stm32f4xx_hal_can.c ****       can_ip = hcan->Instance;
 865:frameworks/f407/Drivers/STM32F4xx_HAL_Driver/Src/stm32f4xx_hal_can.c **** 
 866:frameworks/f407/Drivers/STM32F4xx_HAL_Driver/Src/stm32f4xx_hal_can.c ****       /* Check the parameters */
 867:frameworks/f407/Drivers/STM32F4xx_HAL_Driver/Src/stm32f4xx_hal_can.c ****       assert_param(IS_CAN_FILTER_BANK_SINGLE(sFilterConfig->FilterBank));
 868:frameworks/f407/Drivers/STM32F4xx_HAL_Driver/Src/stm32f4xx_hal_can.c ****     }
 869:frameworks/f407/Drivers/STM32F4xx_HAL_Driver/Src/stm32f4xx_hal_can.c ****     else
 870:frameworks/f407/Drivers/STM32F4xx_HAL_Driver/Src/stm32f4xx_hal_can.c ****     {
 871:frameworks/f407/Drivers/STM32F4xx_HAL_Driver/Src/stm32f4xx_hal_can.c ****       /* CAN1 and CAN2 are dual instances with 28 common filters banks */
 872:frameworks/f407/Drivers/STM32F4xx_HAL_Driver/Src/stm32f4xx_hal_can.c ****       /* Select master instance to access the filter banks */
 873:frameworks/f407/Drivers/STM32F4xx_HAL_Driver/Src/stm32f4xx_hal_can.c ****       can_ip = CAN1;
 874:frameworks/f407/Drivers/STM32F4xx_HAL_Driver/Src/stm32f4xx_hal_can.c **** 
 875:frameworks/f407/Drivers/STM32F4xx_HAL_Driver/Src/stm32f4xx_hal_can.c ****       /* Check the parameters */
 876:frameworks/f407/Drivers/STM32F4xx_HAL_Driver/Src/stm32f4xx_hal_can.c ****       assert_param(IS_CAN_FILTER_BANK_DUAL(sFilterConfig->FilterBank));
 877:frameworks/f407/Drivers/STM32F4xx_HAL_Driver/Src/stm32f4xx_hal_can.c ****       assert_param(IS_CAN_FILTER_BANK_DUAL(sFilterConfig->SlaveStartFilterBank));
 878:frameworks/f407/Drivers/STM32F4xx_HAL_Driver/Src/stm32f4xx_hal_can.c ****     }
 879:frameworks/f407/Drivers/STM32F4xx_HAL_Driver/Src/stm32f4xx_hal_can.c **** #elif defined(CAN2)
 880:frameworks/f407/Drivers/STM32F4xx_HAL_Driver/Src/stm32f4xx_hal_can.c ****     /* CAN1 and CAN2 are dual instances with 28 common filters banks */
 881:frameworks/f407/Drivers/STM32F4xx_HAL_Driver/Src/stm32f4xx_hal_can.c ****     /* Select master instance to access the filter banks */
 882:frameworks/f407/Drivers/STM32F4xx_HAL_Driver/Src/stm32f4xx_hal_can.c ****     can_ip = CAN1;
 883:frameworks/f407/Drivers/STM32F4xx_HAL_Driver/Src/stm32f4xx_hal_can.c **** 
 884:frameworks/f407/Drivers/STM32F4xx_HAL_Driver/Src/stm32f4xx_hal_can.c ****     /* Check the parameters */
 885:frameworks/f407/Drivers/STM32F4xx_HAL_Driver/Src/stm32f4xx_hal_can.c ****     assert_param(IS_CAN_FILTER_BANK_DUAL(sFilterConfig->FilterBank));
 886:frameworks/f407/Drivers/STM32F4xx_HAL_Driver/Src/stm32f4xx_hal_can.c ****     assert_param(IS_CAN_FILTER_BANK_DUAL(sFilterConfig->SlaveStartFilterBank));
 887:frameworks/f407/Drivers/STM32F4xx_HAL_Driver/Src/stm32f4xx_hal_can.c **** #else
 888:frameworks/f407/Drivers/STM32F4xx_HAL_Driver/Src/stm32f4xx_hal_can.c ****     /* CAN1 is single instance with 14 dedicated filters banks */
 889:frameworks/f407/Drivers/STM32F4xx_HAL_Driver/Src/stm32f4xx_hal_can.c ****     can_ip = hcan->Instance;
 890:frameworks/f407/Drivers/STM32F4xx_HAL_Driver/Src/stm32f4xx_hal_can.c **** 
 891:frameworks/f407/Drivers/STM32F4xx_HAL_Driver/Src/stm32f4xx_hal_can.c ****     /* Check the parameters */
ARM GAS  C:\Users\honor\AppData\Local\Temp\ccqm0Nze.s 			page 25


 892:frameworks/f407/Drivers/STM32F4xx_HAL_Driver/Src/stm32f4xx_hal_can.c ****     assert_param(IS_CAN_FILTER_BANK_SINGLE(sFilterConfig->FilterBank));
 893:frameworks/f407/Drivers/STM32F4xx_HAL_Driver/Src/stm32f4xx_hal_can.c **** #endif /* CAN3 */
 894:frameworks/f407/Drivers/STM32F4xx_HAL_Driver/Src/stm32f4xx_hal_can.c **** 
 895:frameworks/f407/Drivers/STM32F4xx_HAL_Driver/Src/stm32f4xx_hal_can.c ****     /* Initialisation mode for the filter */
 896:frameworks/f407/Drivers/STM32F4xx_HAL_Driver/Src/stm32f4xx_hal_can.c ****     SET_BIT(can_ip->FMR, CAN_FMR_FINIT);
 897:frameworks/f407/Drivers/STM32F4xx_HAL_Driver/Src/stm32f4xx_hal_can.c **** 
 898:frameworks/f407/Drivers/STM32F4xx_HAL_Driver/Src/stm32f4xx_hal_can.c **** #if defined(CAN3)
 899:frameworks/f407/Drivers/STM32F4xx_HAL_Driver/Src/stm32f4xx_hal_can.c ****     /* Check the CAN instance */
 900:frameworks/f407/Drivers/STM32F4xx_HAL_Driver/Src/stm32f4xx_hal_can.c ****     if (can_ip == CAN1)
 901:frameworks/f407/Drivers/STM32F4xx_HAL_Driver/Src/stm32f4xx_hal_can.c ****     {
 902:frameworks/f407/Drivers/STM32F4xx_HAL_Driver/Src/stm32f4xx_hal_can.c ****       /* Select the start filter number of CAN2 slave instance */
 903:frameworks/f407/Drivers/STM32F4xx_HAL_Driver/Src/stm32f4xx_hal_can.c ****       CLEAR_BIT(can_ip->FMR, CAN_FMR_CAN2SB);
 904:frameworks/f407/Drivers/STM32F4xx_HAL_Driver/Src/stm32f4xx_hal_can.c ****       SET_BIT(can_ip->FMR, sFilterConfig->SlaveStartFilterBank << CAN_FMR_CAN2SB_Pos);
 905:frameworks/f407/Drivers/STM32F4xx_HAL_Driver/Src/stm32f4xx_hal_can.c ****     }
 906:frameworks/f407/Drivers/STM32F4xx_HAL_Driver/Src/stm32f4xx_hal_can.c **** 
 907:frameworks/f407/Drivers/STM32F4xx_HAL_Driver/Src/stm32f4xx_hal_can.c **** #elif defined(CAN2)
 908:frameworks/f407/Drivers/STM32F4xx_HAL_Driver/Src/stm32f4xx_hal_can.c ****     /* Select the start filter number of CAN2 slave instance */
 909:frameworks/f407/Drivers/STM32F4xx_HAL_Driver/Src/stm32f4xx_hal_can.c ****     CLEAR_BIT(can_ip->FMR, CAN_FMR_CAN2SB);
 910:frameworks/f407/Drivers/STM32F4xx_HAL_Driver/Src/stm32f4xx_hal_can.c ****     SET_BIT(can_ip->FMR, sFilterConfig->SlaveStartFilterBank << CAN_FMR_CAN2SB_Pos);
 911:frameworks/f407/Drivers/STM32F4xx_HAL_Driver/Src/stm32f4xx_hal_can.c **** 
 912:frameworks/f407/Drivers/STM32F4xx_HAL_Driver/Src/stm32f4xx_hal_can.c **** #endif /* CAN3 */
 913:frameworks/f407/Drivers/STM32F4xx_HAL_Driver/Src/stm32f4xx_hal_can.c ****     /* Convert filter number into bit position */
 914:frameworks/f407/Drivers/STM32F4xx_HAL_Driver/Src/stm32f4xx_hal_can.c ****     filternbrbitpos = (uint32_t)1 << (sFilterConfig->FilterBank & 0x1FU);
 915:frameworks/f407/Drivers/STM32F4xx_HAL_Driver/Src/stm32f4xx_hal_can.c **** 
 916:frameworks/f407/Drivers/STM32F4xx_HAL_Driver/Src/stm32f4xx_hal_can.c ****     /* Filter Deactivation */
 917:frameworks/f407/Drivers/STM32F4xx_HAL_Driver/Src/stm32f4xx_hal_can.c ****     CLEAR_BIT(can_ip->FA1R, filternbrbitpos);
 918:frameworks/f407/Drivers/STM32F4xx_HAL_Driver/Src/stm32f4xx_hal_can.c **** 
 919:frameworks/f407/Drivers/STM32F4xx_HAL_Driver/Src/stm32f4xx_hal_can.c ****     /* Filter Scale */
 920:frameworks/f407/Drivers/STM32F4xx_HAL_Driver/Src/stm32f4xx_hal_can.c ****     if (sFilterConfig->FilterScale == CAN_FILTERSCALE_16BIT)
 921:frameworks/f407/Drivers/STM32F4xx_HAL_Driver/Src/stm32f4xx_hal_can.c ****     {
 922:frameworks/f407/Drivers/STM32F4xx_HAL_Driver/Src/stm32f4xx_hal_can.c ****       /* 16-bit scale for the filter */
 923:frameworks/f407/Drivers/STM32F4xx_HAL_Driver/Src/stm32f4xx_hal_can.c ****       CLEAR_BIT(can_ip->FS1R, filternbrbitpos);
 924:frameworks/f407/Drivers/STM32F4xx_HAL_Driver/Src/stm32f4xx_hal_can.c **** 
 925:frameworks/f407/Drivers/STM32F4xx_HAL_Driver/Src/stm32f4xx_hal_can.c ****       /* First 16-bit identifier and First 16-bit mask */
 926:frameworks/f407/Drivers/STM32F4xx_HAL_Driver/Src/stm32f4xx_hal_can.c ****       /* Or First 16-bit identifier and Second 16-bit identifier */
 927:frameworks/f407/Drivers/STM32F4xx_HAL_Driver/Src/stm32f4xx_hal_can.c ****       can_ip->sFilterRegister[sFilterConfig->FilterBank].FR1 =
 928:frameworks/f407/Drivers/STM32F4xx_HAL_Driver/Src/stm32f4xx_hal_can.c ****         ((0x0000FFFFU & (uint32_t)sFilterConfig->FilterMaskIdLow) << 16U) |
 929:frameworks/f407/Drivers/STM32F4xx_HAL_Driver/Src/stm32f4xx_hal_can.c ****         (0x0000FFFFU & (uint32_t)sFilterConfig->FilterIdLow);
 930:frameworks/f407/Drivers/STM32F4xx_HAL_Driver/Src/stm32f4xx_hal_can.c **** 
 931:frameworks/f407/Drivers/STM32F4xx_HAL_Driver/Src/stm32f4xx_hal_can.c ****       /* Second 16-bit identifier and Second 16-bit mask */
 932:frameworks/f407/Drivers/STM32F4xx_HAL_Driver/Src/stm32f4xx_hal_can.c ****       /* Or Third 16-bit identifier and Fourth 16-bit identifier */
 933:frameworks/f407/Drivers/STM32F4xx_HAL_Driver/Src/stm32f4xx_hal_can.c ****       can_ip->sFilterRegister[sFilterConfig->FilterBank].FR2 =
 934:frameworks/f407/Drivers/STM32F4xx_HAL_Driver/Src/stm32f4xx_hal_can.c ****         ((0x0000FFFFU & (uint32_t)sFilterConfig->FilterMaskIdHigh) << 16U) |
 935:frameworks/f407/Drivers/STM32F4xx_HAL_Driver/Src/stm32f4xx_hal_can.c ****         (0x0000FFFFU & (uint32_t)sFilterConfig->FilterIdHigh);
 936:frameworks/f407/Drivers/STM32F4xx_HAL_Driver/Src/stm32f4xx_hal_can.c ****     }
 937:frameworks/f407/Drivers/STM32F4xx_HAL_Driver/Src/stm32f4xx_hal_can.c **** 
 938:frameworks/f407/Drivers/STM32F4xx_HAL_Driver/Src/stm32f4xx_hal_can.c ****     if (sFilterConfig->FilterScale == CAN_FILTERSCALE_32BIT)
 939:frameworks/f407/Drivers/STM32F4xx_HAL_Driver/Src/stm32f4xx_hal_can.c ****     {
 940:frameworks/f407/Drivers/STM32F4xx_HAL_Driver/Src/stm32f4xx_hal_can.c ****       /* 32-bit scale for the filter */
 941:frameworks/f407/Drivers/STM32F4xx_HAL_Driver/Src/stm32f4xx_hal_can.c ****       SET_BIT(can_ip->FS1R, filternbrbitpos);
 942:frameworks/f407/Drivers/STM32F4xx_HAL_Driver/Src/stm32f4xx_hal_can.c **** 
 943:frameworks/f407/Drivers/STM32F4xx_HAL_Driver/Src/stm32f4xx_hal_can.c ****       /* 32-bit identifier or First 32-bit identifier */
 944:frameworks/f407/Drivers/STM32F4xx_HAL_Driver/Src/stm32f4xx_hal_can.c ****       can_ip->sFilterRegister[sFilterConfig->FilterBank].FR1 =
 945:frameworks/f407/Drivers/STM32F4xx_HAL_Driver/Src/stm32f4xx_hal_can.c ****         ((0x0000FFFFU & (uint32_t)sFilterConfig->FilterIdHigh) << 16U) |
 946:frameworks/f407/Drivers/STM32F4xx_HAL_Driver/Src/stm32f4xx_hal_can.c ****         (0x0000FFFFU & (uint32_t)sFilterConfig->FilterIdLow);
 947:frameworks/f407/Drivers/STM32F4xx_HAL_Driver/Src/stm32f4xx_hal_can.c **** 
 948:frameworks/f407/Drivers/STM32F4xx_HAL_Driver/Src/stm32f4xx_hal_can.c ****       /* 32-bit mask or Second 32-bit identifier */
ARM GAS  C:\Users\honor\AppData\Local\Temp\ccqm0Nze.s 			page 26


 949:frameworks/f407/Drivers/STM32F4xx_HAL_Driver/Src/stm32f4xx_hal_can.c ****       can_ip->sFilterRegister[sFilterConfig->FilterBank].FR2 =
 950:frameworks/f407/Drivers/STM32F4xx_HAL_Driver/Src/stm32f4xx_hal_can.c ****         ((0x0000FFFFU & (uint32_t)sFilterConfig->FilterMaskIdHigh) << 16U) |
 951:frameworks/f407/Drivers/STM32F4xx_HAL_Driver/Src/stm32f4xx_hal_can.c ****         (0x0000FFFFU & (uint32_t)sFilterConfig->FilterMaskIdLow);
 952:frameworks/f407/Drivers/STM32F4xx_HAL_Driver/Src/stm32f4xx_hal_can.c ****     }
 953:frameworks/f407/Drivers/STM32F4xx_HAL_Driver/Src/stm32f4xx_hal_can.c **** 
 954:frameworks/f407/Drivers/STM32F4xx_HAL_Driver/Src/stm32f4xx_hal_can.c ****     /* Filter Mode */
 955:frameworks/f407/Drivers/STM32F4xx_HAL_Driver/Src/stm32f4xx_hal_can.c ****     if (sFilterConfig->FilterMode == CAN_FILTERMODE_IDMASK)
 956:frameworks/f407/Drivers/STM32F4xx_HAL_Driver/Src/stm32f4xx_hal_can.c ****     {
 957:frameworks/f407/Drivers/STM32F4xx_HAL_Driver/Src/stm32f4xx_hal_can.c ****       /* Id/Mask mode for the filter*/
 958:frameworks/f407/Drivers/STM32F4xx_HAL_Driver/Src/stm32f4xx_hal_can.c ****       CLEAR_BIT(can_ip->FM1R, filternbrbitpos);
 959:frameworks/f407/Drivers/STM32F4xx_HAL_Driver/Src/stm32f4xx_hal_can.c ****     }
 960:frameworks/f407/Drivers/STM32F4xx_HAL_Driver/Src/stm32f4xx_hal_can.c ****     else /* CAN_FilterInitStruct->CAN_FilterMode == CAN_FilterMode_IdList */
 961:frameworks/f407/Drivers/STM32F4xx_HAL_Driver/Src/stm32f4xx_hal_can.c ****     {
 962:frameworks/f407/Drivers/STM32F4xx_HAL_Driver/Src/stm32f4xx_hal_can.c ****       /* Identifier list mode for the filter*/
 963:frameworks/f407/Drivers/STM32F4xx_HAL_Driver/Src/stm32f4xx_hal_can.c ****       SET_BIT(can_ip->FM1R, filternbrbitpos);
 964:frameworks/f407/Drivers/STM32F4xx_HAL_Driver/Src/stm32f4xx_hal_can.c ****     }
 965:frameworks/f407/Drivers/STM32F4xx_HAL_Driver/Src/stm32f4xx_hal_can.c **** 
 966:frameworks/f407/Drivers/STM32F4xx_HAL_Driver/Src/stm32f4xx_hal_can.c ****     /* Filter FIFO assignment */
 967:frameworks/f407/Drivers/STM32F4xx_HAL_Driver/Src/stm32f4xx_hal_can.c ****     if (sFilterConfig->FilterFIFOAssignment == CAN_FILTER_FIFO0)
 968:frameworks/f407/Drivers/STM32F4xx_HAL_Driver/Src/stm32f4xx_hal_can.c ****     {
 969:frameworks/f407/Drivers/STM32F4xx_HAL_Driver/Src/stm32f4xx_hal_can.c ****       /* FIFO 0 assignation for the filter */
 970:frameworks/f407/Drivers/STM32F4xx_HAL_Driver/Src/stm32f4xx_hal_can.c ****       CLEAR_BIT(can_ip->FFA1R, filternbrbitpos);
 971:frameworks/f407/Drivers/STM32F4xx_HAL_Driver/Src/stm32f4xx_hal_can.c ****     }
 972:frameworks/f407/Drivers/STM32F4xx_HAL_Driver/Src/stm32f4xx_hal_can.c ****     else
 973:frameworks/f407/Drivers/STM32F4xx_HAL_Driver/Src/stm32f4xx_hal_can.c ****     {
 974:frameworks/f407/Drivers/STM32F4xx_HAL_Driver/Src/stm32f4xx_hal_can.c ****       /* FIFO 1 assignation for the filter */
 975:frameworks/f407/Drivers/STM32F4xx_HAL_Driver/Src/stm32f4xx_hal_can.c ****       SET_BIT(can_ip->FFA1R, filternbrbitpos);
 976:frameworks/f407/Drivers/STM32F4xx_HAL_Driver/Src/stm32f4xx_hal_can.c ****     }
 977:frameworks/f407/Drivers/STM32F4xx_HAL_Driver/Src/stm32f4xx_hal_can.c **** 
 978:frameworks/f407/Drivers/STM32F4xx_HAL_Driver/Src/stm32f4xx_hal_can.c ****     /* Filter activation */
 979:frameworks/f407/Drivers/STM32F4xx_HAL_Driver/Src/stm32f4xx_hal_can.c ****     if (sFilterConfig->FilterActivation == CAN_FILTER_ENABLE)
 980:frameworks/f407/Drivers/STM32F4xx_HAL_Driver/Src/stm32f4xx_hal_can.c ****     {
 981:frameworks/f407/Drivers/STM32F4xx_HAL_Driver/Src/stm32f4xx_hal_can.c ****       SET_BIT(can_ip->FA1R, filternbrbitpos);
 982:frameworks/f407/Drivers/STM32F4xx_HAL_Driver/Src/stm32f4xx_hal_can.c ****     }
 983:frameworks/f407/Drivers/STM32F4xx_HAL_Driver/Src/stm32f4xx_hal_can.c **** 
 984:frameworks/f407/Drivers/STM32F4xx_HAL_Driver/Src/stm32f4xx_hal_can.c ****     /* Leave the initialisation mode for the filter */
 985:frameworks/f407/Drivers/STM32F4xx_HAL_Driver/Src/stm32f4xx_hal_can.c ****     CLEAR_BIT(can_ip->FMR, CAN_FMR_FINIT);
 986:frameworks/f407/Drivers/STM32F4xx_HAL_Driver/Src/stm32f4xx_hal_can.c **** 
 987:frameworks/f407/Drivers/STM32F4xx_HAL_Driver/Src/stm32f4xx_hal_can.c ****     /* Return function status */
 988:frameworks/f407/Drivers/STM32F4xx_HAL_Driver/Src/stm32f4xx_hal_can.c ****     return HAL_OK;
 989:frameworks/f407/Drivers/STM32F4xx_HAL_Driver/Src/stm32f4xx_hal_can.c ****   }
 990:frameworks/f407/Drivers/STM32F4xx_HAL_Driver/Src/stm32f4xx_hal_can.c ****   else
 991:frameworks/f407/Drivers/STM32F4xx_HAL_Driver/Src/stm32f4xx_hal_can.c ****   {
 992:frameworks/f407/Drivers/STM32F4xx_HAL_Driver/Src/stm32f4xx_hal_can.c ****     /* Update error code */
 993:frameworks/f407/Drivers/STM32F4xx_HAL_Driver/Src/stm32f4xx_hal_can.c ****     hcan->ErrorCode |= HAL_CAN_ERROR_NOT_INITIALIZED;
 387              		.loc 1 993 5 is_stmt 1 view .LVU113
 388              		.loc 1 993 21 is_stmt 0 view .LVU114
 389 000c 436A     		ldr	r3, [r0, #36]
 390 000e 43F48023 		orr	r3, r3, #262144
 391 0012 4362     		str	r3, [r0, #36]
 994:frameworks/f407/Drivers/STM32F4xx_HAL_Driver/Src/stm32f4xx_hal_can.c **** 
 995:frameworks/f407/Drivers/STM32F4xx_HAL_Driver/Src/stm32f4xx_hal_can.c ****     return HAL_ERROR;
 392              		.loc 1 995 5 is_stmt 1 view .LVU115
 393              		.loc 1 995 12 is_stmt 0 view .LVU116
 394 0014 0120     		movs	r0, #1
 395              	.LVL18:
 996:frameworks/f407/Drivers/STM32F4xx_HAL_Driver/Src/stm32f4xx_hal_can.c ****   }
ARM GAS  C:\Users\honor\AppData\Local\Temp\ccqm0Nze.s 			page 27


 997:frameworks/f407/Drivers/STM32F4xx_HAL_Driver/Src/stm32f4xx_hal_can.c **** }
 396              		.loc 1 997 1 view .LVU117
 397 0016 7047     		bx	lr
 398              	.LVL19:
 399              	.L50:
 841:frameworks/f407/Drivers/STM32F4xx_HAL_Driver/Src/stm32f4xx_hal_can.c ****   uint32_t filternbrbitpos;
 400              		.loc 1 841 1 view .LVU118
 401 0018 30B5     		push	{r4, r5, lr}
 402              	.LCFI2:
 403              		.cfi_def_cfa_offset 12
 404              		.cfi_offset 4, -12
 405              		.cfi_offset 5, -8
 406              		.cfi_offset 14, -4
 850:frameworks/f407/Drivers/STM32F4xx_HAL_Driver/Src/stm32f4xx_hal_can.c ****     assert_param(IS_CAN_FILTER_ID_HALFWORD(sFilterConfig->FilterIdLow));
 407              		.loc 1 850 5 is_stmt 1 view .LVU119
 851:frameworks/f407/Drivers/STM32F4xx_HAL_Driver/Src/stm32f4xx_hal_can.c ****     assert_param(IS_CAN_FILTER_ID_HALFWORD(sFilterConfig->FilterMaskIdHigh));
 408              		.loc 1 851 5 view .LVU120
 852:frameworks/f407/Drivers/STM32F4xx_HAL_Driver/Src/stm32f4xx_hal_can.c ****     assert_param(IS_CAN_FILTER_ID_HALFWORD(sFilterConfig->FilterMaskIdLow));
 409              		.loc 1 852 5 view .LVU121
 853:frameworks/f407/Drivers/STM32F4xx_HAL_Driver/Src/stm32f4xx_hal_can.c ****     assert_param(IS_CAN_FILTER_MODE(sFilterConfig->FilterMode));
 410              		.loc 1 853 5 view .LVU122
 854:frameworks/f407/Drivers/STM32F4xx_HAL_Driver/Src/stm32f4xx_hal_can.c ****     assert_param(IS_CAN_FILTER_SCALE(sFilterConfig->FilterScale));
 411              		.loc 1 854 5 view .LVU123
 855:frameworks/f407/Drivers/STM32F4xx_HAL_Driver/Src/stm32f4xx_hal_can.c ****     assert_param(IS_CAN_FILTER_FIFO(sFilterConfig->FilterFIFOAssignment));
 412              		.loc 1 855 5 view .LVU124
 856:frameworks/f407/Drivers/STM32F4xx_HAL_Driver/Src/stm32f4xx_hal_can.c ****     assert_param(IS_CAN_FILTER_ACTIVATION(sFilterConfig->FilterActivation));
 413              		.loc 1 856 5 view .LVU125
 857:frameworks/f407/Drivers/STM32F4xx_HAL_Driver/Src/stm32f4xx_hal_can.c **** 
 414              		.loc 1 857 5 view .LVU126
 882:frameworks/f407/Drivers/STM32F4xx_HAL_Driver/Src/stm32f4xx_hal_can.c **** 
 415              		.loc 1 882 5 view .LVU127
 416              	.LVL20:
 885:frameworks/f407/Drivers/STM32F4xx_HAL_Driver/Src/stm32f4xx_hal_can.c ****     assert_param(IS_CAN_FILTER_BANK_DUAL(sFilterConfig->SlaveStartFilterBank));
 417              		.loc 1 885 5 view .LVU128
 886:frameworks/f407/Drivers/STM32F4xx_HAL_Driver/Src/stm32f4xx_hal_can.c **** #else
 418              		.loc 1 886 5 view .LVU129
 896:frameworks/f407/Drivers/STM32F4xx_HAL_Driver/Src/stm32f4xx_hal_can.c **** 
 419              		.loc 1 896 5 view .LVU130
 420 001a 464B     		ldr	r3, .L53
 421 001c D3F80022 		ldr	r2, [r3, #512]
 422 0020 42F00102 		orr	r2, r2, #1
 423 0024 C3F80022 		str	r2, [r3, #512]
 909:frameworks/f407/Drivers/STM32F4xx_HAL_Driver/Src/stm32f4xx_hal_can.c ****     SET_BIT(can_ip->FMR, sFilterConfig->SlaveStartFilterBank << CAN_FMR_CAN2SB_Pos);
 424              		.loc 1 909 5 view .LVU131
 425 0028 D3F80022 		ldr	r2, [r3, #512]
 426 002c 22F47C52 		bic	r2, r2, #16128
 427 0030 C3F80022 		str	r2, [r3, #512]
 910:frameworks/f407/Drivers/STM32F4xx_HAL_Driver/Src/stm32f4xx_hal_can.c **** 
 428              		.loc 1 910 5 view .LVU132
 429 0034 D3F80022 		ldr	r2, [r3, #512]
 430 0038 486A     		ldr	r0, [r1, #36]
 431              	.LVL21:
 910:frameworks/f407/Drivers/STM32F4xx_HAL_Driver/Src/stm32f4xx_hal_can.c **** 
 432              		.loc 1 910 5 is_stmt 0 view .LVU133
 433 003a 42EA0022 		orr	r2, r2, r0, lsl #8
 434 003e C3F80022 		str	r2, [r3, #512]
 914:frameworks/f407/Drivers/STM32F4xx_HAL_Driver/Src/stm32f4xx_hal_can.c **** 
ARM GAS  C:\Users\honor\AppData\Local\Temp\ccqm0Nze.s 			page 28


 435              		.loc 1 914 5 is_stmt 1 view .LVU134
 914:frameworks/f407/Drivers/STM32F4xx_HAL_Driver/Src/stm32f4xx_hal_can.c **** 
 436              		.loc 1 914 52 is_stmt 0 view .LVU135
 437 0042 4A69     		ldr	r2, [r1, #20]
 914:frameworks/f407/Drivers/STM32F4xx_HAL_Driver/Src/stm32f4xx_hal_can.c **** 
 438              		.loc 1 914 65 view .LVU136
 439 0044 02F01F02 		and	r2, r2, #31
 914:frameworks/f407/Drivers/STM32F4xx_HAL_Driver/Src/stm32f4xx_hal_can.c **** 
 440              		.loc 1 914 21 view .LVU137
 441 0048 0120     		movs	r0, #1
 442 004a 00FA02F2 		lsl	r2, r0, r2
 443              	.LVL22:
 917:frameworks/f407/Drivers/STM32F4xx_HAL_Driver/Src/stm32f4xx_hal_can.c **** 
 444              		.loc 1 917 5 is_stmt 1 view .LVU138
 445 004e D3F81C02 		ldr	r0, [r3, #540]
 446 0052 6FEA020C 		mvn	ip, r2
 447 0056 20EA0200 		bic	r0, r0, r2
 448 005a C3F81C02 		str	r0, [r3, #540]
 920:frameworks/f407/Drivers/STM32F4xx_HAL_Driver/Src/stm32f4xx_hal_can.c ****     {
 449              		.loc 1 920 5 view .LVU139
 920:frameworks/f407/Drivers/STM32F4xx_HAL_Driver/Src/stm32f4xx_hal_can.c ****     {
 450              		.loc 1 920 22 is_stmt 0 view .LVU140
 451 005e CB69     		ldr	r3, [r1, #28]
 920:frameworks/f407/Drivers/STM32F4xx_HAL_Driver/Src/stm32f4xx_hal_can.c ****     {
 452              		.loc 1 920 8 view .LVU141
 453 0060 C3B9     		cbnz	r3, .L38
 923:frameworks/f407/Drivers/STM32F4xx_HAL_Driver/Src/stm32f4xx_hal_can.c **** 
 454              		.loc 1 923 7 is_stmt 1 view .LVU142
 455 0062 344B     		ldr	r3, .L53
 456 0064 D3F80C02 		ldr	r0, [r3, #524]
 457 0068 0CEA0000 		and	r0, ip, r0
 458 006c C3F80C02 		str	r0, [r3, #524]
 927:frameworks/f407/Drivers/STM32F4xx_HAL_Driver/Src/stm32f4xx_hal_can.c ****         ((0x0000FFFFU & (uint32_t)sFilterConfig->FilterMaskIdLow) << 16U) |
 459              		.loc 1 927 7 view .LVU143
 929:frameworks/f407/Drivers/STM32F4xx_HAL_Driver/Src/stm32f4xx_hal_can.c **** 
 460              		.loc 1 929 22 is_stmt 0 view .LVU144
 461 0070 8C88     		ldrh	r4, [r1, #4]
 927:frameworks/f407/Drivers/STM32F4xx_HAL_Driver/Src/stm32f4xx_hal_can.c ****         ((0x0000FFFFU & (uint32_t)sFilterConfig->FilterMaskIdLow) << 16U) |
 462              		.loc 1 927 44 view .LVU145
 463 0072 4869     		ldr	r0, [r1, #20]
 928:frameworks/f407/Drivers/STM32F4xx_HAL_Driver/Src/stm32f4xx_hal_can.c ****         (0x0000FFFFU & (uint32_t)sFilterConfig->FilterIdLow);
 464              		.loc 1 928 75 view .LVU146
 465 0074 CD68     		ldr	r5, [r1, #12]
 466 0076 44EA0544 		orr	r4, r4, r5, lsl #16
 927:frameworks/f407/Drivers/STM32F4xx_HAL_Driver/Src/stm32f4xx_hal_can.c ****         ((0x0000FFFFU & (uint32_t)sFilterConfig->FilterMaskIdLow) << 16U) |
 467              		.loc 1 927 62 view .LVU147
 468 007a 4830     		adds	r0, r0, #72
 469 007c 43F83040 		str	r4, [r3, r0, lsl #3]
 933:frameworks/f407/Drivers/STM32F4xx_HAL_Driver/Src/stm32f4xx_hal_can.c ****         ((0x0000FFFFU & (uint32_t)sFilterConfig->FilterMaskIdHigh) << 16U) |
 470              		.loc 1 933 7 is_stmt 1 view .LVU148
 934:frameworks/f407/Drivers/STM32F4xx_HAL_Driver/Src/stm32f4xx_hal_can.c ****         (0x0000FFFFU & (uint32_t)sFilterConfig->FilterIdHigh);
 471              		.loc 1 934 48 is_stmt 0 view .LVU149
 472 0080 8C68     		ldr	r4, [r1, #8]
 935:frameworks/f407/Drivers/STM32F4xx_HAL_Driver/Src/stm32f4xx_hal_can.c ****     }
 473              		.loc 1 935 22 view .LVU150
 474 0082 0888     		ldrh	r0, [r1]
 934:frameworks/f407/Drivers/STM32F4xx_HAL_Driver/Src/stm32f4xx_hal_can.c ****         (0x0000FFFFU & (uint32_t)sFilterConfig->FilterIdHigh);
ARM GAS  C:\Users\honor\AppData\Local\Temp\ccqm0Nze.s 			page 29


 475              		.loc 1 934 76 view .LVU151
 476 0084 40EA0440 		orr	r0, r0, r4, lsl #16
 933:frameworks/f407/Drivers/STM32F4xx_HAL_Driver/Src/stm32f4xx_hal_can.c ****         ((0x0000FFFFU & (uint32_t)sFilterConfig->FilterMaskIdHigh) << 16U) |
 477              		.loc 1 933 62 view .LVU152
 478 0088 4C69     		ldr	r4, [r1, #20]
 479 008a 04F1480E 		add	lr, r4, #72
 480 008e 03EBCE03 		add	r3, r3, lr, lsl #3
 481 0092 5860     		str	r0, [r3, #4]
 482              	.L38:
 938:frameworks/f407/Drivers/STM32F4xx_HAL_Driver/Src/stm32f4xx_hal_can.c ****     {
 483              		.loc 1 938 5 is_stmt 1 view .LVU153
 938:frameworks/f407/Drivers/STM32F4xx_HAL_Driver/Src/stm32f4xx_hal_can.c ****     {
 484              		.loc 1 938 22 is_stmt 0 view .LVU154
 485 0094 CB69     		ldr	r3, [r1, #28]
 938:frameworks/f407/Drivers/STM32F4xx_HAL_Driver/Src/stm32f4xx_hal_can.c ****     {
 486              		.loc 1 938 8 view .LVU155
 487 0096 012B     		cmp	r3, #1
 488 0098 1ED0     		beq	.L51
 489              	.L39:
 955:frameworks/f407/Drivers/STM32F4xx_HAL_Driver/Src/stm32f4xx_hal_can.c ****     {
 490              		.loc 1 955 5 is_stmt 1 view .LVU156
 955:frameworks/f407/Drivers/STM32F4xx_HAL_Driver/Src/stm32f4xx_hal_can.c ****     {
 491              		.loc 1 955 22 is_stmt 0 view .LVU157
 492 009a 8B69     		ldr	r3, [r1, #24]
 955:frameworks/f407/Drivers/STM32F4xx_HAL_Driver/Src/stm32f4xx_hal_can.c ****     {
 493              		.loc 1 955 8 view .LVU158
 494 009c 002B     		cmp	r3, #0
 495 009e 33D1     		bne	.L40
 958:frameworks/f407/Drivers/STM32F4xx_HAL_Driver/Src/stm32f4xx_hal_can.c ****     }
 496              		.loc 1 958 7 is_stmt 1 view .LVU159
 497 00a0 2448     		ldr	r0, .L53
 498 00a2 D0F80432 		ldr	r3, [r0, #516]
 499 00a6 0CEA0303 		and	r3, ip, r3
 500 00aa C0F80432 		str	r3, [r0, #516]
 501              	.L41:
 967:frameworks/f407/Drivers/STM32F4xx_HAL_Driver/Src/stm32f4xx_hal_can.c ****     {
 502              		.loc 1 967 5 view .LVU160
 967:frameworks/f407/Drivers/STM32F4xx_HAL_Driver/Src/stm32f4xx_hal_can.c ****     {
 503              		.loc 1 967 22 is_stmt 0 view .LVU161
 504 00ae 0B69     		ldr	r3, [r1, #16]
 967:frameworks/f407/Drivers/STM32F4xx_HAL_Driver/Src/stm32f4xx_hal_can.c ****     {
 505              		.loc 1 967 8 view .LVU162
 506 00b0 8BBB     		cbnz	r3, .L42
 970:frameworks/f407/Drivers/STM32F4xx_HAL_Driver/Src/stm32f4xx_hal_can.c ****     }
 507              		.loc 1 970 7 is_stmt 1 view .LVU163
 508 00b2 2048     		ldr	r0, .L53
 509 00b4 D0F81432 		ldr	r3, [r0, #532]
 510 00b8 0CEA0303 		and	r3, ip, r3
 511 00bc C0F81432 		str	r3, [r0, #532]
 512              	.L43:
 979:frameworks/f407/Drivers/STM32F4xx_HAL_Driver/Src/stm32f4xx_hal_can.c ****     {
 513              		.loc 1 979 5 view .LVU164
 979:frameworks/f407/Drivers/STM32F4xx_HAL_Driver/Src/stm32f4xx_hal_can.c ****     {
 514              		.loc 1 979 22 is_stmt 0 view .LVU165
 515 00c0 0B6A     		ldr	r3, [r1, #32]
 979:frameworks/f407/Drivers/STM32F4xx_HAL_Driver/Src/stm32f4xx_hal_can.c ****     {
 516              		.loc 1 979 8 view .LVU166
ARM GAS  C:\Users\honor\AppData\Local\Temp\ccqm0Nze.s 			page 30


 517 00c2 012B     		cmp	r3, #1
 518 00c4 2ED0     		beq	.L52
 519              	.LVL23:
 520              	.L44:
 985:frameworks/f407/Drivers/STM32F4xx_HAL_Driver/Src/stm32f4xx_hal_can.c **** 
 521              		.loc 1 985 5 is_stmt 1 view .LVU167
 522 00c6 1B4A     		ldr	r2, .L53
 523 00c8 D2F80032 		ldr	r3, [r2, #512]
 524 00cc 23F00103 		bic	r3, r3, #1
 525 00d0 C2F80032 		str	r3, [r2, #512]
 988:frameworks/f407/Drivers/STM32F4xx_HAL_Driver/Src/stm32f4xx_hal_can.c ****   }
 526              		.loc 1 988 5 view .LVU168
 988:frameworks/f407/Drivers/STM32F4xx_HAL_Driver/Src/stm32f4xx_hal_can.c ****   }
 527              		.loc 1 988 12 is_stmt 0 view .LVU169
 528 00d4 0020     		movs	r0, #0
 529              		.loc 1 997 1 view .LVU170
 530 00d6 30BD     		pop	{r4, r5, pc}
 531              	.LVL24:
 532              	.L51:
 941:frameworks/f407/Drivers/STM32F4xx_HAL_Driver/Src/stm32f4xx_hal_can.c **** 
 533              		.loc 1 941 7 is_stmt 1 view .LVU171
 534 00d8 164B     		ldr	r3, .L53
 535 00da D3F80C02 		ldr	r0, [r3, #524]
 536 00de 1043     		orrs	r0, r0, r2
 537 00e0 C3F80C02 		str	r0, [r3, #524]
 944:frameworks/f407/Drivers/STM32F4xx_HAL_Driver/Src/stm32f4xx_hal_can.c ****         ((0x0000FFFFU & (uint32_t)sFilterConfig->FilterIdHigh) << 16U) |
 538              		.loc 1 944 7 view .LVU172
 946:frameworks/f407/Drivers/STM32F4xx_HAL_Driver/Src/stm32f4xx_hal_can.c **** 
 539              		.loc 1 946 22 is_stmt 0 view .LVU173
 540 00e4 8C88     		ldrh	r4, [r1, #4]
 944:frameworks/f407/Drivers/STM32F4xx_HAL_Driver/Src/stm32f4xx_hal_can.c ****         ((0x0000FFFFU & (uint32_t)sFilterConfig->FilterIdHigh) << 16U) |
 541              		.loc 1 944 44 view .LVU174
 542 00e6 4869     		ldr	r0, [r1, #20]
 945:frameworks/f407/Drivers/STM32F4xx_HAL_Driver/Src/stm32f4xx_hal_can.c ****         (0x0000FFFFU & (uint32_t)sFilterConfig->FilterIdLow);
 543              		.loc 1 945 72 view .LVU175
 544 00e8 0D68     		ldr	r5, [r1]
 545 00ea 44EA0544 		orr	r4, r4, r5, lsl #16
 944:frameworks/f407/Drivers/STM32F4xx_HAL_Driver/Src/stm32f4xx_hal_can.c ****         ((0x0000FFFFU & (uint32_t)sFilterConfig->FilterIdHigh) << 16U) |
 546              		.loc 1 944 62 view .LVU176
 547 00ee 4830     		adds	r0, r0, #72
 548 00f0 43F83040 		str	r4, [r3, r0, lsl #3]
 949:frameworks/f407/Drivers/STM32F4xx_HAL_Driver/Src/stm32f4xx_hal_can.c ****         ((0x0000FFFFU & (uint32_t)sFilterConfig->FilterMaskIdHigh) << 16U) |
 549              		.loc 1 949 7 is_stmt 1 view .LVU177
 951:frameworks/f407/Drivers/STM32F4xx_HAL_Driver/Src/stm32f4xx_hal_can.c ****     }
 550              		.loc 1 951 22 is_stmt 0 view .LVU178
 551 00f4 8889     		ldrh	r0, [r1, #12]
 949:frameworks/f407/Drivers/STM32F4xx_HAL_Driver/Src/stm32f4xx_hal_can.c ****         ((0x0000FFFFU & (uint32_t)sFilterConfig->FilterMaskIdHigh) << 16U) |
 552              		.loc 1 949 44 view .LVU179
 553 00f6 4C69     		ldr	r4, [r1, #20]
 950:frameworks/f407/Drivers/STM32F4xx_HAL_Driver/Src/stm32f4xx_hal_can.c ****         (0x0000FFFFU & (uint32_t)sFilterConfig->FilterMaskIdLow);
 554              		.loc 1 950 76 view .LVU180
 555 00f8 8D68     		ldr	r5, [r1, #8]
 556 00fa 40EA0540 		orr	r0, r0, r5, lsl #16
 949:frameworks/f407/Drivers/STM32F4xx_HAL_Driver/Src/stm32f4xx_hal_can.c ****         ((0x0000FFFFU & (uint32_t)sFilterConfig->FilterMaskIdHigh) << 16U) |
 557              		.loc 1 949 62 view .LVU181
 558 00fe 4834     		adds	r4, r4, #72
 559 0100 03EBC403 		add	r3, r3, r4, lsl #3
ARM GAS  C:\Users\honor\AppData\Local\Temp\ccqm0Nze.s 			page 31


 560 0104 5860     		str	r0, [r3, #4]
 561 0106 C8E7     		b	.L39
 562              	.L40:
 963:frameworks/f407/Drivers/STM32F4xx_HAL_Driver/Src/stm32f4xx_hal_can.c ****     }
 563              		.loc 1 963 7 is_stmt 1 view .LVU182
 564 0108 0A48     		ldr	r0, .L53
 565 010a D0F80432 		ldr	r3, [r0, #516]
 566 010e 1343     		orrs	r3, r3, r2
 567 0110 C0F80432 		str	r3, [r0, #516]
 568 0114 CBE7     		b	.L41
 569              	.L42:
 975:frameworks/f407/Drivers/STM32F4xx_HAL_Driver/Src/stm32f4xx_hal_can.c ****     }
 570              		.loc 1 975 7 view .LVU183
 571 0116 0748     		ldr	r0, .L53
 572 0118 D0F81432 		ldr	r3, [r0, #532]
 573 011c 1343     		orrs	r3, r3, r2
 574 011e C0F81432 		str	r3, [r0, #532]
 575 0122 CDE7     		b	.L43
 576              	.L52:
 981:frameworks/f407/Drivers/STM32F4xx_HAL_Driver/Src/stm32f4xx_hal_can.c ****     }
 577              		.loc 1 981 7 view .LVU184
 578 0124 0349     		ldr	r1, .L53
 579              	.LVL25:
 981:frameworks/f407/Drivers/STM32F4xx_HAL_Driver/Src/stm32f4xx_hal_can.c ****     }
 580              		.loc 1 981 7 is_stmt 0 view .LVU185
 581 0126 D1F81C32 		ldr	r3, [r1, #540]
 582 012a 1A43     		orrs	r2, r2, r3
 583              	.LVL26:
 981:frameworks/f407/Drivers/STM32F4xx_HAL_Driver/Src/stm32f4xx_hal_can.c ****     }
 584              		.loc 1 981 7 view .LVU186
 585 012c C1F81C22 		str	r2, [r1, #540]
 586 0130 C9E7     		b	.L44
 587              	.L54:
 588 0132 00BF     		.align	2
 589              	.L53:
 590 0134 00640040 		.word	1073767424
 591              		.cfi_endproc
 592              	.LFE243:
 594              		.section	.text.HAL_CAN_Start,"ax",%progbits
 595              		.align	1
 596              		.global	HAL_CAN_Start
 597              		.syntax unified
 598              		.thumb
 599              		.thumb_func
 601              	HAL_CAN_Start:
 602              	.LVL27:
 603              	.LFB244:
 998:frameworks/f407/Drivers/STM32F4xx_HAL_Driver/Src/stm32f4xx_hal_can.c **** 
 999:frameworks/f407/Drivers/STM32F4xx_HAL_Driver/Src/stm32f4xx_hal_can.c **** /**
1000:frameworks/f407/Drivers/STM32F4xx_HAL_Driver/Src/stm32f4xx_hal_can.c ****   * @}
1001:frameworks/f407/Drivers/STM32F4xx_HAL_Driver/Src/stm32f4xx_hal_can.c ****   */
1002:frameworks/f407/Drivers/STM32F4xx_HAL_Driver/Src/stm32f4xx_hal_can.c **** 
1003:frameworks/f407/Drivers/STM32F4xx_HAL_Driver/Src/stm32f4xx_hal_can.c **** /** @defgroup CAN_Exported_Functions_Group3 Control functions
1004:frameworks/f407/Drivers/STM32F4xx_HAL_Driver/Src/stm32f4xx_hal_can.c ****   * @brief    Control functions
1005:frameworks/f407/Drivers/STM32F4xx_HAL_Driver/Src/stm32f4xx_hal_can.c ****   *
1006:frameworks/f407/Drivers/STM32F4xx_HAL_Driver/Src/stm32f4xx_hal_can.c **** @verbatim
1007:frameworks/f407/Drivers/STM32F4xx_HAL_Driver/Src/stm32f4xx_hal_can.c ****   ==============================================================================
ARM GAS  C:\Users\honor\AppData\Local\Temp\ccqm0Nze.s 			page 32


1008:frameworks/f407/Drivers/STM32F4xx_HAL_Driver/Src/stm32f4xx_hal_can.c ****                       ##### Control functions #####
1009:frameworks/f407/Drivers/STM32F4xx_HAL_Driver/Src/stm32f4xx_hal_can.c ****   ==============================================================================
1010:frameworks/f407/Drivers/STM32F4xx_HAL_Driver/Src/stm32f4xx_hal_can.c ****     [..]  This section provides functions allowing to:
1011:frameworks/f407/Drivers/STM32F4xx_HAL_Driver/Src/stm32f4xx_hal_can.c ****       (+) HAL_CAN_Start                    : Start the CAN module
1012:frameworks/f407/Drivers/STM32F4xx_HAL_Driver/Src/stm32f4xx_hal_can.c ****       (+) HAL_CAN_Stop                     : Stop the CAN module
1013:frameworks/f407/Drivers/STM32F4xx_HAL_Driver/Src/stm32f4xx_hal_can.c ****       (+) HAL_CAN_RequestSleep             : Request sleep mode entry.
1014:frameworks/f407/Drivers/STM32F4xx_HAL_Driver/Src/stm32f4xx_hal_can.c ****       (+) HAL_CAN_WakeUp                   : Wake up from sleep mode.
1015:frameworks/f407/Drivers/STM32F4xx_HAL_Driver/Src/stm32f4xx_hal_can.c ****       (+) HAL_CAN_IsSleepActive            : Check is sleep mode is active.
1016:frameworks/f407/Drivers/STM32F4xx_HAL_Driver/Src/stm32f4xx_hal_can.c ****       (+) HAL_CAN_AddTxMessage             : Add a message to the Tx mailboxes
1017:frameworks/f407/Drivers/STM32F4xx_HAL_Driver/Src/stm32f4xx_hal_can.c ****                                              and activate the corresponding
1018:frameworks/f407/Drivers/STM32F4xx_HAL_Driver/Src/stm32f4xx_hal_can.c ****                                              transmission request
1019:frameworks/f407/Drivers/STM32F4xx_HAL_Driver/Src/stm32f4xx_hal_can.c ****       (+) HAL_CAN_AbortTxRequest           : Abort transmission request
1020:frameworks/f407/Drivers/STM32F4xx_HAL_Driver/Src/stm32f4xx_hal_can.c ****       (+) HAL_CAN_GetTxMailboxesFreeLevel  : Return Tx mailboxes free level
1021:frameworks/f407/Drivers/STM32F4xx_HAL_Driver/Src/stm32f4xx_hal_can.c ****       (+) HAL_CAN_IsTxMessagePending       : Check if a transmission request is
1022:frameworks/f407/Drivers/STM32F4xx_HAL_Driver/Src/stm32f4xx_hal_can.c ****                                              pending on the selected Tx mailbox
1023:frameworks/f407/Drivers/STM32F4xx_HAL_Driver/Src/stm32f4xx_hal_can.c ****       (+) HAL_CAN_GetRxMessage             : Get a CAN frame from the Rx FIFO
1024:frameworks/f407/Drivers/STM32F4xx_HAL_Driver/Src/stm32f4xx_hal_can.c ****       (+) HAL_CAN_GetRxFifoFillLevel       : Return Rx FIFO fill level
1025:frameworks/f407/Drivers/STM32F4xx_HAL_Driver/Src/stm32f4xx_hal_can.c **** 
1026:frameworks/f407/Drivers/STM32F4xx_HAL_Driver/Src/stm32f4xx_hal_can.c **** @endverbatim
1027:frameworks/f407/Drivers/STM32F4xx_HAL_Driver/Src/stm32f4xx_hal_can.c ****   * @{
1028:frameworks/f407/Drivers/STM32F4xx_HAL_Driver/Src/stm32f4xx_hal_can.c ****   */
1029:frameworks/f407/Drivers/STM32F4xx_HAL_Driver/Src/stm32f4xx_hal_can.c **** 
1030:frameworks/f407/Drivers/STM32F4xx_HAL_Driver/Src/stm32f4xx_hal_can.c **** /**
1031:frameworks/f407/Drivers/STM32F4xx_HAL_Driver/Src/stm32f4xx_hal_can.c ****   * @brief  Start the CAN module.
1032:frameworks/f407/Drivers/STM32F4xx_HAL_Driver/Src/stm32f4xx_hal_can.c ****   * @param  hcan pointer to an CAN_HandleTypeDef structure that contains
1033:frameworks/f407/Drivers/STM32F4xx_HAL_Driver/Src/stm32f4xx_hal_can.c ****   *         the configuration information for the specified CAN.
1034:frameworks/f407/Drivers/STM32F4xx_HAL_Driver/Src/stm32f4xx_hal_can.c ****   * @retval HAL status
1035:frameworks/f407/Drivers/STM32F4xx_HAL_Driver/Src/stm32f4xx_hal_can.c ****   */
1036:frameworks/f407/Drivers/STM32F4xx_HAL_Driver/Src/stm32f4xx_hal_can.c **** HAL_StatusTypeDef HAL_CAN_Start(CAN_HandleTypeDef *hcan)
1037:frameworks/f407/Drivers/STM32F4xx_HAL_Driver/Src/stm32f4xx_hal_can.c **** {
 604              		.loc 1 1037 1 is_stmt 1 view -0
 605              		.cfi_startproc
 606              		@ args = 0, pretend = 0, frame = 0
 607              		@ frame_needed = 0, uses_anonymous_args = 0
 608              		.loc 1 1037 1 is_stmt 0 view .LVU188
 609 0000 70B5     		push	{r4, r5, r6, lr}
 610              	.LCFI3:
 611              		.cfi_def_cfa_offset 16
 612              		.cfi_offset 4, -16
 613              		.cfi_offset 5, -12
 614              		.cfi_offset 6, -8
 615              		.cfi_offset 14, -4
 616 0002 0446     		mov	r4, r0
1038:frameworks/f407/Drivers/STM32F4xx_HAL_Driver/Src/stm32f4xx_hal_can.c ****   uint32_t tickstart;
 617              		.loc 1 1038 3 is_stmt 1 view .LVU189
1039:frameworks/f407/Drivers/STM32F4xx_HAL_Driver/Src/stm32f4xx_hal_can.c **** 
1040:frameworks/f407/Drivers/STM32F4xx_HAL_Driver/Src/stm32f4xx_hal_can.c ****   if (hcan->State == HAL_CAN_STATE_READY)
 618              		.loc 1 1040 3 view .LVU190
 619              		.loc 1 1040 11 is_stmt 0 view .LVU191
 620 0004 90F82050 		ldrb	r5, [r0, #32]	@ zero_extendqisi2
 621 0008 EDB2     		uxtb	r5, r5
 622              		.loc 1 1040 6 view .LVU192
 623 000a 012D     		cmp	r5, #1
 624 000c 06D0     		beq	.L61
1041:frameworks/f407/Drivers/STM32F4xx_HAL_Driver/Src/stm32f4xx_hal_can.c ****   {
1042:frameworks/f407/Drivers/STM32F4xx_HAL_Driver/Src/stm32f4xx_hal_can.c ****     /* Change CAN peripheral state */
1043:frameworks/f407/Drivers/STM32F4xx_HAL_Driver/Src/stm32f4xx_hal_can.c ****     hcan->State = HAL_CAN_STATE_LISTENING;
ARM GAS  C:\Users\honor\AppData\Local\Temp\ccqm0Nze.s 			page 33


1044:frameworks/f407/Drivers/STM32F4xx_HAL_Driver/Src/stm32f4xx_hal_can.c **** 
1045:frameworks/f407/Drivers/STM32F4xx_HAL_Driver/Src/stm32f4xx_hal_can.c ****     /* Request leave initialisation */
1046:frameworks/f407/Drivers/STM32F4xx_HAL_Driver/Src/stm32f4xx_hal_can.c ****     CLEAR_BIT(hcan->Instance->MCR, CAN_MCR_INRQ);
1047:frameworks/f407/Drivers/STM32F4xx_HAL_Driver/Src/stm32f4xx_hal_can.c **** 
1048:frameworks/f407/Drivers/STM32F4xx_HAL_Driver/Src/stm32f4xx_hal_can.c ****     /* Get tick */
1049:frameworks/f407/Drivers/STM32F4xx_HAL_Driver/Src/stm32f4xx_hal_can.c ****     tickstart = HAL_GetTick();
1050:frameworks/f407/Drivers/STM32F4xx_HAL_Driver/Src/stm32f4xx_hal_can.c **** 
1051:frameworks/f407/Drivers/STM32F4xx_HAL_Driver/Src/stm32f4xx_hal_can.c ****     /* Wait the acknowledge */
1052:frameworks/f407/Drivers/STM32F4xx_HAL_Driver/Src/stm32f4xx_hal_can.c ****     while ((hcan->Instance->MSR & CAN_MSR_INAK) != 0U)
1053:frameworks/f407/Drivers/STM32F4xx_HAL_Driver/Src/stm32f4xx_hal_can.c ****     {
1054:frameworks/f407/Drivers/STM32F4xx_HAL_Driver/Src/stm32f4xx_hal_can.c ****       /* Check for the Timeout */
1055:frameworks/f407/Drivers/STM32F4xx_HAL_Driver/Src/stm32f4xx_hal_can.c ****       if ((HAL_GetTick() - tickstart) > CAN_TIMEOUT_VALUE)
1056:frameworks/f407/Drivers/STM32F4xx_HAL_Driver/Src/stm32f4xx_hal_can.c ****       {
1057:frameworks/f407/Drivers/STM32F4xx_HAL_Driver/Src/stm32f4xx_hal_can.c ****         /* Update error code */
1058:frameworks/f407/Drivers/STM32F4xx_HAL_Driver/Src/stm32f4xx_hal_can.c ****         hcan->ErrorCode |= HAL_CAN_ERROR_TIMEOUT;
1059:frameworks/f407/Drivers/STM32F4xx_HAL_Driver/Src/stm32f4xx_hal_can.c **** 
1060:frameworks/f407/Drivers/STM32F4xx_HAL_Driver/Src/stm32f4xx_hal_can.c ****         /* Change CAN state */
1061:frameworks/f407/Drivers/STM32F4xx_HAL_Driver/Src/stm32f4xx_hal_can.c ****         hcan->State = HAL_CAN_STATE_ERROR;
1062:frameworks/f407/Drivers/STM32F4xx_HAL_Driver/Src/stm32f4xx_hal_can.c **** 
1063:frameworks/f407/Drivers/STM32F4xx_HAL_Driver/Src/stm32f4xx_hal_can.c ****         return HAL_ERROR;
1064:frameworks/f407/Drivers/STM32F4xx_HAL_Driver/Src/stm32f4xx_hal_can.c ****       }
1065:frameworks/f407/Drivers/STM32F4xx_HAL_Driver/Src/stm32f4xx_hal_can.c ****     }
1066:frameworks/f407/Drivers/STM32F4xx_HAL_Driver/Src/stm32f4xx_hal_can.c **** 
1067:frameworks/f407/Drivers/STM32F4xx_HAL_Driver/Src/stm32f4xx_hal_can.c ****     /* Reset the CAN ErrorCode */
1068:frameworks/f407/Drivers/STM32F4xx_HAL_Driver/Src/stm32f4xx_hal_can.c ****     hcan->ErrorCode = HAL_CAN_ERROR_NONE;
1069:frameworks/f407/Drivers/STM32F4xx_HAL_Driver/Src/stm32f4xx_hal_can.c **** 
1070:frameworks/f407/Drivers/STM32F4xx_HAL_Driver/Src/stm32f4xx_hal_can.c ****     /* Return function status */
1071:frameworks/f407/Drivers/STM32F4xx_HAL_Driver/Src/stm32f4xx_hal_can.c ****     return HAL_OK;
1072:frameworks/f407/Drivers/STM32F4xx_HAL_Driver/Src/stm32f4xx_hal_can.c ****   }
1073:frameworks/f407/Drivers/STM32F4xx_HAL_Driver/Src/stm32f4xx_hal_can.c ****   else
1074:frameworks/f407/Drivers/STM32F4xx_HAL_Driver/Src/stm32f4xx_hal_can.c ****   {
1075:frameworks/f407/Drivers/STM32F4xx_HAL_Driver/Src/stm32f4xx_hal_can.c ****     /* Update error code */
1076:frameworks/f407/Drivers/STM32F4xx_HAL_Driver/Src/stm32f4xx_hal_can.c ****     hcan->ErrorCode |= HAL_CAN_ERROR_NOT_READY;
 625              		.loc 1 1076 5 is_stmt 1 view .LVU193
 626              		.loc 1 1076 21 is_stmt 0 view .LVU194
 627 000e 436A     		ldr	r3, [r0, #36]
 628 0010 43F40023 		orr	r3, r3, #524288
 629 0014 4362     		str	r3, [r0, #36]
1077:frameworks/f407/Drivers/STM32F4xx_HAL_Driver/Src/stm32f4xx_hal_can.c **** 
1078:frameworks/f407/Drivers/STM32F4xx_HAL_Driver/Src/stm32f4xx_hal_can.c ****     return HAL_ERROR;
 630              		.loc 1 1078 5 is_stmt 1 view .LVU195
 631              		.loc 1 1078 12 is_stmt 0 view .LVU196
 632 0016 0125     		movs	r5, #1
 633              	.LVL28:
 634              	.L58:
1079:frameworks/f407/Drivers/STM32F4xx_HAL_Driver/Src/stm32f4xx_hal_can.c ****   }
1080:frameworks/f407/Drivers/STM32F4xx_HAL_Driver/Src/stm32f4xx_hal_can.c **** }
 635              		.loc 1 1080 1 view .LVU197
 636 0018 2846     		mov	r0, r5
 637 001a 70BD     		pop	{r4, r5, r6, pc}
 638              	.LVL29:
 639              	.L61:
1043:frameworks/f407/Drivers/STM32F4xx_HAL_Driver/Src/stm32f4xx_hal_can.c **** 
 640              		.loc 1 1043 5 is_stmt 1 view .LVU198
1043:frameworks/f407/Drivers/STM32F4xx_HAL_Driver/Src/stm32f4xx_hal_can.c **** 
 641              		.loc 1 1043 17 is_stmt 0 view .LVU199
 642 001c 0223     		movs	r3, #2
ARM GAS  C:\Users\honor\AppData\Local\Temp\ccqm0Nze.s 			page 34


 643 001e 80F82030 		strb	r3, [r0, #32]
1046:frameworks/f407/Drivers/STM32F4xx_HAL_Driver/Src/stm32f4xx_hal_can.c **** 
 644              		.loc 1 1046 5 is_stmt 1 view .LVU200
 645 0022 0268     		ldr	r2, [r0]
 646 0024 1368     		ldr	r3, [r2]
 647 0026 23F00103 		bic	r3, r3, #1
 648 002a 1360     		str	r3, [r2]
1049:frameworks/f407/Drivers/STM32F4xx_HAL_Driver/Src/stm32f4xx_hal_can.c **** 
 649              		.loc 1 1049 5 view .LVU201
1049:frameworks/f407/Drivers/STM32F4xx_HAL_Driver/Src/stm32f4xx_hal_can.c **** 
 650              		.loc 1 1049 17 is_stmt 0 view .LVU202
 651 002c FFF7FEFF 		bl	HAL_GetTick
 652              	.LVL30:
1049:frameworks/f407/Drivers/STM32F4xx_HAL_Driver/Src/stm32f4xx_hal_can.c **** 
 653              		.loc 1 1049 17 view .LVU203
 654 0030 0646     		mov	r6, r0
 655              	.LVL31:
1052:frameworks/f407/Drivers/STM32F4xx_HAL_Driver/Src/stm32f4xx_hal_can.c ****     {
 656              		.loc 1 1052 5 is_stmt 1 view .LVU204
 657              	.L57:
1052:frameworks/f407/Drivers/STM32F4xx_HAL_Driver/Src/stm32f4xx_hal_can.c ****     {
 658              		.loc 1 1052 11 view .LVU205
1052:frameworks/f407/Drivers/STM32F4xx_HAL_Driver/Src/stm32f4xx_hal_can.c ****     {
 659              		.loc 1 1052 17 is_stmt 0 view .LVU206
 660 0032 2368     		ldr	r3, [r4]
1052:frameworks/f407/Drivers/STM32F4xx_HAL_Driver/Src/stm32f4xx_hal_can.c ****     {
 661              		.loc 1 1052 27 view .LVU207
 662 0034 5B68     		ldr	r3, [r3, #4]
1052:frameworks/f407/Drivers/STM32F4xx_HAL_Driver/Src/stm32f4xx_hal_can.c ****     {
 663              		.loc 1 1052 11 view .LVU208
 664 0036 13F0010F 		tst	r3, #1
 665 003a 0CD0     		beq	.L62
1055:frameworks/f407/Drivers/STM32F4xx_HAL_Driver/Src/stm32f4xx_hal_can.c ****       {
 666              		.loc 1 1055 7 is_stmt 1 view .LVU209
1055:frameworks/f407/Drivers/STM32F4xx_HAL_Driver/Src/stm32f4xx_hal_can.c ****       {
 667              		.loc 1 1055 12 is_stmt 0 view .LVU210
 668 003c FFF7FEFF 		bl	HAL_GetTick
 669              	.LVL32:
1055:frameworks/f407/Drivers/STM32F4xx_HAL_Driver/Src/stm32f4xx_hal_can.c ****       {
 670              		.loc 1 1055 26 view .LVU211
 671 0040 831B     		subs	r3, r0, r6
1055:frameworks/f407/Drivers/STM32F4xx_HAL_Driver/Src/stm32f4xx_hal_can.c ****       {
 672              		.loc 1 1055 10 view .LVU212
 673 0042 0A2B     		cmp	r3, #10
 674 0044 F5D9     		bls	.L57
1058:frameworks/f407/Drivers/STM32F4xx_HAL_Driver/Src/stm32f4xx_hal_can.c **** 
 675              		.loc 1 1058 9 is_stmt 1 view .LVU213
1058:frameworks/f407/Drivers/STM32F4xx_HAL_Driver/Src/stm32f4xx_hal_can.c **** 
 676              		.loc 1 1058 25 is_stmt 0 view .LVU214
 677 0046 636A     		ldr	r3, [r4, #36]
 678 0048 43F40033 		orr	r3, r3, #131072
 679 004c 6362     		str	r3, [r4, #36]
1061:frameworks/f407/Drivers/STM32F4xx_HAL_Driver/Src/stm32f4xx_hal_can.c **** 
 680              		.loc 1 1061 9 is_stmt 1 view .LVU215
1061:frameworks/f407/Drivers/STM32F4xx_HAL_Driver/Src/stm32f4xx_hal_can.c **** 
 681              		.loc 1 1061 21 is_stmt 0 view .LVU216
 682 004e 0523     		movs	r3, #5
ARM GAS  C:\Users\honor\AppData\Local\Temp\ccqm0Nze.s 			page 35


 683 0050 84F82030 		strb	r3, [r4, #32]
1063:frameworks/f407/Drivers/STM32F4xx_HAL_Driver/Src/stm32f4xx_hal_can.c ****       }
 684              		.loc 1 1063 9 is_stmt 1 view .LVU217
1063:frameworks/f407/Drivers/STM32F4xx_HAL_Driver/Src/stm32f4xx_hal_can.c ****       }
 685              		.loc 1 1063 16 is_stmt 0 view .LVU218
 686 0054 E0E7     		b	.L58
 687              	.L62:
1068:frameworks/f407/Drivers/STM32F4xx_HAL_Driver/Src/stm32f4xx_hal_can.c **** 
 688              		.loc 1 1068 5 is_stmt 1 view .LVU219
1068:frameworks/f407/Drivers/STM32F4xx_HAL_Driver/Src/stm32f4xx_hal_can.c **** 
 689              		.loc 1 1068 21 is_stmt 0 view .LVU220
 690 0056 0025     		movs	r5, #0
 691 0058 6562     		str	r5, [r4, #36]
1071:frameworks/f407/Drivers/STM32F4xx_HAL_Driver/Src/stm32f4xx_hal_can.c ****   }
 692              		.loc 1 1071 5 is_stmt 1 view .LVU221
1071:frameworks/f407/Drivers/STM32F4xx_HAL_Driver/Src/stm32f4xx_hal_can.c ****   }
 693              		.loc 1 1071 12 is_stmt 0 view .LVU222
 694 005a DDE7     		b	.L58
 695              		.cfi_endproc
 696              	.LFE244:
 698              		.section	.text.HAL_CAN_Stop,"ax",%progbits
 699              		.align	1
 700              		.global	HAL_CAN_Stop
 701              		.syntax unified
 702              		.thumb
 703              		.thumb_func
 705              	HAL_CAN_Stop:
 706              	.LVL33:
 707              	.LFB245:
1081:frameworks/f407/Drivers/STM32F4xx_HAL_Driver/Src/stm32f4xx_hal_can.c **** 
1082:frameworks/f407/Drivers/STM32F4xx_HAL_Driver/Src/stm32f4xx_hal_can.c **** /**
1083:frameworks/f407/Drivers/STM32F4xx_HAL_Driver/Src/stm32f4xx_hal_can.c ****   * @brief  Stop the CAN module and enable access to configuration registers.
1084:frameworks/f407/Drivers/STM32F4xx_HAL_Driver/Src/stm32f4xx_hal_can.c ****   * @param  hcan pointer to an CAN_HandleTypeDef structure that contains
1085:frameworks/f407/Drivers/STM32F4xx_HAL_Driver/Src/stm32f4xx_hal_can.c ****   *         the configuration information for the specified CAN.
1086:frameworks/f407/Drivers/STM32F4xx_HAL_Driver/Src/stm32f4xx_hal_can.c ****   * @retval HAL status
1087:frameworks/f407/Drivers/STM32F4xx_HAL_Driver/Src/stm32f4xx_hal_can.c ****   */
1088:frameworks/f407/Drivers/STM32F4xx_HAL_Driver/Src/stm32f4xx_hal_can.c **** HAL_StatusTypeDef HAL_CAN_Stop(CAN_HandleTypeDef *hcan)
1089:frameworks/f407/Drivers/STM32F4xx_HAL_Driver/Src/stm32f4xx_hal_can.c **** {
 708              		.loc 1 1089 1 is_stmt 1 view -0
 709              		.cfi_startproc
 710              		@ args = 0, pretend = 0, frame = 0
 711              		@ frame_needed = 0, uses_anonymous_args = 0
 712              		.loc 1 1089 1 is_stmt 0 view .LVU224
 713 0000 38B5     		push	{r3, r4, r5, lr}
 714              	.LCFI4:
 715              		.cfi_def_cfa_offset 16
 716              		.cfi_offset 3, -16
 717              		.cfi_offset 4, -12
 718              		.cfi_offset 5, -8
 719              		.cfi_offset 14, -4
 720 0002 0446     		mov	r4, r0
1090:frameworks/f407/Drivers/STM32F4xx_HAL_Driver/Src/stm32f4xx_hal_can.c ****   uint32_t tickstart;
 721              		.loc 1 1090 3 is_stmt 1 view .LVU225
1091:frameworks/f407/Drivers/STM32F4xx_HAL_Driver/Src/stm32f4xx_hal_can.c **** 
1092:frameworks/f407/Drivers/STM32F4xx_HAL_Driver/Src/stm32f4xx_hal_can.c ****   if (hcan->State == HAL_CAN_STATE_LISTENING)
 722              		.loc 1 1092 3 view .LVU226
 723              		.loc 1 1092 11 is_stmt 0 view .LVU227
ARM GAS  C:\Users\honor\AppData\Local\Temp\ccqm0Nze.s 			page 36


 724 0004 90F82030 		ldrb	r3, [r0, #32]	@ zero_extendqisi2
 725 0008 DBB2     		uxtb	r3, r3
 726              		.loc 1 1092 6 view .LVU228
 727 000a 022B     		cmp	r3, #2
 728 000c 05D0     		beq	.L69
1093:frameworks/f407/Drivers/STM32F4xx_HAL_Driver/Src/stm32f4xx_hal_can.c ****   {
1094:frameworks/f407/Drivers/STM32F4xx_HAL_Driver/Src/stm32f4xx_hal_can.c ****     /* Request initialisation */
1095:frameworks/f407/Drivers/STM32F4xx_HAL_Driver/Src/stm32f4xx_hal_can.c ****     SET_BIT(hcan->Instance->MCR, CAN_MCR_INRQ);
1096:frameworks/f407/Drivers/STM32F4xx_HAL_Driver/Src/stm32f4xx_hal_can.c **** 
1097:frameworks/f407/Drivers/STM32F4xx_HAL_Driver/Src/stm32f4xx_hal_can.c ****     /* Get tick */
1098:frameworks/f407/Drivers/STM32F4xx_HAL_Driver/Src/stm32f4xx_hal_can.c ****     tickstart = HAL_GetTick();
1099:frameworks/f407/Drivers/STM32F4xx_HAL_Driver/Src/stm32f4xx_hal_can.c **** 
1100:frameworks/f407/Drivers/STM32F4xx_HAL_Driver/Src/stm32f4xx_hal_can.c ****     /* Wait the acknowledge */
1101:frameworks/f407/Drivers/STM32F4xx_HAL_Driver/Src/stm32f4xx_hal_can.c ****     while ((hcan->Instance->MSR & CAN_MSR_INAK) == 0U)
1102:frameworks/f407/Drivers/STM32F4xx_HAL_Driver/Src/stm32f4xx_hal_can.c ****     {
1103:frameworks/f407/Drivers/STM32F4xx_HAL_Driver/Src/stm32f4xx_hal_can.c ****       /* Check for the Timeout */
1104:frameworks/f407/Drivers/STM32F4xx_HAL_Driver/Src/stm32f4xx_hal_can.c ****       if ((HAL_GetTick() - tickstart) > CAN_TIMEOUT_VALUE)
1105:frameworks/f407/Drivers/STM32F4xx_HAL_Driver/Src/stm32f4xx_hal_can.c ****       {
1106:frameworks/f407/Drivers/STM32F4xx_HAL_Driver/Src/stm32f4xx_hal_can.c ****         /* Update error code */
1107:frameworks/f407/Drivers/STM32F4xx_HAL_Driver/Src/stm32f4xx_hal_can.c ****         hcan->ErrorCode |= HAL_CAN_ERROR_TIMEOUT;
1108:frameworks/f407/Drivers/STM32F4xx_HAL_Driver/Src/stm32f4xx_hal_can.c **** 
1109:frameworks/f407/Drivers/STM32F4xx_HAL_Driver/Src/stm32f4xx_hal_can.c ****         /* Change CAN state */
1110:frameworks/f407/Drivers/STM32F4xx_HAL_Driver/Src/stm32f4xx_hal_can.c ****         hcan->State = HAL_CAN_STATE_ERROR;
1111:frameworks/f407/Drivers/STM32F4xx_HAL_Driver/Src/stm32f4xx_hal_can.c **** 
1112:frameworks/f407/Drivers/STM32F4xx_HAL_Driver/Src/stm32f4xx_hal_can.c ****         return HAL_ERROR;
1113:frameworks/f407/Drivers/STM32F4xx_HAL_Driver/Src/stm32f4xx_hal_can.c ****       }
1114:frameworks/f407/Drivers/STM32F4xx_HAL_Driver/Src/stm32f4xx_hal_can.c ****     }
1115:frameworks/f407/Drivers/STM32F4xx_HAL_Driver/Src/stm32f4xx_hal_can.c **** 
1116:frameworks/f407/Drivers/STM32F4xx_HAL_Driver/Src/stm32f4xx_hal_can.c ****     /* Exit from sleep mode */
1117:frameworks/f407/Drivers/STM32F4xx_HAL_Driver/Src/stm32f4xx_hal_can.c ****     CLEAR_BIT(hcan->Instance->MCR, CAN_MCR_SLEEP);
1118:frameworks/f407/Drivers/STM32F4xx_HAL_Driver/Src/stm32f4xx_hal_can.c **** 
1119:frameworks/f407/Drivers/STM32F4xx_HAL_Driver/Src/stm32f4xx_hal_can.c ****     /* Change CAN peripheral state */
1120:frameworks/f407/Drivers/STM32F4xx_HAL_Driver/Src/stm32f4xx_hal_can.c ****     hcan->State = HAL_CAN_STATE_READY;
1121:frameworks/f407/Drivers/STM32F4xx_HAL_Driver/Src/stm32f4xx_hal_can.c **** 
1122:frameworks/f407/Drivers/STM32F4xx_HAL_Driver/Src/stm32f4xx_hal_can.c ****     /* Return function status */
1123:frameworks/f407/Drivers/STM32F4xx_HAL_Driver/Src/stm32f4xx_hal_can.c ****     return HAL_OK;
1124:frameworks/f407/Drivers/STM32F4xx_HAL_Driver/Src/stm32f4xx_hal_can.c ****   }
1125:frameworks/f407/Drivers/STM32F4xx_HAL_Driver/Src/stm32f4xx_hal_can.c ****   else
1126:frameworks/f407/Drivers/STM32F4xx_HAL_Driver/Src/stm32f4xx_hal_can.c ****   {
1127:frameworks/f407/Drivers/STM32F4xx_HAL_Driver/Src/stm32f4xx_hal_can.c ****     /* Update error code */
1128:frameworks/f407/Drivers/STM32F4xx_HAL_Driver/Src/stm32f4xx_hal_can.c ****     hcan->ErrorCode |= HAL_CAN_ERROR_NOT_STARTED;
 729              		.loc 1 1128 5 is_stmt 1 view .LVU229
 730              		.loc 1 1128 21 is_stmt 0 view .LVU230
 731 000e 436A     		ldr	r3, [r0, #36]
 732 0010 43F48013 		orr	r3, r3, #1048576
 733 0014 4362     		str	r3, [r0, #36]
1129:frameworks/f407/Drivers/STM32F4xx_HAL_Driver/Src/stm32f4xx_hal_can.c **** 
1130:frameworks/f407/Drivers/STM32F4xx_HAL_Driver/Src/stm32f4xx_hal_can.c ****     return HAL_ERROR;
 734              		.loc 1 1130 5 is_stmt 1 view .LVU231
 735              		.loc 1 1130 12 is_stmt 0 view .LVU232
 736 0016 0120     		movs	r0, #1
 737              	.LVL34:
 738              	.L66:
1131:frameworks/f407/Drivers/STM32F4xx_HAL_Driver/Src/stm32f4xx_hal_can.c ****   }
1132:frameworks/f407/Drivers/STM32F4xx_HAL_Driver/Src/stm32f4xx_hal_can.c **** }
 739              		.loc 1 1132 1 view .LVU233
 740 0018 38BD     		pop	{r3, r4, r5, pc}
ARM GAS  C:\Users\honor\AppData\Local\Temp\ccqm0Nze.s 			page 37


 741              	.LVL35:
 742              	.L69:
1095:frameworks/f407/Drivers/STM32F4xx_HAL_Driver/Src/stm32f4xx_hal_can.c **** 
 743              		.loc 1 1095 5 is_stmt 1 view .LVU234
 744 001a 0268     		ldr	r2, [r0]
 745 001c 1368     		ldr	r3, [r2]
 746 001e 43F00103 		orr	r3, r3, #1
 747 0022 1360     		str	r3, [r2]
1098:frameworks/f407/Drivers/STM32F4xx_HAL_Driver/Src/stm32f4xx_hal_can.c **** 
 748              		.loc 1 1098 5 view .LVU235
1098:frameworks/f407/Drivers/STM32F4xx_HAL_Driver/Src/stm32f4xx_hal_can.c **** 
 749              		.loc 1 1098 17 is_stmt 0 view .LVU236
 750 0024 FFF7FEFF 		bl	HAL_GetTick
 751              	.LVL36:
1098:frameworks/f407/Drivers/STM32F4xx_HAL_Driver/Src/stm32f4xx_hal_can.c **** 
 752              		.loc 1 1098 17 view .LVU237
 753 0028 0546     		mov	r5, r0
 754              	.LVL37:
1101:frameworks/f407/Drivers/STM32F4xx_HAL_Driver/Src/stm32f4xx_hal_can.c ****     {
 755              		.loc 1 1101 5 is_stmt 1 view .LVU238
 756              	.L65:
1101:frameworks/f407/Drivers/STM32F4xx_HAL_Driver/Src/stm32f4xx_hal_can.c ****     {
 757              		.loc 1 1101 11 view .LVU239
1101:frameworks/f407/Drivers/STM32F4xx_HAL_Driver/Src/stm32f4xx_hal_can.c ****     {
 758              		.loc 1 1101 17 is_stmt 0 view .LVU240
 759 002a 2368     		ldr	r3, [r4]
1101:frameworks/f407/Drivers/STM32F4xx_HAL_Driver/Src/stm32f4xx_hal_can.c ****     {
 760              		.loc 1 1101 27 view .LVU241
 761 002c 5A68     		ldr	r2, [r3, #4]
1101:frameworks/f407/Drivers/STM32F4xx_HAL_Driver/Src/stm32f4xx_hal_can.c ****     {
 762              		.loc 1 1101 11 view .LVU242
 763 002e 12F0010F 		tst	r2, #1
 764 0032 0DD1     		bne	.L70
1104:frameworks/f407/Drivers/STM32F4xx_HAL_Driver/Src/stm32f4xx_hal_can.c ****       {
 765              		.loc 1 1104 7 is_stmt 1 view .LVU243
1104:frameworks/f407/Drivers/STM32F4xx_HAL_Driver/Src/stm32f4xx_hal_can.c ****       {
 766              		.loc 1 1104 12 is_stmt 0 view .LVU244
 767 0034 FFF7FEFF 		bl	HAL_GetTick
 768              	.LVL38:
1104:frameworks/f407/Drivers/STM32F4xx_HAL_Driver/Src/stm32f4xx_hal_can.c ****       {
 769              		.loc 1 1104 26 view .LVU245
 770 0038 431B     		subs	r3, r0, r5
1104:frameworks/f407/Drivers/STM32F4xx_HAL_Driver/Src/stm32f4xx_hal_can.c ****       {
 771              		.loc 1 1104 10 view .LVU246
 772 003a 0A2B     		cmp	r3, #10
 773 003c F5D9     		bls	.L65
1107:frameworks/f407/Drivers/STM32F4xx_HAL_Driver/Src/stm32f4xx_hal_can.c **** 
 774              		.loc 1 1107 9 is_stmt 1 view .LVU247
1107:frameworks/f407/Drivers/STM32F4xx_HAL_Driver/Src/stm32f4xx_hal_can.c **** 
 775              		.loc 1 1107 25 is_stmt 0 view .LVU248
 776 003e 636A     		ldr	r3, [r4, #36]
 777 0040 43F40033 		orr	r3, r3, #131072
 778 0044 6362     		str	r3, [r4, #36]
1110:frameworks/f407/Drivers/STM32F4xx_HAL_Driver/Src/stm32f4xx_hal_can.c **** 
 779              		.loc 1 1110 9 is_stmt 1 view .LVU249
1110:frameworks/f407/Drivers/STM32F4xx_HAL_Driver/Src/stm32f4xx_hal_can.c **** 
 780              		.loc 1 1110 21 is_stmt 0 view .LVU250
ARM GAS  C:\Users\honor\AppData\Local\Temp\ccqm0Nze.s 			page 38


 781 0046 0523     		movs	r3, #5
 782 0048 84F82030 		strb	r3, [r4, #32]
1112:frameworks/f407/Drivers/STM32F4xx_HAL_Driver/Src/stm32f4xx_hal_can.c ****       }
 783              		.loc 1 1112 9 is_stmt 1 view .LVU251
1112:frameworks/f407/Drivers/STM32F4xx_HAL_Driver/Src/stm32f4xx_hal_can.c ****       }
 784              		.loc 1 1112 16 is_stmt 0 view .LVU252
 785 004c 0120     		movs	r0, #1
 786 004e E3E7     		b	.L66
 787              	.L70:
1117:frameworks/f407/Drivers/STM32F4xx_HAL_Driver/Src/stm32f4xx_hal_can.c **** 
 788              		.loc 1 1117 5 is_stmt 1 view .LVU253
 789 0050 1A68     		ldr	r2, [r3]
 790 0052 22F00202 		bic	r2, r2, #2
 791 0056 1A60     		str	r2, [r3]
1120:frameworks/f407/Drivers/STM32F4xx_HAL_Driver/Src/stm32f4xx_hal_can.c **** 
 792              		.loc 1 1120 5 view .LVU254
1120:frameworks/f407/Drivers/STM32F4xx_HAL_Driver/Src/stm32f4xx_hal_can.c **** 
 793              		.loc 1 1120 17 is_stmt 0 view .LVU255
 794 0058 0123     		movs	r3, #1
 795 005a 84F82030 		strb	r3, [r4, #32]
1123:frameworks/f407/Drivers/STM32F4xx_HAL_Driver/Src/stm32f4xx_hal_can.c ****   }
 796              		.loc 1 1123 5 is_stmt 1 view .LVU256
1123:frameworks/f407/Drivers/STM32F4xx_HAL_Driver/Src/stm32f4xx_hal_can.c ****   }
 797              		.loc 1 1123 12 is_stmt 0 view .LVU257
 798 005e 0020     		movs	r0, #0
 799 0060 DAE7     		b	.L66
 800              		.cfi_endproc
 801              	.LFE245:
 803              		.section	.text.HAL_CAN_DeInit,"ax",%progbits
 804              		.align	1
 805              		.global	HAL_CAN_DeInit
 806              		.syntax unified
 807              		.thumb
 808              		.thumb_func
 810              	HAL_CAN_DeInit:
 811              	.LVL39:
 812              	.LFB240:
 461:frameworks/f407/Drivers/STM32F4xx_HAL_Driver/Src/stm32f4xx_hal_can.c ****   /* Check CAN handle */
 813              		.loc 1 461 1 is_stmt 1 view -0
 814              		.cfi_startproc
 815              		@ args = 0, pretend = 0, frame = 0
 816              		@ frame_needed = 0, uses_anonymous_args = 0
 463:frameworks/f407/Drivers/STM32F4xx_HAL_Driver/Src/stm32f4xx_hal_can.c ****   {
 817              		.loc 1 463 3 view .LVU259
 463:frameworks/f407/Drivers/STM32F4xx_HAL_Driver/Src/stm32f4xx_hal_can.c ****   {
 818              		.loc 1 463 6 is_stmt 0 view .LVU260
 819 0000 80B1     		cbz	r0, .L73
 461:frameworks/f407/Drivers/STM32F4xx_HAL_Driver/Src/stm32f4xx_hal_can.c ****   /* Check CAN handle */
 820              		.loc 1 461 1 view .LVU261
 821 0002 10B5     		push	{r4, lr}
 822              	.LCFI5:
 823              		.cfi_def_cfa_offset 8
 824              		.cfi_offset 4, -8
 825              		.cfi_offset 14, -4
 826 0004 0446     		mov	r4, r0
 469:frameworks/f407/Drivers/STM32F4xx_HAL_Driver/Src/stm32f4xx_hal_can.c **** 
 827              		.loc 1 469 3 is_stmt 1 view .LVU262
ARM GAS  C:\Users\honor\AppData\Local\Temp\ccqm0Nze.s 			page 39


 472:frameworks/f407/Drivers/STM32F4xx_HAL_Driver/Src/stm32f4xx_hal_can.c **** 
 828              		.loc 1 472 3 view .LVU263
 472:frameworks/f407/Drivers/STM32F4xx_HAL_Driver/Src/stm32f4xx_hal_can.c **** 
 829              		.loc 1 472 9 is_stmt 0 view .LVU264
 830 0006 FFF7FEFF 		bl	HAL_CAN_Stop
 831              	.LVL40:
 485:frameworks/f407/Drivers/STM32F4xx_HAL_Driver/Src/stm32f4xx_hal_can.c **** #endif /* USE_HAL_CAN_REGISTER_CALLBACKS */
 832              		.loc 1 485 3 is_stmt 1 view .LVU265
 833 000a 2046     		mov	r0, r4
 834 000c FFF7FEFF 		bl	HAL_CAN_MspDeInit
 835              	.LVL41:
 489:frameworks/f407/Drivers/STM32F4xx_HAL_Driver/Src/stm32f4xx_hal_can.c **** 
 836              		.loc 1 489 3 view .LVU266
 837 0010 2268     		ldr	r2, [r4]
 838 0012 1368     		ldr	r3, [r2]
 839 0014 43F40043 		orr	r3, r3, #32768
 840 0018 1360     		str	r3, [r2]
 492:frameworks/f407/Drivers/STM32F4xx_HAL_Driver/Src/stm32f4xx_hal_can.c **** 
 841              		.loc 1 492 3 view .LVU267
 492:frameworks/f407/Drivers/STM32F4xx_HAL_Driver/Src/stm32f4xx_hal_can.c **** 
 842              		.loc 1 492 19 is_stmt 0 view .LVU268
 843 001a 0020     		movs	r0, #0
 844 001c 6062     		str	r0, [r4, #36]
 495:frameworks/f407/Drivers/STM32F4xx_HAL_Driver/Src/stm32f4xx_hal_can.c **** 
 845              		.loc 1 495 3 is_stmt 1 view .LVU269
 495:frameworks/f407/Drivers/STM32F4xx_HAL_Driver/Src/stm32f4xx_hal_can.c **** 
 846              		.loc 1 495 15 is_stmt 0 view .LVU270
 847 001e 84F82000 		strb	r0, [r4, #32]
 498:frameworks/f407/Drivers/STM32F4xx_HAL_Driver/Src/stm32f4xx_hal_can.c **** }
 848              		.loc 1 498 3 is_stmt 1 view .LVU271
 499:frameworks/f407/Drivers/STM32F4xx_HAL_Driver/Src/stm32f4xx_hal_can.c **** 
 849              		.loc 1 499 1 is_stmt 0 view .LVU272
 850 0022 10BD     		pop	{r4, pc}
 851              	.LVL42:
 852              	.L73:
 853              	.LCFI6:
 854              		.cfi_def_cfa_offset 0
 855              		.cfi_restore 4
 856              		.cfi_restore 14
 465:frameworks/f407/Drivers/STM32F4xx_HAL_Driver/Src/stm32f4xx_hal_can.c ****   }
 857              		.loc 1 465 12 view .LVU273
 858 0024 0120     		movs	r0, #1
 859              	.LVL43:
 499:frameworks/f407/Drivers/STM32F4xx_HAL_Driver/Src/stm32f4xx_hal_can.c **** 
 860              		.loc 1 499 1 view .LVU274
 861 0026 7047     		bx	lr
 862              		.cfi_endproc
 863              	.LFE240:
 865              		.section	.text.HAL_CAN_RequestSleep,"ax",%progbits
 866              		.align	1
 867              		.global	HAL_CAN_RequestSleep
 868              		.syntax unified
 869              		.thumb
 870              		.thumb_func
 872              	HAL_CAN_RequestSleep:
 873              	.LVL44:
 874              	.LFB246:
ARM GAS  C:\Users\honor\AppData\Local\Temp\ccqm0Nze.s 			page 40


1133:frameworks/f407/Drivers/STM32F4xx_HAL_Driver/Src/stm32f4xx_hal_can.c **** 
1134:frameworks/f407/Drivers/STM32F4xx_HAL_Driver/Src/stm32f4xx_hal_can.c **** /**
1135:frameworks/f407/Drivers/STM32F4xx_HAL_Driver/Src/stm32f4xx_hal_can.c ****   * @brief  Request the sleep mode (low power) entry.
1136:frameworks/f407/Drivers/STM32F4xx_HAL_Driver/Src/stm32f4xx_hal_can.c ****   *         When returning from this function, Sleep mode will be entered
1137:frameworks/f407/Drivers/STM32F4xx_HAL_Driver/Src/stm32f4xx_hal_can.c ****   *         as soon as the current CAN activity (transmission or reception
1138:frameworks/f407/Drivers/STM32F4xx_HAL_Driver/Src/stm32f4xx_hal_can.c ****   *         of a CAN frame) has been completed.
1139:frameworks/f407/Drivers/STM32F4xx_HAL_Driver/Src/stm32f4xx_hal_can.c ****   * @param  hcan pointer to a CAN_HandleTypeDef structure that contains
1140:frameworks/f407/Drivers/STM32F4xx_HAL_Driver/Src/stm32f4xx_hal_can.c ****   *         the configuration information for the specified CAN.
1141:frameworks/f407/Drivers/STM32F4xx_HAL_Driver/Src/stm32f4xx_hal_can.c ****   * @retval HAL status.
1142:frameworks/f407/Drivers/STM32F4xx_HAL_Driver/Src/stm32f4xx_hal_can.c ****   */
1143:frameworks/f407/Drivers/STM32F4xx_HAL_Driver/Src/stm32f4xx_hal_can.c **** HAL_StatusTypeDef HAL_CAN_RequestSleep(CAN_HandleTypeDef *hcan)
1144:frameworks/f407/Drivers/STM32F4xx_HAL_Driver/Src/stm32f4xx_hal_can.c **** {
 875              		.loc 1 1144 1 is_stmt 1 view -0
 876              		.cfi_startproc
 877              		@ args = 0, pretend = 0, frame = 0
 878              		@ frame_needed = 0, uses_anonymous_args = 0
 879              		@ link register save eliminated.
1145:frameworks/f407/Drivers/STM32F4xx_HAL_Driver/Src/stm32f4xx_hal_can.c ****   HAL_CAN_StateTypeDef state = hcan->State;
 880              		.loc 1 1145 3 view .LVU276
 881              		.loc 1 1145 24 is_stmt 0 view .LVU277
 882 0000 90F82030 		ldrb	r3, [r0, #32]	@ zero_extendqisi2
 883              	.LVL45:
1146:frameworks/f407/Drivers/STM32F4xx_HAL_Driver/Src/stm32f4xx_hal_can.c **** 
1147:frameworks/f407/Drivers/STM32F4xx_HAL_Driver/Src/stm32f4xx_hal_can.c ****   if ((state == HAL_CAN_STATE_READY) ||
 884              		.loc 1 1147 3 is_stmt 1 view .LVU278
 885              		.loc 1 1147 38 is_stmt 0 view .LVU279
 886 0004 013B     		subs	r3, r3, #1
 887              	.LVL46:
 888              		.loc 1 1147 38 view .LVU280
 889 0006 DBB2     		uxtb	r3, r3
 890              		.loc 1 1147 6 view .LVU281
 891 0008 012B     		cmp	r3, #1
 892 000a 05D9     		bls	.L81
1148:frameworks/f407/Drivers/STM32F4xx_HAL_Driver/Src/stm32f4xx_hal_can.c ****       (state == HAL_CAN_STATE_LISTENING))
1149:frameworks/f407/Drivers/STM32F4xx_HAL_Driver/Src/stm32f4xx_hal_can.c ****   {
1150:frameworks/f407/Drivers/STM32F4xx_HAL_Driver/Src/stm32f4xx_hal_can.c ****     /* Request Sleep mode */
1151:frameworks/f407/Drivers/STM32F4xx_HAL_Driver/Src/stm32f4xx_hal_can.c ****     SET_BIT(hcan->Instance->MCR, CAN_MCR_SLEEP);
1152:frameworks/f407/Drivers/STM32F4xx_HAL_Driver/Src/stm32f4xx_hal_can.c **** 
1153:frameworks/f407/Drivers/STM32F4xx_HAL_Driver/Src/stm32f4xx_hal_can.c ****     /* Return function status */
1154:frameworks/f407/Drivers/STM32F4xx_HAL_Driver/Src/stm32f4xx_hal_can.c ****     return HAL_OK;
1155:frameworks/f407/Drivers/STM32F4xx_HAL_Driver/Src/stm32f4xx_hal_can.c ****   }
1156:frameworks/f407/Drivers/STM32F4xx_HAL_Driver/Src/stm32f4xx_hal_can.c ****   else
1157:frameworks/f407/Drivers/STM32F4xx_HAL_Driver/Src/stm32f4xx_hal_can.c ****   {
1158:frameworks/f407/Drivers/STM32F4xx_HAL_Driver/Src/stm32f4xx_hal_can.c ****     /* Update error code */
1159:frameworks/f407/Drivers/STM32F4xx_HAL_Driver/Src/stm32f4xx_hal_can.c ****     hcan->ErrorCode |= HAL_CAN_ERROR_NOT_INITIALIZED;
 893              		.loc 1 1159 5 is_stmt 1 view .LVU282
 894              		.loc 1 1159 21 is_stmt 0 view .LVU283
 895 000c 436A     		ldr	r3, [r0, #36]
 896 000e 43F48023 		orr	r3, r3, #262144
 897 0012 4362     		str	r3, [r0, #36]
1160:frameworks/f407/Drivers/STM32F4xx_HAL_Driver/Src/stm32f4xx_hal_can.c **** 
1161:frameworks/f407/Drivers/STM32F4xx_HAL_Driver/Src/stm32f4xx_hal_can.c ****     /* Return function status */
1162:frameworks/f407/Drivers/STM32F4xx_HAL_Driver/Src/stm32f4xx_hal_can.c ****     return HAL_ERROR;
 898              		.loc 1 1162 5 is_stmt 1 view .LVU284
 899              		.loc 1 1162 12 is_stmt 0 view .LVU285
 900 0014 0120     		movs	r0, #1
 901              	.LVL47:
ARM GAS  C:\Users\honor\AppData\Local\Temp\ccqm0Nze.s 			page 41


1163:frameworks/f407/Drivers/STM32F4xx_HAL_Driver/Src/stm32f4xx_hal_can.c ****   }
1164:frameworks/f407/Drivers/STM32F4xx_HAL_Driver/Src/stm32f4xx_hal_can.c **** }
 902              		.loc 1 1164 1 view .LVU286
 903 0016 7047     		bx	lr
 904              	.LVL48:
 905              	.L81:
1151:frameworks/f407/Drivers/STM32F4xx_HAL_Driver/Src/stm32f4xx_hal_can.c **** 
 906              		.loc 1 1151 5 is_stmt 1 view .LVU287
 907 0018 0268     		ldr	r2, [r0]
 908 001a 1368     		ldr	r3, [r2]
 909 001c 43F00203 		orr	r3, r3, #2
 910 0020 1360     		str	r3, [r2]
1154:frameworks/f407/Drivers/STM32F4xx_HAL_Driver/Src/stm32f4xx_hal_can.c ****   }
 911              		.loc 1 1154 5 view .LVU288
1154:frameworks/f407/Drivers/STM32F4xx_HAL_Driver/Src/stm32f4xx_hal_can.c ****   }
 912              		.loc 1 1154 12 is_stmt 0 view .LVU289
 913 0022 0020     		movs	r0, #0
 914              	.LVL49:
1154:frameworks/f407/Drivers/STM32F4xx_HAL_Driver/Src/stm32f4xx_hal_can.c ****   }
 915              		.loc 1 1154 12 view .LVU290
 916 0024 7047     		bx	lr
 917              		.cfi_endproc
 918              	.LFE246:
 920              		.section	.text.HAL_CAN_WakeUp,"ax",%progbits
 921              		.align	1
 922              		.global	HAL_CAN_WakeUp
 923              		.syntax unified
 924              		.thumb
 925              		.thumb_func
 927              	HAL_CAN_WakeUp:
 928              	.LVL50:
 929              	.LFB247:
1165:frameworks/f407/Drivers/STM32F4xx_HAL_Driver/Src/stm32f4xx_hal_can.c **** 
1166:frameworks/f407/Drivers/STM32F4xx_HAL_Driver/Src/stm32f4xx_hal_can.c **** /**
1167:frameworks/f407/Drivers/STM32F4xx_HAL_Driver/Src/stm32f4xx_hal_can.c ****   * @brief  Wake up from sleep mode.
1168:frameworks/f407/Drivers/STM32F4xx_HAL_Driver/Src/stm32f4xx_hal_can.c ****   *         When returning with HAL_OK status from this function, Sleep mode
1169:frameworks/f407/Drivers/STM32F4xx_HAL_Driver/Src/stm32f4xx_hal_can.c ****   *         is exited.
1170:frameworks/f407/Drivers/STM32F4xx_HAL_Driver/Src/stm32f4xx_hal_can.c ****   * @param  hcan pointer to a CAN_HandleTypeDef structure that contains
1171:frameworks/f407/Drivers/STM32F4xx_HAL_Driver/Src/stm32f4xx_hal_can.c ****   *         the configuration information for the specified CAN.
1172:frameworks/f407/Drivers/STM32F4xx_HAL_Driver/Src/stm32f4xx_hal_can.c ****   * @retval HAL status.
1173:frameworks/f407/Drivers/STM32F4xx_HAL_Driver/Src/stm32f4xx_hal_can.c ****   */
1174:frameworks/f407/Drivers/STM32F4xx_HAL_Driver/Src/stm32f4xx_hal_can.c **** HAL_StatusTypeDef HAL_CAN_WakeUp(CAN_HandleTypeDef *hcan)
1175:frameworks/f407/Drivers/STM32F4xx_HAL_Driver/Src/stm32f4xx_hal_can.c **** {
 930              		.loc 1 1175 1 is_stmt 1 view -0
 931              		.cfi_startproc
 932              		@ args = 0, pretend = 0, frame = 8
 933              		@ frame_needed = 0, uses_anonymous_args = 0
 934              		@ link register save eliminated.
 935              		.loc 1 1175 1 is_stmt 0 view .LVU292
 936 0000 82B0     		sub	sp, sp, #8
 937              	.LCFI7:
 938              		.cfi_def_cfa_offset 8
1176:frameworks/f407/Drivers/STM32F4xx_HAL_Driver/Src/stm32f4xx_hal_can.c ****   __IO uint32_t count = 0;
 939              		.loc 1 1176 3 is_stmt 1 view .LVU293
 940              		.loc 1 1176 17 is_stmt 0 view .LVU294
 941 0002 0023     		movs	r3, #0
 942 0004 0193     		str	r3, [sp, #4]
ARM GAS  C:\Users\honor\AppData\Local\Temp\ccqm0Nze.s 			page 42


1177:frameworks/f407/Drivers/STM32F4xx_HAL_Driver/Src/stm32f4xx_hal_can.c ****   HAL_CAN_StateTypeDef state = hcan->State;
 943              		.loc 1 1177 3 is_stmt 1 view .LVU295
 944              		.loc 1 1177 24 is_stmt 0 view .LVU296
 945 0006 90F82030 		ldrb	r3, [r0, #32]	@ zero_extendqisi2
 946              	.LVL51:
1178:frameworks/f407/Drivers/STM32F4xx_HAL_Driver/Src/stm32f4xx_hal_can.c **** 
1179:frameworks/f407/Drivers/STM32F4xx_HAL_Driver/Src/stm32f4xx_hal_can.c ****   if ((state == HAL_CAN_STATE_READY) ||
 947              		.loc 1 1179 3 is_stmt 1 view .LVU297
 948              		.loc 1 1179 38 is_stmt 0 view .LVU298
 949 000a 013B     		subs	r3, r3, #1
 950              	.LVL52:
 951              		.loc 1 1179 38 view .LVU299
 952 000c DBB2     		uxtb	r3, r3
 953              		.loc 1 1179 6 view .LVU300
 954 000e 012B     		cmp	r3, #1
 955 0010 18D8     		bhi	.L83
1180:frameworks/f407/Drivers/STM32F4xx_HAL_Driver/Src/stm32f4xx_hal_can.c ****       (state == HAL_CAN_STATE_LISTENING))
1181:frameworks/f407/Drivers/STM32F4xx_HAL_Driver/Src/stm32f4xx_hal_can.c ****   {
1182:frameworks/f407/Drivers/STM32F4xx_HAL_Driver/Src/stm32f4xx_hal_can.c ****     /* Wake up request */
1183:frameworks/f407/Drivers/STM32F4xx_HAL_Driver/Src/stm32f4xx_hal_can.c ****     CLEAR_BIT(hcan->Instance->MCR, CAN_MCR_SLEEP);
 956              		.loc 1 1183 5 is_stmt 1 view .LVU301
 957 0012 0268     		ldr	r2, [r0]
 958 0014 1368     		ldr	r3, [r2]
 959 0016 23F00203 		bic	r3, r3, #2
 960 001a 1360     		str	r3, [r2]
 961              	.L86:
1184:frameworks/f407/Drivers/STM32F4xx_HAL_Driver/Src/stm32f4xx_hal_can.c **** 
1185:frameworks/f407/Drivers/STM32F4xx_HAL_Driver/Src/stm32f4xx_hal_can.c ****     /* Wait sleep mode is exited */
1186:frameworks/f407/Drivers/STM32F4xx_HAL_Driver/Src/stm32f4xx_hal_can.c ****     do
 962              		.loc 1 1186 5 view .LVU302
1187:frameworks/f407/Drivers/STM32F4xx_HAL_Driver/Src/stm32f4xx_hal_can.c ****     {
1188:frameworks/f407/Drivers/STM32F4xx_HAL_Driver/Src/stm32f4xx_hal_can.c ****       /* Increment counter */
1189:frameworks/f407/Drivers/STM32F4xx_HAL_Driver/Src/stm32f4xx_hal_can.c ****       count++;
 963              		.loc 1 1189 7 view .LVU303
 964              		.loc 1 1189 12 is_stmt 0 view .LVU304
 965 001c 019B     		ldr	r3, [sp, #4]
 966 001e 0133     		adds	r3, r3, #1
 967 0020 0193     		str	r3, [sp, #4]
1190:frameworks/f407/Drivers/STM32F4xx_HAL_Driver/Src/stm32f4xx_hal_can.c **** 
1191:frameworks/f407/Drivers/STM32F4xx_HAL_Driver/Src/stm32f4xx_hal_can.c ****       /* Check if timeout is reached */
1192:frameworks/f407/Drivers/STM32F4xx_HAL_Driver/Src/stm32f4xx_hal_can.c ****       if (count > CAN_WAKEUP_TIMEOUT_COUNTER)
 968              		.loc 1 1192 7 is_stmt 1 view .LVU305
 969              		.loc 1 1192 17 is_stmt 0 view .LVU306
 970 0022 019A     		ldr	r2, [sp, #4]
 971              		.loc 1 1192 10 view .LVU307
 972 0024 0B4B     		ldr	r3, .L89
 973 0026 9A42     		cmp	r2, r3
 974 0028 06D8     		bhi	.L88
1193:frameworks/f407/Drivers/STM32F4xx_HAL_Driver/Src/stm32f4xx_hal_can.c ****       {
1194:frameworks/f407/Drivers/STM32F4xx_HAL_Driver/Src/stm32f4xx_hal_can.c ****         /* Update error code */
1195:frameworks/f407/Drivers/STM32F4xx_HAL_Driver/Src/stm32f4xx_hal_can.c ****         hcan->ErrorCode |= HAL_CAN_ERROR_TIMEOUT;
1196:frameworks/f407/Drivers/STM32F4xx_HAL_Driver/Src/stm32f4xx_hal_can.c **** 
1197:frameworks/f407/Drivers/STM32F4xx_HAL_Driver/Src/stm32f4xx_hal_can.c ****         return HAL_ERROR;
1198:frameworks/f407/Drivers/STM32F4xx_HAL_Driver/Src/stm32f4xx_hal_can.c ****       }
1199:frameworks/f407/Drivers/STM32F4xx_HAL_Driver/Src/stm32f4xx_hal_can.c ****     } while ((hcan->Instance->MSR & CAN_MSR_SLAK) != 0U);
 975              		.loc 1 1199 13 is_stmt 1 view .LVU308
 976              		.loc 1 1199 19 is_stmt 0 view .LVU309
ARM GAS  C:\Users\honor\AppData\Local\Temp\ccqm0Nze.s 			page 43


 977 002a 0368     		ldr	r3, [r0]
 978              		.loc 1 1199 29 view .LVU310
 979 002c 5B68     		ldr	r3, [r3, #4]
 980              		.loc 1 1199 5 view .LVU311
 981 002e 13F0020F 		tst	r3, #2
 982 0032 F3D1     		bne	.L86
1200:frameworks/f407/Drivers/STM32F4xx_HAL_Driver/Src/stm32f4xx_hal_can.c **** 
1201:frameworks/f407/Drivers/STM32F4xx_HAL_Driver/Src/stm32f4xx_hal_can.c ****     /* Return function status */
1202:frameworks/f407/Drivers/STM32F4xx_HAL_Driver/Src/stm32f4xx_hal_can.c ****     return HAL_OK;
 983              		.loc 1 1202 12 view .LVU312
 984 0034 0020     		movs	r0, #0
 985              	.LVL53:
 986              		.loc 1 1202 12 view .LVU313
 987 0036 0AE0     		b	.L85
 988              	.LVL54:
 989              	.L88:
1195:frameworks/f407/Drivers/STM32F4xx_HAL_Driver/Src/stm32f4xx_hal_can.c **** 
 990              		.loc 1 1195 9 is_stmt 1 view .LVU314
1195:frameworks/f407/Drivers/STM32F4xx_HAL_Driver/Src/stm32f4xx_hal_can.c **** 
 991              		.loc 1 1195 25 is_stmt 0 view .LVU315
 992 0038 436A     		ldr	r3, [r0, #36]
 993 003a 43F40033 		orr	r3, r3, #131072
 994 003e 4362     		str	r3, [r0, #36]
1197:frameworks/f407/Drivers/STM32F4xx_HAL_Driver/Src/stm32f4xx_hal_can.c ****       }
 995              		.loc 1 1197 9 is_stmt 1 view .LVU316
1197:frameworks/f407/Drivers/STM32F4xx_HAL_Driver/Src/stm32f4xx_hal_can.c ****       }
 996              		.loc 1 1197 16 is_stmt 0 view .LVU317
 997 0040 0120     		movs	r0, #1
 998              	.LVL55:
1197:frameworks/f407/Drivers/STM32F4xx_HAL_Driver/Src/stm32f4xx_hal_can.c ****       }
 999              		.loc 1 1197 16 view .LVU318
 1000 0042 04E0     		b	.L85
 1001              	.LVL56:
 1002              	.L83:
1203:frameworks/f407/Drivers/STM32F4xx_HAL_Driver/Src/stm32f4xx_hal_can.c ****   }
1204:frameworks/f407/Drivers/STM32F4xx_HAL_Driver/Src/stm32f4xx_hal_can.c ****   else
1205:frameworks/f407/Drivers/STM32F4xx_HAL_Driver/Src/stm32f4xx_hal_can.c ****   {
1206:frameworks/f407/Drivers/STM32F4xx_HAL_Driver/Src/stm32f4xx_hal_can.c ****     /* Update error code */
1207:frameworks/f407/Drivers/STM32F4xx_HAL_Driver/Src/stm32f4xx_hal_can.c ****     hcan->ErrorCode |= HAL_CAN_ERROR_NOT_INITIALIZED;
 1003              		.loc 1 1207 5 is_stmt 1 view .LVU319
 1004              		.loc 1 1207 21 is_stmt 0 view .LVU320
 1005 0044 436A     		ldr	r3, [r0, #36]
 1006 0046 43F48023 		orr	r3, r3, #262144
 1007 004a 4362     		str	r3, [r0, #36]
1208:frameworks/f407/Drivers/STM32F4xx_HAL_Driver/Src/stm32f4xx_hal_can.c **** 
1209:frameworks/f407/Drivers/STM32F4xx_HAL_Driver/Src/stm32f4xx_hal_can.c ****     return HAL_ERROR;
 1008              		.loc 1 1209 5 is_stmt 1 view .LVU321
 1009              		.loc 1 1209 12 is_stmt 0 view .LVU322
 1010 004c 0120     		movs	r0, #1
 1011              	.LVL57:
 1012              	.L85:
1210:frameworks/f407/Drivers/STM32F4xx_HAL_Driver/Src/stm32f4xx_hal_can.c ****   }
1211:frameworks/f407/Drivers/STM32F4xx_HAL_Driver/Src/stm32f4xx_hal_can.c **** }
 1013              		.loc 1 1211 1 view .LVU323
 1014 004e 02B0     		add	sp, sp, #8
 1015              	.LCFI8:
 1016              		.cfi_def_cfa_offset 0
ARM GAS  C:\Users\honor\AppData\Local\Temp\ccqm0Nze.s 			page 44


 1017              		@ sp needed
 1018 0050 7047     		bx	lr
 1019              	.L90:
 1020 0052 00BF     		.align	2
 1021              	.L89:
 1022 0054 40420F00 		.word	1000000
 1023              		.cfi_endproc
 1024              	.LFE247:
 1026              		.section	.text.HAL_CAN_IsSleepActive,"ax",%progbits
 1027              		.align	1
 1028              		.global	HAL_CAN_IsSleepActive
 1029              		.syntax unified
 1030              		.thumb
 1031              		.thumb_func
 1033              	HAL_CAN_IsSleepActive:
 1034              	.LVL58:
 1035              	.LFB248:
1212:frameworks/f407/Drivers/STM32F4xx_HAL_Driver/Src/stm32f4xx_hal_can.c **** 
1213:frameworks/f407/Drivers/STM32F4xx_HAL_Driver/Src/stm32f4xx_hal_can.c **** /**
1214:frameworks/f407/Drivers/STM32F4xx_HAL_Driver/Src/stm32f4xx_hal_can.c ****   * @brief  Check is sleep mode is active.
1215:frameworks/f407/Drivers/STM32F4xx_HAL_Driver/Src/stm32f4xx_hal_can.c ****   * @param  hcan pointer to a CAN_HandleTypeDef structure that contains
1216:frameworks/f407/Drivers/STM32F4xx_HAL_Driver/Src/stm32f4xx_hal_can.c ****   *         the configuration information for the specified CAN.
1217:frameworks/f407/Drivers/STM32F4xx_HAL_Driver/Src/stm32f4xx_hal_can.c ****   * @retval Status
1218:frameworks/f407/Drivers/STM32F4xx_HAL_Driver/Src/stm32f4xx_hal_can.c ****   *          - 0 : Sleep mode is not active.
1219:frameworks/f407/Drivers/STM32F4xx_HAL_Driver/Src/stm32f4xx_hal_can.c ****   *          - 1 : Sleep mode is active.
1220:frameworks/f407/Drivers/STM32F4xx_HAL_Driver/Src/stm32f4xx_hal_can.c ****   */
1221:frameworks/f407/Drivers/STM32F4xx_HAL_Driver/Src/stm32f4xx_hal_can.c **** uint32_t HAL_CAN_IsSleepActive(const CAN_HandleTypeDef *hcan)
1222:frameworks/f407/Drivers/STM32F4xx_HAL_Driver/Src/stm32f4xx_hal_can.c **** {
 1036              		.loc 1 1222 1 is_stmt 1 view -0
 1037              		.cfi_startproc
 1038              		@ args = 0, pretend = 0, frame = 0
 1039              		@ frame_needed = 0, uses_anonymous_args = 0
 1040              		@ link register save eliminated.
1223:frameworks/f407/Drivers/STM32F4xx_HAL_Driver/Src/stm32f4xx_hal_can.c ****   uint32_t status = 0U;
 1041              		.loc 1 1223 3 view .LVU325
1224:frameworks/f407/Drivers/STM32F4xx_HAL_Driver/Src/stm32f4xx_hal_can.c ****   HAL_CAN_StateTypeDef state = hcan->State;
 1042              		.loc 1 1224 3 view .LVU326
 1043              		.loc 1 1224 24 is_stmt 0 view .LVU327
 1044 0000 90F82030 		ldrb	r3, [r0, #32]	@ zero_extendqisi2
 1045              	.LVL59:
1225:frameworks/f407/Drivers/STM32F4xx_HAL_Driver/Src/stm32f4xx_hal_can.c **** 
1226:frameworks/f407/Drivers/STM32F4xx_HAL_Driver/Src/stm32f4xx_hal_can.c ****   if ((state == HAL_CAN_STATE_READY) ||
 1046              		.loc 1 1226 3 is_stmt 1 view .LVU328
 1047              		.loc 1 1226 38 is_stmt 0 view .LVU329
 1048 0004 013B     		subs	r3, r3, #1
 1049              	.LVL60:
 1050              		.loc 1 1226 38 view .LVU330
 1051 0006 DBB2     		uxtb	r3, r3
 1052              		.loc 1 1226 6 view .LVU331
 1053 0008 012B     		cmp	r3, #1
 1054 000a 01D9     		bls	.L95
1223:frameworks/f407/Drivers/STM32F4xx_HAL_Driver/Src/stm32f4xx_hal_can.c ****   HAL_CAN_StateTypeDef state = hcan->State;
 1055              		.loc 1 1223 12 view .LVU332
 1056 000c 0020     		movs	r0, #0
 1057              	.LVL61:
1223:frameworks/f407/Drivers/STM32F4xx_HAL_Driver/Src/stm32f4xx_hal_can.c ****   HAL_CAN_StateTypeDef state = hcan->State;
 1058              		.loc 1 1223 12 view .LVU333
ARM GAS  C:\Users\honor\AppData\Local\Temp\ccqm0Nze.s 			page 45


 1059 000e 7047     		bx	lr
 1060              	.LVL62:
 1061              	.L95:
1227:frameworks/f407/Drivers/STM32F4xx_HAL_Driver/Src/stm32f4xx_hal_can.c ****       (state == HAL_CAN_STATE_LISTENING))
1228:frameworks/f407/Drivers/STM32F4xx_HAL_Driver/Src/stm32f4xx_hal_can.c ****   {
1229:frameworks/f407/Drivers/STM32F4xx_HAL_Driver/Src/stm32f4xx_hal_can.c ****     /* Check Sleep mode */
1230:frameworks/f407/Drivers/STM32F4xx_HAL_Driver/Src/stm32f4xx_hal_can.c ****     if ((hcan->Instance->MSR & CAN_MSR_SLAK) != 0U)
 1062              		.loc 1 1230 5 is_stmt 1 view .LVU334
 1063              		.loc 1 1230 14 is_stmt 0 view .LVU335
 1064 0010 0368     		ldr	r3, [r0]
 1065              		.loc 1 1230 24 view .LVU336
 1066 0012 5868     		ldr	r0, [r3, #4]
 1067              	.LVL63:
 1068              		.loc 1 1230 8 view .LVU337
 1069 0014 10F00200 		ands	r0, r0, #2
 1070 0018 00D1     		bne	.L94
 1071 001a 7047     		bx	lr
 1072              	.L94:
1231:frameworks/f407/Drivers/STM32F4xx_HAL_Driver/Src/stm32f4xx_hal_can.c ****     {
1232:frameworks/f407/Drivers/STM32F4xx_HAL_Driver/Src/stm32f4xx_hal_can.c ****       status = 1U;
 1073              		.loc 1 1232 14 view .LVU338
 1074 001c 0120     		movs	r0, #1
 1075              	.LVL64:
1233:frameworks/f407/Drivers/STM32F4xx_HAL_Driver/Src/stm32f4xx_hal_can.c ****     }
1234:frameworks/f407/Drivers/STM32F4xx_HAL_Driver/Src/stm32f4xx_hal_can.c ****   }
1235:frameworks/f407/Drivers/STM32F4xx_HAL_Driver/Src/stm32f4xx_hal_can.c **** 
1236:frameworks/f407/Drivers/STM32F4xx_HAL_Driver/Src/stm32f4xx_hal_can.c ****   /* Return function status */
1237:frameworks/f407/Drivers/STM32F4xx_HAL_Driver/Src/stm32f4xx_hal_can.c ****   return status;
 1076              		.loc 1 1237 3 is_stmt 1 view .LVU339
1238:frameworks/f407/Drivers/STM32F4xx_HAL_Driver/Src/stm32f4xx_hal_can.c **** }
 1077              		.loc 1 1238 1 is_stmt 0 view .LVU340
 1078 001e 7047     		bx	lr
 1079              		.cfi_endproc
 1080              	.LFE248:
 1082              		.section	.text.HAL_CAN_AddTxMessage,"ax",%progbits
 1083              		.align	1
 1084              		.global	HAL_CAN_AddTxMessage
 1085              		.syntax unified
 1086              		.thumb
 1087              		.thumb_func
 1089              	HAL_CAN_AddTxMessage:
 1090              	.LVL65:
 1091              	.LFB249:
1239:frameworks/f407/Drivers/STM32F4xx_HAL_Driver/Src/stm32f4xx_hal_can.c **** 
1240:frameworks/f407/Drivers/STM32F4xx_HAL_Driver/Src/stm32f4xx_hal_can.c **** /**
1241:frameworks/f407/Drivers/STM32F4xx_HAL_Driver/Src/stm32f4xx_hal_can.c ****   * @brief  Add a message to the first free Tx mailbox and activate the
1242:frameworks/f407/Drivers/STM32F4xx_HAL_Driver/Src/stm32f4xx_hal_can.c ****   *         corresponding transmission request.
1243:frameworks/f407/Drivers/STM32F4xx_HAL_Driver/Src/stm32f4xx_hal_can.c ****   * @param  hcan pointer to a CAN_HandleTypeDef structure that contains
1244:frameworks/f407/Drivers/STM32F4xx_HAL_Driver/Src/stm32f4xx_hal_can.c ****   *         the configuration information for the specified CAN.
1245:frameworks/f407/Drivers/STM32F4xx_HAL_Driver/Src/stm32f4xx_hal_can.c ****   * @param  pHeader pointer to a CAN_TxHeaderTypeDef structure.
1246:frameworks/f407/Drivers/STM32F4xx_HAL_Driver/Src/stm32f4xx_hal_can.c ****   * @param  aData array containing the payload of the Tx frame.
1247:frameworks/f407/Drivers/STM32F4xx_HAL_Driver/Src/stm32f4xx_hal_can.c ****   * @param  pTxMailbox pointer to a variable where the function will return
1248:frameworks/f407/Drivers/STM32F4xx_HAL_Driver/Src/stm32f4xx_hal_can.c ****   *         the TxMailbox used to store the Tx message.
1249:frameworks/f407/Drivers/STM32F4xx_HAL_Driver/Src/stm32f4xx_hal_can.c ****   *         This parameter can be a value of @arg CAN_Tx_Mailboxes.
1250:frameworks/f407/Drivers/STM32F4xx_HAL_Driver/Src/stm32f4xx_hal_can.c ****   * @retval HAL status
1251:frameworks/f407/Drivers/STM32F4xx_HAL_Driver/Src/stm32f4xx_hal_can.c ****   */
1252:frameworks/f407/Drivers/STM32F4xx_HAL_Driver/Src/stm32f4xx_hal_can.c **** HAL_StatusTypeDef HAL_CAN_AddTxMessage(CAN_HandleTypeDef *hcan, const CAN_TxHeaderTypeDef *pHeader,
ARM GAS  C:\Users\honor\AppData\Local\Temp\ccqm0Nze.s 			page 46


1253:frameworks/f407/Drivers/STM32F4xx_HAL_Driver/Src/stm32f4xx_hal_can.c ****                                        const uint8_t aData[], uint32_t *pTxMailbox)
1254:frameworks/f407/Drivers/STM32F4xx_HAL_Driver/Src/stm32f4xx_hal_can.c **** {
 1092              		.loc 1 1254 1 is_stmt 1 view -0
 1093              		.cfi_startproc
 1094              		@ args = 0, pretend = 0, frame = 0
 1095              		@ frame_needed = 0, uses_anonymous_args = 0
 1096              		.loc 1 1254 1 is_stmt 0 view .LVU342
 1097 0000 30B5     		push	{r4, r5, lr}
 1098              	.LCFI9:
 1099              		.cfi_def_cfa_offset 12
 1100              		.cfi_offset 4, -12
 1101              		.cfi_offset 5, -8
 1102              		.cfi_offset 14, -4
1255:frameworks/f407/Drivers/STM32F4xx_HAL_Driver/Src/stm32f4xx_hal_can.c ****   uint32_t transmitmailbox;
 1103              		.loc 1 1255 3 is_stmt 1 view .LVU343
1256:frameworks/f407/Drivers/STM32F4xx_HAL_Driver/Src/stm32f4xx_hal_can.c ****   HAL_CAN_StateTypeDef state = hcan->State;
 1104              		.loc 1 1256 3 view .LVU344
 1105              		.loc 1 1256 24 is_stmt 0 view .LVU345
 1106 0002 90F820C0 		ldrb	ip, [r0, #32]	@ zero_extendqisi2
 1107              	.LVL66:
1257:frameworks/f407/Drivers/STM32F4xx_HAL_Driver/Src/stm32f4xx_hal_can.c ****   uint32_t tsr = READ_REG(hcan->Instance->TSR);
 1108              		.loc 1 1257 3 is_stmt 1 view .LVU346
 1109              		.loc 1 1257 12 is_stmt 0 view .LVU347
 1110 0006 0468     		ldr	r4, [r0]
 1111 0008 A468     		ldr	r4, [r4, #8]
 1112              	.LVL67:
1258:frameworks/f407/Drivers/STM32F4xx_HAL_Driver/Src/stm32f4xx_hal_can.c **** 
1259:frameworks/f407/Drivers/STM32F4xx_HAL_Driver/Src/stm32f4xx_hal_can.c ****   /* Check the parameters */
1260:frameworks/f407/Drivers/STM32F4xx_HAL_Driver/Src/stm32f4xx_hal_can.c ****   assert_param(IS_CAN_IDTYPE(pHeader->IDE));
 1113              		.loc 1 1260 3 is_stmt 1 view .LVU348
1261:frameworks/f407/Drivers/STM32F4xx_HAL_Driver/Src/stm32f4xx_hal_can.c ****   assert_param(IS_CAN_RTR(pHeader->RTR));
 1114              		.loc 1 1261 3 view .LVU349
1262:frameworks/f407/Drivers/STM32F4xx_HAL_Driver/Src/stm32f4xx_hal_can.c ****   assert_param(IS_CAN_DLC(pHeader->DLC));
 1115              		.loc 1 1262 3 view .LVU350
1263:frameworks/f407/Drivers/STM32F4xx_HAL_Driver/Src/stm32f4xx_hal_can.c ****   if (pHeader->IDE == CAN_ID_STD)
 1116              		.loc 1 1263 3 view .LVU351
1264:frameworks/f407/Drivers/STM32F4xx_HAL_Driver/Src/stm32f4xx_hal_can.c ****   {
1265:frameworks/f407/Drivers/STM32F4xx_HAL_Driver/Src/stm32f4xx_hal_can.c ****     assert_param(IS_CAN_STDID(pHeader->StdId));
1266:frameworks/f407/Drivers/STM32F4xx_HAL_Driver/Src/stm32f4xx_hal_can.c ****   }
1267:frameworks/f407/Drivers/STM32F4xx_HAL_Driver/Src/stm32f4xx_hal_can.c ****   else
1268:frameworks/f407/Drivers/STM32F4xx_HAL_Driver/Src/stm32f4xx_hal_can.c ****   {
1269:frameworks/f407/Drivers/STM32F4xx_HAL_Driver/Src/stm32f4xx_hal_can.c ****     assert_param(IS_CAN_EXTID(pHeader->ExtId));
 1117              		.loc 1 1269 5 view .LVU352
1270:frameworks/f407/Drivers/STM32F4xx_HAL_Driver/Src/stm32f4xx_hal_can.c ****   }
1271:frameworks/f407/Drivers/STM32F4xx_HAL_Driver/Src/stm32f4xx_hal_can.c ****   assert_param(IS_FUNCTIONAL_STATE(pHeader->TransmitGlobalTime));
 1118              		.loc 1 1271 3 view .LVU353
1272:frameworks/f407/Drivers/STM32F4xx_HAL_Driver/Src/stm32f4xx_hal_can.c **** 
1273:frameworks/f407/Drivers/STM32F4xx_HAL_Driver/Src/stm32f4xx_hal_can.c ****   if ((state == HAL_CAN_STATE_READY) ||
 1119              		.loc 1 1273 3 view .LVU354
 1120              		.loc 1 1273 38 is_stmt 0 view .LVU355
 1121 000a 0CF1FF3C 		add	ip, ip, #-1
 1122              	.LVL68:
 1123              		.loc 1 1273 38 view .LVU356
 1124 000e 5FFA8CFC 		uxtb	ip, ip
 1125              		.loc 1 1273 6 view .LVU357
 1126 0012 BCF1010F 		cmp	ip, #1
 1127 0016 62D8     		bhi	.L97
ARM GAS  C:\Users\honor\AppData\Local\Temp\ccqm0Nze.s 			page 47


1274:frameworks/f407/Drivers/STM32F4xx_HAL_Driver/Src/stm32f4xx_hal_can.c ****       (state == HAL_CAN_STATE_LISTENING))
1275:frameworks/f407/Drivers/STM32F4xx_HAL_Driver/Src/stm32f4xx_hal_can.c ****   {
1276:frameworks/f407/Drivers/STM32F4xx_HAL_Driver/Src/stm32f4xx_hal_can.c ****     /* Check that all the Tx mailboxes are not full */
1277:frameworks/f407/Drivers/STM32F4xx_HAL_Driver/Src/stm32f4xx_hal_can.c ****     if (((tsr & CAN_TSR_TME0) != 0U) ||
 1128              		.loc 1 1277 5 is_stmt 1 view .LVU358
 1129              		.loc 1 1277 8 is_stmt 0 view .LVU359
 1130 0018 14F0E05F 		tst	r4, #469762048
 1131 001c 59D0     		beq	.L98
1278:frameworks/f407/Drivers/STM32F4xx_HAL_Driver/Src/stm32f4xx_hal_can.c ****         ((tsr & CAN_TSR_TME1) != 0U) ||
1279:frameworks/f407/Drivers/STM32F4xx_HAL_Driver/Src/stm32f4xx_hal_can.c ****         ((tsr & CAN_TSR_TME2) != 0U))
1280:frameworks/f407/Drivers/STM32F4xx_HAL_Driver/Src/stm32f4xx_hal_can.c ****     {
1281:frameworks/f407/Drivers/STM32F4xx_HAL_Driver/Src/stm32f4xx_hal_can.c ****       /* Select an empty transmit mailbox */
1282:frameworks/f407/Drivers/STM32F4xx_HAL_Driver/Src/stm32f4xx_hal_can.c ****       transmitmailbox = (tsr & CAN_TSR_CODE) >> CAN_TSR_CODE_Pos;
 1132              		.loc 1 1282 7 is_stmt 1 view .LVU360
 1133              		.loc 1 1282 23 is_stmt 0 view .LVU361
 1134 001e C4F3016C 		ubfx	ip, r4, #24, #2
 1135              	.LVL69:
1283:frameworks/f407/Drivers/STM32F4xx_HAL_Driver/Src/stm32f4xx_hal_can.c **** 
1284:frameworks/f407/Drivers/STM32F4xx_HAL_Driver/Src/stm32f4xx_hal_can.c ****       /* Store the Tx mailbox */
1285:frameworks/f407/Drivers/STM32F4xx_HAL_Driver/Src/stm32f4xx_hal_can.c ****       *pTxMailbox = (uint32_t)1 << transmitmailbox;
 1136              		.loc 1 1285 7 is_stmt 1 view .LVU362
 1137              		.loc 1 1285 33 is_stmt 0 view .LVU363
 1138 0022 0124     		movs	r4, #1
 1139              	.LVL70:
 1140              		.loc 1 1285 33 view .LVU364
 1141 0024 04FA0CF4 		lsl	r4, r4, ip
 1142              		.loc 1 1285 19 view .LVU365
 1143 0028 1C60     		str	r4, [r3]
1286:frameworks/f407/Drivers/STM32F4xx_HAL_Driver/Src/stm32f4xx_hal_can.c **** 
1287:frameworks/f407/Drivers/STM32F4xx_HAL_Driver/Src/stm32f4xx_hal_can.c ****       /* Set up the Id */
1288:frameworks/f407/Drivers/STM32F4xx_HAL_Driver/Src/stm32f4xx_hal_can.c ****       if (pHeader->IDE == CAN_ID_STD)
 1144              		.loc 1 1288 7 is_stmt 1 view .LVU366
 1145              		.loc 1 1288 18 is_stmt 0 view .LVU367
 1146 002a 8B68     		ldr	r3, [r1, #8]
 1147              	.LVL71:
 1148              		.loc 1 1288 10 view .LVU368
 1149 002c 002B     		cmp	r3, #0
 1150 002e 3DD1     		bne	.L99
1289:frameworks/f407/Drivers/STM32F4xx_HAL_Driver/Src/stm32f4xx_hal_can.c ****       {
1290:frameworks/f407/Drivers/STM32F4xx_HAL_Driver/Src/stm32f4xx_hal_can.c ****         hcan->Instance->sTxMailBox[transmitmailbox].TIR = ((pHeader->StdId << CAN_TI0R_STID_Pos) |
 1151              		.loc 1 1290 9 is_stmt 1 view .LVU369
 1152              		.loc 1 1290 68 is_stmt 0 view .LVU370
 1153 0030 0D68     		ldr	r5, [r1]
1291:frameworks/f407/Drivers/STM32F4xx_HAL_Driver/Src/stm32f4xx_hal_can.c ****                                                            pHeader->RTR);
 1154              		.loc 1 1291 67 view .LVU371
 1155 0032 CB68     		ldr	r3, [r1, #12]
1290:frameworks/f407/Drivers/STM32F4xx_HAL_Driver/Src/stm32f4xx_hal_can.c ****                                                            pHeader->RTR);
 1156              		.loc 1 1290 13 view .LVU372
 1157 0034 0468     		ldr	r4, [r0]
1290:frameworks/f407/Drivers/STM32F4xx_HAL_Driver/Src/stm32f4xx_hal_can.c ****                                                            pHeader->RTR);
 1158              		.loc 1 1290 98 view .LVU373
 1159 0036 43EA4555 		orr	r5, r3, r5, lsl #21
1290:frameworks/f407/Drivers/STM32F4xx_HAL_Driver/Src/stm32f4xx_hal_can.c ****                                                            pHeader->RTR);
 1160              		.loc 1 1290 57 view .LVU374
 1161 003a 0CF11803 		add	r3, ip, #24
 1162 003e 1B01     		lsls	r3, r3, #4
 1163 0040 E550     		str	r5, [r4, r3]
ARM GAS  C:\Users\honor\AppData\Local\Temp\ccqm0Nze.s 			page 48


 1164              	.L100:
1292:frameworks/f407/Drivers/STM32F4xx_HAL_Driver/Src/stm32f4xx_hal_can.c ****       }
1293:frameworks/f407/Drivers/STM32F4xx_HAL_Driver/Src/stm32f4xx_hal_can.c ****       else
1294:frameworks/f407/Drivers/STM32F4xx_HAL_Driver/Src/stm32f4xx_hal_can.c ****       {
1295:frameworks/f407/Drivers/STM32F4xx_HAL_Driver/Src/stm32f4xx_hal_can.c ****         hcan->Instance->sTxMailBox[transmitmailbox].TIR = ((pHeader->ExtId << CAN_TI0R_EXID_Pos) |
1296:frameworks/f407/Drivers/STM32F4xx_HAL_Driver/Src/stm32f4xx_hal_can.c ****                                                            pHeader->IDE |
1297:frameworks/f407/Drivers/STM32F4xx_HAL_Driver/Src/stm32f4xx_hal_can.c ****                                                            pHeader->RTR);
1298:frameworks/f407/Drivers/STM32F4xx_HAL_Driver/Src/stm32f4xx_hal_can.c ****       }
1299:frameworks/f407/Drivers/STM32F4xx_HAL_Driver/Src/stm32f4xx_hal_can.c **** 
1300:frameworks/f407/Drivers/STM32F4xx_HAL_Driver/Src/stm32f4xx_hal_can.c ****       /* Set up the DLC */
1301:frameworks/f407/Drivers/STM32F4xx_HAL_Driver/Src/stm32f4xx_hal_can.c ****       hcan->Instance->sTxMailBox[transmitmailbox].TDTR = (pHeader->DLC);
 1165              		.loc 1 1301 7 is_stmt 1 view .LVU375
 1166              		.loc 1 1301 11 is_stmt 0 view .LVU376
 1167 0042 0368     		ldr	r3, [r0]
 1168              		.loc 1 1301 66 view .LVU377
 1169 0044 0C69     		ldr	r4, [r1, #16]
 1170              		.loc 1 1301 56 view .LVU378
 1171 0046 0CF1180E 		add	lr, ip, #24
 1172 004a 03EB0E13 		add	r3, r3, lr, lsl #4
 1173 004e 5C60     		str	r4, [r3, #4]
1302:frameworks/f407/Drivers/STM32F4xx_HAL_Driver/Src/stm32f4xx_hal_can.c **** 
1303:frameworks/f407/Drivers/STM32F4xx_HAL_Driver/Src/stm32f4xx_hal_can.c ****       /* Set up the Transmit Global Time mode */
1304:frameworks/f407/Drivers/STM32F4xx_HAL_Driver/Src/stm32f4xx_hal_can.c ****       if (pHeader->TransmitGlobalTime == ENABLE)
 1174              		.loc 1 1304 7 is_stmt 1 view .LVU379
 1175              		.loc 1 1304 18 is_stmt 0 view .LVU380
 1176 0050 0B7D     		ldrb	r3, [r1, #20]	@ zero_extendqisi2
 1177              		.loc 1 1304 10 view .LVU381
 1178 0052 012B     		cmp	r3, #1
 1179 0054 35D0     		beq	.L104
 1180              	.LVL72:
 1181              	.L101:
1305:frameworks/f407/Drivers/STM32F4xx_HAL_Driver/Src/stm32f4xx_hal_can.c ****       {
1306:frameworks/f407/Drivers/STM32F4xx_HAL_Driver/Src/stm32f4xx_hal_can.c ****         SET_BIT(hcan->Instance->sTxMailBox[transmitmailbox].TDTR, CAN_TDT0R_TGT);
1307:frameworks/f407/Drivers/STM32F4xx_HAL_Driver/Src/stm32f4xx_hal_can.c ****       }
1308:frameworks/f407/Drivers/STM32F4xx_HAL_Driver/Src/stm32f4xx_hal_can.c **** 
1309:frameworks/f407/Drivers/STM32F4xx_HAL_Driver/Src/stm32f4xx_hal_can.c ****       /* Set up the data field */
1310:frameworks/f407/Drivers/STM32F4xx_HAL_Driver/Src/stm32f4xx_hal_can.c ****       WRITE_REG(hcan->Instance->sTxMailBox[transmitmailbox].TDHR,
 1182              		.loc 1 1310 7 is_stmt 1 view .LVU382
 1183 0056 D179     		ldrb	r1, [r2, #7]	@ zero_extendqisi2
 1184 0058 9379     		ldrb	r3, [r2, #6]	@ zero_extendqisi2
 1185 005a 1B04     		lsls	r3, r3, #16
 1186 005c 43EA0163 		orr	r3, r3, r1, lsl #24
 1187 0060 5179     		ldrb	r1, [r2, #5]	@ zero_extendqisi2
 1188 0062 43EA0123 		orr	r3, r3, r1, lsl #8
 1189 0066 1479     		ldrb	r4, [r2, #4]	@ zero_extendqisi2
 1190 0068 0168     		ldr	r1, [r0]
 1191 006a 2343     		orrs	r3, r3, r4
 1192 006c 01EB0C11 		add	r1, r1, ip, lsl #4
 1193 0070 C1F88C31 		str	r3, [r1, #396]
1311:frameworks/f407/Drivers/STM32F4xx_HAL_Driver/Src/stm32f4xx_hal_can.c ****                 ((uint32_t)aData[7] << CAN_TDH0R_DATA7_Pos) |
1312:frameworks/f407/Drivers/STM32F4xx_HAL_Driver/Src/stm32f4xx_hal_can.c ****                 ((uint32_t)aData[6] << CAN_TDH0R_DATA6_Pos) |
1313:frameworks/f407/Drivers/STM32F4xx_HAL_Driver/Src/stm32f4xx_hal_can.c ****                 ((uint32_t)aData[5] << CAN_TDH0R_DATA5_Pos) |
1314:frameworks/f407/Drivers/STM32F4xx_HAL_Driver/Src/stm32f4xx_hal_can.c ****                 ((uint32_t)aData[4] << CAN_TDH0R_DATA4_Pos));
1315:frameworks/f407/Drivers/STM32F4xx_HAL_Driver/Src/stm32f4xx_hal_can.c ****       WRITE_REG(hcan->Instance->sTxMailBox[transmitmailbox].TDLR,
 1194              		.loc 1 1315 7 view .LVU383
 1195 0074 D178     		ldrb	r1, [r2, #3]	@ zero_extendqisi2
 1196 0076 9378     		ldrb	r3, [r2, #2]	@ zero_extendqisi2
ARM GAS  C:\Users\honor\AppData\Local\Temp\ccqm0Nze.s 			page 49


 1197 0078 1B04     		lsls	r3, r3, #16
 1198 007a 43EA0163 		orr	r3, r3, r1, lsl #24
 1199 007e 5178     		ldrb	r1, [r2, #1]	@ zero_extendqisi2
 1200 0080 43EA0123 		orr	r3, r3, r1, lsl #8
 1201 0084 1178     		ldrb	r1, [r2]	@ zero_extendqisi2
 1202 0086 0268     		ldr	r2, [r0]
 1203              	.LVL73:
 1204              		.loc 1 1315 7 is_stmt 0 view .LVU384
 1205 0088 0B43     		orrs	r3, r3, r1
 1206 008a 02EB0C12 		add	r2, r2, ip, lsl #4
 1207 008e C2F88831 		str	r3, [r2, #392]
1316:frameworks/f407/Drivers/STM32F4xx_HAL_Driver/Src/stm32f4xx_hal_can.c ****                 ((uint32_t)aData[3] << CAN_TDL0R_DATA3_Pos) |
1317:frameworks/f407/Drivers/STM32F4xx_HAL_Driver/Src/stm32f4xx_hal_can.c ****                 ((uint32_t)aData[2] << CAN_TDL0R_DATA2_Pos) |
1318:frameworks/f407/Drivers/STM32F4xx_HAL_Driver/Src/stm32f4xx_hal_can.c ****                 ((uint32_t)aData[1] << CAN_TDL0R_DATA1_Pos) |
1319:frameworks/f407/Drivers/STM32F4xx_HAL_Driver/Src/stm32f4xx_hal_can.c ****                 ((uint32_t)aData[0] << CAN_TDL0R_DATA0_Pos));
1320:frameworks/f407/Drivers/STM32F4xx_HAL_Driver/Src/stm32f4xx_hal_can.c **** 
1321:frameworks/f407/Drivers/STM32F4xx_HAL_Driver/Src/stm32f4xx_hal_can.c ****       /* Request transmission */
1322:frameworks/f407/Drivers/STM32F4xx_HAL_Driver/Src/stm32f4xx_hal_can.c ****       SET_BIT(hcan->Instance->sTxMailBox[transmitmailbox].TIR, CAN_TI0R_TXRQ);
 1208              		.loc 1 1322 7 is_stmt 1 view .LVU385
 1209 0092 0268     		ldr	r2, [r0]
 1210 0094 0CF1180C 		add	ip, ip, #24
 1211              	.LVL74:
 1212              		.loc 1 1322 7 is_stmt 0 view .LVU386
 1213 0098 4FEA0C1C 		lsl	ip, ip, #4
 1214 009c 52F80C30 		ldr	r3, [r2, ip]
 1215 00a0 43F00103 		orr	r3, r3, #1
 1216 00a4 42F80C30 		str	r3, [r2, ip]
1323:frameworks/f407/Drivers/STM32F4xx_HAL_Driver/Src/stm32f4xx_hal_can.c **** 
1324:frameworks/f407/Drivers/STM32F4xx_HAL_Driver/Src/stm32f4xx_hal_can.c ****       /* Return function status */
1325:frameworks/f407/Drivers/STM32F4xx_HAL_Driver/Src/stm32f4xx_hal_can.c ****       return HAL_OK;
 1217              		.loc 1 1325 7 is_stmt 1 view .LVU387
 1218              		.loc 1 1325 14 is_stmt 0 view .LVU388
 1219 00a8 0020     		movs	r0, #0
 1220              	.LVL75:
 1221              		.loc 1 1325 14 view .LVU389
 1222 00aa 1DE0     		b	.L102
 1223              	.LVL76:
 1224              	.L99:
1295:frameworks/f407/Drivers/STM32F4xx_HAL_Driver/Src/stm32f4xx_hal_can.c ****                                                            pHeader->IDE |
 1225              		.loc 1 1295 9 is_stmt 1 view .LVU390
1295:frameworks/f407/Drivers/STM32F4xx_HAL_Driver/Src/stm32f4xx_hal_can.c ****                                                            pHeader->IDE |
 1226              		.loc 1 1295 68 is_stmt 0 view .LVU391
 1227 00ac 4C68     		ldr	r4, [r1, #4]
1295:frameworks/f407/Drivers/STM32F4xx_HAL_Driver/Src/stm32f4xx_hal_can.c ****                                                            pHeader->IDE |
 1228              		.loc 1 1295 98 view .LVU392
 1229 00ae 43EAC403 		orr	r3, r3, r4, lsl #3
1297:frameworks/f407/Drivers/STM32F4xx_HAL_Driver/Src/stm32f4xx_hal_can.c ****       }
 1230              		.loc 1 1297 67 view .LVU393
 1231 00b2 CC68     		ldr	r4, [r1, #12]
1296:frameworks/f407/Drivers/STM32F4xx_HAL_Driver/Src/stm32f4xx_hal_can.c ****                                                            pHeader->RTR);
 1232              		.loc 1 1296 73 view .LVU394
 1233 00b4 2343     		orrs	r3, r3, r4
1295:frameworks/f407/Drivers/STM32F4xx_HAL_Driver/Src/stm32f4xx_hal_can.c ****                                                            pHeader->IDE |
 1234              		.loc 1 1295 57 view .LVU395
 1235 00b6 0CF11804 		add	r4, ip, #24
 1236 00ba 2401     		lsls	r4, r4, #4
 1237 00bc 0568     		ldr	r5, [r0]
ARM GAS  C:\Users\honor\AppData\Local\Temp\ccqm0Nze.s 			page 50


 1238 00be 2B51     		str	r3, [r5, r4]
 1239 00c0 BFE7     		b	.L100
 1240              	.L104:
1306:frameworks/f407/Drivers/STM32F4xx_HAL_Driver/Src/stm32f4xx_hal_can.c ****       }
 1241              		.loc 1 1306 9 is_stmt 1 view .LVU396
 1242 00c2 0368     		ldr	r3, [r0]
 1243 00c4 03EB0E13 		add	r3, r3, lr, lsl #4
 1244 00c8 5968     		ldr	r1, [r3, #4]
 1245              	.LVL77:
1306:frameworks/f407/Drivers/STM32F4xx_HAL_Driver/Src/stm32f4xx_hal_can.c ****       }
 1246              		.loc 1 1306 9 is_stmt 0 view .LVU397
 1247 00ca 41F48071 		orr	r1, r1, #256
 1248 00ce 5960     		str	r1, [r3, #4]
 1249 00d0 C1E7     		b	.L101
 1250              	.LVL78:
 1251              	.L98:
1326:frameworks/f407/Drivers/STM32F4xx_HAL_Driver/Src/stm32f4xx_hal_can.c ****     }
1327:frameworks/f407/Drivers/STM32F4xx_HAL_Driver/Src/stm32f4xx_hal_can.c ****     else
1328:frameworks/f407/Drivers/STM32F4xx_HAL_Driver/Src/stm32f4xx_hal_can.c ****     {
1329:frameworks/f407/Drivers/STM32F4xx_HAL_Driver/Src/stm32f4xx_hal_can.c ****       /* Update error code */
1330:frameworks/f407/Drivers/STM32F4xx_HAL_Driver/Src/stm32f4xx_hal_can.c ****       hcan->ErrorCode |= HAL_CAN_ERROR_PARAM;
 1252              		.loc 1 1330 7 is_stmt 1 view .LVU398
 1253              		.loc 1 1330 23 is_stmt 0 view .LVU399
 1254 00d2 436A     		ldr	r3, [r0, #36]
 1255              	.LVL79:
 1256              		.loc 1 1330 23 view .LVU400
 1257 00d4 43F40013 		orr	r3, r3, #2097152
 1258 00d8 4362     		str	r3, [r0, #36]
1331:frameworks/f407/Drivers/STM32F4xx_HAL_Driver/Src/stm32f4xx_hal_can.c **** 
1332:frameworks/f407/Drivers/STM32F4xx_HAL_Driver/Src/stm32f4xx_hal_can.c ****       return HAL_ERROR;
 1259              		.loc 1 1332 7 is_stmt 1 view .LVU401
 1260              		.loc 1 1332 14 is_stmt 0 view .LVU402
 1261 00da 0120     		movs	r0, #1
 1262              	.LVL80:
 1263              		.loc 1 1332 14 view .LVU403
 1264 00dc 04E0     		b	.L102
 1265              	.LVL81:
 1266              	.L97:
1333:frameworks/f407/Drivers/STM32F4xx_HAL_Driver/Src/stm32f4xx_hal_can.c ****     }
1334:frameworks/f407/Drivers/STM32F4xx_HAL_Driver/Src/stm32f4xx_hal_can.c ****   }
1335:frameworks/f407/Drivers/STM32F4xx_HAL_Driver/Src/stm32f4xx_hal_can.c ****   else
1336:frameworks/f407/Drivers/STM32F4xx_HAL_Driver/Src/stm32f4xx_hal_can.c ****   {
1337:frameworks/f407/Drivers/STM32F4xx_HAL_Driver/Src/stm32f4xx_hal_can.c ****     /* Update error code */
1338:frameworks/f407/Drivers/STM32F4xx_HAL_Driver/Src/stm32f4xx_hal_can.c ****     hcan->ErrorCode |= HAL_CAN_ERROR_NOT_INITIALIZED;
 1267              		.loc 1 1338 5 is_stmt 1 view .LVU404
 1268              		.loc 1 1338 21 is_stmt 0 view .LVU405
 1269 00de 436A     		ldr	r3, [r0, #36]
 1270              	.LVL82:
 1271              		.loc 1 1338 21 view .LVU406
 1272 00e0 43F48023 		orr	r3, r3, #262144
 1273 00e4 4362     		str	r3, [r0, #36]
1339:frameworks/f407/Drivers/STM32F4xx_HAL_Driver/Src/stm32f4xx_hal_can.c **** 
1340:frameworks/f407/Drivers/STM32F4xx_HAL_Driver/Src/stm32f4xx_hal_can.c ****     return HAL_ERROR;
 1274              		.loc 1 1340 5 is_stmt 1 view .LVU407
 1275              		.loc 1 1340 12 is_stmt 0 view .LVU408
 1276 00e6 0120     		movs	r0, #1
 1277              	.LVL83:
ARM GAS  C:\Users\honor\AppData\Local\Temp\ccqm0Nze.s 			page 51


 1278              	.L102:
1341:frameworks/f407/Drivers/STM32F4xx_HAL_Driver/Src/stm32f4xx_hal_can.c ****   }
1342:frameworks/f407/Drivers/STM32F4xx_HAL_Driver/Src/stm32f4xx_hal_can.c **** }
 1279              		.loc 1 1342 1 view .LVU409
 1280 00e8 30BD     		pop	{r4, r5, pc}
 1281              		.cfi_endproc
 1282              	.LFE249:
 1284              		.section	.text.HAL_CAN_AbortTxRequest,"ax",%progbits
 1285              		.align	1
 1286              		.global	HAL_CAN_AbortTxRequest
 1287              		.syntax unified
 1288              		.thumb
 1289              		.thumb_func
 1291              	HAL_CAN_AbortTxRequest:
 1292              	.LVL84:
 1293              	.LFB250:
1343:frameworks/f407/Drivers/STM32F4xx_HAL_Driver/Src/stm32f4xx_hal_can.c **** 
1344:frameworks/f407/Drivers/STM32F4xx_HAL_Driver/Src/stm32f4xx_hal_can.c **** /**
1345:frameworks/f407/Drivers/STM32F4xx_HAL_Driver/Src/stm32f4xx_hal_can.c ****   * @brief  Abort transmission requests
1346:frameworks/f407/Drivers/STM32F4xx_HAL_Driver/Src/stm32f4xx_hal_can.c ****   * @param  hcan pointer to an CAN_HandleTypeDef structure that contains
1347:frameworks/f407/Drivers/STM32F4xx_HAL_Driver/Src/stm32f4xx_hal_can.c ****   *         the configuration information for the specified CAN.
1348:frameworks/f407/Drivers/STM32F4xx_HAL_Driver/Src/stm32f4xx_hal_can.c ****   * @param  TxMailboxes List of the Tx Mailboxes to abort.
1349:frameworks/f407/Drivers/STM32F4xx_HAL_Driver/Src/stm32f4xx_hal_can.c ****   *         This parameter can be any combination of @arg CAN_Tx_Mailboxes.
1350:frameworks/f407/Drivers/STM32F4xx_HAL_Driver/Src/stm32f4xx_hal_can.c ****   * @retval HAL status
1351:frameworks/f407/Drivers/STM32F4xx_HAL_Driver/Src/stm32f4xx_hal_can.c ****   */
1352:frameworks/f407/Drivers/STM32F4xx_HAL_Driver/Src/stm32f4xx_hal_can.c **** HAL_StatusTypeDef HAL_CAN_AbortTxRequest(CAN_HandleTypeDef *hcan, uint32_t TxMailboxes)
1353:frameworks/f407/Drivers/STM32F4xx_HAL_Driver/Src/stm32f4xx_hal_can.c **** {
 1294              		.loc 1 1353 1 is_stmt 1 view -0
 1295              		.cfi_startproc
 1296              		@ args = 0, pretend = 0, frame = 0
 1297              		@ frame_needed = 0, uses_anonymous_args = 0
 1298              		@ link register save eliminated.
1354:frameworks/f407/Drivers/STM32F4xx_HAL_Driver/Src/stm32f4xx_hal_can.c ****   HAL_CAN_StateTypeDef state = hcan->State;
 1299              		.loc 1 1354 3 view .LVU411
 1300              		.loc 1 1354 24 is_stmt 0 view .LVU412
 1301 0000 90F82030 		ldrb	r3, [r0, #32]	@ zero_extendqisi2
 1302              	.LVL85:
1355:frameworks/f407/Drivers/STM32F4xx_HAL_Driver/Src/stm32f4xx_hal_can.c **** 
1356:frameworks/f407/Drivers/STM32F4xx_HAL_Driver/Src/stm32f4xx_hal_can.c ****   /* Check function parameters */
1357:frameworks/f407/Drivers/STM32F4xx_HAL_Driver/Src/stm32f4xx_hal_can.c ****   assert_param(IS_CAN_TX_MAILBOX_LIST(TxMailboxes));
 1303              		.loc 1 1357 3 is_stmt 1 view .LVU413
1358:frameworks/f407/Drivers/STM32F4xx_HAL_Driver/Src/stm32f4xx_hal_can.c **** 
1359:frameworks/f407/Drivers/STM32F4xx_HAL_Driver/Src/stm32f4xx_hal_can.c ****   if ((state == HAL_CAN_STATE_READY) ||
 1304              		.loc 1 1359 3 view .LVU414
 1305              		.loc 1 1359 38 is_stmt 0 view .LVU415
 1306 0004 013B     		subs	r3, r3, #1
 1307              	.LVL86:
 1308              		.loc 1 1359 38 view .LVU416
 1309 0006 DBB2     		uxtb	r3, r3
 1310              		.loc 1 1359 6 view .LVU417
 1311 0008 012B     		cmp	r3, #1
 1312 000a 05D9     		bls	.L111
1360:frameworks/f407/Drivers/STM32F4xx_HAL_Driver/Src/stm32f4xx_hal_can.c ****       (state == HAL_CAN_STATE_LISTENING))
1361:frameworks/f407/Drivers/STM32F4xx_HAL_Driver/Src/stm32f4xx_hal_can.c ****   {
1362:frameworks/f407/Drivers/STM32F4xx_HAL_Driver/Src/stm32f4xx_hal_can.c ****     /* Check Tx Mailbox 0 */
1363:frameworks/f407/Drivers/STM32F4xx_HAL_Driver/Src/stm32f4xx_hal_can.c ****     if ((TxMailboxes & CAN_TX_MAILBOX0) != 0U)
1364:frameworks/f407/Drivers/STM32F4xx_HAL_Driver/Src/stm32f4xx_hal_can.c ****     {
ARM GAS  C:\Users\honor\AppData\Local\Temp\ccqm0Nze.s 			page 52


1365:frameworks/f407/Drivers/STM32F4xx_HAL_Driver/Src/stm32f4xx_hal_can.c ****       /* Add cancellation request for Tx Mailbox 0 */
1366:frameworks/f407/Drivers/STM32F4xx_HAL_Driver/Src/stm32f4xx_hal_can.c ****       SET_BIT(hcan->Instance->TSR, CAN_TSR_ABRQ0);
1367:frameworks/f407/Drivers/STM32F4xx_HAL_Driver/Src/stm32f4xx_hal_can.c ****     }
1368:frameworks/f407/Drivers/STM32F4xx_HAL_Driver/Src/stm32f4xx_hal_can.c **** 
1369:frameworks/f407/Drivers/STM32F4xx_HAL_Driver/Src/stm32f4xx_hal_can.c ****     /* Check Tx Mailbox 1 */
1370:frameworks/f407/Drivers/STM32F4xx_HAL_Driver/Src/stm32f4xx_hal_can.c ****     if ((TxMailboxes & CAN_TX_MAILBOX1) != 0U)
1371:frameworks/f407/Drivers/STM32F4xx_HAL_Driver/Src/stm32f4xx_hal_can.c ****     {
1372:frameworks/f407/Drivers/STM32F4xx_HAL_Driver/Src/stm32f4xx_hal_can.c ****       /* Add cancellation request for Tx Mailbox 1 */
1373:frameworks/f407/Drivers/STM32F4xx_HAL_Driver/Src/stm32f4xx_hal_can.c ****       SET_BIT(hcan->Instance->TSR, CAN_TSR_ABRQ1);
1374:frameworks/f407/Drivers/STM32F4xx_HAL_Driver/Src/stm32f4xx_hal_can.c ****     }
1375:frameworks/f407/Drivers/STM32F4xx_HAL_Driver/Src/stm32f4xx_hal_can.c **** 
1376:frameworks/f407/Drivers/STM32F4xx_HAL_Driver/Src/stm32f4xx_hal_can.c ****     /* Check Tx Mailbox 2 */
1377:frameworks/f407/Drivers/STM32F4xx_HAL_Driver/Src/stm32f4xx_hal_can.c ****     if ((TxMailboxes & CAN_TX_MAILBOX2) != 0U)
1378:frameworks/f407/Drivers/STM32F4xx_HAL_Driver/Src/stm32f4xx_hal_can.c ****     {
1379:frameworks/f407/Drivers/STM32F4xx_HAL_Driver/Src/stm32f4xx_hal_can.c ****       /* Add cancellation request for Tx Mailbox 2 */
1380:frameworks/f407/Drivers/STM32F4xx_HAL_Driver/Src/stm32f4xx_hal_can.c ****       SET_BIT(hcan->Instance->TSR, CAN_TSR_ABRQ2);
1381:frameworks/f407/Drivers/STM32F4xx_HAL_Driver/Src/stm32f4xx_hal_can.c ****     }
1382:frameworks/f407/Drivers/STM32F4xx_HAL_Driver/Src/stm32f4xx_hal_can.c **** 
1383:frameworks/f407/Drivers/STM32F4xx_HAL_Driver/Src/stm32f4xx_hal_can.c ****     /* Return function status */
1384:frameworks/f407/Drivers/STM32F4xx_HAL_Driver/Src/stm32f4xx_hal_can.c ****     return HAL_OK;
1385:frameworks/f407/Drivers/STM32F4xx_HAL_Driver/Src/stm32f4xx_hal_can.c ****   }
1386:frameworks/f407/Drivers/STM32F4xx_HAL_Driver/Src/stm32f4xx_hal_can.c ****   else
1387:frameworks/f407/Drivers/STM32F4xx_HAL_Driver/Src/stm32f4xx_hal_can.c ****   {
1388:frameworks/f407/Drivers/STM32F4xx_HAL_Driver/Src/stm32f4xx_hal_can.c ****     /* Update error code */
1389:frameworks/f407/Drivers/STM32F4xx_HAL_Driver/Src/stm32f4xx_hal_can.c ****     hcan->ErrorCode |= HAL_CAN_ERROR_NOT_INITIALIZED;
 1313              		.loc 1 1389 5 is_stmt 1 view .LVU418
 1314              		.loc 1 1389 21 is_stmt 0 view .LVU419
 1315 000c 436A     		ldr	r3, [r0, #36]
 1316 000e 43F48023 		orr	r3, r3, #262144
 1317 0012 4362     		str	r3, [r0, #36]
1390:frameworks/f407/Drivers/STM32F4xx_HAL_Driver/Src/stm32f4xx_hal_can.c **** 
1391:frameworks/f407/Drivers/STM32F4xx_HAL_Driver/Src/stm32f4xx_hal_can.c ****     return HAL_ERROR;
 1318              		.loc 1 1391 5 is_stmt 1 view .LVU420
 1319              		.loc 1 1391 12 is_stmt 0 view .LVU421
 1320 0014 0120     		movs	r0, #1
 1321              	.LVL87:
1392:frameworks/f407/Drivers/STM32F4xx_HAL_Driver/Src/stm32f4xx_hal_can.c ****   }
1393:frameworks/f407/Drivers/STM32F4xx_HAL_Driver/Src/stm32f4xx_hal_can.c **** }
 1322              		.loc 1 1393 1 view .LVU422
 1323 0016 7047     		bx	lr
 1324              	.LVL88:
 1325              	.L111:
1363:frameworks/f407/Drivers/STM32F4xx_HAL_Driver/Src/stm32f4xx_hal_can.c ****     {
 1326              		.loc 1 1363 5 is_stmt 1 view .LVU423
1363:frameworks/f407/Drivers/STM32F4xx_HAL_Driver/Src/stm32f4xx_hal_can.c ****     {
 1327              		.loc 1 1363 8 is_stmt 0 view .LVU424
 1328 0018 11F0010F 		tst	r1, #1
 1329 001c 04D0     		beq	.L107
1366:frameworks/f407/Drivers/STM32F4xx_HAL_Driver/Src/stm32f4xx_hal_can.c ****     }
 1330              		.loc 1 1366 7 is_stmt 1 view .LVU425
 1331 001e 0268     		ldr	r2, [r0]
 1332 0020 9368     		ldr	r3, [r2, #8]
 1333 0022 43F08003 		orr	r3, r3, #128
 1334 0026 9360     		str	r3, [r2, #8]
 1335              	.L107:
1370:frameworks/f407/Drivers/STM32F4xx_HAL_Driver/Src/stm32f4xx_hal_can.c ****     {
 1336              		.loc 1 1370 5 view .LVU426
ARM GAS  C:\Users\honor\AppData\Local\Temp\ccqm0Nze.s 			page 53


1370:frameworks/f407/Drivers/STM32F4xx_HAL_Driver/Src/stm32f4xx_hal_can.c ****     {
 1337              		.loc 1 1370 8 is_stmt 0 view .LVU427
 1338 0028 11F0020F 		tst	r1, #2
 1339 002c 04D0     		beq	.L108
1373:frameworks/f407/Drivers/STM32F4xx_HAL_Driver/Src/stm32f4xx_hal_can.c ****     }
 1340              		.loc 1 1373 7 is_stmt 1 view .LVU428
 1341 002e 0268     		ldr	r2, [r0]
 1342 0030 9368     		ldr	r3, [r2, #8]
 1343 0032 43F40043 		orr	r3, r3, #32768
 1344 0036 9360     		str	r3, [r2, #8]
 1345              	.L108:
1377:frameworks/f407/Drivers/STM32F4xx_HAL_Driver/Src/stm32f4xx_hal_can.c ****     {
 1346              		.loc 1 1377 5 view .LVU429
1377:frameworks/f407/Drivers/STM32F4xx_HAL_Driver/Src/stm32f4xx_hal_can.c ****     {
 1347              		.loc 1 1377 8 is_stmt 0 view .LVU430
 1348 0038 11F0040F 		tst	r1, #4
 1349 003c 04D0     		beq	.L109
1380:frameworks/f407/Drivers/STM32F4xx_HAL_Driver/Src/stm32f4xx_hal_can.c ****     }
 1350              		.loc 1 1380 7 is_stmt 1 view .LVU431
 1351 003e 0268     		ldr	r2, [r0]
 1352 0040 9368     		ldr	r3, [r2, #8]
 1353 0042 43F40003 		orr	r3, r3, #8388608
 1354 0046 9360     		str	r3, [r2, #8]
 1355              	.L109:
1384:frameworks/f407/Drivers/STM32F4xx_HAL_Driver/Src/stm32f4xx_hal_can.c ****   }
 1356              		.loc 1 1384 5 view .LVU432
1384:frameworks/f407/Drivers/STM32F4xx_HAL_Driver/Src/stm32f4xx_hal_can.c ****   }
 1357              		.loc 1 1384 12 is_stmt 0 view .LVU433
 1358 0048 0020     		movs	r0, #0
 1359              	.LVL89:
1384:frameworks/f407/Drivers/STM32F4xx_HAL_Driver/Src/stm32f4xx_hal_can.c ****   }
 1360              		.loc 1 1384 12 view .LVU434
 1361 004a 7047     		bx	lr
 1362              		.cfi_endproc
 1363              	.LFE250:
 1365              		.section	.text.HAL_CAN_GetTxMailboxesFreeLevel,"ax",%progbits
 1366              		.align	1
 1367              		.global	HAL_CAN_GetTxMailboxesFreeLevel
 1368              		.syntax unified
 1369              		.thumb
 1370              		.thumb_func
 1372              	HAL_CAN_GetTxMailboxesFreeLevel:
 1373              	.LVL90:
 1374              	.LFB251:
1394:frameworks/f407/Drivers/STM32F4xx_HAL_Driver/Src/stm32f4xx_hal_can.c **** 
1395:frameworks/f407/Drivers/STM32F4xx_HAL_Driver/Src/stm32f4xx_hal_can.c **** /**
1396:frameworks/f407/Drivers/STM32F4xx_HAL_Driver/Src/stm32f4xx_hal_can.c ****   * @brief  Return Tx Mailboxes free level: number of free Tx Mailboxes.
1397:frameworks/f407/Drivers/STM32F4xx_HAL_Driver/Src/stm32f4xx_hal_can.c ****   * @param  hcan pointer to a CAN_HandleTypeDef structure that contains
1398:frameworks/f407/Drivers/STM32F4xx_HAL_Driver/Src/stm32f4xx_hal_can.c ****   *         the configuration information for the specified CAN.
1399:frameworks/f407/Drivers/STM32F4xx_HAL_Driver/Src/stm32f4xx_hal_can.c ****   * @retval Number of free Tx Mailboxes.
1400:frameworks/f407/Drivers/STM32F4xx_HAL_Driver/Src/stm32f4xx_hal_can.c ****   */
1401:frameworks/f407/Drivers/STM32F4xx_HAL_Driver/Src/stm32f4xx_hal_can.c **** uint32_t HAL_CAN_GetTxMailboxesFreeLevel(const CAN_HandleTypeDef *hcan)
1402:frameworks/f407/Drivers/STM32F4xx_HAL_Driver/Src/stm32f4xx_hal_can.c **** {
 1375              		.loc 1 1402 1 is_stmt 1 view -0
 1376              		.cfi_startproc
 1377              		@ args = 0, pretend = 0, frame = 0
 1378              		@ frame_needed = 0, uses_anonymous_args = 0
ARM GAS  C:\Users\honor\AppData\Local\Temp\ccqm0Nze.s 			page 54


 1379              		@ link register save eliminated.
1403:frameworks/f407/Drivers/STM32F4xx_HAL_Driver/Src/stm32f4xx_hal_can.c ****   uint32_t freelevel = 0U;
 1380              		.loc 1 1403 3 view .LVU436
1404:frameworks/f407/Drivers/STM32F4xx_HAL_Driver/Src/stm32f4xx_hal_can.c ****   HAL_CAN_StateTypeDef state = hcan->State;
 1381              		.loc 1 1404 3 view .LVU437
 1382              		.loc 1 1404 24 is_stmt 0 view .LVU438
 1383 0000 90F82030 		ldrb	r3, [r0, #32]	@ zero_extendqisi2
 1384              	.LVL91:
1405:frameworks/f407/Drivers/STM32F4xx_HAL_Driver/Src/stm32f4xx_hal_can.c **** 
1406:frameworks/f407/Drivers/STM32F4xx_HAL_Driver/Src/stm32f4xx_hal_can.c ****   if ((state == HAL_CAN_STATE_READY) ||
 1385              		.loc 1 1406 3 is_stmt 1 view .LVU439
 1386              		.loc 1 1406 38 is_stmt 0 view .LVU440
 1387 0004 013B     		subs	r3, r3, #1
 1388              	.LVL92:
 1389              		.loc 1 1406 38 view .LVU441
 1390 0006 DBB2     		uxtb	r3, r3
 1391              		.loc 1 1406 6 view .LVU442
 1392 0008 012B     		cmp	r3, #1
 1393 000a 01D9     		bls	.L118
1403:frameworks/f407/Drivers/STM32F4xx_HAL_Driver/Src/stm32f4xx_hal_can.c ****   HAL_CAN_StateTypeDef state = hcan->State;
 1394              		.loc 1 1403 12 view .LVU443
 1395 000c 0020     		movs	r0, #0
 1396              	.LVL93:
1407:frameworks/f407/Drivers/STM32F4xx_HAL_Driver/Src/stm32f4xx_hal_can.c ****       (state == HAL_CAN_STATE_LISTENING))
1408:frameworks/f407/Drivers/STM32F4xx_HAL_Driver/Src/stm32f4xx_hal_can.c ****   {
1409:frameworks/f407/Drivers/STM32F4xx_HAL_Driver/Src/stm32f4xx_hal_can.c ****     /* Check Tx Mailbox 0 status */
1410:frameworks/f407/Drivers/STM32F4xx_HAL_Driver/Src/stm32f4xx_hal_can.c ****     if ((hcan->Instance->TSR & CAN_TSR_TME0) != 0U)
1411:frameworks/f407/Drivers/STM32F4xx_HAL_Driver/Src/stm32f4xx_hal_can.c ****     {
1412:frameworks/f407/Drivers/STM32F4xx_HAL_Driver/Src/stm32f4xx_hal_can.c ****       freelevel++;
1413:frameworks/f407/Drivers/STM32F4xx_HAL_Driver/Src/stm32f4xx_hal_can.c ****     }
1414:frameworks/f407/Drivers/STM32F4xx_HAL_Driver/Src/stm32f4xx_hal_can.c **** 
1415:frameworks/f407/Drivers/STM32F4xx_HAL_Driver/Src/stm32f4xx_hal_can.c ****     /* Check Tx Mailbox 1 status */
1416:frameworks/f407/Drivers/STM32F4xx_HAL_Driver/Src/stm32f4xx_hal_can.c ****     if ((hcan->Instance->TSR & CAN_TSR_TME1) != 0U)
1417:frameworks/f407/Drivers/STM32F4xx_HAL_Driver/Src/stm32f4xx_hal_can.c ****     {
1418:frameworks/f407/Drivers/STM32F4xx_HAL_Driver/Src/stm32f4xx_hal_can.c ****       freelevel++;
1419:frameworks/f407/Drivers/STM32F4xx_HAL_Driver/Src/stm32f4xx_hal_can.c ****     }
1420:frameworks/f407/Drivers/STM32F4xx_HAL_Driver/Src/stm32f4xx_hal_can.c **** 
1421:frameworks/f407/Drivers/STM32F4xx_HAL_Driver/Src/stm32f4xx_hal_can.c ****     /* Check Tx Mailbox 2 status */
1422:frameworks/f407/Drivers/STM32F4xx_HAL_Driver/Src/stm32f4xx_hal_can.c ****     if ((hcan->Instance->TSR & CAN_TSR_TME2) != 0U)
1423:frameworks/f407/Drivers/STM32F4xx_HAL_Driver/Src/stm32f4xx_hal_can.c ****     {
1424:frameworks/f407/Drivers/STM32F4xx_HAL_Driver/Src/stm32f4xx_hal_can.c ****       freelevel++;
1425:frameworks/f407/Drivers/STM32F4xx_HAL_Driver/Src/stm32f4xx_hal_can.c ****     }
1426:frameworks/f407/Drivers/STM32F4xx_HAL_Driver/Src/stm32f4xx_hal_can.c ****   }
1427:frameworks/f407/Drivers/STM32F4xx_HAL_Driver/Src/stm32f4xx_hal_can.c **** 
1428:frameworks/f407/Drivers/STM32F4xx_HAL_Driver/Src/stm32f4xx_hal_can.c ****   /* Return Tx Mailboxes free level */
1429:frameworks/f407/Drivers/STM32F4xx_HAL_Driver/Src/stm32f4xx_hal_can.c ****   return freelevel;
 1397              		.loc 1 1429 3 is_stmt 1 view .LVU444
 1398              	.L112:
1430:frameworks/f407/Drivers/STM32F4xx_HAL_Driver/Src/stm32f4xx_hal_can.c **** }
 1399              		.loc 1 1430 1 is_stmt 0 view .LVU445
 1400 000e 7047     		bx	lr
 1401              	.LVL94:
 1402              	.L118:
1410:frameworks/f407/Drivers/STM32F4xx_HAL_Driver/Src/stm32f4xx_hal_can.c ****     {
 1403              		.loc 1 1410 5 is_stmt 1 view .LVU446
1410:frameworks/f407/Drivers/STM32F4xx_HAL_Driver/Src/stm32f4xx_hal_can.c ****     {
 1404              		.loc 1 1410 14 is_stmt 0 view .LVU447
ARM GAS  C:\Users\honor\AppData\Local\Temp\ccqm0Nze.s 			page 55


 1405 0010 0368     		ldr	r3, [r0]
1410:frameworks/f407/Drivers/STM32F4xx_HAL_Driver/Src/stm32f4xx_hal_can.c ****     {
 1406              		.loc 1 1410 24 view .LVU448
 1407 0012 9868     		ldr	r0, [r3, #8]
 1408              	.LVL95:
1410:frameworks/f407/Drivers/STM32F4xx_HAL_Driver/Src/stm32f4xx_hal_can.c ****     {
 1409              		.loc 1 1410 8 view .LVU449
 1410 0014 10F08060 		ands	r0, r0, #67108864
 1411 0018 00D0     		beq	.L114
1412:frameworks/f407/Drivers/STM32F4xx_HAL_Driver/Src/stm32f4xx_hal_can.c ****     }
 1412              		.loc 1 1412 16 view .LVU450
 1413 001a 0120     		movs	r0, #1
 1414              	.L114:
 1415              	.LVL96:
1416:frameworks/f407/Drivers/STM32F4xx_HAL_Driver/Src/stm32f4xx_hal_can.c ****     {
 1416              		.loc 1 1416 5 is_stmt 1 view .LVU451
1416:frameworks/f407/Drivers/STM32F4xx_HAL_Driver/Src/stm32f4xx_hal_can.c ****     {
 1417              		.loc 1 1416 24 is_stmt 0 view .LVU452
 1418 001c 9A68     		ldr	r2, [r3, #8]
1416:frameworks/f407/Drivers/STM32F4xx_HAL_Driver/Src/stm32f4xx_hal_can.c ****     {
 1419              		.loc 1 1416 8 view .LVU453
 1420 001e 12F0006F 		tst	r2, #134217728
 1421 0022 00D0     		beq	.L115
1418:frameworks/f407/Drivers/STM32F4xx_HAL_Driver/Src/stm32f4xx_hal_can.c ****     }
 1422              		.loc 1 1418 7 is_stmt 1 view .LVU454
1418:frameworks/f407/Drivers/STM32F4xx_HAL_Driver/Src/stm32f4xx_hal_can.c ****     }
 1423              		.loc 1 1418 16 is_stmt 0 view .LVU455
 1424 0024 0130     		adds	r0, r0, #1
 1425              	.LVL97:
 1426              	.L115:
1422:frameworks/f407/Drivers/STM32F4xx_HAL_Driver/Src/stm32f4xx_hal_can.c ****     {
 1427              		.loc 1 1422 5 is_stmt 1 view .LVU456
1422:frameworks/f407/Drivers/STM32F4xx_HAL_Driver/Src/stm32f4xx_hal_can.c ****     {
 1428              		.loc 1 1422 24 is_stmt 0 view .LVU457
 1429 0026 9B68     		ldr	r3, [r3, #8]
1422:frameworks/f407/Drivers/STM32F4xx_HAL_Driver/Src/stm32f4xx_hal_can.c ****     {
 1430              		.loc 1 1422 8 view .LVU458
 1431 0028 13F0805F 		tst	r3, #268435456
 1432 002c EFD0     		beq	.L112
1424:frameworks/f407/Drivers/STM32F4xx_HAL_Driver/Src/stm32f4xx_hal_can.c ****     }
 1433              		.loc 1 1424 7 is_stmt 1 view .LVU459
1424:frameworks/f407/Drivers/STM32F4xx_HAL_Driver/Src/stm32f4xx_hal_can.c ****     }
 1434              		.loc 1 1424 16 is_stmt 0 view .LVU460
 1435 002e 0130     		adds	r0, r0, #1
 1436              	.LVL98:
1424:frameworks/f407/Drivers/STM32F4xx_HAL_Driver/Src/stm32f4xx_hal_can.c ****     }
 1437              		.loc 1 1424 16 view .LVU461
 1438 0030 7047     		bx	lr
 1439              		.cfi_endproc
 1440              	.LFE251:
 1442              		.section	.text.HAL_CAN_IsTxMessagePending,"ax",%progbits
 1443              		.align	1
 1444              		.global	HAL_CAN_IsTxMessagePending
 1445              		.syntax unified
 1446              		.thumb
 1447              		.thumb_func
 1449              	HAL_CAN_IsTxMessagePending:
ARM GAS  C:\Users\honor\AppData\Local\Temp\ccqm0Nze.s 			page 56


 1450              	.LVL99:
 1451              	.LFB252:
1431:frameworks/f407/Drivers/STM32F4xx_HAL_Driver/Src/stm32f4xx_hal_can.c **** 
1432:frameworks/f407/Drivers/STM32F4xx_HAL_Driver/Src/stm32f4xx_hal_can.c **** /**
1433:frameworks/f407/Drivers/STM32F4xx_HAL_Driver/Src/stm32f4xx_hal_can.c ****   * @brief  Check if a transmission request is pending on the selected Tx
1434:frameworks/f407/Drivers/STM32F4xx_HAL_Driver/Src/stm32f4xx_hal_can.c ****   *         Mailboxes.
1435:frameworks/f407/Drivers/STM32F4xx_HAL_Driver/Src/stm32f4xx_hal_can.c ****   * @param  hcan pointer to an CAN_HandleTypeDef structure that contains
1436:frameworks/f407/Drivers/STM32F4xx_HAL_Driver/Src/stm32f4xx_hal_can.c ****   *         the configuration information for the specified CAN.
1437:frameworks/f407/Drivers/STM32F4xx_HAL_Driver/Src/stm32f4xx_hal_can.c ****   * @param  TxMailboxes List of Tx Mailboxes to check.
1438:frameworks/f407/Drivers/STM32F4xx_HAL_Driver/Src/stm32f4xx_hal_can.c ****   *         This parameter can be any combination of @arg CAN_Tx_Mailboxes.
1439:frameworks/f407/Drivers/STM32F4xx_HAL_Driver/Src/stm32f4xx_hal_can.c ****   * @retval Status
1440:frameworks/f407/Drivers/STM32F4xx_HAL_Driver/Src/stm32f4xx_hal_can.c ****   *          - 0 : No pending transmission request on any selected Tx Mailboxes.
1441:frameworks/f407/Drivers/STM32F4xx_HAL_Driver/Src/stm32f4xx_hal_can.c ****   *          - 1 : Pending transmission request on at least one of the selected
1442:frameworks/f407/Drivers/STM32F4xx_HAL_Driver/Src/stm32f4xx_hal_can.c ****   *                Tx Mailbox.
1443:frameworks/f407/Drivers/STM32F4xx_HAL_Driver/Src/stm32f4xx_hal_can.c ****   */
1444:frameworks/f407/Drivers/STM32F4xx_HAL_Driver/Src/stm32f4xx_hal_can.c **** uint32_t HAL_CAN_IsTxMessagePending(const CAN_HandleTypeDef *hcan, uint32_t TxMailboxes)
1445:frameworks/f407/Drivers/STM32F4xx_HAL_Driver/Src/stm32f4xx_hal_can.c **** {
 1452              		.loc 1 1445 1 is_stmt 1 view -0
 1453              		.cfi_startproc
 1454              		@ args = 0, pretend = 0, frame = 0
 1455              		@ frame_needed = 0, uses_anonymous_args = 0
 1456              		@ link register save eliminated.
1446:frameworks/f407/Drivers/STM32F4xx_HAL_Driver/Src/stm32f4xx_hal_can.c ****   uint32_t status = 0U;
 1457              		.loc 1 1446 3 view .LVU463
1447:frameworks/f407/Drivers/STM32F4xx_HAL_Driver/Src/stm32f4xx_hal_can.c ****   HAL_CAN_StateTypeDef state = hcan->State;
 1458              		.loc 1 1447 3 view .LVU464
 1459              		.loc 1 1447 24 is_stmt 0 view .LVU465
 1460 0000 90F82030 		ldrb	r3, [r0, #32]	@ zero_extendqisi2
 1461              	.LVL100:
1448:frameworks/f407/Drivers/STM32F4xx_HAL_Driver/Src/stm32f4xx_hal_can.c **** 
1449:frameworks/f407/Drivers/STM32F4xx_HAL_Driver/Src/stm32f4xx_hal_can.c ****   /* Check function parameters */
1450:frameworks/f407/Drivers/STM32F4xx_HAL_Driver/Src/stm32f4xx_hal_can.c ****   assert_param(IS_CAN_TX_MAILBOX_LIST(TxMailboxes));
 1462              		.loc 1 1450 3 is_stmt 1 view .LVU466
1451:frameworks/f407/Drivers/STM32F4xx_HAL_Driver/Src/stm32f4xx_hal_can.c **** 
1452:frameworks/f407/Drivers/STM32F4xx_HAL_Driver/Src/stm32f4xx_hal_can.c ****   if ((state == HAL_CAN_STATE_READY) ||
 1463              		.loc 1 1452 3 view .LVU467
 1464              		.loc 1 1452 38 is_stmt 0 view .LVU468
 1465 0004 013B     		subs	r3, r3, #1
 1466              	.LVL101:
 1467              		.loc 1 1452 38 view .LVU469
 1468 0006 DBB2     		uxtb	r3, r3
 1469              		.loc 1 1452 6 view .LVU470
 1470 0008 012B     		cmp	r3, #1
 1471 000a 01D9     		bls	.L123
1446:frameworks/f407/Drivers/STM32F4xx_HAL_Driver/Src/stm32f4xx_hal_can.c ****   HAL_CAN_StateTypeDef state = hcan->State;
 1472              		.loc 1 1446 12 view .LVU471
 1473 000c 0020     		movs	r0, #0
 1474              	.LVL102:
1446:frameworks/f407/Drivers/STM32F4xx_HAL_Driver/Src/stm32f4xx_hal_can.c ****   HAL_CAN_StateTypeDef state = hcan->State;
 1475              		.loc 1 1446 12 view .LVU472
 1476 000e 7047     		bx	lr
 1477              	.LVL103:
 1478              	.L123:
1453:frameworks/f407/Drivers/STM32F4xx_HAL_Driver/Src/stm32f4xx_hal_can.c ****       (state == HAL_CAN_STATE_LISTENING))
1454:frameworks/f407/Drivers/STM32F4xx_HAL_Driver/Src/stm32f4xx_hal_can.c ****   {
1455:frameworks/f407/Drivers/STM32F4xx_HAL_Driver/Src/stm32f4xx_hal_can.c ****     /* Check pending transmission request on the selected Tx Mailboxes */
1456:frameworks/f407/Drivers/STM32F4xx_HAL_Driver/Src/stm32f4xx_hal_can.c ****     if ((hcan->Instance->TSR & (TxMailboxes << CAN_TSR_TME0_Pos)) != (TxMailboxes << CAN_TSR_TME0_P
ARM GAS  C:\Users\honor\AppData\Local\Temp\ccqm0Nze.s 			page 57


 1479              		.loc 1 1456 5 is_stmt 1 view .LVU473
 1480              		.loc 1 1456 14 is_stmt 0 view .LVU474
 1481 0010 0368     		ldr	r3, [r0]
 1482              		.loc 1 1456 24 view .LVU475
 1483 0012 9B68     		ldr	r3, [r3, #8]
 1484              		.loc 1 1456 30 view .LVU476
 1485 0014 03EA8163 		and	r3, r3, r1, lsl #26
 1486              		.loc 1 1456 8 view .LVU477
 1487 0018 B3EB816F 		cmp	r3, r1, lsl #26
 1488 001c 01D0     		beq	.L124
1457:frameworks/f407/Drivers/STM32F4xx_HAL_Driver/Src/stm32f4xx_hal_can.c ****     {
1458:frameworks/f407/Drivers/STM32F4xx_HAL_Driver/Src/stm32f4xx_hal_can.c ****       status = 1U;
 1489              		.loc 1 1458 14 view .LVU478
 1490 001e 0120     		movs	r0, #1
 1491              	.LVL104:
1459:frameworks/f407/Drivers/STM32F4xx_HAL_Driver/Src/stm32f4xx_hal_can.c ****     }
1460:frameworks/f407/Drivers/STM32F4xx_HAL_Driver/Src/stm32f4xx_hal_can.c ****   }
1461:frameworks/f407/Drivers/STM32F4xx_HAL_Driver/Src/stm32f4xx_hal_can.c **** 
1462:frameworks/f407/Drivers/STM32F4xx_HAL_Driver/Src/stm32f4xx_hal_can.c ****   /* Return status */
1463:frameworks/f407/Drivers/STM32F4xx_HAL_Driver/Src/stm32f4xx_hal_can.c ****   return status;
 1492              		.loc 1 1463 3 is_stmt 1 view .LVU479
1464:frameworks/f407/Drivers/STM32F4xx_HAL_Driver/Src/stm32f4xx_hal_can.c **** }
 1493              		.loc 1 1464 1 is_stmt 0 view .LVU480
 1494 0020 7047     		bx	lr
 1495              	.LVL105:
 1496              	.L124:
1446:frameworks/f407/Drivers/STM32F4xx_HAL_Driver/Src/stm32f4xx_hal_can.c ****   HAL_CAN_StateTypeDef state = hcan->State;
 1497              		.loc 1 1446 12 view .LVU481
 1498 0022 0020     		movs	r0, #0
 1499              	.LVL106:
1446:frameworks/f407/Drivers/STM32F4xx_HAL_Driver/Src/stm32f4xx_hal_can.c ****   HAL_CAN_StateTypeDef state = hcan->State;
 1500              		.loc 1 1446 12 view .LVU482
 1501 0024 7047     		bx	lr
 1502              		.cfi_endproc
 1503              	.LFE252:
 1505              		.section	.text.HAL_CAN_GetTxTimestamp,"ax",%progbits
 1506              		.align	1
 1507              		.global	HAL_CAN_GetTxTimestamp
 1508              		.syntax unified
 1509              		.thumb
 1510              		.thumb_func
 1512              	HAL_CAN_GetTxTimestamp:
 1513              	.LVL107:
 1514              	.LFB253:
1465:frameworks/f407/Drivers/STM32F4xx_HAL_Driver/Src/stm32f4xx_hal_can.c **** 
1466:frameworks/f407/Drivers/STM32F4xx_HAL_Driver/Src/stm32f4xx_hal_can.c **** /**
1467:frameworks/f407/Drivers/STM32F4xx_HAL_Driver/Src/stm32f4xx_hal_can.c ****   * @brief  Return timestamp of Tx message sent, if time triggered communication
1468:frameworks/f407/Drivers/STM32F4xx_HAL_Driver/Src/stm32f4xx_hal_can.c ****             mode is enabled.
1469:frameworks/f407/Drivers/STM32F4xx_HAL_Driver/Src/stm32f4xx_hal_can.c ****   * @param  hcan pointer to a CAN_HandleTypeDef structure that contains
1470:frameworks/f407/Drivers/STM32F4xx_HAL_Driver/Src/stm32f4xx_hal_can.c ****   *         the configuration information for the specified CAN.
1471:frameworks/f407/Drivers/STM32F4xx_HAL_Driver/Src/stm32f4xx_hal_can.c ****   * @param  TxMailbox Tx Mailbox where the timestamp of message sent will be
1472:frameworks/f407/Drivers/STM32F4xx_HAL_Driver/Src/stm32f4xx_hal_can.c ****   *         read.
1473:frameworks/f407/Drivers/STM32F4xx_HAL_Driver/Src/stm32f4xx_hal_can.c ****   *         This parameter can be one value of @arg CAN_Tx_Mailboxes.
1474:frameworks/f407/Drivers/STM32F4xx_HAL_Driver/Src/stm32f4xx_hal_can.c ****   * @retval Timestamp of message sent from Tx Mailbox.
1475:frameworks/f407/Drivers/STM32F4xx_HAL_Driver/Src/stm32f4xx_hal_can.c ****   */
1476:frameworks/f407/Drivers/STM32F4xx_HAL_Driver/Src/stm32f4xx_hal_can.c **** uint32_t HAL_CAN_GetTxTimestamp(const CAN_HandleTypeDef *hcan, uint32_t TxMailbox)
1477:frameworks/f407/Drivers/STM32F4xx_HAL_Driver/Src/stm32f4xx_hal_can.c **** {
ARM GAS  C:\Users\honor\AppData\Local\Temp\ccqm0Nze.s 			page 58


 1515              		.loc 1 1477 1 is_stmt 1 view -0
 1516              		.cfi_startproc
 1517              		@ args = 0, pretend = 0, frame = 0
 1518              		@ frame_needed = 0, uses_anonymous_args = 0
 1519              		@ link register save eliminated.
1478:frameworks/f407/Drivers/STM32F4xx_HAL_Driver/Src/stm32f4xx_hal_can.c ****   uint32_t timestamp = 0U;
 1520              		.loc 1 1478 3 view .LVU484
1479:frameworks/f407/Drivers/STM32F4xx_HAL_Driver/Src/stm32f4xx_hal_can.c ****   uint32_t transmitmailbox;
 1521              		.loc 1 1479 3 view .LVU485
1480:frameworks/f407/Drivers/STM32F4xx_HAL_Driver/Src/stm32f4xx_hal_can.c ****   HAL_CAN_StateTypeDef state = hcan->State;
 1522              		.loc 1 1480 3 view .LVU486
 1523              		.loc 1 1480 24 is_stmt 0 view .LVU487
 1524 0000 90F82030 		ldrb	r3, [r0, #32]	@ zero_extendqisi2
 1525              	.LVL108:
1481:frameworks/f407/Drivers/STM32F4xx_HAL_Driver/Src/stm32f4xx_hal_can.c **** 
1482:frameworks/f407/Drivers/STM32F4xx_HAL_Driver/Src/stm32f4xx_hal_can.c ****   /* Check function parameters */
1483:frameworks/f407/Drivers/STM32F4xx_HAL_Driver/Src/stm32f4xx_hal_can.c ****   assert_param(IS_CAN_TX_MAILBOX(TxMailbox));
 1526              		.loc 1 1483 3 is_stmt 1 view .LVU488
1484:frameworks/f407/Drivers/STM32F4xx_HAL_Driver/Src/stm32f4xx_hal_can.c **** 
1485:frameworks/f407/Drivers/STM32F4xx_HAL_Driver/Src/stm32f4xx_hal_can.c ****   if ((state == HAL_CAN_STATE_READY) ||
 1527              		.loc 1 1485 3 view .LVU489
 1528              		.loc 1 1485 38 is_stmt 0 view .LVU490
 1529 0004 013B     		subs	r3, r3, #1
 1530              	.LVL109:
 1531              		.loc 1 1485 38 view .LVU491
 1532 0006 DBB2     		uxtb	r3, r3
 1533              		.loc 1 1485 6 view .LVU492
 1534 0008 012B     		cmp	r3, #1
 1535 000a 01D9     		bls	.L130
1478:frameworks/f407/Drivers/STM32F4xx_HAL_Driver/Src/stm32f4xx_hal_can.c ****   uint32_t transmitmailbox;
 1536              		.loc 1 1478 12 view .LVU493
 1537 000c 0020     		movs	r0, #0
 1538              	.LVL110:
1486:frameworks/f407/Drivers/STM32F4xx_HAL_Driver/Src/stm32f4xx_hal_can.c ****       (state == HAL_CAN_STATE_LISTENING))
1487:frameworks/f407/Drivers/STM32F4xx_HAL_Driver/Src/stm32f4xx_hal_can.c ****   {
1488:frameworks/f407/Drivers/STM32F4xx_HAL_Driver/Src/stm32f4xx_hal_can.c ****     /* Select the Tx mailbox */
1489:frameworks/f407/Drivers/STM32F4xx_HAL_Driver/Src/stm32f4xx_hal_can.c ****     transmitmailbox = POSITION_VAL(TxMailbox);
1490:frameworks/f407/Drivers/STM32F4xx_HAL_Driver/Src/stm32f4xx_hal_can.c **** 
1491:frameworks/f407/Drivers/STM32F4xx_HAL_Driver/Src/stm32f4xx_hal_can.c ****     /* Get timestamp */
1492:frameworks/f407/Drivers/STM32F4xx_HAL_Driver/Src/stm32f4xx_hal_can.c ****     timestamp = (hcan->Instance->sTxMailBox[transmitmailbox].TDTR & CAN_TDT0R_TIME) >> CAN_TDT0R_TI
1493:frameworks/f407/Drivers/STM32F4xx_HAL_Driver/Src/stm32f4xx_hal_can.c ****   }
1494:frameworks/f407/Drivers/STM32F4xx_HAL_Driver/Src/stm32f4xx_hal_can.c **** 
1495:frameworks/f407/Drivers/STM32F4xx_HAL_Driver/Src/stm32f4xx_hal_can.c ****   /* Return the timestamp */
1496:frameworks/f407/Drivers/STM32F4xx_HAL_Driver/Src/stm32f4xx_hal_can.c ****   return timestamp;
 1539              		.loc 1 1496 3 is_stmt 1 view .LVU494
1497:frameworks/f407/Drivers/STM32F4xx_HAL_Driver/Src/stm32f4xx_hal_can.c **** }
 1540              		.loc 1 1497 1 is_stmt 0 view .LVU495
 1541 000e 7047     		bx	lr
 1542              	.LVL111:
 1543              	.L130:
1489:frameworks/f407/Drivers/STM32F4xx_HAL_Driver/Src/stm32f4xx_hal_can.c **** 
 1544              		.loc 1 1489 5 is_stmt 1 view .LVU496
 1545              	.LBB6:
 1546              	.LBI6:
 1547              		.file 2 "frameworks/f407/Drivers/CMSIS/Include/cmsis_gcc.h"
   1:frameworks/f407/Drivers/CMSIS/Include/cmsis_gcc.h **** /**************************************************************************//**
   2:frameworks/f407/Drivers/CMSIS/Include/cmsis_gcc.h ****  * @file     cmsis_gcc.h
ARM GAS  C:\Users\honor\AppData\Local\Temp\ccqm0Nze.s 			page 59


   3:frameworks/f407/Drivers/CMSIS/Include/cmsis_gcc.h ****  * @brief    CMSIS compiler GCC header file
   4:frameworks/f407/Drivers/CMSIS/Include/cmsis_gcc.h ****  * @version  V5.4.1
   5:frameworks/f407/Drivers/CMSIS/Include/cmsis_gcc.h ****  * @date     27. May 2021
   6:frameworks/f407/Drivers/CMSIS/Include/cmsis_gcc.h ****  ******************************************************************************/
   7:frameworks/f407/Drivers/CMSIS/Include/cmsis_gcc.h **** /*
   8:frameworks/f407/Drivers/CMSIS/Include/cmsis_gcc.h ****  * Copyright (c) 2009-2021 Arm Limited. All rights reserved.
   9:frameworks/f407/Drivers/CMSIS/Include/cmsis_gcc.h ****  *
  10:frameworks/f407/Drivers/CMSIS/Include/cmsis_gcc.h ****  * SPDX-License-Identifier: Apache-2.0
  11:frameworks/f407/Drivers/CMSIS/Include/cmsis_gcc.h ****  *
  12:frameworks/f407/Drivers/CMSIS/Include/cmsis_gcc.h ****  * Licensed under the Apache License, Version 2.0 (the License); you may
  13:frameworks/f407/Drivers/CMSIS/Include/cmsis_gcc.h ****  * not use this file except in compliance with the License.
  14:frameworks/f407/Drivers/CMSIS/Include/cmsis_gcc.h ****  * You may obtain a copy of the License at
  15:frameworks/f407/Drivers/CMSIS/Include/cmsis_gcc.h ****  *
  16:frameworks/f407/Drivers/CMSIS/Include/cmsis_gcc.h ****  * www.apache.org/licenses/LICENSE-2.0
  17:frameworks/f407/Drivers/CMSIS/Include/cmsis_gcc.h ****  *
  18:frameworks/f407/Drivers/CMSIS/Include/cmsis_gcc.h ****  * Unless required by applicable law or agreed to in writing, software
  19:frameworks/f407/Drivers/CMSIS/Include/cmsis_gcc.h ****  * distributed under the License is distributed on an AS IS BASIS, WITHOUT
  20:frameworks/f407/Drivers/CMSIS/Include/cmsis_gcc.h ****  * WARRANTIES OR CONDITIONS OF ANY KIND, either express or implied.
  21:frameworks/f407/Drivers/CMSIS/Include/cmsis_gcc.h ****  * See the License for the specific language governing permissions and
  22:frameworks/f407/Drivers/CMSIS/Include/cmsis_gcc.h ****  * limitations under the License.
  23:frameworks/f407/Drivers/CMSIS/Include/cmsis_gcc.h ****  */
  24:frameworks/f407/Drivers/CMSIS/Include/cmsis_gcc.h **** 
  25:frameworks/f407/Drivers/CMSIS/Include/cmsis_gcc.h **** #ifndef __CMSIS_GCC_H
  26:frameworks/f407/Drivers/CMSIS/Include/cmsis_gcc.h **** #define __CMSIS_GCC_H
  27:frameworks/f407/Drivers/CMSIS/Include/cmsis_gcc.h **** 
  28:frameworks/f407/Drivers/CMSIS/Include/cmsis_gcc.h **** /* ignore some GCC warnings */
  29:frameworks/f407/Drivers/CMSIS/Include/cmsis_gcc.h **** #pragma GCC diagnostic push
  30:frameworks/f407/Drivers/CMSIS/Include/cmsis_gcc.h **** #pragma GCC diagnostic ignored "-Wsign-conversion"
  31:frameworks/f407/Drivers/CMSIS/Include/cmsis_gcc.h **** #pragma GCC diagnostic ignored "-Wconversion"
  32:frameworks/f407/Drivers/CMSIS/Include/cmsis_gcc.h **** #pragma GCC diagnostic ignored "-Wunused-parameter"
  33:frameworks/f407/Drivers/CMSIS/Include/cmsis_gcc.h **** 
  34:frameworks/f407/Drivers/CMSIS/Include/cmsis_gcc.h **** /* Fallback for __has_builtin */
  35:frameworks/f407/Drivers/CMSIS/Include/cmsis_gcc.h **** #ifndef __has_builtin
  36:frameworks/f407/Drivers/CMSIS/Include/cmsis_gcc.h ****   #define __has_builtin(x) (0)
  37:frameworks/f407/Drivers/CMSIS/Include/cmsis_gcc.h **** #endif
  38:frameworks/f407/Drivers/CMSIS/Include/cmsis_gcc.h **** 
  39:frameworks/f407/Drivers/CMSIS/Include/cmsis_gcc.h **** /* CMSIS compiler specific defines */
  40:frameworks/f407/Drivers/CMSIS/Include/cmsis_gcc.h **** #ifndef   __ASM
  41:frameworks/f407/Drivers/CMSIS/Include/cmsis_gcc.h ****   #define __ASM                                  __asm
  42:frameworks/f407/Drivers/CMSIS/Include/cmsis_gcc.h **** #endif
  43:frameworks/f407/Drivers/CMSIS/Include/cmsis_gcc.h **** #ifndef   __INLINE
  44:frameworks/f407/Drivers/CMSIS/Include/cmsis_gcc.h ****   #define __INLINE                               inline
  45:frameworks/f407/Drivers/CMSIS/Include/cmsis_gcc.h **** #endif
  46:frameworks/f407/Drivers/CMSIS/Include/cmsis_gcc.h **** #ifndef   __STATIC_INLINE
  47:frameworks/f407/Drivers/CMSIS/Include/cmsis_gcc.h ****   #define __STATIC_INLINE                        static inline
  48:frameworks/f407/Drivers/CMSIS/Include/cmsis_gcc.h **** #endif
  49:frameworks/f407/Drivers/CMSIS/Include/cmsis_gcc.h **** #ifndef   __STATIC_FORCEINLINE
  50:frameworks/f407/Drivers/CMSIS/Include/cmsis_gcc.h ****   #define __STATIC_FORCEINLINE                   __attribute__((always_inline)) static inline
  51:frameworks/f407/Drivers/CMSIS/Include/cmsis_gcc.h **** #endif
  52:frameworks/f407/Drivers/CMSIS/Include/cmsis_gcc.h **** #ifndef   __NO_RETURN
  53:frameworks/f407/Drivers/CMSIS/Include/cmsis_gcc.h ****   #define __NO_RETURN                            __attribute__((__noreturn__))
  54:frameworks/f407/Drivers/CMSIS/Include/cmsis_gcc.h **** #endif
  55:frameworks/f407/Drivers/CMSIS/Include/cmsis_gcc.h **** #ifndef   __USED
  56:frameworks/f407/Drivers/CMSIS/Include/cmsis_gcc.h ****   #define __USED                                 __attribute__((used))
  57:frameworks/f407/Drivers/CMSIS/Include/cmsis_gcc.h **** #endif
  58:frameworks/f407/Drivers/CMSIS/Include/cmsis_gcc.h **** #ifndef   __WEAK
  59:frameworks/f407/Drivers/CMSIS/Include/cmsis_gcc.h ****   #define __WEAK                                 __attribute__((weak))
ARM GAS  C:\Users\honor\AppData\Local\Temp\ccqm0Nze.s 			page 60


  60:frameworks/f407/Drivers/CMSIS/Include/cmsis_gcc.h **** #endif
  61:frameworks/f407/Drivers/CMSIS/Include/cmsis_gcc.h **** #ifndef   __PACKED
  62:frameworks/f407/Drivers/CMSIS/Include/cmsis_gcc.h ****   #define __PACKED                               __attribute__((packed, aligned(1)))
  63:frameworks/f407/Drivers/CMSIS/Include/cmsis_gcc.h **** #endif
  64:frameworks/f407/Drivers/CMSIS/Include/cmsis_gcc.h **** #ifndef   __PACKED_STRUCT
  65:frameworks/f407/Drivers/CMSIS/Include/cmsis_gcc.h ****   #define __PACKED_STRUCT                        struct __attribute__((packed, aligned(1)))
  66:frameworks/f407/Drivers/CMSIS/Include/cmsis_gcc.h **** #endif
  67:frameworks/f407/Drivers/CMSIS/Include/cmsis_gcc.h **** #ifndef   __PACKED_UNION
  68:frameworks/f407/Drivers/CMSIS/Include/cmsis_gcc.h ****   #define __PACKED_UNION                         union __attribute__((packed, aligned(1)))
  69:frameworks/f407/Drivers/CMSIS/Include/cmsis_gcc.h **** #endif
  70:frameworks/f407/Drivers/CMSIS/Include/cmsis_gcc.h **** #ifndef   __UNALIGNED_UINT32        /* deprecated */
  71:frameworks/f407/Drivers/CMSIS/Include/cmsis_gcc.h ****   #pragma GCC diagnostic push
  72:frameworks/f407/Drivers/CMSIS/Include/cmsis_gcc.h ****   #pragma GCC diagnostic ignored "-Wpacked"
  73:frameworks/f407/Drivers/CMSIS/Include/cmsis_gcc.h ****   #pragma GCC diagnostic ignored "-Wattributes"
  74:frameworks/f407/Drivers/CMSIS/Include/cmsis_gcc.h ****   struct __attribute__((packed)) T_UINT32 { uint32_t v; };
  75:frameworks/f407/Drivers/CMSIS/Include/cmsis_gcc.h ****   #pragma GCC diagnostic pop
  76:frameworks/f407/Drivers/CMSIS/Include/cmsis_gcc.h ****   #define __UNALIGNED_UINT32(x)                  (((struct T_UINT32 *)(x))->v)
  77:frameworks/f407/Drivers/CMSIS/Include/cmsis_gcc.h **** #endif
  78:frameworks/f407/Drivers/CMSIS/Include/cmsis_gcc.h **** #ifndef   __UNALIGNED_UINT16_WRITE
  79:frameworks/f407/Drivers/CMSIS/Include/cmsis_gcc.h ****   #pragma GCC diagnostic push
  80:frameworks/f407/Drivers/CMSIS/Include/cmsis_gcc.h ****   #pragma GCC diagnostic ignored "-Wpacked"
  81:frameworks/f407/Drivers/CMSIS/Include/cmsis_gcc.h ****   #pragma GCC diagnostic ignored "-Wattributes"
  82:frameworks/f407/Drivers/CMSIS/Include/cmsis_gcc.h ****   __PACKED_STRUCT T_UINT16_WRITE { uint16_t v; };
  83:frameworks/f407/Drivers/CMSIS/Include/cmsis_gcc.h ****   #pragma GCC diagnostic pop
  84:frameworks/f407/Drivers/CMSIS/Include/cmsis_gcc.h ****   #define __UNALIGNED_UINT16_WRITE(addr, val)    (void)((((struct T_UINT16_WRITE *)(void *)(addr))-
  85:frameworks/f407/Drivers/CMSIS/Include/cmsis_gcc.h **** #endif
  86:frameworks/f407/Drivers/CMSIS/Include/cmsis_gcc.h **** #ifndef   __UNALIGNED_UINT16_READ
  87:frameworks/f407/Drivers/CMSIS/Include/cmsis_gcc.h ****   #pragma GCC diagnostic push
  88:frameworks/f407/Drivers/CMSIS/Include/cmsis_gcc.h ****   #pragma GCC diagnostic ignored "-Wpacked"
  89:frameworks/f407/Drivers/CMSIS/Include/cmsis_gcc.h ****   #pragma GCC diagnostic ignored "-Wattributes"
  90:frameworks/f407/Drivers/CMSIS/Include/cmsis_gcc.h ****   __PACKED_STRUCT T_UINT16_READ { uint16_t v; };
  91:frameworks/f407/Drivers/CMSIS/Include/cmsis_gcc.h ****   #pragma GCC diagnostic pop
  92:frameworks/f407/Drivers/CMSIS/Include/cmsis_gcc.h ****   #define __UNALIGNED_UINT16_READ(addr)          (((const struct T_UINT16_READ *)(const void *)(add
  93:frameworks/f407/Drivers/CMSIS/Include/cmsis_gcc.h **** #endif
  94:frameworks/f407/Drivers/CMSIS/Include/cmsis_gcc.h **** #ifndef   __UNALIGNED_UINT32_WRITE
  95:frameworks/f407/Drivers/CMSIS/Include/cmsis_gcc.h ****   #pragma GCC diagnostic push
  96:frameworks/f407/Drivers/CMSIS/Include/cmsis_gcc.h ****   #pragma GCC diagnostic ignored "-Wpacked"
  97:frameworks/f407/Drivers/CMSIS/Include/cmsis_gcc.h ****   #pragma GCC diagnostic ignored "-Wattributes"
  98:frameworks/f407/Drivers/CMSIS/Include/cmsis_gcc.h ****   __PACKED_STRUCT T_UINT32_WRITE { uint32_t v; };
  99:frameworks/f407/Drivers/CMSIS/Include/cmsis_gcc.h ****   #pragma GCC diagnostic pop
 100:frameworks/f407/Drivers/CMSIS/Include/cmsis_gcc.h ****   #define __UNALIGNED_UINT32_WRITE(addr, val)    (void)((((struct T_UINT32_WRITE *)(void *)(addr))-
 101:frameworks/f407/Drivers/CMSIS/Include/cmsis_gcc.h **** #endif
 102:frameworks/f407/Drivers/CMSIS/Include/cmsis_gcc.h **** #ifndef   __UNALIGNED_UINT32_READ
 103:frameworks/f407/Drivers/CMSIS/Include/cmsis_gcc.h ****   #pragma GCC diagnostic push
 104:frameworks/f407/Drivers/CMSIS/Include/cmsis_gcc.h ****   #pragma GCC diagnostic ignored "-Wpacked"
 105:frameworks/f407/Drivers/CMSIS/Include/cmsis_gcc.h ****   #pragma GCC diagnostic ignored "-Wattributes"
 106:frameworks/f407/Drivers/CMSIS/Include/cmsis_gcc.h ****   __PACKED_STRUCT T_UINT32_READ { uint32_t v; };
 107:frameworks/f407/Drivers/CMSIS/Include/cmsis_gcc.h ****   #pragma GCC diagnostic pop
 108:frameworks/f407/Drivers/CMSIS/Include/cmsis_gcc.h ****   #define __UNALIGNED_UINT32_READ(addr)          (((const struct T_UINT32_READ *)(const void *)(add
 109:frameworks/f407/Drivers/CMSIS/Include/cmsis_gcc.h **** #endif
 110:frameworks/f407/Drivers/CMSIS/Include/cmsis_gcc.h **** #ifndef   __ALIGNED
 111:frameworks/f407/Drivers/CMSIS/Include/cmsis_gcc.h ****   #define __ALIGNED(x)                           __attribute__((aligned(x)))
 112:frameworks/f407/Drivers/CMSIS/Include/cmsis_gcc.h **** #endif
 113:frameworks/f407/Drivers/CMSIS/Include/cmsis_gcc.h **** #ifndef   __RESTRICT
 114:frameworks/f407/Drivers/CMSIS/Include/cmsis_gcc.h ****   #define __RESTRICT                             __restrict
 115:frameworks/f407/Drivers/CMSIS/Include/cmsis_gcc.h **** #endif
 116:frameworks/f407/Drivers/CMSIS/Include/cmsis_gcc.h **** #ifndef   __COMPILER_BARRIER
ARM GAS  C:\Users\honor\AppData\Local\Temp\ccqm0Nze.s 			page 61


 117:frameworks/f407/Drivers/CMSIS/Include/cmsis_gcc.h ****   #define __COMPILER_BARRIER()                   __ASM volatile("":::"memory")
 118:frameworks/f407/Drivers/CMSIS/Include/cmsis_gcc.h **** #endif
 119:frameworks/f407/Drivers/CMSIS/Include/cmsis_gcc.h **** 
 120:frameworks/f407/Drivers/CMSIS/Include/cmsis_gcc.h **** /* #########################  Startup and Lowlevel Init  ######################## */
 121:frameworks/f407/Drivers/CMSIS/Include/cmsis_gcc.h **** 
 122:frameworks/f407/Drivers/CMSIS/Include/cmsis_gcc.h **** #ifndef __PROGRAM_START
 123:frameworks/f407/Drivers/CMSIS/Include/cmsis_gcc.h **** 
 124:frameworks/f407/Drivers/CMSIS/Include/cmsis_gcc.h **** /**
 125:frameworks/f407/Drivers/CMSIS/Include/cmsis_gcc.h ****   \brief   Initializes data and bss sections
 126:frameworks/f407/Drivers/CMSIS/Include/cmsis_gcc.h ****   \details This default implementations initialized all data and additional bss
 127:frameworks/f407/Drivers/CMSIS/Include/cmsis_gcc.h ****            sections relying on .copy.table and .zero.table specified properly
 128:frameworks/f407/Drivers/CMSIS/Include/cmsis_gcc.h ****            in the used linker script.
 129:frameworks/f407/Drivers/CMSIS/Include/cmsis_gcc.h **** 
 130:frameworks/f407/Drivers/CMSIS/Include/cmsis_gcc.h ****  */
 131:frameworks/f407/Drivers/CMSIS/Include/cmsis_gcc.h **** __STATIC_FORCEINLINE __NO_RETURN void __cmsis_start(void)
 132:frameworks/f407/Drivers/CMSIS/Include/cmsis_gcc.h **** {
 133:frameworks/f407/Drivers/CMSIS/Include/cmsis_gcc.h ****   extern void _start(void) __NO_RETURN;
 134:frameworks/f407/Drivers/CMSIS/Include/cmsis_gcc.h **** 
 135:frameworks/f407/Drivers/CMSIS/Include/cmsis_gcc.h ****   typedef struct {
 136:frameworks/f407/Drivers/CMSIS/Include/cmsis_gcc.h ****     uint32_t const* src;
 137:frameworks/f407/Drivers/CMSIS/Include/cmsis_gcc.h ****     uint32_t* dest;
 138:frameworks/f407/Drivers/CMSIS/Include/cmsis_gcc.h ****     uint32_t  wlen;
 139:frameworks/f407/Drivers/CMSIS/Include/cmsis_gcc.h ****   } __copy_table_t;
 140:frameworks/f407/Drivers/CMSIS/Include/cmsis_gcc.h **** 
 141:frameworks/f407/Drivers/CMSIS/Include/cmsis_gcc.h ****   typedef struct {
 142:frameworks/f407/Drivers/CMSIS/Include/cmsis_gcc.h ****     uint32_t* dest;
 143:frameworks/f407/Drivers/CMSIS/Include/cmsis_gcc.h ****     uint32_t  wlen;
 144:frameworks/f407/Drivers/CMSIS/Include/cmsis_gcc.h ****   } __zero_table_t;
 145:frameworks/f407/Drivers/CMSIS/Include/cmsis_gcc.h **** 
 146:frameworks/f407/Drivers/CMSIS/Include/cmsis_gcc.h ****   extern const __copy_table_t __copy_table_start__;
 147:frameworks/f407/Drivers/CMSIS/Include/cmsis_gcc.h ****   extern const __copy_table_t __copy_table_end__;
 148:frameworks/f407/Drivers/CMSIS/Include/cmsis_gcc.h ****   extern const __zero_table_t __zero_table_start__;
 149:frameworks/f407/Drivers/CMSIS/Include/cmsis_gcc.h ****   extern const __zero_table_t __zero_table_end__;
 150:frameworks/f407/Drivers/CMSIS/Include/cmsis_gcc.h **** 
 151:frameworks/f407/Drivers/CMSIS/Include/cmsis_gcc.h ****   for (__copy_table_t const* pTable = &__copy_table_start__; pTable < &__copy_table_end__; ++pTable
 152:frameworks/f407/Drivers/CMSIS/Include/cmsis_gcc.h ****     for(uint32_t i=0u; i<pTable->wlen; ++i) {
 153:frameworks/f407/Drivers/CMSIS/Include/cmsis_gcc.h ****       pTable->dest[i] = pTable->src[i];
 154:frameworks/f407/Drivers/CMSIS/Include/cmsis_gcc.h ****     }
 155:frameworks/f407/Drivers/CMSIS/Include/cmsis_gcc.h ****   }
 156:frameworks/f407/Drivers/CMSIS/Include/cmsis_gcc.h **** 
 157:frameworks/f407/Drivers/CMSIS/Include/cmsis_gcc.h ****   for (__zero_table_t const* pTable = &__zero_table_start__; pTable < &__zero_table_end__; ++pTable
 158:frameworks/f407/Drivers/CMSIS/Include/cmsis_gcc.h ****     for(uint32_t i=0u; i<pTable->wlen; ++i) {
 159:frameworks/f407/Drivers/CMSIS/Include/cmsis_gcc.h ****       pTable->dest[i] = 0u;
 160:frameworks/f407/Drivers/CMSIS/Include/cmsis_gcc.h ****     }
 161:frameworks/f407/Drivers/CMSIS/Include/cmsis_gcc.h ****   }
 162:frameworks/f407/Drivers/CMSIS/Include/cmsis_gcc.h **** 
 163:frameworks/f407/Drivers/CMSIS/Include/cmsis_gcc.h ****   _start();
 164:frameworks/f407/Drivers/CMSIS/Include/cmsis_gcc.h **** }
 165:frameworks/f407/Drivers/CMSIS/Include/cmsis_gcc.h **** 
 166:frameworks/f407/Drivers/CMSIS/Include/cmsis_gcc.h **** #define __PROGRAM_START           __cmsis_start
 167:frameworks/f407/Drivers/CMSIS/Include/cmsis_gcc.h **** #endif
 168:frameworks/f407/Drivers/CMSIS/Include/cmsis_gcc.h **** 
 169:frameworks/f407/Drivers/CMSIS/Include/cmsis_gcc.h **** #ifndef __INITIAL_SP
 170:frameworks/f407/Drivers/CMSIS/Include/cmsis_gcc.h **** #define __INITIAL_SP              __StackTop
 171:frameworks/f407/Drivers/CMSIS/Include/cmsis_gcc.h **** #endif
 172:frameworks/f407/Drivers/CMSIS/Include/cmsis_gcc.h **** 
 173:frameworks/f407/Drivers/CMSIS/Include/cmsis_gcc.h **** #ifndef __STACK_LIMIT
ARM GAS  C:\Users\honor\AppData\Local\Temp\ccqm0Nze.s 			page 62


 174:frameworks/f407/Drivers/CMSIS/Include/cmsis_gcc.h **** #define __STACK_LIMIT             __StackLimit
 175:frameworks/f407/Drivers/CMSIS/Include/cmsis_gcc.h **** #endif
 176:frameworks/f407/Drivers/CMSIS/Include/cmsis_gcc.h **** 
 177:frameworks/f407/Drivers/CMSIS/Include/cmsis_gcc.h **** #ifndef __VECTOR_TABLE
 178:frameworks/f407/Drivers/CMSIS/Include/cmsis_gcc.h **** #define __VECTOR_TABLE            __Vectors
 179:frameworks/f407/Drivers/CMSIS/Include/cmsis_gcc.h **** #endif
 180:frameworks/f407/Drivers/CMSIS/Include/cmsis_gcc.h **** 
 181:frameworks/f407/Drivers/CMSIS/Include/cmsis_gcc.h **** #ifndef __VECTOR_TABLE_ATTRIBUTE
 182:frameworks/f407/Drivers/CMSIS/Include/cmsis_gcc.h **** #define __VECTOR_TABLE_ATTRIBUTE  __attribute__((used, section(".vectors")))
 183:frameworks/f407/Drivers/CMSIS/Include/cmsis_gcc.h **** #endif
 184:frameworks/f407/Drivers/CMSIS/Include/cmsis_gcc.h **** 
 185:frameworks/f407/Drivers/CMSIS/Include/cmsis_gcc.h **** #if defined (__ARM_FEATURE_CMSE) && (__ARM_FEATURE_CMSE == 3U)
 186:frameworks/f407/Drivers/CMSIS/Include/cmsis_gcc.h **** #ifndef __STACK_SEAL
 187:frameworks/f407/Drivers/CMSIS/Include/cmsis_gcc.h **** #define __STACK_SEAL              __StackSeal
 188:frameworks/f407/Drivers/CMSIS/Include/cmsis_gcc.h **** #endif
 189:frameworks/f407/Drivers/CMSIS/Include/cmsis_gcc.h **** 
 190:frameworks/f407/Drivers/CMSIS/Include/cmsis_gcc.h **** #ifndef __TZ_STACK_SEAL_SIZE
 191:frameworks/f407/Drivers/CMSIS/Include/cmsis_gcc.h **** #define __TZ_STACK_SEAL_SIZE      8U
 192:frameworks/f407/Drivers/CMSIS/Include/cmsis_gcc.h **** #endif
 193:frameworks/f407/Drivers/CMSIS/Include/cmsis_gcc.h **** 
 194:frameworks/f407/Drivers/CMSIS/Include/cmsis_gcc.h **** #ifndef __TZ_STACK_SEAL_VALUE
 195:frameworks/f407/Drivers/CMSIS/Include/cmsis_gcc.h **** #define __TZ_STACK_SEAL_VALUE     0xFEF5EDA5FEF5EDA5ULL
 196:frameworks/f407/Drivers/CMSIS/Include/cmsis_gcc.h **** #endif
 197:frameworks/f407/Drivers/CMSIS/Include/cmsis_gcc.h **** 
 198:frameworks/f407/Drivers/CMSIS/Include/cmsis_gcc.h **** 
 199:frameworks/f407/Drivers/CMSIS/Include/cmsis_gcc.h **** __STATIC_FORCEINLINE void __TZ_set_STACKSEAL_S (uint32_t* stackTop) {
 200:frameworks/f407/Drivers/CMSIS/Include/cmsis_gcc.h ****   *((uint64_t *)stackTop) = __TZ_STACK_SEAL_VALUE;
 201:frameworks/f407/Drivers/CMSIS/Include/cmsis_gcc.h **** }
 202:frameworks/f407/Drivers/CMSIS/Include/cmsis_gcc.h **** #endif
 203:frameworks/f407/Drivers/CMSIS/Include/cmsis_gcc.h **** 
 204:frameworks/f407/Drivers/CMSIS/Include/cmsis_gcc.h **** 
 205:frameworks/f407/Drivers/CMSIS/Include/cmsis_gcc.h **** /* ##########################  Core Instruction Access  ######################### */
 206:frameworks/f407/Drivers/CMSIS/Include/cmsis_gcc.h **** /** \defgroup CMSIS_Core_InstructionInterface CMSIS Core Instruction Interface
 207:frameworks/f407/Drivers/CMSIS/Include/cmsis_gcc.h ****   Access to dedicated instructions
 208:frameworks/f407/Drivers/CMSIS/Include/cmsis_gcc.h ****   @{
 209:frameworks/f407/Drivers/CMSIS/Include/cmsis_gcc.h **** */
 210:frameworks/f407/Drivers/CMSIS/Include/cmsis_gcc.h **** 
 211:frameworks/f407/Drivers/CMSIS/Include/cmsis_gcc.h **** /* Define macros for porting to both thumb1 and thumb2.
 212:frameworks/f407/Drivers/CMSIS/Include/cmsis_gcc.h ****  * For thumb1, use low register (r0-r7), specified by constraint "l"
 213:frameworks/f407/Drivers/CMSIS/Include/cmsis_gcc.h ****  * Otherwise, use general registers, specified by constraint "r" */
 214:frameworks/f407/Drivers/CMSIS/Include/cmsis_gcc.h **** #if defined (__thumb__) && !defined (__thumb2__)
 215:frameworks/f407/Drivers/CMSIS/Include/cmsis_gcc.h **** #define __CMSIS_GCC_OUT_REG(r) "=l" (r)
 216:frameworks/f407/Drivers/CMSIS/Include/cmsis_gcc.h **** #define __CMSIS_GCC_RW_REG(r) "+l" (r)
 217:frameworks/f407/Drivers/CMSIS/Include/cmsis_gcc.h **** #define __CMSIS_GCC_USE_REG(r) "l" (r)
 218:frameworks/f407/Drivers/CMSIS/Include/cmsis_gcc.h **** #else
 219:frameworks/f407/Drivers/CMSIS/Include/cmsis_gcc.h **** #define __CMSIS_GCC_OUT_REG(r) "=r" (r)
 220:frameworks/f407/Drivers/CMSIS/Include/cmsis_gcc.h **** #define __CMSIS_GCC_RW_REG(r) "+r" (r)
 221:frameworks/f407/Drivers/CMSIS/Include/cmsis_gcc.h **** #define __CMSIS_GCC_USE_REG(r) "r" (r)
 222:frameworks/f407/Drivers/CMSIS/Include/cmsis_gcc.h **** #endif
 223:frameworks/f407/Drivers/CMSIS/Include/cmsis_gcc.h **** 
 224:frameworks/f407/Drivers/CMSIS/Include/cmsis_gcc.h **** /**
 225:frameworks/f407/Drivers/CMSIS/Include/cmsis_gcc.h ****   \brief   No Operation
 226:frameworks/f407/Drivers/CMSIS/Include/cmsis_gcc.h ****   \details No Operation does nothing. This instruction can be used for code alignment purposes.
 227:frameworks/f407/Drivers/CMSIS/Include/cmsis_gcc.h ****  */
 228:frameworks/f407/Drivers/CMSIS/Include/cmsis_gcc.h **** #define __NOP()                             __ASM volatile ("nop")
 229:frameworks/f407/Drivers/CMSIS/Include/cmsis_gcc.h **** 
 230:frameworks/f407/Drivers/CMSIS/Include/cmsis_gcc.h **** /**
ARM GAS  C:\Users\honor\AppData\Local\Temp\ccqm0Nze.s 			page 63


 231:frameworks/f407/Drivers/CMSIS/Include/cmsis_gcc.h ****   \brief   Wait For Interrupt
 232:frameworks/f407/Drivers/CMSIS/Include/cmsis_gcc.h ****   \details Wait For Interrupt is a hint instruction that suspends execution until one of a number o
 233:frameworks/f407/Drivers/CMSIS/Include/cmsis_gcc.h ****  */
 234:frameworks/f407/Drivers/CMSIS/Include/cmsis_gcc.h **** #define __WFI()                             __ASM volatile ("wfi":::"memory")
 235:frameworks/f407/Drivers/CMSIS/Include/cmsis_gcc.h **** 
 236:frameworks/f407/Drivers/CMSIS/Include/cmsis_gcc.h **** 
 237:frameworks/f407/Drivers/CMSIS/Include/cmsis_gcc.h **** /**
 238:frameworks/f407/Drivers/CMSIS/Include/cmsis_gcc.h ****   \brief   Wait For Event
 239:frameworks/f407/Drivers/CMSIS/Include/cmsis_gcc.h ****   \details Wait For Event is a hint instruction that permits the processor to enter
 240:frameworks/f407/Drivers/CMSIS/Include/cmsis_gcc.h ****            a low-power state until one of a number of events occurs.
 241:frameworks/f407/Drivers/CMSIS/Include/cmsis_gcc.h ****  */
 242:frameworks/f407/Drivers/CMSIS/Include/cmsis_gcc.h **** #define __WFE()                             __ASM volatile ("wfe":::"memory")
 243:frameworks/f407/Drivers/CMSIS/Include/cmsis_gcc.h **** 
 244:frameworks/f407/Drivers/CMSIS/Include/cmsis_gcc.h **** 
 245:frameworks/f407/Drivers/CMSIS/Include/cmsis_gcc.h **** /**
 246:frameworks/f407/Drivers/CMSIS/Include/cmsis_gcc.h ****   \brief   Send Event
 247:frameworks/f407/Drivers/CMSIS/Include/cmsis_gcc.h ****   \details Send Event is a hint instruction. It causes an event to be signaled to the CPU.
 248:frameworks/f407/Drivers/CMSIS/Include/cmsis_gcc.h ****  */
 249:frameworks/f407/Drivers/CMSIS/Include/cmsis_gcc.h **** #define __SEV()                             __ASM volatile ("sev")
 250:frameworks/f407/Drivers/CMSIS/Include/cmsis_gcc.h **** 
 251:frameworks/f407/Drivers/CMSIS/Include/cmsis_gcc.h **** 
 252:frameworks/f407/Drivers/CMSIS/Include/cmsis_gcc.h **** /**
 253:frameworks/f407/Drivers/CMSIS/Include/cmsis_gcc.h ****   \brief   Instruction Synchronization Barrier
 254:frameworks/f407/Drivers/CMSIS/Include/cmsis_gcc.h ****   \details Instruction Synchronization Barrier flushes the pipeline in the processor,
 255:frameworks/f407/Drivers/CMSIS/Include/cmsis_gcc.h ****            so that all instructions following the ISB are fetched from cache or memory,
 256:frameworks/f407/Drivers/CMSIS/Include/cmsis_gcc.h ****            after the instruction has been completed.
 257:frameworks/f407/Drivers/CMSIS/Include/cmsis_gcc.h ****  */
 258:frameworks/f407/Drivers/CMSIS/Include/cmsis_gcc.h **** __STATIC_FORCEINLINE void __ISB(void)
 259:frameworks/f407/Drivers/CMSIS/Include/cmsis_gcc.h **** {
 260:frameworks/f407/Drivers/CMSIS/Include/cmsis_gcc.h ****   __ASM volatile ("isb 0xF":::"memory");
 261:frameworks/f407/Drivers/CMSIS/Include/cmsis_gcc.h **** }
 262:frameworks/f407/Drivers/CMSIS/Include/cmsis_gcc.h **** 
 263:frameworks/f407/Drivers/CMSIS/Include/cmsis_gcc.h **** 
 264:frameworks/f407/Drivers/CMSIS/Include/cmsis_gcc.h **** /**
 265:frameworks/f407/Drivers/CMSIS/Include/cmsis_gcc.h ****   \brief   Data Synchronization Barrier
 266:frameworks/f407/Drivers/CMSIS/Include/cmsis_gcc.h ****   \details Acts as a special kind of Data Memory Barrier.
 267:frameworks/f407/Drivers/CMSIS/Include/cmsis_gcc.h ****            It completes when all explicit memory accesses before this instruction complete.
 268:frameworks/f407/Drivers/CMSIS/Include/cmsis_gcc.h ****  */
 269:frameworks/f407/Drivers/CMSIS/Include/cmsis_gcc.h **** __STATIC_FORCEINLINE void __DSB(void)
 270:frameworks/f407/Drivers/CMSIS/Include/cmsis_gcc.h **** {
 271:frameworks/f407/Drivers/CMSIS/Include/cmsis_gcc.h ****   __ASM volatile ("dsb 0xF":::"memory");
 272:frameworks/f407/Drivers/CMSIS/Include/cmsis_gcc.h **** }
 273:frameworks/f407/Drivers/CMSIS/Include/cmsis_gcc.h **** 
 274:frameworks/f407/Drivers/CMSIS/Include/cmsis_gcc.h **** 
 275:frameworks/f407/Drivers/CMSIS/Include/cmsis_gcc.h **** /**
 276:frameworks/f407/Drivers/CMSIS/Include/cmsis_gcc.h ****   \brief   Data Memory Barrier
 277:frameworks/f407/Drivers/CMSIS/Include/cmsis_gcc.h ****   \details Ensures the apparent order of the explicit memory operations before
 278:frameworks/f407/Drivers/CMSIS/Include/cmsis_gcc.h ****            and after the instruction, without ensuring their completion.
 279:frameworks/f407/Drivers/CMSIS/Include/cmsis_gcc.h ****  */
 280:frameworks/f407/Drivers/CMSIS/Include/cmsis_gcc.h **** __STATIC_FORCEINLINE void __DMB(void)
 281:frameworks/f407/Drivers/CMSIS/Include/cmsis_gcc.h **** {
 282:frameworks/f407/Drivers/CMSIS/Include/cmsis_gcc.h ****   __ASM volatile ("dmb 0xF":::"memory");
 283:frameworks/f407/Drivers/CMSIS/Include/cmsis_gcc.h **** }
 284:frameworks/f407/Drivers/CMSIS/Include/cmsis_gcc.h **** 
 285:frameworks/f407/Drivers/CMSIS/Include/cmsis_gcc.h **** 
 286:frameworks/f407/Drivers/CMSIS/Include/cmsis_gcc.h **** /**
 287:frameworks/f407/Drivers/CMSIS/Include/cmsis_gcc.h ****   \brief   Reverse byte order (32 bit)
ARM GAS  C:\Users\honor\AppData\Local\Temp\ccqm0Nze.s 			page 64


 288:frameworks/f407/Drivers/CMSIS/Include/cmsis_gcc.h ****   \details Reverses the byte order in unsigned integer value. For example, 0x12345678 becomes 0x785
 289:frameworks/f407/Drivers/CMSIS/Include/cmsis_gcc.h ****   \param [in]    value  Value to reverse
 290:frameworks/f407/Drivers/CMSIS/Include/cmsis_gcc.h ****   \return               Reversed value
 291:frameworks/f407/Drivers/CMSIS/Include/cmsis_gcc.h ****  */
 292:frameworks/f407/Drivers/CMSIS/Include/cmsis_gcc.h **** __STATIC_FORCEINLINE uint32_t __REV(uint32_t value)
 293:frameworks/f407/Drivers/CMSIS/Include/cmsis_gcc.h **** {
 294:frameworks/f407/Drivers/CMSIS/Include/cmsis_gcc.h **** #if (__GNUC__ > 4) || (__GNUC__ == 4 && __GNUC_MINOR__ >= 5)
 295:frameworks/f407/Drivers/CMSIS/Include/cmsis_gcc.h ****   return __builtin_bswap32(value);
 296:frameworks/f407/Drivers/CMSIS/Include/cmsis_gcc.h **** #else
 297:frameworks/f407/Drivers/CMSIS/Include/cmsis_gcc.h ****   uint32_t result;
 298:frameworks/f407/Drivers/CMSIS/Include/cmsis_gcc.h **** 
 299:frameworks/f407/Drivers/CMSIS/Include/cmsis_gcc.h ****   __ASM ("rev %0, %1" : __CMSIS_GCC_OUT_REG (result) : __CMSIS_GCC_USE_REG (value) );
 300:frameworks/f407/Drivers/CMSIS/Include/cmsis_gcc.h ****   return result;
 301:frameworks/f407/Drivers/CMSIS/Include/cmsis_gcc.h **** #endif
 302:frameworks/f407/Drivers/CMSIS/Include/cmsis_gcc.h **** }
 303:frameworks/f407/Drivers/CMSIS/Include/cmsis_gcc.h **** 
 304:frameworks/f407/Drivers/CMSIS/Include/cmsis_gcc.h **** 
 305:frameworks/f407/Drivers/CMSIS/Include/cmsis_gcc.h **** /**
 306:frameworks/f407/Drivers/CMSIS/Include/cmsis_gcc.h ****   \brief   Reverse byte order (16 bit)
 307:frameworks/f407/Drivers/CMSIS/Include/cmsis_gcc.h ****   \details Reverses the byte order within each halfword of a word. For example, 0x12345678 becomes 
 308:frameworks/f407/Drivers/CMSIS/Include/cmsis_gcc.h ****   \param [in]    value  Value to reverse
 309:frameworks/f407/Drivers/CMSIS/Include/cmsis_gcc.h ****   \return               Reversed value
 310:frameworks/f407/Drivers/CMSIS/Include/cmsis_gcc.h ****  */
 311:frameworks/f407/Drivers/CMSIS/Include/cmsis_gcc.h **** __STATIC_FORCEINLINE uint32_t __REV16(uint32_t value)
 312:frameworks/f407/Drivers/CMSIS/Include/cmsis_gcc.h **** {
 313:frameworks/f407/Drivers/CMSIS/Include/cmsis_gcc.h ****   uint32_t result;
 314:frameworks/f407/Drivers/CMSIS/Include/cmsis_gcc.h **** 
 315:frameworks/f407/Drivers/CMSIS/Include/cmsis_gcc.h ****   __ASM ("rev16 %0, %1" : __CMSIS_GCC_OUT_REG (result) : __CMSIS_GCC_USE_REG (value) );
 316:frameworks/f407/Drivers/CMSIS/Include/cmsis_gcc.h ****   return result;
 317:frameworks/f407/Drivers/CMSIS/Include/cmsis_gcc.h **** }
 318:frameworks/f407/Drivers/CMSIS/Include/cmsis_gcc.h **** 
 319:frameworks/f407/Drivers/CMSIS/Include/cmsis_gcc.h **** 
 320:frameworks/f407/Drivers/CMSIS/Include/cmsis_gcc.h **** /**
 321:frameworks/f407/Drivers/CMSIS/Include/cmsis_gcc.h ****   \brief   Reverse byte order (16 bit)
 322:frameworks/f407/Drivers/CMSIS/Include/cmsis_gcc.h ****   \details Reverses the byte order in a 16-bit value and returns the signed 16-bit result. For exam
 323:frameworks/f407/Drivers/CMSIS/Include/cmsis_gcc.h ****   \param [in]    value  Value to reverse
 324:frameworks/f407/Drivers/CMSIS/Include/cmsis_gcc.h ****   \return               Reversed value
 325:frameworks/f407/Drivers/CMSIS/Include/cmsis_gcc.h ****  */
 326:frameworks/f407/Drivers/CMSIS/Include/cmsis_gcc.h **** __STATIC_FORCEINLINE int16_t __REVSH(int16_t value)
 327:frameworks/f407/Drivers/CMSIS/Include/cmsis_gcc.h **** {
 328:frameworks/f407/Drivers/CMSIS/Include/cmsis_gcc.h **** #if (__GNUC__ > 4) || (__GNUC__ == 4 && __GNUC_MINOR__ >= 8)
 329:frameworks/f407/Drivers/CMSIS/Include/cmsis_gcc.h ****   return (int16_t)__builtin_bswap16(value);
 330:frameworks/f407/Drivers/CMSIS/Include/cmsis_gcc.h **** #else
 331:frameworks/f407/Drivers/CMSIS/Include/cmsis_gcc.h ****   int16_t result;
 332:frameworks/f407/Drivers/CMSIS/Include/cmsis_gcc.h **** 
 333:frameworks/f407/Drivers/CMSIS/Include/cmsis_gcc.h ****   __ASM ("revsh %0, %1" : __CMSIS_GCC_OUT_REG (result) : __CMSIS_GCC_USE_REG (value) );
 334:frameworks/f407/Drivers/CMSIS/Include/cmsis_gcc.h ****   return result;
 335:frameworks/f407/Drivers/CMSIS/Include/cmsis_gcc.h **** #endif
 336:frameworks/f407/Drivers/CMSIS/Include/cmsis_gcc.h **** }
 337:frameworks/f407/Drivers/CMSIS/Include/cmsis_gcc.h **** 
 338:frameworks/f407/Drivers/CMSIS/Include/cmsis_gcc.h **** 
 339:frameworks/f407/Drivers/CMSIS/Include/cmsis_gcc.h **** /**
 340:frameworks/f407/Drivers/CMSIS/Include/cmsis_gcc.h ****   \brief   Rotate Right in unsigned value (32 bit)
 341:frameworks/f407/Drivers/CMSIS/Include/cmsis_gcc.h ****   \details Rotate Right (immediate) provides the value of the contents of a register rotated by a v
 342:frameworks/f407/Drivers/CMSIS/Include/cmsis_gcc.h ****   \param [in]    op1  Value to rotate
 343:frameworks/f407/Drivers/CMSIS/Include/cmsis_gcc.h ****   \param [in]    op2  Number of Bits to rotate
 344:frameworks/f407/Drivers/CMSIS/Include/cmsis_gcc.h ****   \return               Rotated value
ARM GAS  C:\Users\honor\AppData\Local\Temp\ccqm0Nze.s 			page 65


 345:frameworks/f407/Drivers/CMSIS/Include/cmsis_gcc.h ****  */
 346:frameworks/f407/Drivers/CMSIS/Include/cmsis_gcc.h **** __STATIC_FORCEINLINE uint32_t __ROR(uint32_t op1, uint32_t op2)
 347:frameworks/f407/Drivers/CMSIS/Include/cmsis_gcc.h **** {
 348:frameworks/f407/Drivers/CMSIS/Include/cmsis_gcc.h ****   op2 %= 32U;
 349:frameworks/f407/Drivers/CMSIS/Include/cmsis_gcc.h ****   if (op2 == 0U)
 350:frameworks/f407/Drivers/CMSIS/Include/cmsis_gcc.h ****   {
 351:frameworks/f407/Drivers/CMSIS/Include/cmsis_gcc.h ****     return op1;
 352:frameworks/f407/Drivers/CMSIS/Include/cmsis_gcc.h ****   }
 353:frameworks/f407/Drivers/CMSIS/Include/cmsis_gcc.h ****   return (op1 >> op2) | (op1 << (32U - op2));
 354:frameworks/f407/Drivers/CMSIS/Include/cmsis_gcc.h **** }
 355:frameworks/f407/Drivers/CMSIS/Include/cmsis_gcc.h **** 
 356:frameworks/f407/Drivers/CMSIS/Include/cmsis_gcc.h **** 
 357:frameworks/f407/Drivers/CMSIS/Include/cmsis_gcc.h **** /**
 358:frameworks/f407/Drivers/CMSIS/Include/cmsis_gcc.h ****   \brief   Breakpoint
 359:frameworks/f407/Drivers/CMSIS/Include/cmsis_gcc.h ****   \details Causes the processor to enter Debug state.
 360:frameworks/f407/Drivers/CMSIS/Include/cmsis_gcc.h ****            Debug tools can use this to investigate system state when the instruction at a particula
 361:frameworks/f407/Drivers/CMSIS/Include/cmsis_gcc.h ****   \param [in]    value  is ignored by the processor.
 362:frameworks/f407/Drivers/CMSIS/Include/cmsis_gcc.h ****                  If required, a debugger can use it to store additional information about the break
 363:frameworks/f407/Drivers/CMSIS/Include/cmsis_gcc.h ****  */
 364:frameworks/f407/Drivers/CMSIS/Include/cmsis_gcc.h **** #define __BKPT(value)                       __ASM volatile ("bkpt "#value)
 365:frameworks/f407/Drivers/CMSIS/Include/cmsis_gcc.h **** 
 366:frameworks/f407/Drivers/CMSIS/Include/cmsis_gcc.h **** 
 367:frameworks/f407/Drivers/CMSIS/Include/cmsis_gcc.h **** /**
 368:frameworks/f407/Drivers/CMSIS/Include/cmsis_gcc.h ****   \brief   Reverse bit order of value
 369:frameworks/f407/Drivers/CMSIS/Include/cmsis_gcc.h ****   \details Reverses the bit order of the given value.
 370:frameworks/f407/Drivers/CMSIS/Include/cmsis_gcc.h ****   \param [in]    value  Value to reverse
 371:frameworks/f407/Drivers/CMSIS/Include/cmsis_gcc.h ****   \return               Reversed value
 372:frameworks/f407/Drivers/CMSIS/Include/cmsis_gcc.h ****  */
 373:frameworks/f407/Drivers/CMSIS/Include/cmsis_gcc.h **** __STATIC_FORCEINLINE uint32_t __RBIT(uint32_t value)
 1548              		.loc 2 373 31 view .LVU497
 1549              	.LBB7:
 374:frameworks/f407/Drivers/CMSIS/Include/cmsis_gcc.h **** {
 375:frameworks/f407/Drivers/CMSIS/Include/cmsis_gcc.h ****   uint32_t result;
 1550              		.loc 2 375 3 view .LVU498
 376:frameworks/f407/Drivers/CMSIS/Include/cmsis_gcc.h **** 
 377:frameworks/f407/Drivers/CMSIS/Include/cmsis_gcc.h **** #if ((defined (__ARM_ARCH_7M__      ) && (__ARM_ARCH_7M__      == 1)) || \
 378:frameworks/f407/Drivers/CMSIS/Include/cmsis_gcc.h ****      (defined (__ARM_ARCH_7EM__     ) && (__ARM_ARCH_7EM__     == 1)) || \
 379:frameworks/f407/Drivers/CMSIS/Include/cmsis_gcc.h ****      (defined (__ARM_ARCH_8M_MAIN__ ) && (__ARM_ARCH_8M_MAIN__ == 1))    )
 380:frameworks/f407/Drivers/CMSIS/Include/cmsis_gcc.h ****    __ASM ("rbit %0, %1" : "=r" (result) : "r" (value) );
 1551              		.loc 2 380 4 view .LVU499
 1552              		.syntax unified
 1553              	@ 380 "frameworks/f407/Drivers/CMSIS/Include/cmsis_gcc.h" 1
 1554 0010 91FAA1F1 		rbit r1, r1
 1555              	@ 0 "" 2
 1556              	.LVL112:
 381:frameworks/f407/Drivers/CMSIS/Include/cmsis_gcc.h **** #else
 382:frameworks/f407/Drivers/CMSIS/Include/cmsis_gcc.h ****   uint32_t s = (4U /*sizeof(v)*/ * 8U) - 1U; /* extra shift needed at end */
 383:frameworks/f407/Drivers/CMSIS/Include/cmsis_gcc.h **** 
 384:frameworks/f407/Drivers/CMSIS/Include/cmsis_gcc.h ****   result = value;                      /* r will be reversed bits of v; first get LSB of v */
 385:frameworks/f407/Drivers/CMSIS/Include/cmsis_gcc.h ****   for (value >>= 1U; value != 0U; value >>= 1U)
 386:frameworks/f407/Drivers/CMSIS/Include/cmsis_gcc.h ****   {
 387:frameworks/f407/Drivers/CMSIS/Include/cmsis_gcc.h ****     result <<= 1U;
 388:frameworks/f407/Drivers/CMSIS/Include/cmsis_gcc.h ****     result |= value & 1U;
 389:frameworks/f407/Drivers/CMSIS/Include/cmsis_gcc.h ****     s--;
 390:frameworks/f407/Drivers/CMSIS/Include/cmsis_gcc.h ****   }
 391:frameworks/f407/Drivers/CMSIS/Include/cmsis_gcc.h ****   result <<= s;                        /* shift when v's highest bits are zero */
 392:frameworks/f407/Drivers/CMSIS/Include/cmsis_gcc.h **** #endif
ARM GAS  C:\Users\honor\AppData\Local\Temp\ccqm0Nze.s 			page 66


 393:frameworks/f407/Drivers/CMSIS/Include/cmsis_gcc.h ****   return result;
 1557              		.loc 2 393 3 view .LVU500
 1558              		.loc 2 393 3 is_stmt 0 view .LVU501
 1559              		.thumb
 1560              		.syntax unified
 1561              	.LBE7:
 1562              	.LBE6:
 1563              	.LBB8:
 1564              	.LBI8:
 394:frameworks/f407/Drivers/CMSIS/Include/cmsis_gcc.h **** }
 395:frameworks/f407/Drivers/CMSIS/Include/cmsis_gcc.h **** 
 396:frameworks/f407/Drivers/CMSIS/Include/cmsis_gcc.h **** 
 397:frameworks/f407/Drivers/CMSIS/Include/cmsis_gcc.h **** /**
 398:frameworks/f407/Drivers/CMSIS/Include/cmsis_gcc.h ****   \brief   Count leading zeros
 399:frameworks/f407/Drivers/CMSIS/Include/cmsis_gcc.h ****   \details Counts the number of leading zeros of a data value.
 400:frameworks/f407/Drivers/CMSIS/Include/cmsis_gcc.h ****   \param [in]  value  Value to count the leading zeros
 401:frameworks/f407/Drivers/CMSIS/Include/cmsis_gcc.h ****   \return             number of leading zeros in value
 402:frameworks/f407/Drivers/CMSIS/Include/cmsis_gcc.h ****  */
 403:frameworks/f407/Drivers/CMSIS/Include/cmsis_gcc.h **** __STATIC_FORCEINLINE uint8_t __CLZ(uint32_t value)
 1565              		.loc 2 403 30 is_stmt 1 view .LVU502
 1566              	.LBB9:
 404:frameworks/f407/Drivers/CMSIS/Include/cmsis_gcc.h **** {
 405:frameworks/f407/Drivers/CMSIS/Include/cmsis_gcc.h ****   /* Even though __builtin_clz produces a CLZ instruction on ARM, formally
 406:frameworks/f407/Drivers/CMSIS/Include/cmsis_gcc.h ****      __builtin_clz(0) is undefined behaviour, so handle this case specially.
 407:frameworks/f407/Drivers/CMSIS/Include/cmsis_gcc.h ****      This guarantees ARM-compatible results if happening to compile on a non-ARM
 408:frameworks/f407/Drivers/CMSIS/Include/cmsis_gcc.h ****      target, and ensures the compiler doesn't decide to activate any
 409:frameworks/f407/Drivers/CMSIS/Include/cmsis_gcc.h ****      optimisations using the logic "value was passed to __builtin_clz, so it
 410:frameworks/f407/Drivers/CMSIS/Include/cmsis_gcc.h ****      is non-zero".
 411:frameworks/f407/Drivers/CMSIS/Include/cmsis_gcc.h ****      ARM GCC 7.3 and possibly earlier will optimise this test away, leaving a
 412:frameworks/f407/Drivers/CMSIS/Include/cmsis_gcc.h ****      single CLZ instruction.
 413:frameworks/f407/Drivers/CMSIS/Include/cmsis_gcc.h ****    */
 414:frameworks/f407/Drivers/CMSIS/Include/cmsis_gcc.h ****   if (value == 0U)
 1567              		.loc 2 414 3 view .LVU503
 1568              		.loc 2 414 6 is_stmt 0 view .LVU504
 1569 0014 41B1     		cbz	r1, .L129
 415:frameworks/f407/Drivers/CMSIS/Include/cmsis_gcc.h ****   {
 416:frameworks/f407/Drivers/CMSIS/Include/cmsis_gcc.h ****     return 32U;
 417:frameworks/f407/Drivers/CMSIS/Include/cmsis_gcc.h ****   }
 418:frameworks/f407/Drivers/CMSIS/Include/cmsis_gcc.h ****   return __builtin_clz(value);
 1570              		.loc 2 418 3 is_stmt 1 view .LVU505
 1571              		.loc 2 418 10 is_stmt 0 view .LVU506
 1572 0016 B1FA81F1 		clz	r1, r1
 1573              	.LVL113:
 1574              	.L127:
 1575              		.loc 2 418 10 view .LVU507
 1576              	.LBE9:
 1577              	.LBE8:
1492:frameworks/f407/Drivers/STM32F4xx_HAL_Driver/Src/stm32f4xx_hal_can.c ****   }
 1578              		.loc 1 1492 5 is_stmt 1 view .LVU508
1492:frameworks/f407/Drivers/STM32F4xx_HAL_Driver/Src/stm32f4xx_hal_can.c ****   }
 1579              		.loc 1 1492 22 is_stmt 0 view .LVU509
 1580 001a 0368     		ldr	r3, [r0]
1492:frameworks/f407/Drivers/STM32F4xx_HAL_Driver/Src/stm32f4xx_hal_can.c ****   }
 1581              		.loc 1 1492 61 view .LVU510
 1582 001c 1831     		adds	r1, r1, #24
 1583              	.LVL114:
1492:frameworks/f407/Drivers/STM32F4xx_HAL_Driver/Src/stm32f4xx_hal_can.c ****   }
ARM GAS  C:\Users\honor\AppData\Local\Temp\ccqm0Nze.s 			page 67


 1584              		.loc 1 1492 61 view .LVU511
 1585 001e 03EB0111 		add	r1, r3, r1, lsl #4
 1586              	.LVL115:
1492:frameworks/f407/Drivers/STM32F4xx_HAL_Driver/Src/stm32f4xx_hal_can.c ****   }
 1587              		.loc 1 1492 61 view .LVU512
 1588 0022 4868     		ldr	r0, [r1, #4]
 1589              	.LVL116:
1492:frameworks/f407/Drivers/STM32F4xx_HAL_Driver/Src/stm32f4xx_hal_can.c ****   }
 1590              		.loc 1 1492 85 view .LVU513
 1591 0024 000C     		lsrs	r0, r0, #16
 1592              	.LVL117:
1492:frameworks/f407/Drivers/STM32F4xx_HAL_Driver/Src/stm32f4xx_hal_can.c ****   }
 1593              		.loc 1 1492 85 view .LVU514
 1594 0026 7047     		bx	lr
 1595              	.LVL118:
 1596              	.L129:
 1597              	.LBB11:
 1598              	.LBB10:
 416:frameworks/f407/Drivers/CMSIS/Include/cmsis_gcc.h ****   }
 1599              		.loc 2 416 12 view .LVU515
 1600 0028 2021     		movs	r1, #32
 1601              	.LVL119:
 416:frameworks/f407/Drivers/CMSIS/Include/cmsis_gcc.h ****   }
 1602              		.loc 2 416 12 view .LVU516
 1603 002a F6E7     		b	.L127
 1604              	.LBE10:
 1605              	.LBE11:
 1606              		.cfi_endproc
 1607              	.LFE253:
 1609              		.section	.text.HAL_CAN_GetRxMessage,"ax",%progbits
 1610              		.align	1
 1611              		.global	HAL_CAN_GetRxMessage
 1612              		.syntax unified
 1613              		.thumb
 1614              		.thumb_func
 1616              	HAL_CAN_GetRxMessage:
 1617              	.LVL120:
 1618              	.LFB254:
1498:frameworks/f407/Drivers/STM32F4xx_HAL_Driver/Src/stm32f4xx_hal_can.c **** 
1499:frameworks/f407/Drivers/STM32F4xx_HAL_Driver/Src/stm32f4xx_hal_can.c **** /**
1500:frameworks/f407/Drivers/STM32F4xx_HAL_Driver/Src/stm32f4xx_hal_can.c ****   * @brief  Get an CAN frame from the Rx FIFO zone into the message RAM.
1501:frameworks/f407/Drivers/STM32F4xx_HAL_Driver/Src/stm32f4xx_hal_can.c ****   * @param  hcan pointer to an CAN_HandleTypeDef structure that contains
1502:frameworks/f407/Drivers/STM32F4xx_HAL_Driver/Src/stm32f4xx_hal_can.c ****   *         the configuration information for the specified CAN.
1503:frameworks/f407/Drivers/STM32F4xx_HAL_Driver/Src/stm32f4xx_hal_can.c ****   * @param  RxFifo Fifo number of the received message to be read.
1504:frameworks/f407/Drivers/STM32F4xx_HAL_Driver/Src/stm32f4xx_hal_can.c ****   *         This parameter can be a value of @arg CAN_receive_FIFO_number.
1505:frameworks/f407/Drivers/STM32F4xx_HAL_Driver/Src/stm32f4xx_hal_can.c ****   * @param  pHeader pointer to a CAN_RxHeaderTypeDef structure where the header
1506:frameworks/f407/Drivers/STM32F4xx_HAL_Driver/Src/stm32f4xx_hal_can.c ****   *         of the Rx frame will be stored.
1507:frameworks/f407/Drivers/STM32F4xx_HAL_Driver/Src/stm32f4xx_hal_can.c ****   * @param  aData array where the payload of the Rx frame will be stored.
1508:frameworks/f407/Drivers/STM32F4xx_HAL_Driver/Src/stm32f4xx_hal_can.c ****   * @retval HAL status
1509:frameworks/f407/Drivers/STM32F4xx_HAL_Driver/Src/stm32f4xx_hal_can.c ****   */
1510:frameworks/f407/Drivers/STM32F4xx_HAL_Driver/Src/stm32f4xx_hal_can.c **** HAL_StatusTypeDef HAL_CAN_GetRxMessage(CAN_HandleTypeDef *hcan, uint32_t RxFifo,
1511:frameworks/f407/Drivers/STM32F4xx_HAL_Driver/Src/stm32f4xx_hal_can.c ****                                        CAN_RxHeaderTypeDef *pHeader, uint8_t aData[])
1512:frameworks/f407/Drivers/STM32F4xx_HAL_Driver/Src/stm32f4xx_hal_can.c **** {
 1619              		.loc 1 1512 1 is_stmt 1 view -0
 1620              		.cfi_startproc
 1621              		@ args = 0, pretend = 0, frame = 0
 1622              		@ frame_needed = 0, uses_anonymous_args = 0
ARM GAS  C:\Users\honor\AppData\Local\Temp\ccqm0Nze.s 			page 68


 1623              		@ link register save eliminated.
1513:frameworks/f407/Drivers/STM32F4xx_HAL_Driver/Src/stm32f4xx_hal_can.c ****   HAL_CAN_StateTypeDef state = hcan->State;
 1624              		.loc 1 1513 3 view .LVU518
 1625              		.loc 1 1513 24 is_stmt 0 view .LVU519
 1626 0000 90F820C0 		ldrb	ip, [r0, #32]	@ zero_extendqisi2
 1627              	.LVL121:
1514:frameworks/f407/Drivers/STM32F4xx_HAL_Driver/Src/stm32f4xx_hal_can.c **** 
1515:frameworks/f407/Drivers/STM32F4xx_HAL_Driver/Src/stm32f4xx_hal_can.c ****   assert_param(IS_CAN_RX_FIFO(RxFifo));
 1628              		.loc 1 1515 3 is_stmt 1 view .LVU520
1516:frameworks/f407/Drivers/STM32F4xx_HAL_Driver/Src/stm32f4xx_hal_can.c **** 
1517:frameworks/f407/Drivers/STM32F4xx_HAL_Driver/Src/stm32f4xx_hal_can.c ****   if ((state == HAL_CAN_STATE_READY) ||
 1629              		.loc 1 1517 3 view .LVU521
 1630              		.loc 1 1517 38 is_stmt 0 view .LVU522
 1631 0004 0CF1FF3C 		add	ip, ip, #-1
 1632              	.LVL122:
 1633              		.loc 1 1517 38 view .LVU523
 1634 0008 5FFA8CFC 		uxtb	ip, ip
 1635              		.loc 1 1517 6 view .LVU524
 1636 000c BCF1010F 		cmp	ip, #1
 1637 0010 00F2A580 		bhi	.L132
1512:frameworks/f407/Drivers/STM32F4xx_HAL_Driver/Src/stm32f4xx_hal_can.c ****   HAL_CAN_StateTypeDef state = hcan->State;
 1638              		.loc 1 1512 1 view .LVU525
 1639 0014 30B4     		push	{r4, r5}
 1640              	.LCFI10:
 1641              		.cfi_def_cfa_offset 8
 1642              		.cfi_offset 4, -8
 1643              		.cfi_offset 5, -4
1518:frameworks/f407/Drivers/STM32F4xx_HAL_Driver/Src/stm32f4xx_hal_can.c ****       (state == HAL_CAN_STATE_LISTENING))
1519:frameworks/f407/Drivers/STM32F4xx_HAL_Driver/Src/stm32f4xx_hal_can.c ****   {
1520:frameworks/f407/Drivers/STM32F4xx_HAL_Driver/Src/stm32f4xx_hal_can.c ****     /* Check the Rx FIFO */
1521:frameworks/f407/Drivers/STM32F4xx_HAL_Driver/Src/stm32f4xx_hal_can.c ****     if (RxFifo == CAN_RX_FIFO0) /* Rx element is assigned to Rx FIFO 0 */
 1644              		.loc 1 1521 5 is_stmt 1 view .LVU526
 1645              		.loc 1 1521 8 is_stmt 0 view .LVU527
 1646 0016 51B9     		cbnz	r1, .L133
1522:frameworks/f407/Drivers/STM32F4xx_HAL_Driver/Src/stm32f4xx_hal_can.c ****     {
1523:frameworks/f407/Drivers/STM32F4xx_HAL_Driver/Src/stm32f4xx_hal_can.c ****       /* Check that the Rx FIFO 0 is not empty */
1524:frameworks/f407/Drivers/STM32F4xx_HAL_Driver/Src/stm32f4xx_hal_can.c ****       if ((hcan->Instance->RF0R & CAN_RF0R_FMP0) == 0U)
 1647              		.loc 1 1524 7 is_stmt 1 view .LVU528
 1648              		.loc 1 1524 16 is_stmt 0 view .LVU529
 1649 0018 0468     		ldr	r4, [r0]
 1650              		.loc 1 1524 26 view .LVU530
 1651 001a E468     		ldr	r4, [r4, #12]
 1652              		.loc 1 1524 10 view .LVU531
 1653 001c 14F0030F 		tst	r4, #3
 1654 0020 10D1     		bne	.L134
1525:frameworks/f407/Drivers/STM32F4xx_HAL_Driver/Src/stm32f4xx_hal_can.c ****       {
1526:frameworks/f407/Drivers/STM32F4xx_HAL_Driver/Src/stm32f4xx_hal_can.c ****         /* Update error code */
1527:frameworks/f407/Drivers/STM32F4xx_HAL_Driver/Src/stm32f4xx_hal_can.c ****         hcan->ErrorCode |= HAL_CAN_ERROR_PARAM;
 1655              		.loc 1 1527 9 is_stmt 1 view .LVU532
 1656              		.loc 1 1527 25 is_stmt 0 view .LVU533
 1657 0022 436A     		ldr	r3, [r0, #36]
 1658              	.LVL123:
 1659              		.loc 1 1527 25 view .LVU534
 1660 0024 43F40013 		orr	r3, r3, #2097152
 1661 0028 4362     		str	r3, [r0, #36]
1528:frameworks/f407/Drivers/STM32F4xx_HAL_Driver/Src/stm32f4xx_hal_can.c **** 
1529:frameworks/f407/Drivers/STM32F4xx_HAL_Driver/Src/stm32f4xx_hal_can.c ****         return HAL_ERROR;
ARM GAS  C:\Users\honor\AppData\Local\Temp\ccqm0Nze.s 			page 69


 1662              		.loc 1 1529 9 is_stmt 1 view .LVU535
 1663              		.loc 1 1529 16 is_stmt 0 view .LVU536
 1664 002a 0120     		movs	r0, #1
 1665              	.LVL124:
 1666              		.loc 1 1529 16 view .LVU537
 1667 002c 7EE0     		b	.L135
 1668              	.LVL125:
 1669              	.L133:
1530:frameworks/f407/Drivers/STM32F4xx_HAL_Driver/Src/stm32f4xx_hal_can.c ****       }
1531:frameworks/f407/Drivers/STM32F4xx_HAL_Driver/Src/stm32f4xx_hal_can.c ****     }
1532:frameworks/f407/Drivers/STM32F4xx_HAL_Driver/Src/stm32f4xx_hal_can.c ****     else /* Rx element is assigned to Rx FIFO 1 */
1533:frameworks/f407/Drivers/STM32F4xx_HAL_Driver/Src/stm32f4xx_hal_can.c ****     {
1534:frameworks/f407/Drivers/STM32F4xx_HAL_Driver/Src/stm32f4xx_hal_can.c ****       /* Check that the Rx FIFO 1 is not empty */
1535:frameworks/f407/Drivers/STM32F4xx_HAL_Driver/Src/stm32f4xx_hal_can.c ****       if ((hcan->Instance->RF1R & CAN_RF1R_FMP1) == 0U)
 1670              		.loc 1 1535 7 is_stmt 1 view .LVU538
 1671              		.loc 1 1535 16 is_stmt 0 view .LVU539
 1672 002e 0468     		ldr	r4, [r0]
 1673              		.loc 1 1535 26 view .LVU540
 1674 0030 2469     		ldr	r4, [r4, #16]
 1675              		.loc 1 1535 10 view .LVU541
 1676 0032 14F0030F 		tst	r4, #3
 1677 0036 05D1     		bne	.L134
1536:frameworks/f407/Drivers/STM32F4xx_HAL_Driver/Src/stm32f4xx_hal_can.c ****       {
1537:frameworks/f407/Drivers/STM32F4xx_HAL_Driver/Src/stm32f4xx_hal_can.c ****         /* Update error code */
1538:frameworks/f407/Drivers/STM32F4xx_HAL_Driver/Src/stm32f4xx_hal_can.c ****         hcan->ErrorCode |= HAL_CAN_ERROR_PARAM;
 1678              		.loc 1 1538 9 is_stmt 1 view .LVU542
 1679              		.loc 1 1538 25 is_stmt 0 view .LVU543
 1680 0038 436A     		ldr	r3, [r0, #36]
 1681              	.LVL126:
 1682              		.loc 1 1538 25 view .LVU544
 1683 003a 43F40013 		orr	r3, r3, #2097152
 1684 003e 4362     		str	r3, [r0, #36]
1539:frameworks/f407/Drivers/STM32F4xx_HAL_Driver/Src/stm32f4xx_hal_can.c **** 
1540:frameworks/f407/Drivers/STM32F4xx_HAL_Driver/Src/stm32f4xx_hal_can.c ****         return HAL_ERROR;
 1685              		.loc 1 1540 9 is_stmt 1 view .LVU545
 1686              		.loc 1 1540 16 is_stmt 0 view .LVU546
 1687 0040 0120     		movs	r0, #1
 1688              	.LVL127:
 1689              		.loc 1 1540 16 view .LVU547
 1690 0042 73E0     		b	.L135
 1691              	.LVL128:
 1692              	.L134:
1541:frameworks/f407/Drivers/STM32F4xx_HAL_Driver/Src/stm32f4xx_hal_can.c ****       }
1542:frameworks/f407/Drivers/STM32F4xx_HAL_Driver/Src/stm32f4xx_hal_can.c ****     }
1543:frameworks/f407/Drivers/STM32F4xx_HAL_Driver/Src/stm32f4xx_hal_can.c **** 
1544:frameworks/f407/Drivers/STM32F4xx_HAL_Driver/Src/stm32f4xx_hal_can.c ****     /* Get the header */
1545:frameworks/f407/Drivers/STM32F4xx_HAL_Driver/Src/stm32f4xx_hal_can.c ****     pHeader->IDE = CAN_RI0R_IDE & hcan->Instance->sFIFOMailBox[RxFifo].RIR;
 1693              		.loc 1 1545 5 is_stmt 1 view .LVU548
 1694              		.loc 1 1545 39 is_stmt 0 view .LVU549
 1695 0044 0568     		ldr	r5, [r0]
 1696              		.loc 1 1545 71 view .LVU550
 1697 0046 01F11B04 		add	r4, r1, #27
 1698 004a 2401     		lsls	r4, r4, #4
 1699 004c 2C59     		ldr	r4, [r5, r4]
 1700              		.loc 1 1545 33 view .LVU551
 1701 004e 04F00404 		and	r4, r4, #4
 1702              		.loc 1 1545 18 view .LVU552
ARM GAS  C:\Users\honor\AppData\Local\Temp\ccqm0Nze.s 			page 70


 1703 0052 9460     		str	r4, [r2, #8]
1546:frameworks/f407/Drivers/STM32F4xx_HAL_Driver/Src/stm32f4xx_hal_can.c ****     if (pHeader->IDE == CAN_ID_STD)
 1704              		.loc 1 1546 5 is_stmt 1 view .LVU553
 1705              		.loc 1 1546 8 is_stmt 0 view .LVU554
 1706 0054 002C     		cmp	r4, #0
 1707 0056 6BD1     		bne	.L136
1547:frameworks/f407/Drivers/STM32F4xx_HAL_Driver/Src/stm32f4xx_hal_can.c ****     {
1548:frameworks/f407/Drivers/STM32F4xx_HAL_Driver/Src/stm32f4xx_hal_can.c ****       pHeader->StdId = (CAN_RI0R_STID & hcan->Instance->sFIFOMailBox[RxFifo].RIR) >> CAN_TI0R_STID_
 1708              		.loc 1 1548 7 is_stmt 1 view .LVU555
 1709              		.loc 1 1548 45 is_stmt 0 view .LVU556
 1710 0058 0568     		ldr	r5, [r0]
 1711              		.loc 1 1548 77 view .LVU557
 1712 005a 01F11B04 		add	r4, r1, #27
 1713 005e 2401     		lsls	r4, r4, #4
 1714 0060 2C59     		ldr	r4, [r5, r4]
 1715              		.loc 1 1548 83 view .LVU558
 1716 0062 640D     		lsrs	r4, r4, #21
 1717              		.loc 1 1548 22 view .LVU559
 1718 0064 1460     		str	r4, [r2]
 1719              	.L137:
1549:frameworks/f407/Drivers/STM32F4xx_HAL_Driver/Src/stm32f4xx_hal_can.c ****     }
1550:frameworks/f407/Drivers/STM32F4xx_HAL_Driver/Src/stm32f4xx_hal_can.c ****     else
1551:frameworks/f407/Drivers/STM32F4xx_HAL_Driver/Src/stm32f4xx_hal_can.c ****     {
1552:frameworks/f407/Drivers/STM32F4xx_HAL_Driver/Src/stm32f4xx_hal_can.c ****       pHeader->ExtId = ((CAN_RI0R_EXID | CAN_RI0R_STID) &
1553:frameworks/f407/Drivers/STM32F4xx_HAL_Driver/Src/stm32f4xx_hal_can.c ****                         hcan->Instance->sFIFOMailBox[RxFifo].RIR) >> CAN_RI0R_EXID_Pos;
1554:frameworks/f407/Drivers/STM32F4xx_HAL_Driver/Src/stm32f4xx_hal_can.c ****     }
1555:frameworks/f407/Drivers/STM32F4xx_HAL_Driver/Src/stm32f4xx_hal_can.c ****     pHeader->RTR = (CAN_RI0R_RTR & hcan->Instance->sFIFOMailBox[RxFifo].RIR);
 1720              		.loc 1 1555 5 is_stmt 1 view .LVU560
 1721              		.loc 1 1555 40 is_stmt 0 view .LVU561
 1722 0066 0468     		ldr	r4, [r0]
 1723              		.loc 1 1555 72 view .LVU562
 1724 0068 01F11B0C 		add	ip, r1, #27
 1725 006c 4FEA0C1C 		lsl	ip, ip, #4
 1726 0070 54F80C40 		ldr	r4, [r4, ip]
 1727              		.loc 1 1555 34 view .LVU563
 1728 0074 04F00204 		and	r4, r4, #2
 1729              		.loc 1 1555 18 view .LVU564
 1730 0078 D460     		str	r4, [r2, #12]
1556:frameworks/f407/Drivers/STM32F4xx_HAL_Driver/Src/stm32f4xx_hal_can.c ****     if (((CAN_RDT0R_DLC & hcan->Instance->sFIFOMailBox[RxFifo].RDTR) >> CAN_RDT0R_DLC_Pos) >= 8U)
 1731              		.loc 1 1556 5 is_stmt 1 view .LVU565
 1732              		.loc 1 1556 31 is_stmt 0 view .LVU566
 1733 007a 0468     		ldr	r4, [r0]
 1734              		.loc 1 1556 63 view .LVU567
 1735 007c A444     		add	ip, ip, r4
 1736 007e DCF80450 		ldr	r5, [ip, #4]
 1737              		.loc 1 1556 8 view .LVU568
 1738 0082 15F0080F 		tst	r5, #8
 1739 0086 5BD0     		beq	.L138
1557:frameworks/f407/Drivers/STM32F4xx_HAL_Driver/Src/stm32f4xx_hal_can.c ****     {
1558:frameworks/f407/Drivers/STM32F4xx_HAL_Driver/Src/stm32f4xx_hal_can.c ****       /* Truncate DLC to 8 if received field is over range */
1559:frameworks/f407/Drivers/STM32F4xx_HAL_Driver/Src/stm32f4xx_hal_can.c ****       pHeader->DLC = 8U;
 1740              		.loc 1 1559 7 is_stmt 1 view .LVU569
 1741              		.loc 1 1559 20 is_stmt 0 view .LVU570
 1742 0088 0824     		movs	r4, #8
 1743 008a 1461     		str	r4, [r2, #16]
 1744              	.L139:
1560:frameworks/f407/Drivers/STM32F4xx_HAL_Driver/Src/stm32f4xx_hal_can.c ****     }
ARM GAS  C:\Users\honor\AppData\Local\Temp\ccqm0Nze.s 			page 71


1561:frameworks/f407/Drivers/STM32F4xx_HAL_Driver/Src/stm32f4xx_hal_can.c ****     else
1562:frameworks/f407/Drivers/STM32F4xx_HAL_Driver/Src/stm32f4xx_hal_can.c ****     {
1563:frameworks/f407/Drivers/STM32F4xx_HAL_Driver/Src/stm32f4xx_hal_can.c ****       pHeader->DLC = (CAN_RDT0R_DLC & hcan->Instance->sFIFOMailBox[RxFifo].RDTR) >> CAN_RDT0R_DLC_P
1564:frameworks/f407/Drivers/STM32F4xx_HAL_Driver/Src/stm32f4xx_hal_can.c ****     }
1565:frameworks/f407/Drivers/STM32F4xx_HAL_Driver/Src/stm32f4xx_hal_can.c ****     pHeader->FilterMatchIndex = (CAN_RDT0R_FMI & hcan->Instance->sFIFOMailBox[RxFifo].RDTR) >> CAN_
 1745              		.loc 1 1565 5 is_stmt 1 view .LVU571
 1746              		.loc 1 1565 54 is_stmt 0 view .LVU572
 1747 008c 0568     		ldr	r5, [r0]
 1748              		.loc 1 1565 86 view .LVU573
 1749 008e 01F11B0C 		add	ip, r1, #27
 1750 0092 05EB0C15 		add	r5, r5, ip, lsl #4
 1751 0096 6D68     		ldr	r5, [r5, #4]
 1752              		.loc 1 1565 93 view .LVU574
 1753 0098 C5F30725 		ubfx	r5, r5, #8, #8
 1754              		.loc 1 1565 31 view .LVU575
 1755 009c 9561     		str	r5, [r2, #24]
1566:frameworks/f407/Drivers/STM32F4xx_HAL_Driver/Src/stm32f4xx_hal_can.c ****     pHeader->Timestamp = (CAN_RDT0R_TIME & hcan->Instance->sFIFOMailBox[RxFifo].RDTR) >> CAN_RDT0R_
 1756              		.loc 1 1566 5 is_stmt 1 view .LVU576
 1757              		.loc 1 1566 48 is_stmt 0 view .LVU577
 1758 009e 0468     		ldr	r4, [r0]
 1759              		.loc 1 1566 80 view .LVU578
 1760 00a0 04EB0C14 		add	r4, r4, ip, lsl #4
 1761 00a4 6468     		ldr	r4, [r4, #4]
 1762              		.loc 1 1566 87 view .LVU579
 1763 00a6 240C     		lsrs	r4, r4, #16
 1764              		.loc 1 1566 24 view .LVU580
 1765 00a8 5461     		str	r4, [r2, #20]
1567:frameworks/f407/Drivers/STM32F4xx_HAL_Driver/Src/stm32f4xx_hal_can.c **** 
1568:frameworks/f407/Drivers/STM32F4xx_HAL_Driver/Src/stm32f4xx_hal_can.c ****     /* Get the data */
1569:frameworks/f407/Drivers/STM32F4xx_HAL_Driver/Src/stm32f4xx_hal_can.c ****     aData[0] = (uint8_t)((CAN_RDL0R_DATA0 & hcan->Instance->sFIFOMailBox[RxFifo].RDLR) >> CAN_RDL0R
 1766              		.loc 1 1569 5 is_stmt 1 view .LVU581
 1767              		.loc 1 1569 49 is_stmt 0 view .LVU582
 1768 00aa 0268     		ldr	r2, [r0]
 1769              	.LVL129:
 1770              		.loc 1 1569 81 view .LVU583
 1771 00ac 02EB0112 		add	r2, r2, r1, lsl #4
 1772 00b0 D2F8B821 		ldr	r2, [r2, #440]
 1773              		.loc 1 1569 14 view .LVU584
 1774 00b4 1A70     		strb	r2, [r3]
1570:frameworks/f407/Drivers/STM32F4xx_HAL_Driver/Src/stm32f4xx_hal_can.c ****     aData[1] = (uint8_t)((CAN_RDL0R_DATA1 & hcan->Instance->sFIFOMailBox[RxFifo].RDLR) >> CAN_RDL0R
 1775              		.loc 1 1570 5 is_stmt 1 view .LVU585
 1776              		.loc 1 1570 49 is_stmt 0 view .LVU586
 1777 00b6 0268     		ldr	r2, [r0]
 1778              		.loc 1 1570 81 view .LVU587
 1779 00b8 02EB0112 		add	r2, r2, r1, lsl #4
 1780 00bc D2F8B821 		ldr	r2, [r2, #440]
 1781              		.loc 1 1570 16 view .LVU588
 1782 00c0 C2F30722 		ubfx	r2, r2, #8, #8
 1783              		.loc 1 1570 14 view .LVU589
 1784 00c4 5A70     		strb	r2, [r3, #1]
1571:frameworks/f407/Drivers/STM32F4xx_HAL_Driver/Src/stm32f4xx_hal_can.c ****     aData[2] = (uint8_t)((CAN_RDL0R_DATA2 & hcan->Instance->sFIFOMailBox[RxFifo].RDLR) >> CAN_RDL0R
 1785              		.loc 1 1571 5 is_stmt 1 view .LVU590
 1786              		.loc 1 1571 49 is_stmt 0 view .LVU591
 1787 00c6 0268     		ldr	r2, [r0]
 1788              		.loc 1 1571 81 view .LVU592
 1789 00c8 02EB0112 		add	r2, r2, r1, lsl #4
 1790 00cc D2F8B821 		ldr	r2, [r2, #440]
ARM GAS  C:\Users\honor\AppData\Local\Temp\ccqm0Nze.s 			page 72


 1791              		.loc 1 1571 16 view .LVU593
 1792 00d0 C2F30742 		ubfx	r2, r2, #16, #8
 1793              		.loc 1 1571 14 view .LVU594
 1794 00d4 9A70     		strb	r2, [r3, #2]
1572:frameworks/f407/Drivers/STM32F4xx_HAL_Driver/Src/stm32f4xx_hal_can.c ****     aData[3] = (uint8_t)((CAN_RDL0R_DATA3 & hcan->Instance->sFIFOMailBox[RxFifo].RDLR) >> CAN_RDL0R
 1795              		.loc 1 1572 5 is_stmt 1 view .LVU595
 1796              		.loc 1 1572 49 is_stmt 0 view .LVU596
 1797 00d6 0268     		ldr	r2, [r0]
 1798              		.loc 1 1572 81 view .LVU597
 1799 00d8 02EB0112 		add	r2, r2, r1, lsl #4
 1800 00dc D2F8B821 		ldr	r2, [r2, #440]
 1801              		.loc 1 1572 16 view .LVU598
 1802 00e0 120E     		lsrs	r2, r2, #24
 1803              		.loc 1 1572 14 view .LVU599
 1804 00e2 DA70     		strb	r2, [r3, #3]
1573:frameworks/f407/Drivers/STM32F4xx_HAL_Driver/Src/stm32f4xx_hal_can.c ****     aData[4] = (uint8_t)((CAN_RDH0R_DATA4 & hcan->Instance->sFIFOMailBox[RxFifo].RDHR) >> CAN_RDH0R
 1805              		.loc 1 1573 5 is_stmt 1 view .LVU600
 1806              		.loc 1 1573 49 is_stmt 0 view .LVU601
 1807 00e4 0268     		ldr	r2, [r0]
 1808              		.loc 1 1573 81 view .LVU602
 1809 00e6 02EB0112 		add	r2, r2, r1, lsl #4
 1810 00ea D2F8BC21 		ldr	r2, [r2, #444]
 1811              		.loc 1 1573 14 view .LVU603
 1812 00ee 1A71     		strb	r2, [r3, #4]
1574:frameworks/f407/Drivers/STM32F4xx_HAL_Driver/Src/stm32f4xx_hal_can.c ****     aData[5] = (uint8_t)((CAN_RDH0R_DATA5 & hcan->Instance->sFIFOMailBox[RxFifo].RDHR) >> CAN_RDH0R
 1813              		.loc 1 1574 5 is_stmt 1 view .LVU604
 1814              		.loc 1 1574 49 is_stmt 0 view .LVU605
 1815 00f0 0268     		ldr	r2, [r0]
 1816              		.loc 1 1574 81 view .LVU606
 1817 00f2 02EB0112 		add	r2, r2, r1, lsl #4
 1818 00f6 D2F8BC21 		ldr	r2, [r2, #444]
 1819              		.loc 1 1574 16 view .LVU607
 1820 00fa C2F30722 		ubfx	r2, r2, #8, #8
 1821              		.loc 1 1574 14 view .LVU608
 1822 00fe 5A71     		strb	r2, [r3, #5]
1575:frameworks/f407/Drivers/STM32F4xx_HAL_Driver/Src/stm32f4xx_hal_can.c ****     aData[6] = (uint8_t)((CAN_RDH0R_DATA6 & hcan->Instance->sFIFOMailBox[RxFifo].RDHR) >> CAN_RDH0R
 1823              		.loc 1 1575 5 is_stmt 1 view .LVU609
 1824              		.loc 1 1575 49 is_stmt 0 view .LVU610
 1825 0100 0268     		ldr	r2, [r0]
 1826              		.loc 1 1575 81 view .LVU611
 1827 0102 02EB0112 		add	r2, r2, r1, lsl #4
 1828 0106 D2F8BC21 		ldr	r2, [r2, #444]
 1829              		.loc 1 1575 16 view .LVU612
 1830 010a C2F30742 		ubfx	r2, r2, #16, #8
 1831              		.loc 1 1575 14 view .LVU613
 1832 010e 9A71     		strb	r2, [r3, #6]
1576:frameworks/f407/Drivers/STM32F4xx_HAL_Driver/Src/stm32f4xx_hal_can.c ****     aData[7] = (uint8_t)((CAN_RDH0R_DATA7 & hcan->Instance->sFIFOMailBox[RxFifo].RDHR) >> CAN_RDH0R
 1833              		.loc 1 1576 5 is_stmt 1 view .LVU614
 1834              		.loc 1 1576 49 is_stmt 0 view .LVU615
 1835 0110 0268     		ldr	r2, [r0]
 1836              		.loc 1 1576 81 view .LVU616
 1837 0112 02EB0112 		add	r2, r2, r1, lsl #4
 1838 0116 D2F8BC21 		ldr	r2, [r2, #444]
 1839              		.loc 1 1576 16 view .LVU617
 1840 011a 120E     		lsrs	r2, r2, #24
 1841              		.loc 1 1576 14 view .LVU618
 1842 011c DA71     		strb	r2, [r3, #7]
ARM GAS  C:\Users\honor\AppData\Local\Temp\ccqm0Nze.s 			page 73


1577:frameworks/f407/Drivers/STM32F4xx_HAL_Driver/Src/stm32f4xx_hal_can.c **** 
1578:frameworks/f407/Drivers/STM32F4xx_HAL_Driver/Src/stm32f4xx_hal_can.c ****     /* Release the FIFO */
1579:frameworks/f407/Drivers/STM32F4xx_HAL_Driver/Src/stm32f4xx_hal_can.c ****     if (RxFifo == CAN_RX_FIFO0) /* Rx element is assigned to Rx FIFO 0 */
 1843              		.loc 1 1579 5 is_stmt 1 view .LVU619
 1844              		.loc 1 1579 8 is_stmt 0 view .LVU620
 1845 011e C1B9     		cbnz	r1, .L140
1580:frameworks/f407/Drivers/STM32F4xx_HAL_Driver/Src/stm32f4xx_hal_can.c ****     {
1581:frameworks/f407/Drivers/STM32F4xx_HAL_Driver/Src/stm32f4xx_hal_can.c ****       /* Release RX FIFO 0 */
1582:frameworks/f407/Drivers/STM32F4xx_HAL_Driver/Src/stm32f4xx_hal_can.c ****       SET_BIT(hcan->Instance->RF0R, CAN_RF0R_RFOM0);
 1846              		.loc 1 1582 7 is_stmt 1 view .LVU621
 1847 0120 0268     		ldr	r2, [r0]
 1848 0122 D368     		ldr	r3, [r2, #12]
 1849              	.LVL130:
 1850              		.loc 1 1582 7 is_stmt 0 view .LVU622
 1851 0124 43F02003 		orr	r3, r3, #32
 1852 0128 D360     		str	r3, [r2, #12]
 1853              	.L141:
1583:frameworks/f407/Drivers/STM32F4xx_HAL_Driver/Src/stm32f4xx_hal_can.c ****     }
1584:frameworks/f407/Drivers/STM32F4xx_HAL_Driver/Src/stm32f4xx_hal_can.c ****     else /* Rx element is assigned to Rx FIFO 1 */
1585:frameworks/f407/Drivers/STM32F4xx_HAL_Driver/Src/stm32f4xx_hal_can.c ****     {
1586:frameworks/f407/Drivers/STM32F4xx_HAL_Driver/Src/stm32f4xx_hal_can.c ****       /* Release RX FIFO 1 */
1587:frameworks/f407/Drivers/STM32F4xx_HAL_Driver/Src/stm32f4xx_hal_can.c ****       SET_BIT(hcan->Instance->RF1R, CAN_RF1R_RFOM1);
1588:frameworks/f407/Drivers/STM32F4xx_HAL_Driver/Src/stm32f4xx_hal_can.c ****     }
1589:frameworks/f407/Drivers/STM32F4xx_HAL_Driver/Src/stm32f4xx_hal_can.c **** 
1590:frameworks/f407/Drivers/STM32F4xx_HAL_Driver/Src/stm32f4xx_hal_can.c ****     /* Return function status */
1591:frameworks/f407/Drivers/STM32F4xx_HAL_Driver/Src/stm32f4xx_hal_can.c ****     return HAL_OK;
 1854              		.loc 1 1591 5 is_stmt 1 view .LVU623
 1855              		.loc 1 1591 12 is_stmt 0 view .LVU624
 1856 012a 0020     		movs	r0, #0
 1857              	.LVL131:
 1858              	.L135:
1592:frameworks/f407/Drivers/STM32F4xx_HAL_Driver/Src/stm32f4xx_hal_can.c ****   }
1593:frameworks/f407/Drivers/STM32F4xx_HAL_Driver/Src/stm32f4xx_hal_can.c ****   else
1594:frameworks/f407/Drivers/STM32F4xx_HAL_Driver/Src/stm32f4xx_hal_can.c ****   {
1595:frameworks/f407/Drivers/STM32F4xx_HAL_Driver/Src/stm32f4xx_hal_can.c ****     /* Update error code */
1596:frameworks/f407/Drivers/STM32F4xx_HAL_Driver/Src/stm32f4xx_hal_can.c ****     hcan->ErrorCode |= HAL_CAN_ERROR_NOT_INITIALIZED;
1597:frameworks/f407/Drivers/STM32F4xx_HAL_Driver/Src/stm32f4xx_hal_can.c **** 
1598:frameworks/f407/Drivers/STM32F4xx_HAL_Driver/Src/stm32f4xx_hal_can.c ****     return HAL_ERROR;
1599:frameworks/f407/Drivers/STM32F4xx_HAL_Driver/Src/stm32f4xx_hal_can.c ****   }
1600:frameworks/f407/Drivers/STM32F4xx_HAL_Driver/Src/stm32f4xx_hal_can.c **** }
 1859              		.loc 1 1600 1 view .LVU625
 1860 012c 30BC     		pop	{r4, r5}
 1861              	.LCFI11:
 1862              		.cfi_remember_state
 1863              		.cfi_restore 5
 1864              		.cfi_restore 4
 1865              		.cfi_def_cfa_offset 0
 1866 012e 7047     		bx	lr
 1867              	.LVL132:
 1868              	.L136:
 1869              	.LCFI12:
 1870              		.cfi_restore_state
1552:frameworks/f407/Drivers/STM32F4xx_HAL_Driver/Src/stm32f4xx_hal_can.c ****                         hcan->Instance->sFIFOMailBox[RxFifo].RIR) >> CAN_RI0R_EXID_Pos;
 1871              		.loc 1 1552 7 is_stmt 1 view .LVU626
1553:frameworks/f407/Drivers/STM32F4xx_HAL_Driver/Src/stm32f4xx_hal_can.c ****     }
 1872              		.loc 1 1553 29 is_stmt 0 view .LVU627
 1873 0130 0568     		ldr	r5, [r0]
ARM GAS  C:\Users\honor\AppData\Local\Temp\ccqm0Nze.s 			page 74


1553:frameworks/f407/Drivers/STM32F4xx_HAL_Driver/Src/stm32f4xx_hal_can.c ****     }
 1874              		.loc 1 1553 61 view .LVU628
 1875 0132 01F11B04 		add	r4, r1, #27
 1876 0136 2401     		lsls	r4, r4, #4
 1877 0138 2C59     		ldr	r4, [r5, r4]
1553:frameworks/f407/Drivers/STM32F4xx_HAL_Driver/Src/stm32f4xx_hal_can.c ****     }
 1878              		.loc 1 1553 67 view .LVU629
 1879 013a E408     		lsrs	r4, r4, #3
1552:frameworks/f407/Drivers/STM32F4xx_HAL_Driver/Src/stm32f4xx_hal_can.c ****                         hcan->Instance->sFIFOMailBox[RxFifo].RIR) >> CAN_RI0R_EXID_Pos;
 1880              		.loc 1 1552 22 view .LVU630
 1881 013c 5460     		str	r4, [r2, #4]
 1882 013e 92E7     		b	.L137
 1883              	.L138:
1563:frameworks/f407/Drivers/STM32F4xx_HAL_Driver/Src/stm32f4xx_hal_can.c ****     }
 1884              		.loc 1 1563 7 is_stmt 1 view .LVU631
1563:frameworks/f407/Drivers/STM32F4xx_HAL_Driver/Src/stm32f4xx_hal_can.c ****     }
 1885              		.loc 1 1563 75 is_stmt 0 view .LVU632
 1886 0140 01F11B05 		add	r5, r1, #27
 1887 0144 04EB0514 		add	r4, r4, r5, lsl #4
 1888 0148 6468     		ldr	r4, [r4, #4]
1563:frameworks/f407/Drivers/STM32F4xx_HAL_Driver/Src/stm32f4xx_hal_can.c ****     }
 1889              		.loc 1 1563 82 view .LVU633
 1890 014a 04F00F04 		and	r4, r4, #15
1563:frameworks/f407/Drivers/STM32F4xx_HAL_Driver/Src/stm32f4xx_hal_can.c ****     }
 1891              		.loc 1 1563 20 view .LVU634
 1892 014e 1461     		str	r4, [r2, #16]
 1893 0150 9CE7     		b	.L139
 1894              	.LVL133:
 1895              	.L140:
1587:frameworks/f407/Drivers/STM32F4xx_HAL_Driver/Src/stm32f4xx_hal_can.c ****     }
 1896              		.loc 1 1587 7 is_stmt 1 view .LVU635
 1897 0152 0268     		ldr	r2, [r0]
 1898 0154 1369     		ldr	r3, [r2, #16]
 1899              	.LVL134:
1587:frameworks/f407/Drivers/STM32F4xx_HAL_Driver/Src/stm32f4xx_hal_can.c ****     }
 1900              		.loc 1 1587 7 is_stmt 0 view .LVU636
 1901 0156 43F02003 		orr	r3, r3, #32
 1902 015a 1361     		str	r3, [r2, #16]
 1903 015c E5E7     		b	.L141
 1904              	.LVL135:
 1905              	.L132:
 1906              	.LCFI13:
 1907              		.cfi_def_cfa_offset 0
 1908              		.cfi_restore 4
 1909              		.cfi_restore 5
1596:frameworks/f407/Drivers/STM32F4xx_HAL_Driver/Src/stm32f4xx_hal_can.c **** 
 1910              		.loc 1 1596 5 is_stmt 1 view .LVU637
1596:frameworks/f407/Drivers/STM32F4xx_HAL_Driver/Src/stm32f4xx_hal_can.c **** 
 1911              		.loc 1 1596 21 is_stmt 0 view .LVU638
 1912 015e 436A     		ldr	r3, [r0, #36]
 1913              	.LVL136:
1596:frameworks/f407/Drivers/STM32F4xx_HAL_Driver/Src/stm32f4xx_hal_can.c **** 
 1914              		.loc 1 1596 21 view .LVU639
 1915 0160 43F48023 		orr	r3, r3, #262144
 1916 0164 4362     		str	r3, [r0, #36]
1598:frameworks/f407/Drivers/STM32F4xx_HAL_Driver/Src/stm32f4xx_hal_can.c ****   }
 1917              		.loc 1 1598 5 is_stmt 1 view .LVU640
ARM GAS  C:\Users\honor\AppData\Local\Temp\ccqm0Nze.s 			page 75


1598:frameworks/f407/Drivers/STM32F4xx_HAL_Driver/Src/stm32f4xx_hal_can.c ****   }
 1918              		.loc 1 1598 12 is_stmt 0 view .LVU641
 1919 0166 0120     		movs	r0, #1
 1920              	.LVL137:
 1921              		.loc 1 1600 1 view .LVU642
 1922 0168 7047     		bx	lr
 1923              		.cfi_endproc
 1924              	.LFE254:
 1926              		.section	.text.HAL_CAN_GetRxFifoFillLevel,"ax",%progbits
 1927              		.align	1
 1928              		.global	HAL_CAN_GetRxFifoFillLevel
 1929              		.syntax unified
 1930              		.thumb
 1931              		.thumb_func
 1933              	HAL_CAN_GetRxFifoFillLevel:
 1934              	.LVL138:
 1935              	.LFB255:
1601:frameworks/f407/Drivers/STM32F4xx_HAL_Driver/Src/stm32f4xx_hal_can.c **** 
1602:frameworks/f407/Drivers/STM32F4xx_HAL_Driver/Src/stm32f4xx_hal_can.c **** /**
1603:frameworks/f407/Drivers/STM32F4xx_HAL_Driver/Src/stm32f4xx_hal_can.c ****   * @brief  Return Rx FIFO fill level.
1604:frameworks/f407/Drivers/STM32F4xx_HAL_Driver/Src/stm32f4xx_hal_can.c ****   * @param  hcan pointer to an CAN_HandleTypeDef structure that contains
1605:frameworks/f407/Drivers/STM32F4xx_HAL_Driver/Src/stm32f4xx_hal_can.c ****   *         the configuration information for the specified CAN.
1606:frameworks/f407/Drivers/STM32F4xx_HAL_Driver/Src/stm32f4xx_hal_can.c ****   * @param  RxFifo Rx FIFO.
1607:frameworks/f407/Drivers/STM32F4xx_HAL_Driver/Src/stm32f4xx_hal_can.c ****   *         This parameter can be a value of @arg CAN_receive_FIFO_number.
1608:frameworks/f407/Drivers/STM32F4xx_HAL_Driver/Src/stm32f4xx_hal_can.c ****   * @retval Number of messages available in Rx FIFO.
1609:frameworks/f407/Drivers/STM32F4xx_HAL_Driver/Src/stm32f4xx_hal_can.c ****   */
1610:frameworks/f407/Drivers/STM32F4xx_HAL_Driver/Src/stm32f4xx_hal_can.c **** uint32_t HAL_CAN_GetRxFifoFillLevel(const CAN_HandleTypeDef *hcan, uint32_t RxFifo)
1611:frameworks/f407/Drivers/STM32F4xx_HAL_Driver/Src/stm32f4xx_hal_can.c **** {
 1936              		.loc 1 1611 1 is_stmt 1 view -0
 1937              		.cfi_startproc
 1938              		@ args = 0, pretend = 0, frame = 0
 1939              		@ frame_needed = 0, uses_anonymous_args = 0
 1940              		@ link register save eliminated.
1612:frameworks/f407/Drivers/STM32F4xx_HAL_Driver/Src/stm32f4xx_hal_can.c ****   uint32_t filllevel = 0U;
 1941              		.loc 1 1612 3 view .LVU644
1613:frameworks/f407/Drivers/STM32F4xx_HAL_Driver/Src/stm32f4xx_hal_can.c ****   HAL_CAN_StateTypeDef state = hcan->State;
 1942              		.loc 1 1613 3 view .LVU645
 1943              		.loc 1 1613 24 is_stmt 0 view .LVU646
 1944 0000 90F82030 		ldrb	r3, [r0, #32]	@ zero_extendqisi2
 1945              	.LVL139:
1614:frameworks/f407/Drivers/STM32F4xx_HAL_Driver/Src/stm32f4xx_hal_can.c **** 
1615:frameworks/f407/Drivers/STM32F4xx_HAL_Driver/Src/stm32f4xx_hal_can.c ****   /* Check function parameters */
1616:frameworks/f407/Drivers/STM32F4xx_HAL_Driver/Src/stm32f4xx_hal_can.c ****   assert_param(IS_CAN_RX_FIFO(RxFifo));
 1946              		.loc 1 1616 3 is_stmt 1 view .LVU647
1617:frameworks/f407/Drivers/STM32F4xx_HAL_Driver/Src/stm32f4xx_hal_can.c **** 
1618:frameworks/f407/Drivers/STM32F4xx_HAL_Driver/Src/stm32f4xx_hal_can.c ****   if ((state == HAL_CAN_STATE_READY) ||
 1947              		.loc 1 1618 3 view .LVU648
 1948              		.loc 1 1618 38 is_stmt 0 view .LVU649
 1949 0004 013B     		subs	r3, r3, #1
 1950              	.LVL140:
 1951              		.loc 1 1618 38 view .LVU650
 1952 0006 DBB2     		uxtb	r3, r3
 1953              		.loc 1 1618 6 view .LVU651
 1954 0008 012B     		cmp	r3, #1
 1955 000a 01D9     		bls	.L150
1612:frameworks/f407/Drivers/STM32F4xx_HAL_Driver/Src/stm32f4xx_hal_can.c ****   HAL_CAN_StateTypeDef state = hcan->State;
 1956              		.loc 1 1612 12 view .LVU652
ARM GAS  C:\Users\honor\AppData\Local\Temp\ccqm0Nze.s 			page 76


 1957 000c 0020     		movs	r0, #0
 1958              	.LVL141:
1619:frameworks/f407/Drivers/STM32F4xx_HAL_Driver/Src/stm32f4xx_hal_can.c ****       (state == HAL_CAN_STATE_LISTENING))
1620:frameworks/f407/Drivers/STM32F4xx_HAL_Driver/Src/stm32f4xx_hal_can.c ****   {
1621:frameworks/f407/Drivers/STM32F4xx_HAL_Driver/Src/stm32f4xx_hal_can.c ****     if (RxFifo == CAN_RX_FIFO0)
1622:frameworks/f407/Drivers/STM32F4xx_HAL_Driver/Src/stm32f4xx_hal_can.c ****     {
1623:frameworks/f407/Drivers/STM32F4xx_HAL_Driver/Src/stm32f4xx_hal_can.c ****       filllevel = hcan->Instance->RF0R & CAN_RF0R_FMP0;
1624:frameworks/f407/Drivers/STM32F4xx_HAL_Driver/Src/stm32f4xx_hal_can.c ****     }
1625:frameworks/f407/Drivers/STM32F4xx_HAL_Driver/Src/stm32f4xx_hal_can.c ****     else /* RxFifo == CAN_RX_FIFO1 */
1626:frameworks/f407/Drivers/STM32F4xx_HAL_Driver/Src/stm32f4xx_hal_can.c ****     {
1627:frameworks/f407/Drivers/STM32F4xx_HAL_Driver/Src/stm32f4xx_hal_can.c ****       filllevel = hcan->Instance->RF1R & CAN_RF1R_FMP1;
1628:frameworks/f407/Drivers/STM32F4xx_HAL_Driver/Src/stm32f4xx_hal_can.c ****     }
1629:frameworks/f407/Drivers/STM32F4xx_HAL_Driver/Src/stm32f4xx_hal_can.c ****   }
1630:frameworks/f407/Drivers/STM32F4xx_HAL_Driver/Src/stm32f4xx_hal_can.c **** 
1631:frameworks/f407/Drivers/STM32F4xx_HAL_Driver/Src/stm32f4xx_hal_can.c ****   /* Return Rx FIFO fill level */
1632:frameworks/f407/Drivers/STM32F4xx_HAL_Driver/Src/stm32f4xx_hal_can.c ****   return filllevel;
 1959              		.loc 1 1632 3 is_stmt 1 view .LVU653
1633:frameworks/f407/Drivers/STM32F4xx_HAL_Driver/Src/stm32f4xx_hal_can.c **** }
 1960              		.loc 1 1633 1 is_stmt 0 view .LVU654
 1961 000e 7047     		bx	lr
 1962              	.LVL142:
 1963              	.L150:
1621:frameworks/f407/Drivers/STM32F4xx_HAL_Driver/Src/stm32f4xx_hal_can.c ****     {
 1964              		.loc 1 1621 5 is_stmt 1 view .LVU655
1621:frameworks/f407/Drivers/STM32F4xx_HAL_Driver/Src/stm32f4xx_hal_can.c ****     {
 1965              		.loc 1 1621 8 is_stmt 0 view .LVU656
 1966 0010 21B9     		cbnz	r1, .L148
1623:frameworks/f407/Drivers/STM32F4xx_HAL_Driver/Src/stm32f4xx_hal_can.c ****     }
 1967              		.loc 1 1623 7 is_stmt 1 view .LVU657
1623:frameworks/f407/Drivers/STM32F4xx_HAL_Driver/Src/stm32f4xx_hal_can.c ****     }
 1968              		.loc 1 1623 23 is_stmt 0 view .LVU658
 1969 0012 0368     		ldr	r3, [r0]
1623:frameworks/f407/Drivers/STM32F4xx_HAL_Driver/Src/stm32f4xx_hal_can.c ****     }
 1970              		.loc 1 1623 33 view .LVU659
 1971 0014 D868     		ldr	r0, [r3, #12]
 1972              	.LVL143:
1623:frameworks/f407/Drivers/STM32F4xx_HAL_Driver/Src/stm32f4xx_hal_can.c ****     }
 1973              		.loc 1 1623 17 view .LVU660
 1974 0016 00F00300 		and	r0, r0, #3
 1975              	.LVL144:
1623:frameworks/f407/Drivers/STM32F4xx_HAL_Driver/Src/stm32f4xx_hal_can.c ****     }
 1976              		.loc 1 1623 17 view .LVU661
 1977 001a 7047     		bx	lr
 1978              	.LVL145:
 1979              	.L148:
1627:frameworks/f407/Drivers/STM32F4xx_HAL_Driver/Src/stm32f4xx_hal_can.c ****     }
 1980              		.loc 1 1627 7 is_stmt 1 view .LVU662
1627:frameworks/f407/Drivers/STM32F4xx_HAL_Driver/Src/stm32f4xx_hal_can.c ****     }
 1981              		.loc 1 1627 23 is_stmt 0 view .LVU663
 1982 001c 0368     		ldr	r3, [r0]
1627:frameworks/f407/Drivers/STM32F4xx_HAL_Driver/Src/stm32f4xx_hal_can.c ****     }
 1983              		.loc 1 1627 33 view .LVU664
 1984 001e 1869     		ldr	r0, [r3, #16]
 1985              	.LVL146:
1627:frameworks/f407/Drivers/STM32F4xx_HAL_Driver/Src/stm32f4xx_hal_can.c ****     }
 1986              		.loc 1 1627 17 view .LVU665
 1987 0020 00F00300 		and	r0, r0, #3
ARM GAS  C:\Users\honor\AppData\Local\Temp\ccqm0Nze.s 			page 77


 1988              	.LVL147:
1627:frameworks/f407/Drivers/STM32F4xx_HAL_Driver/Src/stm32f4xx_hal_can.c ****     }
 1989              		.loc 1 1627 17 view .LVU666
 1990 0024 7047     		bx	lr
 1991              		.cfi_endproc
 1992              	.LFE255:
 1994              		.section	.text.HAL_CAN_ActivateNotification,"ax",%progbits
 1995              		.align	1
 1996              		.global	HAL_CAN_ActivateNotification
 1997              		.syntax unified
 1998              		.thumb
 1999              		.thumb_func
 2001              	HAL_CAN_ActivateNotification:
 2002              	.LVL148:
 2003              	.LFB256:
1634:frameworks/f407/Drivers/STM32F4xx_HAL_Driver/Src/stm32f4xx_hal_can.c **** 
1635:frameworks/f407/Drivers/STM32F4xx_HAL_Driver/Src/stm32f4xx_hal_can.c **** /**
1636:frameworks/f407/Drivers/STM32F4xx_HAL_Driver/Src/stm32f4xx_hal_can.c ****   * @}
1637:frameworks/f407/Drivers/STM32F4xx_HAL_Driver/Src/stm32f4xx_hal_can.c ****   */
1638:frameworks/f407/Drivers/STM32F4xx_HAL_Driver/Src/stm32f4xx_hal_can.c **** 
1639:frameworks/f407/Drivers/STM32F4xx_HAL_Driver/Src/stm32f4xx_hal_can.c **** /** @defgroup CAN_Exported_Functions_Group4 Interrupts management
1640:frameworks/f407/Drivers/STM32F4xx_HAL_Driver/Src/stm32f4xx_hal_can.c ****   * @brief    Interrupts management
1641:frameworks/f407/Drivers/STM32F4xx_HAL_Driver/Src/stm32f4xx_hal_can.c ****   *
1642:frameworks/f407/Drivers/STM32F4xx_HAL_Driver/Src/stm32f4xx_hal_can.c **** @verbatim
1643:frameworks/f407/Drivers/STM32F4xx_HAL_Driver/Src/stm32f4xx_hal_can.c ****   ==============================================================================
1644:frameworks/f407/Drivers/STM32F4xx_HAL_Driver/Src/stm32f4xx_hal_can.c ****                        ##### Interrupts management #####
1645:frameworks/f407/Drivers/STM32F4xx_HAL_Driver/Src/stm32f4xx_hal_can.c ****   ==============================================================================
1646:frameworks/f407/Drivers/STM32F4xx_HAL_Driver/Src/stm32f4xx_hal_can.c ****     [..]  This section provides functions allowing to:
1647:frameworks/f407/Drivers/STM32F4xx_HAL_Driver/Src/stm32f4xx_hal_can.c ****       (+) HAL_CAN_ActivateNotification      : Enable interrupts
1648:frameworks/f407/Drivers/STM32F4xx_HAL_Driver/Src/stm32f4xx_hal_can.c ****       (+) HAL_CAN_DeactivateNotification    : Disable interrupts
1649:frameworks/f407/Drivers/STM32F4xx_HAL_Driver/Src/stm32f4xx_hal_can.c ****       (+) HAL_CAN_IRQHandler                : Handles CAN interrupt request
1650:frameworks/f407/Drivers/STM32F4xx_HAL_Driver/Src/stm32f4xx_hal_can.c **** 
1651:frameworks/f407/Drivers/STM32F4xx_HAL_Driver/Src/stm32f4xx_hal_can.c **** @endverbatim
1652:frameworks/f407/Drivers/STM32F4xx_HAL_Driver/Src/stm32f4xx_hal_can.c ****   * @{
1653:frameworks/f407/Drivers/STM32F4xx_HAL_Driver/Src/stm32f4xx_hal_can.c ****   */
1654:frameworks/f407/Drivers/STM32F4xx_HAL_Driver/Src/stm32f4xx_hal_can.c **** 
1655:frameworks/f407/Drivers/STM32F4xx_HAL_Driver/Src/stm32f4xx_hal_can.c **** /**
1656:frameworks/f407/Drivers/STM32F4xx_HAL_Driver/Src/stm32f4xx_hal_can.c ****   * @brief  Enable interrupts.
1657:frameworks/f407/Drivers/STM32F4xx_HAL_Driver/Src/stm32f4xx_hal_can.c ****   * @param  hcan pointer to an CAN_HandleTypeDef structure that contains
1658:frameworks/f407/Drivers/STM32F4xx_HAL_Driver/Src/stm32f4xx_hal_can.c ****   *         the configuration information for the specified CAN.
1659:frameworks/f407/Drivers/STM32F4xx_HAL_Driver/Src/stm32f4xx_hal_can.c ****   * @param  ActiveITs indicates which interrupts will be enabled.
1660:frameworks/f407/Drivers/STM32F4xx_HAL_Driver/Src/stm32f4xx_hal_can.c ****   *         This parameter can be any combination of @arg CAN_Interrupts.
1661:frameworks/f407/Drivers/STM32F4xx_HAL_Driver/Src/stm32f4xx_hal_can.c ****   * @retval HAL status
1662:frameworks/f407/Drivers/STM32F4xx_HAL_Driver/Src/stm32f4xx_hal_can.c ****   */
1663:frameworks/f407/Drivers/STM32F4xx_HAL_Driver/Src/stm32f4xx_hal_can.c **** HAL_StatusTypeDef HAL_CAN_ActivateNotification(CAN_HandleTypeDef *hcan, uint32_t ActiveITs)
1664:frameworks/f407/Drivers/STM32F4xx_HAL_Driver/Src/stm32f4xx_hal_can.c **** {
 2004              		.loc 1 1664 1 is_stmt 1 view -0
 2005              		.cfi_startproc
 2006              		@ args = 0, pretend = 0, frame = 0
 2007              		@ frame_needed = 0, uses_anonymous_args = 0
 2008              		@ link register save eliminated.
1665:frameworks/f407/Drivers/STM32F4xx_HAL_Driver/Src/stm32f4xx_hal_can.c ****   HAL_CAN_StateTypeDef state = hcan->State;
 2009              		.loc 1 1665 3 view .LVU668
 2010              		.loc 1 1665 24 is_stmt 0 view .LVU669
 2011 0000 90F82030 		ldrb	r3, [r0, #32]	@ zero_extendqisi2
 2012              	.LVL149:
1666:frameworks/f407/Drivers/STM32F4xx_HAL_Driver/Src/stm32f4xx_hal_can.c **** 
ARM GAS  C:\Users\honor\AppData\Local\Temp\ccqm0Nze.s 			page 78


1667:frameworks/f407/Drivers/STM32F4xx_HAL_Driver/Src/stm32f4xx_hal_can.c ****   /* Check function parameters */
1668:frameworks/f407/Drivers/STM32F4xx_HAL_Driver/Src/stm32f4xx_hal_can.c ****   assert_param(IS_CAN_IT(ActiveITs));
 2013              		.loc 1 1668 3 is_stmt 1 view .LVU670
1669:frameworks/f407/Drivers/STM32F4xx_HAL_Driver/Src/stm32f4xx_hal_can.c **** 
1670:frameworks/f407/Drivers/STM32F4xx_HAL_Driver/Src/stm32f4xx_hal_can.c ****   if ((state == HAL_CAN_STATE_READY) ||
 2014              		.loc 1 1670 3 view .LVU671
 2015              		.loc 1 1670 38 is_stmt 0 view .LVU672
 2016 0004 013B     		subs	r3, r3, #1
 2017              	.LVL150:
 2018              		.loc 1 1670 38 view .LVU673
 2019 0006 DBB2     		uxtb	r3, r3
 2020              		.loc 1 1670 6 view .LVU674
 2021 0008 012B     		cmp	r3, #1
 2022 000a 05D9     		bls	.L154
1671:frameworks/f407/Drivers/STM32F4xx_HAL_Driver/Src/stm32f4xx_hal_can.c ****       (state == HAL_CAN_STATE_LISTENING))
1672:frameworks/f407/Drivers/STM32F4xx_HAL_Driver/Src/stm32f4xx_hal_can.c ****   {
1673:frameworks/f407/Drivers/STM32F4xx_HAL_Driver/Src/stm32f4xx_hal_can.c ****     /* Enable the selected interrupts */
1674:frameworks/f407/Drivers/STM32F4xx_HAL_Driver/Src/stm32f4xx_hal_can.c ****     __HAL_CAN_ENABLE_IT(hcan, ActiveITs);
1675:frameworks/f407/Drivers/STM32F4xx_HAL_Driver/Src/stm32f4xx_hal_can.c **** 
1676:frameworks/f407/Drivers/STM32F4xx_HAL_Driver/Src/stm32f4xx_hal_can.c ****     /* Return function status */
1677:frameworks/f407/Drivers/STM32F4xx_HAL_Driver/Src/stm32f4xx_hal_can.c ****     return HAL_OK;
1678:frameworks/f407/Drivers/STM32F4xx_HAL_Driver/Src/stm32f4xx_hal_can.c ****   }
1679:frameworks/f407/Drivers/STM32F4xx_HAL_Driver/Src/stm32f4xx_hal_can.c ****   else
1680:frameworks/f407/Drivers/STM32F4xx_HAL_Driver/Src/stm32f4xx_hal_can.c ****   {
1681:frameworks/f407/Drivers/STM32F4xx_HAL_Driver/Src/stm32f4xx_hal_can.c ****     /* Update error code */
1682:frameworks/f407/Drivers/STM32F4xx_HAL_Driver/Src/stm32f4xx_hal_can.c ****     hcan->ErrorCode |= HAL_CAN_ERROR_NOT_INITIALIZED;
 2023              		.loc 1 1682 5 is_stmt 1 view .LVU675
 2024              		.loc 1 1682 21 is_stmt 0 view .LVU676
 2025 000c 436A     		ldr	r3, [r0, #36]
 2026 000e 43F48023 		orr	r3, r3, #262144
 2027 0012 4362     		str	r3, [r0, #36]
1683:frameworks/f407/Drivers/STM32F4xx_HAL_Driver/Src/stm32f4xx_hal_can.c **** 
1684:frameworks/f407/Drivers/STM32F4xx_HAL_Driver/Src/stm32f4xx_hal_can.c ****     return HAL_ERROR;
 2028              		.loc 1 1684 5 is_stmt 1 view .LVU677
 2029              		.loc 1 1684 12 is_stmt 0 view .LVU678
 2030 0014 0120     		movs	r0, #1
 2031              	.LVL151:
1685:frameworks/f407/Drivers/STM32F4xx_HAL_Driver/Src/stm32f4xx_hal_can.c ****   }
1686:frameworks/f407/Drivers/STM32F4xx_HAL_Driver/Src/stm32f4xx_hal_can.c **** }
 2032              		.loc 1 1686 1 view .LVU679
 2033 0016 7047     		bx	lr
 2034              	.LVL152:
 2035              	.L154:
1674:frameworks/f407/Drivers/STM32F4xx_HAL_Driver/Src/stm32f4xx_hal_can.c **** 
 2036              		.loc 1 1674 5 is_stmt 1 view .LVU680
 2037 0018 0268     		ldr	r2, [r0]
 2038 001a 5369     		ldr	r3, [r2, #20]
 2039 001c 1943     		orrs	r1, r1, r3
 2040              	.LVL153:
1674:frameworks/f407/Drivers/STM32F4xx_HAL_Driver/Src/stm32f4xx_hal_can.c **** 
 2041              		.loc 1 1674 5 is_stmt 0 view .LVU681
 2042 001e 5161     		str	r1, [r2, #20]
1677:frameworks/f407/Drivers/STM32F4xx_HAL_Driver/Src/stm32f4xx_hal_can.c ****   }
 2043              		.loc 1 1677 5 is_stmt 1 view .LVU682
1677:frameworks/f407/Drivers/STM32F4xx_HAL_Driver/Src/stm32f4xx_hal_can.c ****   }
 2044              		.loc 1 1677 12 is_stmt 0 view .LVU683
 2045 0020 0020     		movs	r0, #0
ARM GAS  C:\Users\honor\AppData\Local\Temp\ccqm0Nze.s 			page 79


 2046              	.LVL154:
1677:frameworks/f407/Drivers/STM32F4xx_HAL_Driver/Src/stm32f4xx_hal_can.c ****   }
 2047              		.loc 1 1677 12 view .LVU684
 2048 0022 7047     		bx	lr
 2049              		.cfi_endproc
 2050              	.LFE256:
 2052              		.section	.text.HAL_CAN_DeactivateNotification,"ax",%progbits
 2053              		.align	1
 2054              		.global	HAL_CAN_DeactivateNotification
 2055              		.syntax unified
 2056              		.thumb
 2057              		.thumb_func
 2059              	HAL_CAN_DeactivateNotification:
 2060              	.LVL155:
 2061              	.LFB257:
1687:frameworks/f407/Drivers/STM32F4xx_HAL_Driver/Src/stm32f4xx_hal_can.c **** 
1688:frameworks/f407/Drivers/STM32F4xx_HAL_Driver/Src/stm32f4xx_hal_can.c **** /**
1689:frameworks/f407/Drivers/STM32F4xx_HAL_Driver/Src/stm32f4xx_hal_can.c ****   * @brief  Disable interrupts.
1690:frameworks/f407/Drivers/STM32F4xx_HAL_Driver/Src/stm32f4xx_hal_can.c ****   * @param  hcan pointer to an CAN_HandleTypeDef structure that contains
1691:frameworks/f407/Drivers/STM32F4xx_HAL_Driver/Src/stm32f4xx_hal_can.c ****   *         the configuration information for the specified CAN.
1692:frameworks/f407/Drivers/STM32F4xx_HAL_Driver/Src/stm32f4xx_hal_can.c ****   * @param  InactiveITs indicates which interrupts will be disabled.
1693:frameworks/f407/Drivers/STM32F4xx_HAL_Driver/Src/stm32f4xx_hal_can.c ****   *         This parameter can be any combination of @arg CAN_Interrupts.
1694:frameworks/f407/Drivers/STM32F4xx_HAL_Driver/Src/stm32f4xx_hal_can.c ****   * @retval HAL status
1695:frameworks/f407/Drivers/STM32F4xx_HAL_Driver/Src/stm32f4xx_hal_can.c ****   */
1696:frameworks/f407/Drivers/STM32F4xx_HAL_Driver/Src/stm32f4xx_hal_can.c **** HAL_StatusTypeDef HAL_CAN_DeactivateNotification(CAN_HandleTypeDef *hcan, uint32_t InactiveITs)
1697:frameworks/f407/Drivers/STM32F4xx_HAL_Driver/Src/stm32f4xx_hal_can.c **** {
 2062              		.loc 1 1697 1 is_stmt 1 view -0
 2063              		.cfi_startproc
 2064              		@ args = 0, pretend = 0, frame = 0
 2065              		@ frame_needed = 0, uses_anonymous_args = 0
 2066              		@ link register save eliminated.
1698:frameworks/f407/Drivers/STM32F4xx_HAL_Driver/Src/stm32f4xx_hal_can.c ****   HAL_CAN_StateTypeDef state = hcan->State;
 2067              		.loc 1 1698 3 view .LVU686
 2068              		.loc 1 1698 24 is_stmt 0 view .LVU687
 2069 0000 90F82030 		ldrb	r3, [r0, #32]	@ zero_extendqisi2
 2070              	.LVL156:
1699:frameworks/f407/Drivers/STM32F4xx_HAL_Driver/Src/stm32f4xx_hal_can.c **** 
1700:frameworks/f407/Drivers/STM32F4xx_HAL_Driver/Src/stm32f4xx_hal_can.c ****   /* Check function parameters */
1701:frameworks/f407/Drivers/STM32F4xx_HAL_Driver/Src/stm32f4xx_hal_can.c ****   assert_param(IS_CAN_IT(InactiveITs));
 2071              		.loc 1 1701 3 is_stmt 1 view .LVU688
1702:frameworks/f407/Drivers/STM32F4xx_HAL_Driver/Src/stm32f4xx_hal_can.c **** 
1703:frameworks/f407/Drivers/STM32F4xx_HAL_Driver/Src/stm32f4xx_hal_can.c ****   if ((state == HAL_CAN_STATE_READY) ||
 2072              		.loc 1 1703 3 view .LVU689
 2073              		.loc 1 1703 38 is_stmt 0 view .LVU690
 2074 0004 013B     		subs	r3, r3, #1
 2075              	.LVL157:
 2076              		.loc 1 1703 38 view .LVU691
 2077 0006 DBB2     		uxtb	r3, r3
 2078              		.loc 1 1703 6 view .LVU692
 2079 0008 012B     		cmp	r3, #1
 2080 000a 05D9     		bls	.L158
1704:frameworks/f407/Drivers/STM32F4xx_HAL_Driver/Src/stm32f4xx_hal_can.c ****       (state == HAL_CAN_STATE_LISTENING))
1705:frameworks/f407/Drivers/STM32F4xx_HAL_Driver/Src/stm32f4xx_hal_can.c ****   {
1706:frameworks/f407/Drivers/STM32F4xx_HAL_Driver/Src/stm32f4xx_hal_can.c ****     /* Disable the selected interrupts */
1707:frameworks/f407/Drivers/STM32F4xx_HAL_Driver/Src/stm32f4xx_hal_can.c ****     __HAL_CAN_DISABLE_IT(hcan, InactiveITs);
1708:frameworks/f407/Drivers/STM32F4xx_HAL_Driver/Src/stm32f4xx_hal_can.c **** 
1709:frameworks/f407/Drivers/STM32F4xx_HAL_Driver/Src/stm32f4xx_hal_can.c ****     /* Return function status */
ARM GAS  C:\Users\honor\AppData\Local\Temp\ccqm0Nze.s 			page 80


1710:frameworks/f407/Drivers/STM32F4xx_HAL_Driver/Src/stm32f4xx_hal_can.c ****     return HAL_OK;
1711:frameworks/f407/Drivers/STM32F4xx_HAL_Driver/Src/stm32f4xx_hal_can.c ****   }
1712:frameworks/f407/Drivers/STM32F4xx_HAL_Driver/Src/stm32f4xx_hal_can.c ****   else
1713:frameworks/f407/Drivers/STM32F4xx_HAL_Driver/Src/stm32f4xx_hal_can.c ****   {
1714:frameworks/f407/Drivers/STM32F4xx_HAL_Driver/Src/stm32f4xx_hal_can.c ****     /* Update error code */
1715:frameworks/f407/Drivers/STM32F4xx_HAL_Driver/Src/stm32f4xx_hal_can.c ****     hcan->ErrorCode |= HAL_CAN_ERROR_NOT_INITIALIZED;
 2081              		.loc 1 1715 5 is_stmt 1 view .LVU693
 2082              		.loc 1 1715 21 is_stmt 0 view .LVU694
 2083 000c 436A     		ldr	r3, [r0, #36]
 2084 000e 43F48023 		orr	r3, r3, #262144
 2085 0012 4362     		str	r3, [r0, #36]
1716:frameworks/f407/Drivers/STM32F4xx_HAL_Driver/Src/stm32f4xx_hal_can.c **** 
1717:frameworks/f407/Drivers/STM32F4xx_HAL_Driver/Src/stm32f4xx_hal_can.c ****     return HAL_ERROR;
 2086              		.loc 1 1717 5 is_stmt 1 view .LVU695
 2087              		.loc 1 1717 12 is_stmt 0 view .LVU696
 2088 0014 0120     		movs	r0, #1
 2089              	.LVL158:
1718:frameworks/f407/Drivers/STM32F4xx_HAL_Driver/Src/stm32f4xx_hal_can.c ****   }
1719:frameworks/f407/Drivers/STM32F4xx_HAL_Driver/Src/stm32f4xx_hal_can.c **** }
 2090              		.loc 1 1719 1 view .LVU697
 2091 0016 7047     		bx	lr
 2092              	.LVL159:
 2093              	.L158:
1707:frameworks/f407/Drivers/STM32F4xx_HAL_Driver/Src/stm32f4xx_hal_can.c **** 
 2094              		.loc 1 1707 5 is_stmt 1 view .LVU698
 2095 0018 0268     		ldr	r2, [r0]
 2096 001a 5369     		ldr	r3, [r2, #20]
 2097 001c 23EA0101 		bic	r1, r3, r1
 2098              	.LVL160:
1707:frameworks/f407/Drivers/STM32F4xx_HAL_Driver/Src/stm32f4xx_hal_can.c **** 
 2099              		.loc 1 1707 5 is_stmt 0 view .LVU699
 2100 0020 5161     		str	r1, [r2, #20]
1710:frameworks/f407/Drivers/STM32F4xx_HAL_Driver/Src/stm32f4xx_hal_can.c ****   }
 2101              		.loc 1 1710 5 is_stmt 1 view .LVU700
1710:frameworks/f407/Drivers/STM32F4xx_HAL_Driver/Src/stm32f4xx_hal_can.c ****   }
 2102              		.loc 1 1710 12 is_stmt 0 view .LVU701
 2103 0022 0020     		movs	r0, #0
 2104              	.LVL161:
1710:frameworks/f407/Drivers/STM32F4xx_HAL_Driver/Src/stm32f4xx_hal_can.c ****   }
 2105              		.loc 1 1710 12 view .LVU702
 2106 0024 7047     		bx	lr
 2107              		.cfi_endproc
 2108              	.LFE257:
 2110              		.section	.text.HAL_CAN_TxMailbox0CompleteCallback,"ax",%progbits
 2111              		.align	1
 2112              		.weak	HAL_CAN_TxMailbox0CompleteCallback
 2113              		.syntax unified
 2114              		.thumb
 2115              		.thumb_func
 2117              	HAL_CAN_TxMailbox0CompleteCallback:
 2118              	.LVL162:
 2119              	.LFB259:
1720:frameworks/f407/Drivers/STM32F4xx_HAL_Driver/Src/stm32f4xx_hal_can.c **** 
1721:frameworks/f407/Drivers/STM32F4xx_HAL_Driver/Src/stm32f4xx_hal_can.c **** /**
1722:frameworks/f407/Drivers/STM32F4xx_HAL_Driver/Src/stm32f4xx_hal_can.c ****   * @brief  Handles CAN interrupt request
1723:frameworks/f407/Drivers/STM32F4xx_HAL_Driver/Src/stm32f4xx_hal_can.c ****   * @param  hcan pointer to a CAN_HandleTypeDef structure that contains
1724:frameworks/f407/Drivers/STM32F4xx_HAL_Driver/Src/stm32f4xx_hal_can.c ****   *         the configuration information for the specified CAN.
ARM GAS  C:\Users\honor\AppData\Local\Temp\ccqm0Nze.s 			page 81


1725:frameworks/f407/Drivers/STM32F4xx_HAL_Driver/Src/stm32f4xx_hal_can.c ****   * @retval None
1726:frameworks/f407/Drivers/STM32F4xx_HAL_Driver/Src/stm32f4xx_hal_can.c ****   */
1727:frameworks/f407/Drivers/STM32F4xx_HAL_Driver/Src/stm32f4xx_hal_can.c **** void HAL_CAN_IRQHandler(CAN_HandleTypeDef *hcan)
1728:frameworks/f407/Drivers/STM32F4xx_HAL_Driver/Src/stm32f4xx_hal_can.c **** {
1729:frameworks/f407/Drivers/STM32F4xx_HAL_Driver/Src/stm32f4xx_hal_can.c ****   uint32_t errorcode = HAL_CAN_ERROR_NONE;
1730:frameworks/f407/Drivers/STM32F4xx_HAL_Driver/Src/stm32f4xx_hal_can.c ****   uint32_t interrupts = READ_REG(hcan->Instance->IER);
1731:frameworks/f407/Drivers/STM32F4xx_HAL_Driver/Src/stm32f4xx_hal_can.c ****   uint32_t msrflags = READ_REG(hcan->Instance->MSR);
1732:frameworks/f407/Drivers/STM32F4xx_HAL_Driver/Src/stm32f4xx_hal_can.c ****   uint32_t tsrflags = READ_REG(hcan->Instance->TSR);
1733:frameworks/f407/Drivers/STM32F4xx_HAL_Driver/Src/stm32f4xx_hal_can.c ****   uint32_t rf0rflags = READ_REG(hcan->Instance->RF0R);
1734:frameworks/f407/Drivers/STM32F4xx_HAL_Driver/Src/stm32f4xx_hal_can.c ****   uint32_t rf1rflags = READ_REG(hcan->Instance->RF1R);
1735:frameworks/f407/Drivers/STM32F4xx_HAL_Driver/Src/stm32f4xx_hal_can.c ****   uint32_t esrflags = READ_REG(hcan->Instance->ESR);
1736:frameworks/f407/Drivers/STM32F4xx_HAL_Driver/Src/stm32f4xx_hal_can.c **** 
1737:frameworks/f407/Drivers/STM32F4xx_HAL_Driver/Src/stm32f4xx_hal_can.c ****   /* Transmit Mailbox empty interrupt management *****************************/
1738:frameworks/f407/Drivers/STM32F4xx_HAL_Driver/Src/stm32f4xx_hal_can.c ****   if ((interrupts & CAN_IT_TX_MAILBOX_EMPTY) != 0U)
1739:frameworks/f407/Drivers/STM32F4xx_HAL_Driver/Src/stm32f4xx_hal_can.c ****   {
1740:frameworks/f407/Drivers/STM32F4xx_HAL_Driver/Src/stm32f4xx_hal_can.c ****     /* Transmit Mailbox 0 management *****************************************/
1741:frameworks/f407/Drivers/STM32F4xx_HAL_Driver/Src/stm32f4xx_hal_can.c ****     if ((tsrflags & CAN_TSR_RQCP0) != 0U)
1742:frameworks/f407/Drivers/STM32F4xx_HAL_Driver/Src/stm32f4xx_hal_can.c ****     {
1743:frameworks/f407/Drivers/STM32F4xx_HAL_Driver/Src/stm32f4xx_hal_can.c ****       /* Clear the Transmission Complete flag (and TXOK0,ALST0,TERR0 bits) */
1744:frameworks/f407/Drivers/STM32F4xx_HAL_Driver/Src/stm32f4xx_hal_can.c ****       __HAL_CAN_CLEAR_FLAG(hcan, CAN_FLAG_RQCP0);
1745:frameworks/f407/Drivers/STM32F4xx_HAL_Driver/Src/stm32f4xx_hal_can.c **** 
1746:frameworks/f407/Drivers/STM32F4xx_HAL_Driver/Src/stm32f4xx_hal_can.c ****       if ((tsrflags & CAN_TSR_TXOK0) != 0U)
1747:frameworks/f407/Drivers/STM32F4xx_HAL_Driver/Src/stm32f4xx_hal_can.c ****       {
1748:frameworks/f407/Drivers/STM32F4xx_HAL_Driver/Src/stm32f4xx_hal_can.c ****         /* Transmission Mailbox 0 complete callback */
1749:frameworks/f407/Drivers/STM32F4xx_HAL_Driver/Src/stm32f4xx_hal_can.c **** #if USE_HAL_CAN_REGISTER_CALLBACKS == 1
1750:frameworks/f407/Drivers/STM32F4xx_HAL_Driver/Src/stm32f4xx_hal_can.c ****         /* Call registered callback*/
1751:frameworks/f407/Drivers/STM32F4xx_HAL_Driver/Src/stm32f4xx_hal_can.c ****         hcan->TxMailbox0CompleteCallback(hcan);
1752:frameworks/f407/Drivers/STM32F4xx_HAL_Driver/Src/stm32f4xx_hal_can.c **** #else
1753:frameworks/f407/Drivers/STM32F4xx_HAL_Driver/Src/stm32f4xx_hal_can.c ****         /* Call weak (surcharged) callback */
1754:frameworks/f407/Drivers/STM32F4xx_HAL_Driver/Src/stm32f4xx_hal_can.c ****         HAL_CAN_TxMailbox0CompleteCallback(hcan);
1755:frameworks/f407/Drivers/STM32F4xx_HAL_Driver/Src/stm32f4xx_hal_can.c **** #endif /* USE_HAL_CAN_REGISTER_CALLBACKS */
1756:frameworks/f407/Drivers/STM32F4xx_HAL_Driver/Src/stm32f4xx_hal_can.c ****       }
1757:frameworks/f407/Drivers/STM32F4xx_HAL_Driver/Src/stm32f4xx_hal_can.c ****       else
1758:frameworks/f407/Drivers/STM32F4xx_HAL_Driver/Src/stm32f4xx_hal_can.c ****       {
1759:frameworks/f407/Drivers/STM32F4xx_HAL_Driver/Src/stm32f4xx_hal_can.c ****         if ((tsrflags & CAN_TSR_ALST0) != 0U)
1760:frameworks/f407/Drivers/STM32F4xx_HAL_Driver/Src/stm32f4xx_hal_can.c ****         {
1761:frameworks/f407/Drivers/STM32F4xx_HAL_Driver/Src/stm32f4xx_hal_can.c ****           /* Update error code */
1762:frameworks/f407/Drivers/STM32F4xx_HAL_Driver/Src/stm32f4xx_hal_can.c ****           errorcode |= HAL_CAN_ERROR_TX_ALST0;
1763:frameworks/f407/Drivers/STM32F4xx_HAL_Driver/Src/stm32f4xx_hal_can.c ****         }
1764:frameworks/f407/Drivers/STM32F4xx_HAL_Driver/Src/stm32f4xx_hal_can.c ****         else if ((tsrflags & CAN_TSR_TERR0) != 0U)
1765:frameworks/f407/Drivers/STM32F4xx_HAL_Driver/Src/stm32f4xx_hal_can.c ****         {
1766:frameworks/f407/Drivers/STM32F4xx_HAL_Driver/Src/stm32f4xx_hal_can.c ****           /* Update error code */
1767:frameworks/f407/Drivers/STM32F4xx_HAL_Driver/Src/stm32f4xx_hal_can.c ****           errorcode |= HAL_CAN_ERROR_TX_TERR0;
1768:frameworks/f407/Drivers/STM32F4xx_HAL_Driver/Src/stm32f4xx_hal_can.c ****         }
1769:frameworks/f407/Drivers/STM32F4xx_HAL_Driver/Src/stm32f4xx_hal_can.c ****         else
1770:frameworks/f407/Drivers/STM32F4xx_HAL_Driver/Src/stm32f4xx_hal_can.c ****         {
1771:frameworks/f407/Drivers/STM32F4xx_HAL_Driver/Src/stm32f4xx_hal_can.c ****           /* Transmission Mailbox 0 abort callback */
1772:frameworks/f407/Drivers/STM32F4xx_HAL_Driver/Src/stm32f4xx_hal_can.c **** #if USE_HAL_CAN_REGISTER_CALLBACKS == 1
1773:frameworks/f407/Drivers/STM32F4xx_HAL_Driver/Src/stm32f4xx_hal_can.c ****           /* Call registered callback*/
1774:frameworks/f407/Drivers/STM32F4xx_HAL_Driver/Src/stm32f4xx_hal_can.c ****           hcan->TxMailbox0AbortCallback(hcan);
1775:frameworks/f407/Drivers/STM32F4xx_HAL_Driver/Src/stm32f4xx_hal_can.c **** #else
1776:frameworks/f407/Drivers/STM32F4xx_HAL_Driver/Src/stm32f4xx_hal_can.c ****           /* Call weak (surcharged) callback */
1777:frameworks/f407/Drivers/STM32F4xx_HAL_Driver/Src/stm32f4xx_hal_can.c ****           HAL_CAN_TxMailbox0AbortCallback(hcan);
1778:frameworks/f407/Drivers/STM32F4xx_HAL_Driver/Src/stm32f4xx_hal_can.c **** #endif /* USE_HAL_CAN_REGISTER_CALLBACKS */
1779:frameworks/f407/Drivers/STM32F4xx_HAL_Driver/Src/stm32f4xx_hal_can.c ****         }
1780:frameworks/f407/Drivers/STM32F4xx_HAL_Driver/Src/stm32f4xx_hal_can.c ****       }
1781:frameworks/f407/Drivers/STM32F4xx_HAL_Driver/Src/stm32f4xx_hal_can.c ****     }
ARM GAS  C:\Users\honor\AppData\Local\Temp\ccqm0Nze.s 			page 82


1782:frameworks/f407/Drivers/STM32F4xx_HAL_Driver/Src/stm32f4xx_hal_can.c **** 
1783:frameworks/f407/Drivers/STM32F4xx_HAL_Driver/Src/stm32f4xx_hal_can.c ****     /* Transmit Mailbox 1 management *****************************************/
1784:frameworks/f407/Drivers/STM32F4xx_HAL_Driver/Src/stm32f4xx_hal_can.c ****     if ((tsrflags & CAN_TSR_RQCP1) != 0U)
1785:frameworks/f407/Drivers/STM32F4xx_HAL_Driver/Src/stm32f4xx_hal_can.c ****     {
1786:frameworks/f407/Drivers/STM32F4xx_HAL_Driver/Src/stm32f4xx_hal_can.c ****       /* Clear the Transmission Complete flag (and TXOK1,ALST1,TERR1 bits) */
1787:frameworks/f407/Drivers/STM32F4xx_HAL_Driver/Src/stm32f4xx_hal_can.c ****       __HAL_CAN_CLEAR_FLAG(hcan, CAN_FLAG_RQCP1);
1788:frameworks/f407/Drivers/STM32F4xx_HAL_Driver/Src/stm32f4xx_hal_can.c **** 
1789:frameworks/f407/Drivers/STM32F4xx_HAL_Driver/Src/stm32f4xx_hal_can.c ****       if ((tsrflags & CAN_TSR_TXOK1) != 0U)
1790:frameworks/f407/Drivers/STM32F4xx_HAL_Driver/Src/stm32f4xx_hal_can.c ****       {
1791:frameworks/f407/Drivers/STM32F4xx_HAL_Driver/Src/stm32f4xx_hal_can.c ****         /* Transmission Mailbox 1 complete callback */
1792:frameworks/f407/Drivers/STM32F4xx_HAL_Driver/Src/stm32f4xx_hal_can.c **** #if USE_HAL_CAN_REGISTER_CALLBACKS == 1
1793:frameworks/f407/Drivers/STM32F4xx_HAL_Driver/Src/stm32f4xx_hal_can.c ****         /* Call registered callback*/
1794:frameworks/f407/Drivers/STM32F4xx_HAL_Driver/Src/stm32f4xx_hal_can.c ****         hcan->TxMailbox1CompleteCallback(hcan);
1795:frameworks/f407/Drivers/STM32F4xx_HAL_Driver/Src/stm32f4xx_hal_can.c **** #else
1796:frameworks/f407/Drivers/STM32F4xx_HAL_Driver/Src/stm32f4xx_hal_can.c ****         /* Call weak (surcharged) callback */
1797:frameworks/f407/Drivers/STM32F4xx_HAL_Driver/Src/stm32f4xx_hal_can.c ****         HAL_CAN_TxMailbox1CompleteCallback(hcan);
1798:frameworks/f407/Drivers/STM32F4xx_HAL_Driver/Src/stm32f4xx_hal_can.c **** #endif /* USE_HAL_CAN_REGISTER_CALLBACKS */
1799:frameworks/f407/Drivers/STM32F4xx_HAL_Driver/Src/stm32f4xx_hal_can.c ****       }
1800:frameworks/f407/Drivers/STM32F4xx_HAL_Driver/Src/stm32f4xx_hal_can.c ****       else
1801:frameworks/f407/Drivers/STM32F4xx_HAL_Driver/Src/stm32f4xx_hal_can.c ****       {
1802:frameworks/f407/Drivers/STM32F4xx_HAL_Driver/Src/stm32f4xx_hal_can.c ****         if ((tsrflags & CAN_TSR_ALST1) != 0U)
1803:frameworks/f407/Drivers/STM32F4xx_HAL_Driver/Src/stm32f4xx_hal_can.c ****         {
1804:frameworks/f407/Drivers/STM32F4xx_HAL_Driver/Src/stm32f4xx_hal_can.c ****           /* Update error code */
1805:frameworks/f407/Drivers/STM32F4xx_HAL_Driver/Src/stm32f4xx_hal_can.c ****           errorcode |= HAL_CAN_ERROR_TX_ALST1;
1806:frameworks/f407/Drivers/STM32F4xx_HAL_Driver/Src/stm32f4xx_hal_can.c ****         }
1807:frameworks/f407/Drivers/STM32F4xx_HAL_Driver/Src/stm32f4xx_hal_can.c ****         else if ((tsrflags & CAN_TSR_TERR1) != 0U)
1808:frameworks/f407/Drivers/STM32F4xx_HAL_Driver/Src/stm32f4xx_hal_can.c ****         {
1809:frameworks/f407/Drivers/STM32F4xx_HAL_Driver/Src/stm32f4xx_hal_can.c ****           /* Update error code */
1810:frameworks/f407/Drivers/STM32F4xx_HAL_Driver/Src/stm32f4xx_hal_can.c ****           errorcode |= HAL_CAN_ERROR_TX_TERR1;
1811:frameworks/f407/Drivers/STM32F4xx_HAL_Driver/Src/stm32f4xx_hal_can.c ****         }
1812:frameworks/f407/Drivers/STM32F4xx_HAL_Driver/Src/stm32f4xx_hal_can.c ****         else
1813:frameworks/f407/Drivers/STM32F4xx_HAL_Driver/Src/stm32f4xx_hal_can.c ****         {
1814:frameworks/f407/Drivers/STM32F4xx_HAL_Driver/Src/stm32f4xx_hal_can.c ****           /* Transmission Mailbox 1 abort callback */
1815:frameworks/f407/Drivers/STM32F4xx_HAL_Driver/Src/stm32f4xx_hal_can.c **** #if USE_HAL_CAN_REGISTER_CALLBACKS == 1
1816:frameworks/f407/Drivers/STM32F4xx_HAL_Driver/Src/stm32f4xx_hal_can.c ****           /* Call registered callback*/
1817:frameworks/f407/Drivers/STM32F4xx_HAL_Driver/Src/stm32f4xx_hal_can.c ****           hcan->TxMailbox1AbortCallback(hcan);
1818:frameworks/f407/Drivers/STM32F4xx_HAL_Driver/Src/stm32f4xx_hal_can.c **** #else
1819:frameworks/f407/Drivers/STM32F4xx_HAL_Driver/Src/stm32f4xx_hal_can.c ****           /* Call weak (surcharged) callback */
1820:frameworks/f407/Drivers/STM32F4xx_HAL_Driver/Src/stm32f4xx_hal_can.c ****           HAL_CAN_TxMailbox1AbortCallback(hcan);
1821:frameworks/f407/Drivers/STM32F4xx_HAL_Driver/Src/stm32f4xx_hal_can.c **** #endif /* USE_HAL_CAN_REGISTER_CALLBACKS */
1822:frameworks/f407/Drivers/STM32F4xx_HAL_Driver/Src/stm32f4xx_hal_can.c ****         }
1823:frameworks/f407/Drivers/STM32F4xx_HAL_Driver/Src/stm32f4xx_hal_can.c ****       }
1824:frameworks/f407/Drivers/STM32F4xx_HAL_Driver/Src/stm32f4xx_hal_can.c ****     }
1825:frameworks/f407/Drivers/STM32F4xx_HAL_Driver/Src/stm32f4xx_hal_can.c **** 
1826:frameworks/f407/Drivers/STM32F4xx_HAL_Driver/Src/stm32f4xx_hal_can.c ****     /* Transmit Mailbox 2 management *****************************************/
1827:frameworks/f407/Drivers/STM32F4xx_HAL_Driver/Src/stm32f4xx_hal_can.c ****     if ((tsrflags & CAN_TSR_RQCP2) != 0U)
1828:frameworks/f407/Drivers/STM32F4xx_HAL_Driver/Src/stm32f4xx_hal_can.c ****     {
1829:frameworks/f407/Drivers/STM32F4xx_HAL_Driver/Src/stm32f4xx_hal_can.c ****       /* Clear the Transmission Complete flag (and TXOK2,ALST2,TERR2 bits) */
1830:frameworks/f407/Drivers/STM32F4xx_HAL_Driver/Src/stm32f4xx_hal_can.c ****       __HAL_CAN_CLEAR_FLAG(hcan, CAN_FLAG_RQCP2);
1831:frameworks/f407/Drivers/STM32F4xx_HAL_Driver/Src/stm32f4xx_hal_can.c **** 
1832:frameworks/f407/Drivers/STM32F4xx_HAL_Driver/Src/stm32f4xx_hal_can.c ****       if ((tsrflags & CAN_TSR_TXOK2) != 0U)
1833:frameworks/f407/Drivers/STM32F4xx_HAL_Driver/Src/stm32f4xx_hal_can.c ****       {
1834:frameworks/f407/Drivers/STM32F4xx_HAL_Driver/Src/stm32f4xx_hal_can.c ****         /* Transmission Mailbox 2 complete callback */
1835:frameworks/f407/Drivers/STM32F4xx_HAL_Driver/Src/stm32f4xx_hal_can.c **** #if USE_HAL_CAN_REGISTER_CALLBACKS == 1
1836:frameworks/f407/Drivers/STM32F4xx_HAL_Driver/Src/stm32f4xx_hal_can.c ****         /* Call registered callback*/
1837:frameworks/f407/Drivers/STM32F4xx_HAL_Driver/Src/stm32f4xx_hal_can.c ****         hcan->TxMailbox2CompleteCallback(hcan);
1838:frameworks/f407/Drivers/STM32F4xx_HAL_Driver/Src/stm32f4xx_hal_can.c **** #else
ARM GAS  C:\Users\honor\AppData\Local\Temp\ccqm0Nze.s 			page 83


1839:frameworks/f407/Drivers/STM32F4xx_HAL_Driver/Src/stm32f4xx_hal_can.c ****         /* Call weak (surcharged) callback */
1840:frameworks/f407/Drivers/STM32F4xx_HAL_Driver/Src/stm32f4xx_hal_can.c ****         HAL_CAN_TxMailbox2CompleteCallback(hcan);
1841:frameworks/f407/Drivers/STM32F4xx_HAL_Driver/Src/stm32f4xx_hal_can.c **** #endif /* USE_HAL_CAN_REGISTER_CALLBACKS */
1842:frameworks/f407/Drivers/STM32F4xx_HAL_Driver/Src/stm32f4xx_hal_can.c ****       }
1843:frameworks/f407/Drivers/STM32F4xx_HAL_Driver/Src/stm32f4xx_hal_can.c ****       else
1844:frameworks/f407/Drivers/STM32F4xx_HAL_Driver/Src/stm32f4xx_hal_can.c ****       {
1845:frameworks/f407/Drivers/STM32F4xx_HAL_Driver/Src/stm32f4xx_hal_can.c ****         if ((tsrflags & CAN_TSR_ALST2) != 0U)
1846:frameworks/f407/Drivers/STM32F4xx_HAL_Driver/Src/stm32f4xx_hal_can.c ****         {
1847:frameworks/f407/Drivers/STM32F4xx_HAL_Driver/Src/stm32f4xx_hal_can.c ****           /* Update error code */
1848:frameworks/f407/Drivers/STM32F4xx_HAL_Driver/Src/stm32f4xx_hal_can.c ****           errorcode |= HAL_CAN_ERROR_TX_ALST2;
1849:frameworks/f407/Drivers/STM32F4xx_HAL_Driver/Src/stm32f4xx_hal_can.c ****         }
1850:frameworks/f407/Drivers/STM32F4xx_HAL_Driver/Src/stm32f4xx_hal_can.c ****         else if ((tsrflags & CAN_TSR_TERR2) != 0U)
1851:frameworks/f407/Drivers/STM32F4xx_HAL_Driver/Src/stm32f4xx_hal_can.c ****         {
1852:frameworks/f407/Drivers/STM32F4xx_HAL_Driver/Src/stm32f4xx_hal_can.c ****           /* Update error code */
1853:frameworks/f407/Drivers/STM32F4xx_HAL_Driver/Src/stm32f4xx_hal_can.c ****           errorcode |= HAL_CAN_ERROR_TX_TERR2;
1854:frameworks/f407/Drivers/STM32F4xx_HAL_Driver/Src/stm32f4xx_hal_can.c ****         }
1855:frameworks/f407/Drivers/STM32F4xx_HAL_Driver/Src/stm32f4xx_hal_can.c ****         else
1856:frameworks/f407/Drivers/STM32F4xx_HAL_Driver/Src/stm32f4xx_hal_can.c ****         {
1857:frameworks/f407/Drivers/STM32F4xx_HAL_Driver/Src/stm32f4xx_hal_can.c ****           /* Transmission Mailbox 2 abort callback */
1858:frameworks/f407/Drivers/STM32F4xx_HAL_Driver/Src/stm32f4xx_hal_can.c **** #if USE_HAL_CAN_REGISTER_CALLBACKS == 1
1859:frameworks/f407/Drivers/STM32F4xx_HAL_Driver/Src/stm32f4xx_hal_can.c ****           /* Call registered callback*/
1860:frameworks/f407/Drivers/STM32F4xx_HAL_Driver/Src/stm32f4xx_hal_can.c ****           hcan->TxMailbox2AbortCallback(hcan);
1861:frameworks/f407/Drivers/STM32F4xx_HAL_Driver/Src/stm32f4xx_hal_can.c **** #else
1862:frameworks/f407/Drivers/STM32F4xx_HAL_Driver/Src/stm32f4xx_hal_can.c ****           /* Call weak (surcharged) callback */
1863:frameworks/f407/Drivers/STM32F4xx_HAL_Driver/Src/stm32f4xx_hal_can.c ****           HAL_CAN_TxMailbox2AbortCallback(hcan);
1864:frameworks/f407/Drivers/STM32F4xx_HAL_Driver/Src/stm32f4xx_hal_can.c **** #endif /* USE_HAL_CAN_REGISTER_CALLBACKS */
1865:frameworks/f407/Drivers/STM32F4xx_HAL_Driver/Src/stm32f4xx_hal_can.c ****         }
1866:frameworks/f407/Drivers/STM32F4xx_HAL_Driver/Src/stm32f4xx_hal_can.c ****       }
1867:frameworks/f407/Drivers/STM32F4xx_HAL_Driver/Src/stm32f4xx_hal_can.c ****     }
1868:frameworks/f407/Drivers/STM32F4xx_HAL_Driver/Src/stm32f4xx_hal_can.c ****   }
1869:frameworks/f407/Drivers/STM32F4xx_HAL_Driver/Src/stm32f4xx_hal_can.c **** 
1870:frameworks/f407/Drivers/STM32F4xx_HAL_Driver/Src/stm32f4xx_hal_can.c ****   /* Receive FIFO 0 overrun interrupt management *****************************/
1871:frameworks/f407/Drivers/STM32F4xx_HAL_Driver/Src/stm32f4xx_hal_can.c ****   if ((interrupts & CAN_IT_RX_FIFO0_OVERRUN) != 0U)
1872:frameworks/f407/Drivers/STM32F4xx_HAL_Driver/Src/stm32f4xx_hal_can.c ****   {
1873:frameworks/f407/Drivers/STM32F4xx_HAL_Driver/Src/stm32f4xx_hal_can.c ****     if ((rf0rflags & CAN_RF0R_FOVR0) != 0U)
1874:frameworks/f407/Drivers/STM32F4xx_HAL_Driver/Src/stm32f4xx_hal_can.c ****     {
1875:frameworks/f407/Drivers/STM32F4xx_HAL_Driver/Src/stm32f4xx_hal_can.c ****       /* Set CAN error code to Rx Fifo 0 overrun error */
1876:frameworks/f407/Drivers/STM32F4xx_HAL_Driver/Src/stm32f4xx_hal_can.c ****       errorcode |= HAL_CAN_ERROR_RX_FOV0;
1877:frameworks/f407/Drivers/STM32F4xx_HAL_Driver/Src/stm32f4xx_hal_can.c **** 
1878:frameworks/f407/Drivers/STM32F4xx_HAL_Driver/Src/stm32f4xx_hal_can.c ****       /* Clear FIFO0 Overrun Flag */
1879:frameworks/f407/Drivers/STM32F4xx_HAL_Driver/Src/stm32f4xx_hal_can.c ****       __HAL_CAN_CLEAR_FLAG(hcan, CAN_FLAG_FOV0);
1880:frameworks/f407/Drivers/STM32F4xx_HAL_Driver/Src/stm32f4xx_hal_can.c ****     }
1881:frameworks/f407/Drivers/STM32F4xx_HAL_Driver/Src/stm32f4xx_hal_can.c ****   }
1882:frameworks/f407/Drivers/STM32F4xx_HAL_Driver/Src/stm32f4xx_hal_can.c **** 
1883:frameworks/f407/Drivers/STM32F4xx_HAL_Driver/Src/stm32f4xx_hal_can.c ****   /* Receive FIFO 0 full interrupt management ********************************/
1884:frameworks/f407/Drivers/STM32F4xx_HAL_Driver/Src/stm32f4xx_hal_can.c ****   if ((interrupts & CAN_IT_RX_FIFO0_FULL) != 0U)
1885:frameworks/f407/Drivers/STM32F4xx_HAL_Driver/Src/stm32f4xx_hal_can.c ****   {
1886:frameworks/f407/Drivers/STM32F4xx_HAL_Driver/Src/stm32f4xx_hal_can.c ****     if ((rf0rflags & CAN_RF0R_FULL0) != 0U)
1887:frameworks/f407/Drivers/STM32F4xx_HAL_Driver/Src/stm32f4xx_hal_can.c ****     {
1888:frameworks/f407/Drivers/STM32F4xx_HAL_Driver/Src/stm32f4xx_hal_can.c ****       /* Clear FIFO 0 full Flag */
1889:frameworks/f407/Drivers/STM32F4xx_HAL_Driver/Src/stm32f4xx_hal_can.c ****       __HAL_CAN_CLEAR_FLAG(hcan, CAN_FLAG_FF0);
1890:frameworks/f407/Drivers/STM32F4xx_HAL_Driver/Src/stm32f4xx_hal_can.c **** 
1891:frameworks/f407/Drivers/STM32F4xx_HAL_Driver/Src/stm32f4xx_hal_can.c ****       /* Receive FIFO 0 full Callback */
1892:frameworks/f407/Drivers/STM32F4xx_HAL_Driver/Src/stm32f4xx_hal_can.c **** #if USE_HAL_CAN_REGISTER_CALLBACKS == 1
1893:frameworks/f407/Drivers/STM32F4xx_HAL_Driver/Src/stm32f4xx_hal_can.c ****       /* Call registered callback*/
1894:frameworks/f407/Drivers/STM32F4xx_HAL_Driver/Src/stm32f4xx_hal_can.c ****       hcan->RxFifo0FullCallback(hcan);
1895:frameworks/f407/Drivers/STM32F4xx_HAL_Driver/Src/stm32f4xx_hal_can.c **** #else
ARM GAS  C:\Users\honor\AppData\Local\Temp\ccqm0Nze.s 			page 84


1896:frameworks/f407/Drivers/STM32F4xx_HAL_Driver/Src/stm32f4xx_hal_can.c ****       /* Call weak (surcharged) callback */
1897:frameworks/f407/Drivers/STM32F4xx_HAL_Driver/Src/stm32f4xx_hal_can.c ****       HAL_CAN_RxFifo0FullCallback(hcan);
1898:frameworks/f407/Drivers/STM32F4xx_HAL_Driver/Src/stm32f4xx_hal_can.c **** #endif /* USE_HAL_CAN_REGISTER_CALLBACKS */
1899:frameworks/f407/Drivers/STM32F4xx_HAL_Driver/Src/stm32f4xx_hal_can.c ****     }
1900:frameworks/f407/Drivers/STM32F4xx_HAL_Driver/Src/stm32f4xx_hal_can.c ****   }
1901:frameworks/f407/Drivers/STM32F4xx_HAL_Driver/Src/stm32f4xx_hal_can.c **** 
1902:frameworks/f407/Drivers/STM32F4xx_HAL_Driver/Src/stm32f4xx_hal_can.c ****   /* Receive FIFO 0 message pending interrupt management *********************/
1903:frameworks/f407/Drivers/STM32F4xx_HAL_Driver/Src/stm32f4xx_hal_can.c ****   if ((interrupts & CAN_IT_RX_FIFO0_MSG_PENDING) != 0U)
1904:frameworks/f407/Drivers/STM32F4xx_HAL_Driver/Src/stm32f4xx_hal_can.c ****   {
1905:frameworks/f407/Drivers/STM32F4xx_HAL_Driver/Src/stm32f4xx_hal_can.c ****     /* Check if message is still pending */
1906:frameworks/f407/Drivers/STM32F4xx_HAL_Driver/Src/stm32f4xx_hal_can.c ****     if ((hcan->Instance->RF0R & CAN_RF0R_FMP0) != 0U)
1907:frameworks/f407/Drivers/STM32F4xx_HAL_Driver/Src/stm32f4xx_hal_can.c ****     {
1908:frameworks/f407/Drivers/STM32F4xx_HAL_Driver/Src/stm32f4xx_hal_can.c ****       /* Receive FIFO 0 message pending Callback */
1909:frameworks/f407/Drivers/STM32F4xx_HAL_Driver/Src/stm32f4xx_hal_can.c **** #if USE_HAL_CAN_REGISTER_CALLBACKS == 1
1910:frameworks/f407/Drivers/STM32F4xx_HAL_Driver/Src/stm32f4xx_hal_can.c ****       /* Call registered callback*/
1911:frameworks/f407/Drivers/STM32F4xx_HAL_Driver/Src/stm32f4xx_hal_can.c ****       hcan->RxFifo0MsgPendingCallback(hcan);
1912:frameworks/f407/Drivers/STM32F4xx_HAL_Driver/Src/stm32f4xx_hal_can.c **** #else
1913:frameworks/f407/Drivers/STM32F4xx_HAL_Driver/Src/stm32f4xx_hal_can.c ****       /* Call weak (surcharged) callback */
1914:frameworks/f407/Drivers/STM32F4xx_HAL_Driver/Src/stm32f4xx_hal_can.c ****       HAL_CAN_RxFifo0MsgPendingCallback(hcan);
1915:frameworks/f407/Drivers/STM32F4xx_HAL_Driver/Src/stm32f4xx_hal_can.c **** #endif /* USE_HAL_CAN_REGISTER_CALLBACKS */
1916:frameworks/f407/Drivers/STM32F4xx_HAL_Driver/Src/stm32f4xx_hal_can.c ****     }
1917:frameworks/f407/Drivers/STM32F4xx_HAL_Driver/Src/stm32f4xx_hal_can.c ****   }
1918:frameworks/f407/Drivers/STM32F4xx_HAL_Driver/Src/stm32f4xx_hal_can.c **** 
1919:frameworks/f407/Drivers/STM32F4xx_HAL_Driver/Src/stm32f4xx_hal_can.c ****   /* Receive FIFO 1 overrun interrupt management *****************************/
1920:frameworks/f407/Drivers/STM32F4xx_HAL_Driver/Src/stm32f4xx_hal_can.c ****   if ((interrupts & CAN_IT_RX_FIFO1_OVERRUN) != 0U)
1921:frameworks/f407/Drivers/STM32F4xx_HAL_Driver/Src/stm32f4xx_hal_can.c ****   {
1922:frameworks/f407/Drivers/STM32F4xx_HAL_Driver/Src/stm32f4xx_hal_can.c ****     if ((rf1rflags & CAN_RF1R_FOVR1) != 0U)
1923:frameworks/f407/Drivers/STM32F4xx_HAL_Driver/Src/stm32f4xx_hal_can.c ****     {
1924:frameworks/f407/Drivers/STM32F4xx_HAL_Driver/Src/stm32f4xx_hal_can.c ****       /* Set CAN error code to Rx Fifo 1 overrun error */
1925:frameworks/f407/Drivers/STM32F4xx_HAL_Driver/Src/stm32f4xx_hal_can.c ****       errorcode |= HAL_CAN_ERROR_RX_FOV1;
1926:frameworks/f407/Drivers/STM32F4xx_HAL_Driver/Src/stm32f4xx_hal_can.c **** 
1927:frameworks/f407/Drivers/STM32F4xx_HAL_Driver/Src/stm32f4xx_hal_can.c ****       /* Clear FIFO1 Overrun Flag */
1928:frameworks/f407/Drivers/STM32F4xx_HAL_Driver/Src/stm32f4xx_hal_can.c ****       __HAL_CAN_CLEAR_FLAG(hcan, CAN_FLAG_FOV1);
1929:frameworks/f407/Drivers/STM32F4xx_HAL_Driver/Src/stm32f4xx_hal_can.c ****     }
1930:frameworks/f407/Drivers/STM32F4xx_HAL_Driver/Src/stm32f4xx_hal_can.c ****   }
1931:frameworks/f407/Drivers/STM32F4xx_HAL_Driver/Src/stm32f4xx_hal_can.c **** 
1932:frameworks/f407/Drivers/STM32F4xx_HAL_Driver/Src/stm32f4xx_hal_can.c ****   /* Receive FIFO 1 full interrupt management ********************************/
1933:frameworks/f407/Drivers/STM32F4xx_HAL_Driver/Src/stm32f4xx_hal_can.c ****   if ((interrupts & CAN_IT_RX_FIFO1_FULL) != 0U)
1934:frameworks/f407/Drivers/STM32F4xx_HAL_Driver/Src/stm32f4xx_hal_can.c ****   {
1935:frameworks/f407/Drivers/STM32F4xx_HAL_Driver/Src/stm32f4xx_hal_can.c ****     if ((rf1rflags & CAN_RF1R_FULL1) != 0U)
1936:frameworks/f407/Drivers/STM32F4xx_HAL_Driver/Src/stm32f4xx_hal_can.c ****     {
1937:frameworks/f407/Drivers/STM32F4xx_HAL_Driver/Src/stm32f4xx_hal_can.c ****       /* Clear FIFO 1 full Flag */
1938:frameworks/f407/Drivers/STM32F4xx_HAL_Driver/Src/stm32f4xx_hal_can.c ****       __HAL_CAN_CLEAR_FLAG(hcan, CAN_FLAG_FF1);
1939:frameworks/f407/Drivers/STM32F4xx_HAL_Driver/Src/stm32f4xx_hal_can.c **** 
1940:frameworks/f407/Drivers/STM32F4xx_HAL_Driver/Src/stm32f4xx_hal_can.c ****       /* Receive FIFO 1 full Callback */
1941:frameworks/f407/Drivers/STM32F4xx_HAL_Driver/Src/stm32f4xx_hal_can.c **** #if USE_HAL_CAN_REGISTER_CALLBACKS == 1
1942:frameworks/f407/Drivers/STM32F4xx_HAL_Driver/Src/stm32f4xx_hal_can.c ****       /* Call registered callback*/
1943:frameworks/f407/Drivers/STM32F4xx_HAL_Driver/Src/stm32f4xx_hal_can.c ****       hcan->RxFifo1FullCallback(hcan);
1944:frameworks/f407/Drivers/STM32F4xx_HAL_Driver/Src/stm32f4xx_hal_can.c **** #else
1945:frameworks/f407/Drivers/STM32F4xx_HAL_Driver/Src/stm32f4xx_hal_can.c ****       /* Call weak (surcharged) callback */
1946:frameworks/f407/Drivers/STM32F4xx_HAL_Driver/Src/stm32f4xx_hal_can.c ****       HAL_CAN_RxFifo1FullCallback(hcan);
1947:frameworks/f407/Drivers/STM32F4xx_HAL_Driver/Src/stm32f4xx_hal_can.c **** #endif /* USE_HAL_CAN_REGISTER_CALLBACKS */
1948:frameworks/f407/Drivers/STM32F4xx_HAL_Driver/Src/stm32f4xx_hal_can.c ****     }
1949:frameworks/f407/Drivers/STM32F4xx_HAL_Driver/Src/stm32f4xx_hal_can.c ****   }
1950:frameworks/f407/Drivers/STM32F4xx_HAL_Driver/Src/stm32f4xx_hal_can.c **** 
1951:frameworks/f407/Drivers/STM32F4xx_HAL_Driver/Src/stm32f4xx_hal_can.c ****   /* Receive FIFO 1 message pending interrupt management *********************/
1952:frameworks/f407/Drivers/STM32F4xx_HAL_Driver/Src/stm32f4xx_hal_can.c ****   if ((interrupts & CAN_IT_RX_FIFO1_MSG_PENDING) != 0U)
ARM GAS  C:\Users\honor\AppData\Local\Temp\ccqm0Nze.s 			page 85


1953:frameworks/f407/Drivers/STM32F4xx_HAL_Driver/Src/stm32f4xx_hal_can.c ****   {
1954:frameworks/f407/Drivers/STM32F4xx_HAL_Driver/Src/stm32f4xx_hal_can.c ****     /* Check if message is still pending */
1955:frameworks/f407/Drivers/STM32F4xx_HAL_Driver/Src/stm32f4xx_hal_can.c ****     if ((hcan->Instance->RF1R & CAN_RF1R_FMP1) != 0U)
1956:frameworks/f407/Drivers/STM32F4xx_HAL_Driver/Src/stm32f4xx_hal_can.c ****     {
1957:frameworks/f407/Drivers/STM32F4xx_HAL_Driver/Src/stm32f4xx_hal_can.c ****       /* Receive FIFO 1 message pending Callback */
1958:frameworks/f407/Drivers/STM32F4xx_HAL_Driver/Src/stm32f4xx_hal_can.c **** #if USE_HAL_CAN_REGISTER_CALLBACKS == 1
1959:frameworks/f407/Drivers/STM32F4xx_HAL_Driver/Src/stm32f4xx_hal_can.c ****       /* Call registered callback*/
1960:frameworks/f407/Drivers/STM32F4xx_HAL_Driver/Src/stm32f4xx_hal_can.c ****       hcan->RxFifo1MsgPendingCallback(hcan);
1961:frameworks/f407/Drivers/STM32F4xx_HAL_Driver/Src/stm32f4xx_hal_can.c **** #else
1962:frameworks/f407/Drivers/STM32F4xx_HAL_Driver/Src/stm32f4xx_hal_can.c ****       /* Call weak (surcharged) callback */
1963:frameworks/f407/Drivers/STM32F4xx_HAL_Driver/Src/stm32f4xx_hal_can.c ****       HAL_CAN_RxFifo1MsgPendingCallback(hcan);
1964:frameworks/f407/Drivers/STM32F4xx_HAL_Driver/Src/stm32f4xx_hal_can.c **** #endif /* USE_HAL_CAN_REGISTER_CALLBACKS */
1965:frameworks/f407/Drivers/STM32F4xx_HAL_Driver/Src/stm32f4xx_hal_can.c ****     }
1966:frameworks/f407/Drivers/STM32F4xx_HAL_Driver/Src/stm32f4xx_hal_can.c ****   }
1967:frameworks/f407/Drivers/STM32F4xx_HAL_Driver/Src/stm32f4xx_hal_can.c **** 
1968:frameworks/f407/Drivers/STM32F4xx_HAL_Driver/Src/stm32f4xx_hal_can.c ****   /* Sleep interrupt management *********************************************/
1969:frameworks/f407/Drivers/STM32F4xx_HAL_Driver/Src/stm32f4xx_hal_can.c ****   if ((interrupts & CAN_IT_SLEEP_ACK) != 0U)
1970:frameworks/f407/Drivers/STM32F4xx_HAL_Driver/Src/stm32f4xx_hal_can.c ****   {
1971:frameworks/f407/Drivers/STM32F4xx_HAL_Driver/Src/stm32f4xx_hal_can.c ****     if ((msrflags & CAN_MSR_SLAKI) != 0U)
1972:frameworks/f407/Drivers/STM32F4xx_HAL_Driver/Src/stm32f4xx_hal_can.c ****     {
1973:frameworks/f407/Drivers/STM32F4xx_HAL_Driver/Src/stm32f4xx_hal_can.c ****       /* Clear Sleep interrupt Flag */
1974:frameworks/f407/Drivers/STM32F4xx_HAL_Driver/Src/stm32f4xx_hal_can.c ****       __HAL_CAN_CLEAR_FLAG(hcan, CAN_FLAG_SLAKI);
1975:frameworks/f407/Drivers/STM32F4xx_HAL_Driver/Src/stm32f4xx_hal_can.c **** 
1976:frameworks/f407/Drivers/STM32F4xx_HAL_Driver/Src/stm32f4xx_hal_can.c ****       /* Sleep Callback */
1977:frameworks/f407/Drivers/STM32F4xx_HAL_Driver/Src/stm32f4xx_hal_can.c **** #if USE_HAL_CAN_REGISTER_CALLBACKS == 1
1978:frameworks/f407/Drivers/STM32F4xx_HAL_Driver/Src/stm32f4xx_hal_can.c ****       /* Call registered callback*/
1979:frameworks/f407/Drivers/STM32F4xx_HAL_Driver/Src/stm32f4xx_hal_can.c ****       hcan->SleepCallback(hcan);
1980:frameworks/f407/Drivers/STM32F4xx_HAL_Driver/Src/stm32f4xx_hal_can.c **** #else
1981:frameworks/f407/Drivers/STM32F4xx_HAL_Driver/Src/stm32f4xx_hal_can.c ****       /* Call weak (surcharged) callback */
1982:frameworks/f407/Drivers/STM32F4xx_HAL_Driver/Src/stm32f4xx_hal_can.c ****       HAL_CAN_SleepCallback(hcan);
1983:frameworks/f407/Drivers/STM32F4xx_HAL_Driver/Src/stm32f4xx_hal_can.c **** #endif /* USE_HAL_CAN_REGISTER_CALLBACKS */
1984:frameworks/f407/Drivers/STM32F4xx_HAL_Driver/Src/stm32f4xx_hal_can.c ****     }
1985:frameworks/f407/Drivers/STM32F4xx_HAL_Driver/Src/stm32f4xx_hal_can.c ****   }
1986:frameworks/f407/Drivers/STM32F4xx_HAL_Driver/Src/stm32f4xx_hal_can.c **** 
1987:frameworks/f407/Drivers/STM32F4xx_HAL_Driver/Src/stm32f4xx_hal_can.c ****   /* WakeUp interrupt management *********************************************/
1988:frameworks/f407/Drivers/STM32F4xx_HAL_Driver/Src/stm32f4xx_hal_can.c ****   if ((interrupts & CAN_IT_WAKEUP) != 0U)
1989:frameworks/f407/Drivers/STM32F4xx_HAL_Driver/Src/stm32f4xx_hal_can.c ****   {
1990:frameworks/f407/Drivers/STM32F4xx_HAL_Driver/Src/stm32f4xx_hal_can.c ****     if ((msrflags & CAN_MSR_WKUI) != 0U)
1991:frameworks/f407/Drivers/STM32F4xx_HAL_Driver/Src/stm32f4xx_hal_can.c ****     {
1992:frameworks/f407/Drivers/STM32F4xx_HAL_Driver/Src/stm32f4xx_hal_can.c ****       /* Clear WakeUp Flag */
1993:frameworks/f407/Drivers/STM32F4xx_HAL_Driver/Src/stm32f4xx_hal_can.c ****       __HAL_CAN_CLEAR_FLAG(hcan, CAN_FLAG_WKU);
1994:frameworks/f407/Drivers/STM32F4xx_HAL_Driver/Src/stm32f4xx_hal_can.c **** 
1995:frameworks/f407/Drivers/STM32F4xx_HAL_Driver/Src/stm32f4xx_hal_can.c ****       /* WakeUp Callback */
1996:frameworks/f407/Drivers/STM32F4xx_HAL_Driver/Src/stm32f4xx_hal_can.c **** #if USE_HAL_CAN_REGISTER_CALLBACKS == 1
1997:frameworks/f407/Drivers/STM32F4xx_HAL_Driver/Src/stm32f4xx_hal_can.c ****       /* Call registered callback*/
1998:frameworks/f407/Drivers/STM32F4xx_HAL_Driver/Src/stm32f4xx_hal_can.c ****       hcan->WakeUpFromRxMsgCallback(hcan);
1999:frameworks/f407/Drivers/STM32F4xx_HAL_Driver/Src/stm32f4xx_hal_can.c **** #else
2000:frameworks/f407/Drivers/STM32F4xx_HAL_Driver/Src/stm32f4xx_hal_can.c ****       /* Call weak (surcharged) callback */
2001:frameworks/f407/Drivers/STM32F4xx_HAL_Driver/Src/stm32f4xx_hal_can.c ****       HAL_CAN_WakeUpFromRxMsgCallback(hcan);
2002:frameworks/f407/Drivers/STM32F4xx_HAL_Driver/Src/stm32f4xx_hal_can.c **** #endif /* USE_HAL_CAN_REGISTER_CALLBACKS */
2003:frameworks/f407/Drivers/STM32F4xx_HAL_Driver/Src/stm32f4xx_hal_can.c ****     }
2004:frameworks/f407/Drivers/STM32F4xx_HAL_Driver/Src/stm32f4xx_hal_can.c ****   }
2005:frameworks/f407/Drivers/STM32F4xx_HAL_Driver/Src/stm32f4xx_hal_can.c **** 
2006:frameworks/f407/Drivers/STM32F4xx_HAL_Driver/Src/stm32f4xx_hal_can.c ****   /* Error interrupts management *********************************************/
2007:frameworks/f407/Drivers/STM32F4xx_HAL_Driver/Src/stm32f4xx_hal_can.c ****   if ((interrupts & CAN_IT_ERROR) != 0U)
2008:frameworks/f407/Drivers/STM32F4xx_HAL_Driver/Src/stm32f4xx_hal_can.c ****   {
2009:frameworks/f407/Drivers/STM32F4xx_HAL_Driver/Src/stm32f4xx_hal_can.c ****     if ((msrflags & CAN_MSR_ERRI) != 0U)
ARM GAS  C:\Users\honor\AppData\Local\Temp\ccqm0Nze.s 			page 86


2010:frameworks/f407/Drivers/STM32F4xx_HAL_Driver/Src/stm32f4xx_hal_can.c ****     {
2011:frameworks/f407/Drivers/STM32F4xx_HAL_Driver/Src/stm32f4xx_hal_can.c ****       /* Check Error Warning Flag */
2012:frameworks/f407/Drivers/STM32F4xx_HAL_Driver/Src/stm32f4xx_hal_can.c ****       if (((interrupts & CAN_IT_ERROR_WARNING) != 0U) &&
2013:frameworks/f407/Drivers/STM32F4xx_HAL_Driver/Src/stm32f4xx_hal_can.c ****           ((esrflags & CAN_ESR_EWGF) != 0U))
2014:frameworks/f407/Drivers/STM32F4xx_HAL_Driver/Src/stm32f4xx_hal_can.c ****       {
2015:frameworks/f407/Drivers/STM32F4xx_HAL_Driver/Src/stm32f4xx_hal_can.c ****         /* Set CAN error code to Error Warning */
2016:frameworks/f407/Drivers/STM32F4xx_HAL_Driver/Src/stm32f4xx_hal_can.c ****         errorcode |= HAL_CAN_ERROR_EWG;
2017:frameworks/f407/Drivers/STM32F4xx_HAL_Driver/Src/stm32f4xx_hal_can.c **** 
2018:frameworks/f407/Drivers/STM32F4xx_HAL_Driver/Src/stm32f4xx_hal_can.c ****         /* No need for clear of Error Warning Flag as read-only */
2019:frameworks/f407/Drivers/STM32F4xx_HAL_Driver/Src/stm32f4xx_hal_can.c ****       }
2020:frameworks/f407/Drivers/STM32F4xx_HAL_Driver/Src/stm32f4xx_hal_can.c **** 
2021:frameworks/f407/Drivers/STM32F4xx_HAL_Driver/Src/stm32f4xx_hal_can.c ****       /* Check Error Passive Flag */
2022:frameworks/f407/Drivers/STM32F4xx_HAL_Driver/Src/stm32f4xx_hal_can.c ****       if (((interrupts & CAN_IT_ERROR_PASSIVE) != 0U) &&
2023:frameworks/f407/Drivers/STM32F4xx_HAL_Driver/Src/stm32f4xx_hal_can.c ****           ((esrflags & CAN_ESR_EPVF) != 0U))
2024:frameworks/f407/Drivers/STM32F4xx_HAL_Driver/Src/stm32f4xx_hal_can.c ****       {
2025:frameworks/f407/Drivers/STM32F4xx_HAL_Driver/Src/stm32f4xx_hal_can.c ****         /* Set CAN error code to Error Passive */
2026:frameworks/f407/Drivers/STM32F4xx_HAL_Driver/Src/stm32f4xx_hal_can.c ****         errorcode |= HAL_CAN_ERROR_EPV;
2027:frameworks/f407/Drivers/STM32F4xx_HAL_Driver/Src/stm32f4xx_hal_can.c **** 
2028:frameworks/f407/Drivers/STM32F4xx_HAL_Driver/Src/stm32f4xx_hal_can.c ****         /* No need for clear of Error Passive Flag as read-only */
2029:frameworks/f407/Drivers/STM32F4xx_HAL_Driver/Src/stm32f4xx_hal_can.c ****       }
2030:frameworks/f407/Drivers/STM32F4xx_HAL_Driver/Src/stm32f4xx_hal_can.c **** 
2031:frameworks/f407/Drivers/STM32F4xx_HAL_Driver/Src/stm32f4xx_hal_can.c ****       /* Check Bus-off Flag */
2032:frameworks/f407/Drivers/STM32F4xx_HAL_Driver/Src/stm32f4xx_hal_can.c ****       if (((interrupts & CAN_IT_BUSOFF) != 0U) &&
2033:frameworks/f407/Drivers/STM32F4xx_HAL_Driver/Src/stm32f4xx_hal_can.c ****           ((esrflags & CAN_ESR_BOFF) != 0U))
2034:frameworks/f407/Drivers/STM32F4xx_HAL_Driver/Src/stm32f4xx_hal_can.c ****       {
2035:frameworks/f407/Drivers/STM32F4xx_HAL_Driver/Src/stm32f4xx_hal_can.c ****         /* Set CAN error code to Bus-Off */
2036:frameworks/f407/Drivers/STM32F4xx_HAL_Driver/Src/stm32f4xx_hal_can.c ****         errorcode |= HAL_CAN_ERROR_BOF;
2037:frameworks/f407/Drivers/STM32F4xx_HAL_Driver/Src/stm32f4xx_hal_can.c **** 
2038:frameworks/f407/Drivers/STM32F4xx_HAL_Driver/Src/stm32f4xx_hal_can.c ****         /* No need for clear of Error Bus-Off as read-only */
2039:frameworks/f407/Drivers/STM32F4xx_HAL_Driver/Src/stm32f4xx_hal_can.c ****       }
2040:frameworks/f407/Drivers/STM32F4xx_HAL_Driver/Src/stm32f4xx_hal_can.c **** 
2041:frameworks/f407/Drivers/STM32F4xx_HAL_Driver/Src/stm32f4xx_hal_can.c ****       /* Check Last Error Code Flag */
2042:frameworks/f407/Drivers/STM32F4xx_HAL_Driver/Src/stm32f4xx_hal_can.c ****       if (((interrupts & CAN_IT_LAST_ERROR_CODE) != 0U) &&
2043:frameworks/f407/Drivers/STM32F4xx_HAL_Driver/Src/stm32f4xx_hal_can.c ****           ((esrflags & CAN_ESR_LEC) != 0U))
2044:frameworks/f407/Drivers/STM32F4xx_HAL_Driver/Src/stm32f4xx_hal_can.c ****       {
2045:frameworks/f407/Drivers/STM32F4xx_HAL_Driver/Src/stm32f4xx_hal_can.c ****         switch (esrflags & CAN_ESR_LEC)
2046:frameworks/f407/Drivers/STM32F4xx_HAL_Driver/Src/stm32f4xx_hal_can.c ****         {
2047:frameworks/f407/Drivers/STM32F4xx_HAL_Driver/Src/stm32f4xx_hal_can.c ****           case (CAN_ESR_LEC_0):
2048:frameworks/f407/Drivers/STM32F4xx_HAL_Driver/Src/stm32f4xx_hal_can.c ****             /* Set CAN error code to Stuff error */
2049:frameworks/f407/Drivers/STM32F4xx_HAL_Driver/Src/stm32f4xx_hal_can.c ****             errorcode |= HAL_CAN_ERROR_STF;
2050:frameworks/f407/Drivers/STM32F4xx_HAL_Driver/Src/stm32f4xx_hal_can.c ****             break;
2051:frameworks/f407/Drivers/STM32F4xx_HAL_Driver/Src/stm32f4xx_hal_can.c ****           case (CAN_ESR_LEC_1):
2052:frameworks/f407/Drivers/STM32F4xx_HAL_Driver/Src/stm32f4xx_hal_can.c ****             /* Set CAN error code to Form error */
2053:frameworks/f407/Drivers/STM32F4xx_HAL_Driver/Src/stm32f4xx_hal_can.c ****             errorcode |= HAL_CAN_ERROR_FOR;
2054:frameworks/f407/Drivers/STM32F4xx_HAL_Driver/Src/stm32f4xx_hal_can.c ****             break;
2055:frameworks/f407/Drivers/STM32F4xx_HAL_Driver/Src/stm32f4xx_hal_can.c ****           case (CAN_ESR_LEC_1 | CAN_ESR_LEC_0):
2056:frameworks/f407/Drivers/STM32F4xx_HAL_Driver/Src/stm32f4xx_hal_can.c ****             /* Set CAN error code to Acknowledgement error */
2057:frameworks/f407/Drivers/STM32F4xx_HAL_Driver/Src/stm32f4xx_hal_can.c ****             errorcode |= HAL_CAN_ERROR_ACK;
2058:frameworks/f407/Drivers/STM32F4xx_HAL_Driver/Src/stm32f4xx_hal_can.c ****             break;
2059:frameworks/f407/Drivers/STM32F4xx_HAL_Driver/Src/stm32f4xx_hal_can.c ****           case (CAN_ESR_LEC_2):
2060:frameworks/f407/Drivers/STM32F4xx_HAL_Driver/Src/stm32f4xx_hal_can.c ****             /* Set CAN error code to Bit recessive error */
2061:frameworks/f407/Drivers/STM32F4xx_HAL_Driver/Src/stm32f4xx_hal_can.c ****             errorcode |= HAL_CAN_ERROR_BR;
2062:frameworks/f407/Drivers/STM32F4xx_HAL_Driver/Src/stm32f4xx_hal_can.c ****             break;
2063:frameworks/f407/Drivers/STM32F4xx_HAL_Driver/Src/stm32f4xx_hal_can.c ****           case (CAN_ESR_LEC_2 | CAN_ESR_LEC_0):
2064:frameworks/f407/Drivers/STM32F4xx_HAL_Driver/Src/stm32f4xx_hal_can.c ****             /* Set CAN error code to Bit Dominant error */
2065:frameworks/f407/Drivers/STM32F4xx_HAL_Driver/Src/stm32f4xx_hal_can.c ****             errorcode |= HAL_CAN_ERROR_BD;
2066:frameworks/f407/Drivers/STM32F4xx_HAL_Driver/Src/stm32f4xx_hal_can.c ****             break;
ARM GAS  C:\Users\honor\AppData\Local\Temp\ccqm0Nze.s 			page 87


2067:frameworks/f407/Drivers/STM32F4xx_HAL_Driver/Src/stm32f4xx_hal_can.c ****           case (CAN_ESR_LEC_2 | CAN_ESR_LEC_1):
2068:frameworks/f407/Drivers/STM32F4xx_HAL_Driver/Src/stm32f4xx_hal_can.c ****             /* Set CAN error code to CRC error */
2069:frameworks/f407/Drivers/STM32F4xx_HAL_Driver/Src/stm32f4xx_hal_can.c ****             errorcode |= HAL_CAN_ERROR_CRC;
2070:frameworks/f407/Drivers/STM32F4xx_HAL_Driver/Src/stm32f4xx_hal_can.c ****             break;
2071:frameworks/f407/Drivers/STM32F4xx_HAL_Driver/Src/stm32f4xx_hal_can.c ****           default:
2072:frameworks/f407/Drivers/STM32F4xx_HAL_Driver/Src/stm32f4xx_hal_can.c ****             break;
2073:frameworks/f407/Drivers/STM32F4xx_HAL_Driver/Src/stm32f4xx_hal_can.c ****         }
2074:frameworks/f407/Drivers/STM32F4xx_HAL_Driver/Src/stm32f4xx_hal_can.c **** 
2075:frameworks/f407/Drivers/STM32F4xx_HAL_Driver/Src/stm32f4xx_hal_can.c ****         /* Clear Last error code Flag */
2076:frameworks/f407/Drivers/STM32F4xx_HAL_Driver/Src/stm32f4xx_hal_can.c ****         CLEAR_BIT(hcan->Instance->ESR, CAN_ESR_LEC);
2077:frameworks/f407/Drivers/STM32F4xx_HAL_Driver/Src/stm32f4xx_hal_can.c ****       }
2078:frameworks/f407/Drivers/STM32F4xx_HAL_Driver/Src/stm32f4xx_hal_can.c ****     }
2079:frameworks/f407/Drivers/STM32F4xx_HAL_Driver/Src/stm32f4xx_hal_can.c **** 
2080:frameworks/f407/Drivers/STM32F4xx_HAL_Driver/Src/stm32f4xx_hal_can.c ****     /* Clear ERRI Flag */
2081:frameworks/f407/Drivers/STM32F4xx_HAL_Driver/Src/stm32f4xx_hal_can.c ****     __HAL_CAN_CLEAR_FLAG(hcan, CAN_FLAG_ERRI);
2082:frameworks/f407/Drivers/STM32F4xx_HAL_Driver/Src/stm32f4xx_hal_can.c ****   }
2083:frameworks/f407/Drivers/STM32F4xx_HAL_Driver/Src/stm32f4xx_hal_can.c **** 
2084:frameworks/f407/Drivers/STM32F4xx_HAL_Driver/Src/stm32f4xx_hal_can.c ****   /* Call the Error call Back in case of Errors */
2085:frameworks/f407/Drivers/STM32F4xx_HAL_Driver/Src/stm32f4xx_hal_can.c ****   if (errorcode != HAL_CAN_ERROR_NONE)
2086:frameworks/f407/Drivers/STM32F4xx_HAL_Driver/Src/stm32f4xx_hal_can.c ****   {
2087:frameworks/f407/Drivers/STM32F4xx_HAL_Driver/Src/stm32f4xx_hal_can.c ****     /* Update error code in handle */
2088:frameworks/f407/Drivers/STM32F4xx_HAL_Driver/Src/stm32f4xx_hal_can.c ****     hcan->ErrorCode |= errorcode;
2089:frameworks/f407/Drivers/STM32F4xx_HAL_Driver/Src/stm32f4xx_hal_can.c **** 
2090:frameworks/f407/Drivers/STM32F4xx_HAL_Driver/Src/stm32f4xx_hal_can.c ****     /* Call Error callback function */
2091:frameworks/f407/Drivers/STM32F4xx_HAL_Driver/Src/stm32f4xx_hal_can.c **** #if USE_HAL_CAN_REGISTER_CALLBACKS == 1
2092:frameworks/f407/Drivers/STM32F4xx_HAL_Driver/Src/stm32f4xx_hal_can.c ****     /* Call registered callback*/
2093:frameworks/f407/Drivers/STM32F4xx_HAL_Driver/Src/stm32f4xx_hal_can.c ****     hcan->ErrorCallback(hcan);
2094:frameworks/f407/Drivers/STM32F4xx_HAL_Driver/Src/stm32f4xx_hal_can.c **** #else
2095:frameworks/f407/Drivers/STM32F4xx_HAL_Driver/Src/stm32f4xx_hal_can.c ****     /* Call weak (surcharged) callback */
2096:frameworks/f407/Drivers/STM32F4xx_HAL_Driver/Src/stm32f4xx_hal_can.c ****     HAL_CAN_ErrorCallback(hcan);
2097:frameworks/f407/Drivers/STM32F4xx_HAL_Driver/Src/stm32f4xx_hal_can.c **** #endif /* USE_HAL_CAN_REGISTER_CALLBACKS */
2098:frameworks/f407/Drivers/STM32F4xx_HAL_Driver/Src/stm32f4xx_hal_can.c ****   }
2099:frameworks/f407/Drivers/STM32F4xx_HAL_Driver/Src/stm32f4xx_hal_can.c **** }
2100:frameworks/f407/Drivers/STM32F4xx_HAL_Driver/Src/stm32f4xx_hal_can.c **** 
2101:frameworks/f407/Drivers/STM32F4xx_HAL_Driver/Src/stm32f4xx_hal_can.c **** /**
2102:frameworks/f407/Drivers/STM32F4xx_HAL_Driver/Src/stm32f4xx_hal_can.c ****   * @}
2103:frameworks/f407/Drivers/STM32F4xx_HAL_Driver/Src/stm32f4xx_hal_can.c ****   */
2104:frameworks/f407/Drivers/STM32F4xx_HAL_Driver/Src/stm32f4xx_hal_can.c **** 
2105:frameworks/f407/Drivers/STM32F4xx_HAL_Driver/Src/stm32f4xx_hal_can.c **** /** @defgroup CAN_Exported_Functions_Group5 Callback functions
2106:frameworks/f407/Drivers/STM32F4xx_HAL_Driver/Src/stm32f4xx_hal_can.c ****   * @brief   CAN Callback functions
2107:frameworks/f407/Drivers/STM32F4xx_HAL_Driver/Src/stm32f4xx_hal_can.c ****   *
2108:frameworks/f407/Drivers/STM32F4xx_HAL_Driver/Src/stm32f4xx_hal_can.c **** @verbatim
2109:frameworks/f407/Drivers/STM32F4xx_HAL_Driver/Src/stm32f4xx_hal_can.c ****   ==============================================================================
2110:frameworks/f407/Drivers/STM32F4xx_HAL_Driver/Src/stm32f4xx_hal_can.c ****                           ##### Callback functions #####
2111:frameworks/f407/Drivers/STM32F4xx_HAL_Driver/Src/stm32f4xx_hal_can.c ****   ==============================================================================
2112:frameworks/f407/Drivers/STM32F4xx_HAL_Driver/Src/stm32f4xx_hal_can.c ****     [..]
2113:frameworks/f407/Drivers/STM32F4xx_HAL_Driver/Src/stm32f4xx_hal_can.c ****     This subsection provides the following callback functions:
2114:frameworks/f407/Drivers/STM32F4xx_HAL_Driver/Src/stm32f4xx_hal_can.c ****       (+) HAL_CAN_TxMailbox0CompleteCallback
2115:frameworks/f407/Drivers/STM32F4xx_HAL_Driver/Src/stm32f4xx_hal_can.c ****       (+) HAL_CAN_TxMailbox1CompleteCallback
2116:frameworks/f407/Drivers/STM32F4xx_HAL_Driver/Src/stm32f4xx_hal_can.c ****       (+) HAL_CAN_TxMailbox2CompleteCallback
2117:frameworks/f407/Drivers/STM32F4xx_HAL_Driver/Src/stm32f4xx_hal_can.c ****       (+) HAL_CAN_TxMailbox0AbortCallback
2118:frameworks/f407/Drivers/STM32F4xx_HAL_Driver/Src/stm32f4xx_hal_can.c ****       (+) HAL_CAN_TxMailbox1AbortCallback
2119:frameworks/f407/Drivers/STM32F4xx_HAL_Driver/Src/stm32f4xx_hal_can.c ****       (+) HAL_CAN_TxMailbox2AbortCallback
2120:frameworks/f407/Drivers/STM32F4xx_HAL_Driver/Src/stm32f4xx_hal_can.c ****       (+) HAL_CAN_RxFifo0MsgPendingCallback
2121:frameworks/f407/Drivers/STM32F4xx_HAL_Driver/Src/stm32f4xx_hal_can.c ****       (+) HAL_CAN_RxFifo0FullCallback
2122:frameworks/f407/Drivers/STM32F4xx_HAL_Driver/Src/stm32f4xx_hal_can.c ****       (+) HAL_CAN_RxFifo1MsgPendingCallback
2123:frameworks/f407/Drivers/STM32F4xx_HAL_Driver/Src/stm32f4xx_hal_can.c ****       (+) HAL_CAN_RxFifo1FullCallback
ARM GAS  C:\Users\honor\AppData\Local\Temp\ccqm0Nze.s 			page 88


2124:frameworks/f407/Drivers/STM32F4xx_HAL_Driver/Src/stm32f4xx_hal_can.c ****       (+) HAL_CAN_SleepCallback
2125:frameworks/f407/Drivers/STM32F4xx_HAL_Driver/Src/stm32f4xx_hal_can.c ****       (+) HAL_CAN_WakeUpFromRxMsgCallback
2126:frameworks/f407/Drivers/STM32F4xx_HAL_Driver/Src/stm32f4xx_hal_can.c ****       (+) HAL_CAN_ErrorCallback
2127:frameworks/f407/Drivers/STM32F4xx_HAL_Driver/Src/stm32f4xx_hal_can.c **** 
2128:frameworks/f407/Drivers/STM32F4xx_HAL_Driver/Src/stm32f4xx_hal_can.c **** @endverbatim
2129:frameworks/f407/Drivers/STM32F4xx_HAL_Driver/Src/stm32f4xx_hal_can.c ****   * @{
2130:frameworks/f407/Drivers/STM32F4xx_HAL_Driver/Src/stm32f4xx_hal_can.c ****   */
2131:frameworks/f407/Drivers/STM32F4xx_HAL_Driver/Src/stm32f4xx_hal_can.c **** 
2132:frameworks/f407/Drivers/STM32F4xx_HAL_Driver/Src/stm32f4xx_hal_can.c **** /**
2133:frameworks/f407/Drivers/STM32F4xx_HAL_Driver/Src/stm32f4xx_hal_can.c ****   * @brief  Transmission Mailbox 0 complete callback.
2134:frameworks/f407/Drivers/STM32F4xx_HAL_Driver/Src/stm32f4xx_hal_can.c ****   * @param  hcan pointer to a CAN_HandleTypeDef structure that contains
2135:frameworks/f407/Drivers/STM32F4xx_HAL_Driver/Src/stm32f4xx_hal_can.c ****   *         the configuration information for the specified CAN.
2136:frameworks/f407/Drivers/STM32F4xx_HAL_Driver/Src/stm32f4xx_hal_can.c ****   * @retval None
2137:frameworks/f407/Drivers/STM32F4xx_HAL_Driver/Src/stm32f4xx_hal_can.c ****   */
2138:frameworks/f407/Drivers/STM32F4xx_HAL_Driver/Src/stm32f4xx_hal_can.c **** __weak void HAL_CAN_TxMailbox0CompleteCallback(CAN_HandleTypeDef *hcan)
2139:frameworks/f407/Drivers/STM32F4xx_HAL_Driver/Src/stm32f4xx_hal_can.c **** {
 2120              		.loc 1 2139 1 is_stmt 1 view -0
 2121              		.cfi_startproc
 2122              		@ args = 0, pretend = 0, frame = 0
 2123              		@ frame_needed = 0, uses_anonymous_args = 0
 2124              		@ link register save eliminated.
2140:frameworks/f407/Drivers/STM32F4xx_HAL_Driver/Src/stm32f4xx_hal_can.c ****   /* Prevent unused argument(s) compilation warning */
2141:frameworks/f407/Drivers/STM32F4xx_HAL_Driver/Src/stm32f4xx_hal_can.c ****   UNUSED(hcan);
 2125              		.loc 1 2141 3 view .LVU704
2142:frameworks/f407/Drivers/STM32F4xx_HAL_Driver/Src/stm32f4xx_hal_can.c **** 
2143:frameworks/f407/Drivers/STM32F4xx_HAL_Driver/Src/stm32f4xx_hal_can.c ****   /* NOTE : This function Should not be modified, when the callback is needed,
2144:frameworks/f407/Drivers/STM32F4xx_HAL_Driver/Src/stm32f4xx_hal_can.c ****             the HAL_CAN_TxMailbox0CompleteCallback could be implemented in the
2145:frameworks/f407/Drivers/STM32F4xx_HAL_Driver/Src/stm32f4xx_hal_can.c ****             user file
2146:frameworks/f407/Drivers/STM32F4xx_HAL_Driver/Src/stm32f4xx_hal_can.c ****    */
2147:frameworks/f407/Drivers/STM32F4xx_HAL_Driver/Src/stm32f4xx_hal_can.c **** }
 2126              		.loc 1 2147 1 is_stmt 0 view .LVU705
 2127 0000 7047     		bx	lr
 2128              		.cfi_endproc
 2129              	.LFE259:
 2131              		.section	.text.HAL_CAN_TxMailbox1CompleteCallback,"ax",%progbits
 2132              		.align	1
 2133              		.weak	HAL_CAN_TxMailbox1CompleteCallback
 2134              		.syntax unified
 2135              		.thumb
 2136              		.thumb_func
 2138              	HAL_CAN_TxMailbox1CompleteCallback:
 2139              	.LVL163:
 2140              	.LFB260:
2148:frameworks/f407/Drivers/STM32F4xx_HAL_Driver/Src/stm32f4xx_hal_can.c **** 
2149:frameworks/f407/Drivers/STM32F4xx_HAL_Driver/Src/stm32f4xx_hal_can.c **** /**
2150:frameworks/f407/Drivers/STM32F4xx_HAL_Driver/Src/stm32f4xx_hal_can.c ****   * @brief  Transmission Mailbox 1 complete callback.
2151:frameworks/f407/Drivers/STM32F4xx_HAL_Driver/Src/stm32f4xx_hal_can.c ****   * @param  hcan pointer to a CAN_HandleTypeDef structure that contains
2152:frameworks/f407/Drivers/STM32F4xx_HAL_Driver/Src/stm32f4xx_hal_can.c ****   *         the configuration information for the specified CAN.
2153:frameworks/f407/Drivers/STM32F4xx_HAL_Driver/Src/stm32f4xx_hal_can.c ****   * @retval None
2154:frameworks/f407/Drivers/STM32F4xx_HAL_Driver/Src/stm32f4xx_hal_can.c ****   */
2155:frameworks/f407/Drivers/STM32F4xx_HAL_Driver/Src/stm32f4xx_hal_can.c **** __weak void HAL_CAN_TxMailbox1CompleteCallback(CAN_HandleTypeDef *hcan)
2156:frameworks/f407/Drivers/STM32F4xx_HAL_Driver/Src/stm32f4xx_hal_can.c **** {
 2141              		.loc 1 2156 1 is_stmt 1 view -0
 2142              		.cfi_startproc
 2143              		@ args = 0, pretend = 0, frame = 0
 2144              		@ frame_needed = 0, uses_anonymous_args = 0
 2145              		@ link register save eliminated.
ARM GAS  C:\Users\honor\AppData\Local\Temp\ccqm0Nze.s 			page 89


2157:frameworks/f407/Drivers/STM32F4xx_HAL_Driver/Src/stm32f4xx_hal_can.c ****   /* Prevent unused argument(s) compilation warning */
2158:frameworks/f407/Drivers/STM32F4xx_HAL_Driver/Src/stm32f4xx_hal_can.c ****   UNUSED(hcan);
 2146              		.loc 1 2158 3 view .LVU707
2159:frameworks/f407/Drivers/STM32F4xx_HAL_Driver/Src/stm32f4xx_hal_can.c **** 
2160:frameworks/f407/Drivers/STM32F4xx_HAL_Driver/Src/stm32f4xx_hal_can.c ****   /* NOTE : This function Should not be modified, when the callback is needed,
2161:frameworks/f407/Drivers/STM32F4xx_HAL_Driver/Src/stm32f4xx_hal_can.c ****             the HAL_CAN_TxMailbox1CompleteCallback could be implemented in the
2162:frameworks/f407/Drivers/STM32F4xx_HAL_Driver/Src/stm32f4xx_hal_can.c ****             user file
2163:frameworks/f407/Drivers/STM32F4xx_HAL_Driver/Src/stm32f4xx_hal_can.c ****    */
2164:frameworks/f407/Drivers/STM32F4xx_HAL_Driver/Src/stm32f4xx_hal_can.c **** }
 2147              		.loc 1 2164 1 is_stmt 0 view .LVU708
 2148 0000 7047     		bx	lr
 2149              		.cfi_endproc
 2150              	.LFE260:
 2152              		.section	.text.HAL_CAN_TxMailbox2CompleteCallback,"ax",%progbits
 2153              		.align	1
 2154              		.weak	HAL_CAN_TxMailbox2CompleteCallback
 2155              		.syntax unified
 2156              		.thumb
 2157              		.thumb_func
 2159              	HAL_CAN_TxMailbox2CompleteCallback:
 2160              	.LVL164:
 2161              	.LFB261:
2165:frameworks/f407/Drivers/STM32F4xx_HAL_Driver/Src/stm32f4xx_hal_can.c **** 
2166:frameworks/f407/Drivers/STM32F4xx_HAL_Driver/Src/stm32f4xx_hal_can.c **** /**
2167:frameworks/f407/Drivers/STM32F4xx_HAL_Driver/Src/stm32f4xx_hal_can.c ****   * @brief  Transmission Mailbox 2 complete callback.
2168:frameworks/f407/Drivers/STM32F4xx_HAL_Driver/Src/stm32f4xx_hal_can.c ****   * @param  hcan pointer to a CAN_HandleTypeDef structure that contains
2169:frameworks/f407/Drivers/STM32F4xx_HAL_Driver/Src/stm32f4xx_hal_can.c ****   *         the configuration information for the specified CAN.
2170:frameworks/f407/Drivers/STM32F4xx_HAL_Driver/Src/stm32f4xx_hal_can.c ****   * @retval None
2171:frameworks/f407/Drivers/STM32F4xx_HAL_Driver/Src/stm32f4xx_hal_can.c ****   */
2172:frameworks/f407/Drivers/STM32F4xx_HAL_Driver/Src/stm32f4xx_hal_can.c **** __weak void HAL_CAN_TxMailbox2CompleteCallback(CAN_HandleTypeDef *hcan)
2173:frameworks/f407/Drivers/STM32F4xx_HAL_Driver/Src/stm32f4xx_hal_can.c **** {
 2162              		.loc 1 2173 1 is_stmt 1 view -0
 2163              		.cfi_startproc
 2164              		@ args = 0, pretend = 0, frame = 0
 2165              		@ frame_needed = 0, uses_anonymous_args = 0
 2166              		@ link register save eliminated.
2174:frameworks/f407/Drivers/STM32F4xx_HAL_Driver/Src/stm32f4xx_hal_can.c ****   /* Prevent unused argument(s) compilation warning */
2175:frameworks/f407/Drivers/STM32F4xx_HAL_Driver/Src/stm32f4xx_hal_can.c ****   UNUSED(hcan);
 2167              		.loc 1 2175 3 view .LVU710
2176:frameworks/f407/Drivers/STM32F4xx_HAL_Driver/Src/stm32f4xx_hal_can.c **** 
2177:frameworks/f407/Drivers/STM32F4xx_HAL_Driver/Src/stm32f4xx_hal_can.c ****   /* NOTE : This function Should not be modified, when the callback is needed,
2178:frameworks/f407/Drivers/STM32F4xx_HAL_Driver/Src/stm32f4xx_hal_can.c ****             the HAL_CAN_TxMailbox2CompleteCallback could be implemented in the
2179:frameworks/f407/Drivers/STM32F4xx_HAL_Driver/Src/stm32f4xx_hal_can.c ****             user file
2180:frameworks/f407/Drivers/STM32F4xx_HAL_Driver/Src/stm32f4xx_hal_can.c ****    */
2181:frameworks/f407/Drivers/STM32F4xx_HAL_Driver/Src/stm32f4xx_hal_can.c **** }
 2168              		.loc 1 2181 1 is_stmt 0 view .LVU711
 2169 0000 7047     		bx	lr
 2170              		.cfi_endproc
 2171              	.LFE261:
 2173              		.section	.text.HAL_CAN_TxMailbox0AbortCallback,"ax",%progbits
 2174              		.align	1
 2175              		.weak	HAL_CAN_TxMailbox0AbortCallback
 2176              		.syntax unified
 2177              		.thumb
 2178              		.thumb_func
 2180              	HAL_CAN_TxMailbox0AbortCallback:
 2181              	.LVL165:
ARM GAS  C:\Users\honor\AppData\Local\Temp\ccqm0Nze.s 			page 90


 2182              	.LFB262:
2182:frameworks/f407/Drivers/STM32F4xx_HAL_Driver/Src/stm32f4xx_hal_can.c **** 
2183:frameworks/f407/Drivers/STM32F4xx_HAL_Driver/Src/stm32f4xx_hal_can.c **** /**
2184:frameworks/f407/Drivers/STM32F4xx_HAL_Driver/Src/stm32f4xx_hal_can.c ****   * @brief  Transmission Mailbox 0 Cancellation callback.
2185:frameworks/f407/Drivers/STM32F4xx_HAL_Driver/Src/stm32f4xx_hal_can.c ****   * @param  hcan pointer to an CAN_HandleTypeDef structure that contains
2186:frameworks/f407/Drivers/STM32F4xx_HAL_Driver/Src/stm32f4xx_hal_can.c ****   *         the configuration information for the specified CAN.
2187:frameworks/f407/Drivers/STM32F4xx_HAL_Driver/Src/stm32f4xx_hal_can.c ****   * @retval None
2188:frameworks/f407/Drivers/STM32F4xx_HAL_Driver/Src/stm32f4xx_hal_can.c ****   */
2189:frameworks/f407/Drivers/STM32F4xx_HAL_Driver/Src/stm32f4xx_hal_can.c **** __weak void HAL_CAN_TxMailbox0AbortCallback(CAN_HandleTypeDef *hcan)
2190:frameworks/f407/Drivers/STM32F4xx_HAL_Driver/Src/stm32f4xx_hal_can.c **** {
 2183              		.loc 1 2190 1 is_stmt 1 view -0
 2184              		.cfi_startproc
 2185              		@ args = 0, pretend = 0, frame = 0
 2186              		@ frame_needed = 0, uses_anonymous_args = 0
 2187              		@ link register save eliminated.
2191:frameworks/f407/Drivers/STM32F4xx_HAL_Driver/Src/stm32f4xx_hal_can.c ****   /* Prevent unused argument(s) compilation warning */
2192:frameworks/f407/Drivers/STM32F4xx_HAL_Driver/Src/stm32f4xx_hal_can.c ****   UNUSED(hcan);
 2188              		.loc 1 2192 3 view .LVU713
2193:frameworks/f407/Drivers/STM32F4xx_HAL_Driver/Src/stm32f4xx_hal_can.c **** 
2194:frameworks/f407/Drivers/STM32F4xx_HAL_Driver/Src/stm32f4xx_hal_can.c ****   /* NOTE : This function Should not be modified, when the callback is needed,
2195:frameworks/f407/Drivers/STM32F4xx_HAL_Driver/Src/stm32f4xx_hal_can.c ****             the HAL_CAN_TxMailbox0AbortCallback could be implemented in the
2196:frameworks/f407/Drivers/STM32F4xx_HAL_Driver/Src/stm32f4xx_hal_can.c ****             user file
2197:frameworks/f407/Drivers/STM32F4xx_HAL_Driver/Src/stm32f4xx_hal_can.c ****    */
2198:frameworks/f407/Drivers/STM32F4xx_HAL_Driver/Src/stm32f4xx_hal_can.c **** }
 2189              		.loc 1 2198 1 is_stmt 0 view .LVU714
 2190 0000 7047     		bx	lr
 2191              		.cfi_endproc
 2192              	.LFE262:
 2194              		.section	.text.HAL_CAN_TxMailbox1AbortCallback,"ax",%progbits
 2195              		.align	1
 2196              		.weak	HAL_CAN_TxMailbox1AbortCallback
 2197              		.syntax unified
 2198              		.thumb
 2199              		.thumb_func
 2201              	HAL_CAN_TxMailbox1AbortCallback:
 2202              	.LVL166:
 2203              	.LFB263:
2199:frameworks/f407/Drivers/STM32F4xx_HAL_Driver/Src/stm32f4xx_hal_can.c **** 
2200:frameworks/f407/Drivers/STM32F4xx_HAL_Driver/Src/stm32f4xx_hal_can.c **** /**
2201:frameworks/f407/Drivers/STM32F4xx_HAL_Driver/Src/stm32f4xx_hal_can.c ****   * @brief  Transmission Mailbox 1 Cancellation callback.
2202:frameworks/f407/Drivers/STM32F4xx_HAL_Driver/Src/stm32f4xx_hal_can.c ****   * @param  hcan pointer to an CAN_HandleTypeDef structure that contains
2203:frameworks/f407/Drivers/STM32F4xx_HAL_Driver/Src/stm32f4xx_hal_can.c ****   *         the configuration information for the specified CAN.
2204:frameworks/f407/Drivers/STM32F4xx_HAL_Driver/Src/stm32f4xx_hal_can.c ****   * @retval None
2205:frameworks/f407/Drivers/STM32F4xx_HAL_Driver/Src/stm32f4xx_hal_can.c ****   */
2206:frameworks/f407/Drivers/STM32F4xx_HAL_Driver/Src/stm32f4xx_hal_can.c **** __weak void HAL_CAN_TxMailbox1AbortCallback(CAN_HandleTypeDef *hcan)
2207:frameworks/f407/Drivers/STM32F4xx_HAL_Driver/Src/stm32f4xx_hal_can.c **** {
 2204              		.loc 1 2207 1 is_stmt 1 view -0
 2205              		.cfi_startproc
 2206              		@ args = 0, pretend = 0, frame = 0
 2207              		@ frame_needed = 0, uses_anonymous_args = 0
 2208              		@ link register save eliminated.
2208:frameworks/f407/Drivers/STM32F4xx_HAL_Driver/Src/stm32f4xx_hal_can.c ****   /* Prevent unused argument(s) compilation warning */
2209:frameworks/f407/Drivers/STM32F4xx_HAL_Driver/Src/stm32f4xx_hal_can.c ****   UNUSED(hcan);
 2209              		.loc 1 2209 3 view .LVU716
2210:frameworks/f407/Drivers/STM32F4xx_HAL_Driver/Src/stm32f4xx_hal_can.c **** 
2211:frameworks/f407/Drivers/STM32F4xx_HAL_Driver/Src/stm32f4xx_hal_can.c ****   /* NOTE : This function Should not be modified, when the callback is needed,
2212:frameworks/f407/Drivers/STM32F4xx_HAL_Driver/Src/stm32f4xx_hal_can.c ****             the HAL_CAN_TxMailbox1AbortCallback could be implemented in the
ARM GAS  C:\Users\honor\AppData\Local\Temp\ccqm0Nze.s 			page 91


2213:frameworks/f407/Drivers/STM32F4xx_HAL_Driver/Src/stm32f4xx_hal_can.c ****             user file
2214:frameworks/f407/Drivers/STM32F4xx_HAL_Driver/Src/stm32f4xx_hal_can.c ****    */
2215:frameworks/f407/Drivers/STM32F4xx_HAL_Driver/Src/stm32f4xx_hal_can.c **** }
 2210              		.loc 1 2215 1 is_stmt 0 view .LVU717
 2211 0000 7047     		bx	lr
 2212              		.cfi_endproc
 2213              	.LFE263:
 2215              		.section	.text.HAL_CAN_TxMailbox2AbortCallback,"ax",%progbits
 2216              		.align	1
 2217              		.weak	HAL_CAN_TxMailbox2AbortCallback
 2218              		.syntax unified
 2219              		.thumb
 2220              		.thumb_func
 2222              	HAL_CAN_TxMailbox2AbortCallback:
 2223              	.LVL167:
 2224              	.LFB264:
2216:frameworks/f407/Drivers/STM32F4xx_HAL_Driver/Src/stm32f4xx_hal_can.c **** 
2217:frameworks/f407/Drivers/STM32F4xx_HAL_Driver/Src/stm32f4xx_hal_can.c **** /**
2218:frameworks/f407/Drivers/STM32F4xx_HAL_Driver/Src/stm32f4xx_hal_can.c ****   * @brief  Transmission Mailbox 2 Cancellation callback.
2219:frameworks/f407/Drivers/STM32F4xx_HAL_Driver/Src/stm32f4xx_hal_can.c ****   * @param  hcan pointer to an CAN_HandleTypeDef structure that contains
2220:frameworks/f407/Drivers/STM32F4xx_HAL_Driver/Src/stm32f4xx_hal_can.c ****   *         the configuration information for the specified CAN.
2221:frameworks/f407/Drivers/STM32F4xx_HAL_Driver/Src/stm32f4xx_hal_can.c ****   * @retval None
2222:frameworks/f407/Drivers/STM32F4xx_HAL_Driver/Src/stm32f4xx_hal_can.c ****   */
2223:frameworks/f407/Drivers/STM32F4xx_HAL_Driver/Src/stm32f4xx_hal_can.c **** __weak void HAL_CAN_TxMailbox2AbortCallback(CAN_HandleTypeDef *hcan)
2224:frameworks/f407/Drivers/STM32F4xx_HAL_Driver/Src/stm32f4xx_hal_can.c **** {
 2225              		.loc 1 2224 1 is_stmt 1 view -0
 2226              		.cfi_startproc
 2227              		@ args = 0, pretend = 0, frame = 0
 2228              		@ frame_needed = 0, uses_anonymous_args = 0
 2229              		@ link register save eliminated.
2225:frameworks/f407/Drivers/STM32F4xx_HAL_Driver/Src/stm32f4xx_hal_can.c ****   /* Prevent unused argument(s) compilation warning */
2226:frameworks/f407/Drivers/STM32F4xx_HAL_Driver/Src/stm32f4xx_hal_can.c ****   UNUSED(hcan);
 2230              		.loc 1 2226 3 view .LVU719
2227:frameworks/f407/Drivers/STM32F4xx_HAL_Driver/Src/stm32f4xx_hal_can.c **** 
2228:frameworks/f407/Drivers/STM32F4xx_HAL_Driver/Src/stm32f4xx_hal_can.c ****   /* NOTE : This function Should not be modified, when the callback is needed,
2229:frameworks/f407/Drivers/STM32F4xx_HAL_Driver/Src/stm32f4xx_hal_can.c ****             the HAL_CAN_TxMailbox2AbortCallback could be implemented in the
2230:frameworks/f407/Drivers/STM32F4xx_HAL_Driver/Src/stm32f4xx_hal_can.c ****             user file
2231:frameworks/f407/Drivers/STM32F4xx_HAL_Driver/Src/stm32f4xx_hal_can.c ****    */
2232:frameworks/f407/Drivers/STM32F4xx_HAL_Driver/Src/stm32f4xx_hal_can.c **** }
 2231              		.loc 1 2232 1 is_stmt 0 view .LVU720
 2232 0000 7047     		bx	lr
 2233              		.cfi_endproc
 2234              	.LFE264:
 2236              		.section	.text.HAL_CAN_RxFifo0MsgPendingCallback,"ax",%progbits
 2237              		.align	1
 2238              		.weak	HAL_CAN_RxFifo0MsgPendingCallback
 2239              		.syntax unified
 2240              		.thumb
 2241              		.thumb_func
 2243              	HAL_CAN_RxFifo0MsgPendingCallback:
 2244              	.LVL168:
 2245              	.LFB265:
2233:frameworks/f407/Drivers/STM32F4xx_HAL_Driver/Src/stm32f4xx_hal_can.c **** 
2234:frameworks/f407/Drivers/STM32F4xx_HAL_Driver/Src/stm32f4xx_hal_can.c **** /**
2235:frameworks/f407/Drivers/STM32F4xx_HAL_Driver/Src/stm32f4xx_hal_can.c ****   * @brief  Rx FIFO 0 message pending callback.
2236:frameworks/f407/Drivers/STM32F4xx_HAL_Driver/Src/stm32f4xx_hal_can.c ****   * @param  hcan pointer to a CAN_HandleTypeDef structure that contains
2237:frameworks/f407/Drivers/STM32F4xx_HAL_Driver/Src/stm32f4xx_hal_can.c ****   *         the configuration information for the specified CAN.
ARM GAS  C:\Users\honor\AppData\Local\Temp\ccqm0Nze.s 			page 92


2238:frameworks/f407/Drivers/STM32F4xx_HAL_Driver/Src/stm32f4xx_hal_can.c ****   * @retval None
2239:frameworks/f407/Drivers/STM32F4xx_HAL_Driver/Src/stm32f4xx_hal_can.c ****   */
2240:frameworks/f407/Drivers/STM32F4xx_HAL_Driver/Src/stm32f4xx_hal_can.c **** __weak void HAL_CAN_RxFifo0MsgPendingCallback(CAN_HandleTypeDef *hcan)
2241:frameworks/f407/Drivers/STM32F4xx_HAL_Driver/Src/stm32f4xx_hal_can.c **** {
 2246              		.loc 1 2241 1 is_stmt 1 view -0
 2247              		.cfi_startproc
 2248              		@ args = 0, pretend = 0, frame = 0
 2249              		@ frame_needed = 0, uses_anonymous_args = 0
 2250              		@ link register save eliminated.
2242:frameworks/f407/Drivers/STM32F4xx_HAL_Driver/Src/stm32f4xx_hal_can.c ****   /* Prevent unused argument(s) compilation warning */
2243:frameworks/f407/Drivers/STM32F4xx_HAL_Driver/Src/stm32f4xx_hal_can.c ****   UNUSED(hcan);
 2251              		.loc 1 2243 3 view .LVU722
2244:frameworks/f407/Drivers/STM32F4xx_HAL_Driver/Src/stm32f4xx_hal_can.c **** 
2245:frameworks/f407/Drivers/STM32F4xx_HAL_Driver/Src/stm32f4xx_hal_can.c ****   /* NOTE : This function Should not be modified, when the callback is needed,
2246:frameworks/f407/Drivers/STM32F4xx_HAL_Driver/Src/stm32f4xx_hal_can.c ****             the HAL_CAN_RxFifo0MsgPendingCallback could be implemented in the
2247:frameworks/f407/Drivers/STM32F4xx_HAL_Driver/Src/stm32f4xx_hal_can.c ****             user file
2248:frameworks/f407/Drivers/STM32F4xx_HAL_Driver/Src/stm32f4xx_hal_can.c ****    */
2249:frameworks/f407/Drivers/STM32F4xx_HAL_Driver/Src/stm32f4xx_hal_can.c **** }
 2252              		.loc 1 2249 1 is_stmt 0 view .LVU723
 2253 0000 7047     		bx	lr
 2254              		.cfi_endproc
 2255              	.LFE265:
 2257              		.section	.text.HAL_CAN_RxFifo0FullCallback,"ax",%progbits
 2258              		.align	1
 2259              		.weak	HAL_CAN_RxFifo0FullCallback
 2260              		.syntax unified
 2261              		.thumb
 2262              		.thumb_func
 2264              	HAL_CAN_RxFifo0FullCallback:
 2265              	.LVL169:
 2266              	.LFB266:
2250:frameworks/f407/Drivers/STM32F4xx_HAL_Driver/Src/stm32f4xx_hal_can.c **** 
2251:frameworks/f407/Drivers/STM32F4xx_HAL_Driver/Src/stm32f4xx_hal_can.c **** /**
2252:frameworks/f407/Drivers/STM32F4xx_HAL_Driver/Src/stm32f4xx_hal_can.c ****   * @brief  Rx FIFO 0 full callback.
2253:frameworks/f407/Drivers/STM32F4xx_HAL_Driver/Src/stm32f4xx_hal_can.c ****   * @param  hcan pointer to a CAN_HandleTypeDef structure that contains
2254:frameworks/f407/Drivers/STM32F4xx_HAL_Driver/Src/stm32f4xx_hal_can.c ****   *         the configuration information for the specified CAN.
2255:frameworks/f407/Drivers/STM32F4xx_HAL_Driver/Src/stm32f4xx_hal_can.c ****   * @retval None
2256:frameworks/f407/Drivers/STM32F4xx_HAL_Driver/Src/stm32f4xx_hal_can.c ****   */
2257:frameworks/f407/Drivers/STM32F4xx_HAL_Driver/Src/stm32f4xx_hal_can.c **** __weak void HAL_CAN_RxFifo0FullCallback(CAN_HandleTypeDef *hcan)
2258:frameworks/f407/Drivers/STM32F4xx_HAL_Driver/Src/stm32f4xx_hal_can.c **** {
 2267              		.loc 1 2258 1 is_stmt 1 view -0
 2268              		.cfi_startproc
 2269              		@ args = 0, pretend = 0, frame = 0
 2270              		@ frame_needed = 0, uses_anonymous_args = 0
 2271              		@ link register save eliminated.
2259:frameworks/f407/Drivers/STM32F4xx_HAL_Driver/Src/stm32f4xx_hal_can.c ****   /* Prevent unused argument(s) compilation warning */
2260:frameworks/f407/Drivers/STM32F4xx_HAL_Driver/Src/stm32f4xx_hal_can.c ****   UNUSED(hcan);
 2272              		.loc 1 2260 3 view .LVU725
2261:frameworks/f407/Drivers/STM32F4xx_HAL_Driver/Src/stm32f4xx_hal_can.c **** 
2262:frameworks/f407/Drivers/STM32F4xx_HAL_Driver/Src/stm32f4xx_hal_can.c ****   /* NOTE : This function Should not be modified, when the callback is needed,
2263:frameworks/f407/Drivers/STM32F4xx_HAL_Driver/Src/stm32f4xx_hal_can.c ****             the HAL_CAN_RxFifo0FullCallback could be implemented in the user
2264:frameworks/f407/Drivers/STM32F4xx_HAL_Driver/Src/stm32f4xx_hal_can.c ****             file
2265:frameworks/f407/Drivers/STM32F4xx_HAL_Driver/Src/stm32f4xx_hal_can.c ****    */
2266:frameworks/f407/Drivers/STM32F4xx_HAL_Driver/Src/stm32f4xx_hal_can.c **** }
 2273              		.loc 1 2266 1 is_stmt 0 view .LVU726
 2274 0000 7047     		bx	lr
 2275              		.cfi_endproc
ARM GAS  C:\Users\honor\AppData\Local\Temp\ccqm0Nze.s 			page 93


 2276              	.LFE266:
 2278              		.section	.text.HAL_CAN_RxFifo1MsgPendingCallback,"ax",%progbits
 2279              		.align	1
 2280              		.weak	HAL_CAN_RxFifo1MsgPendingCallback
 2281              		.syntax unified
 2282              		.thumb
 2283              		.thumb_func
 2285              	HAL_CAN_RxFifo1MsgPendingCallback:
 2286              	.LVL170:
 2287              	.LFB267:
2267:frameworks/f407/Drivers/STM32F4xx_HAL_Driver/Src/stm32f4xx_hal_can.c **** 
2268:frameworks/f407/Drivers/STM32F4xx_HAL_Driver/Src/stm32f4xx_hal_can.c **** /**
2269:frameworks/f407/Drivers/STM32F4xx_HAL_Driver/Src/stm32f4xx_hal_can.c ****   * @brief  Rx FIFO 1 message pending callback.
2270:frameworks/f407/Drivers/STM32F4xx_HAL_Driver/Src/stm32f4xx_hal_can.c ****   * @param  hcan pointer to a CAN_HandleTypeDef structure that contains
2271:frameworks/f407/Drivers/STM32F4xx_HAL_Driver/Src/stm32f4xx_hal_can.c ****   *         the configuration information for the specified CAN.
2272:frameworks/f407/Drivers/STM32F4xx_HAL_Driver/Src/stm32f4xx_hal_can.c ****   * @retval None
2273:frameworks/f407/Drivers/STM32F4xx_HAL_Driver/Src/stm32f4xx_hal_can.c ****   */
2274:frameworks/f407/Drivers/STM32F4xx_HAL_Driver/Src/stm32f4xx_hal_can.c **** __weak void HAL_CAN_RxFifo1MsgPendingCallback(CAN_HandleTypeDef *hcan)
2275:frameworks/f407/Drivers/STM32F4xx_HAL_Driver/Src/stm32f4xx_hal_can.c **** {
 2288              		.loc 1 2275 1 is_stmt 1 view -0
 2289              		.cfi_startproc
 2290              		@ args = 0, pretend = 0, frame = 0
 2291              		@ frame_needed = 0, uses_anonymous_args = 0
 2292              		@ link register save eliminated.
2276:frameworks/f407/Drivers/STM32F4xx_HAL_Driver/Src/stm32f4xx_hal_can.c ****   /* Prevent unused argument(s) compilation warning */
2277:frameworks/f407/Drivers/STM32F4xx_HAL_Driver/Src/stm32f4xx_hal_can.c ****   UNUSED(hcan);
 2293              		.loc 1 2277 3 view .LVU728
2278:frameworks/f407/Drivers/STM32F4xx_HAL_Driver/Src/stm32f4xx_hal_can.c **** 
2279:frameworks/f407/Drivers/STM32F4xx_HAL_Driver/Src/stm32f4xx_hal_can.c ****   /* NOTE : This function Should not be modified, when the callback is needed,
2280:frameworks/f407/Drivers/STM32F4xx_HAL_Driver/Src/stm32f4xx_hal_can.c ****             the HAL_CAN_RxFifo1MsgPendingCallback could be implemented in the
2281:frameworks/f407/Drivers/STM32F4xx_HAL_Driver/Src/stm32f4xx_hal_can.c ****             user file
2282:frameworks/f407/Drivers/STM32F4xx_HAL_Driver/Src/stm32f4xx_hal_can.c ****    */
2283:frameworks/f407/Drivers/STM32F4xx_HAL_Driver/Src/stm32f4xx_hal_can.c **** }
 2294              		.loc 1 2283 1 is_stmt 0 view .LVU729
 2295 0000 7047     		bx	lr
 2296              		.cfi_endproc
 2297              	.LFE267:
 2299              		.section	.text.HAL_CAN_RxFifo1FullCallback,"ax",%progbits
 2300              		.align	1
 2301              		.weak	HAL_CAN_RxFifo1FullCallback
 2302              		.syntax unified
 2303              		.thumb
 2304              		.thumb_func
 2306              	HAL_CAN_RxFifo1FullCallback:
 2307              	.LVL171:
 2308              	.LFB268:
2284:frameworks/f407/Drivers/STM32F4xx_HAL_Driver/Src/stm32f4xx_hal_can.c **** 
2285:frameworks/f407/Drivers/STM32F4xx_HAL_Driver/Src/stm32f4xx_hal_can.c **** /**
2286:frameworks/f407/Drivers/STM32F4xx_HAL_Driver/Src/stm32f4xx_hal_can.c ****   * @brief  Rx FIFO 1 full callback.
2287:frameworks/f407/Drivers/STM32F4xx_HAL_Driver/Src/stm32f4xx_hal_can.c ****   * @param  hcan pointer to a CAN_HandleTypeDef structure that contains
2288:frameworks/f407/Drivers/STM32F4xx_HAL_Driver/Src/stm32f4xx_hal_can.c ****   *         the configuration information for the specified CAN.
2289:frameworks/f407/Drivers/STM32F4xx_HAL_Driver/Src/stm32f4xx_hal_can.c ****   * @retval None
2290:frameworks/f407/Drivers/STM32F4xx_HAL_Driver/Src/stm32f4xx_hal_can.c ****   */
2291:frameworks/f407/Drivers/STM32F4xx_HAL_Driver/Src/stm32f4xx_hal_can.c **** __weak void HAL_CAN_RxFifo1FullCallback(CAN_HandleTypeDef *hcan)
2292:frameworks/f407/Drivers/STM32F4xx_HAL_Driver/Src/stm32f4xx_hal_can.c **** {
 2309              		.loc 1 2292 1 is_stmt 1 view -0
 2310              		.cfi_startproc
ARM GAS  C:\Users\honor\AppData\Local\Temp\ccqm0Nze.s 			page 94


 2311              		@ args = 0, pretend = 0, frame = 0
 2312              		@ frame_needed = 0, uses_anonymous_args = 0
 2313              		@ link register save eliminated.
2293:frameworks/f407/Drivers/STM32F4xx_HAL_Driver/Src/stm32f4xx_hal_can.c ****   /* Prevent unused argument(s) compilation warning */
2294:frameworks/f407/Drivers/STM32F4xx_HAL_Driver/Src/stm32f4xx_hal_can.c ****   UNUSED(hcan);
 2314              		.loc 1 2294 3 view .LVU731
2295:frameworks/f407/Drivers/STM32F4xx_HAL_Driver/Src/stm32f4xx_hal_can.c **** 
2296:frameworks/f407/Drivers/STM32F4xx_HAL_Driver/Src/stm32f4xx_hal_can.c ****   /* NOTE : This function Should not be modified, when the callback is needed,
2297:frameworks/f407/Drivers/STM32F4xx_HAL_Driver/Src/stm32f4xx_hal_can.c ****             the HAL_CAN_RxFifo1FullCallback could be implemented in the user
2298:frameworks/f407/Drivers/STM32F4xx_HAL_Driver/Src/stm32f4xx_hal_can.c ****             file
2299:frameworks/f407/Drivers/STM32F4xx_HAL_Driver/Src/stm32f4xx_hal_can.c ****    */
2300:frameworks/f407/Drivers/STM32F4xx_HAL_Driver/Src/stm32f4xx_hal_can.c **** }
 2315              		.loc 1 2300 1 is_stmt 0 view .LVU732
 2316 0000 7047     		bx	lr
 2317              		.cfi_endproc
 2318              	.LFE268:
 2320              		.section	.text.HAL_CAN_SleepCallback,"ax",%progbits
 2321              		.align	1
 2322              		.weak	HAL_CAN_SleepCallback
 2323              		.syntax unified
 2324              		.thumb
 2325              		.thumb_func
 2327              	HAL_CAN_SleepCallback:
 2328              	.LVL172:
 2329              	.LFB269:
2301:frameworks/f407/Drivers/STM32F4xx_HAL_Driver/Src/stm32f4xx_hal_can.c **** 
2302:frameworks/f407/Drivers/STM32F4xx_HAL_Driver/Src/stm32f4xx_hal_can.c **** /**
2303:frameworks/f407/Drivers/STM32F4xx_HAL_Driver/Src/stm32f4xx_hal_can.c ****   * @brief  Sleep callback.
2304:frameworks/f407/Drivers/STM32F4xx_HAL_Driver/Src/stm32f4xx_hal_can.c ****   * @param  hcan pointer to a CAN_HandleTypeDef structure that contains
2305:frameworks/f407/Drivers/STM32F4xx_HAL_Driver/Src/stm32f4xx_hal_can.c ****   *         the configuration information for the specified CAN.
2306:frameworks/f407/Drivers/STM32F4xx_HAL_Driver/Src/stm32f4xx_hal_can.c ****   * @retval None
2307:frameworks/f407/Drivers/STM32F4xx_HAL_Driver/Src/stm32f4xx_hal_can.c ****   */
2308:frameworks/f407/Drivers/STM32F4xx_HAL_Driver/Src/stm32f4xx_hal_can.c **** __weak void HAL_CAN_SleepCallback(CAN_HandleTypeDef *hcan)
2309:frameworks/f407/Drivers/STM32F4xx_HAL_Driver/Src/stm32f4xx_hal_can.c **** {
 2330              		.loc 1 2309 1 is_stmt 1 view -0
 2331              		.cfi_startproc
 2332              		@ args = 0, pretend = 0, frame = 0
 2333              		@ frame_needed = 0, uses_anonymous_args = 0
 2334              		@ link register save eliminated.
2310:frameworks/f407/Drivers/STM32F4xx_HAL_Driver/Src/stm32f4xx_hal_can.c ****   /* Prevent unused argument(s) compilation warning */
2311:frameworks/f407/Drivers/STM32F4xx_HAL_Driver/Src/stm32f4xx_hal_can.c ****   UNUSED(hcan);
 2335              		.loc 1 2311 3 view .LVU734
2312:frameworks/f407/Drivers/STM32F4xx_HAL_Driver/Src/stm32f4xx_hal_can.c **** 
2313:frameworks/f407/Drivers/STM32F4xx_HAL_Driver/Src/stm32f4xx_hal_can.c ****   /* NOTE : This function Should not be modified, when the callback is needed,
2314:frameworks/f407/Drivers/STM32F4xx_HAL_Driver/Src/stm32f4xx_hal_can.c ****             the HAL_CAN_SleepCallback could be implemented in the user file
2315:frameworks/f407/Drivers/STM32F4xx_HAL_Driver/Src/stm32f4xx_hal_can.c ****    */
2316:frameworks/f407/Drivers/STM32F4xx_HAL_Driver/Src/stm32f4xx_hal_can.c **** }
 2336              		.loc 1 2316 1 is_stmt 0 view .LVU735
 2337 0000 7047     		bx	lr
 2338              		.cfi_endproc
 2339              	.LFE269:
 2341              		.section	.text.HAL_CAN_WakeUpFromRxMsgCallback,"ax",%progbits
 2342              		.align	1
 2343              		.weak	HAL_CAN_WakeUpFromRxMsgCallback
 2344              		.syntax unified
 2345              		.thumb
 2346              		.thumb_func
ARM GAS  C:\Users\honor\AppData\Local\Temp\ccqm0Nze.s 			page 95


 2348              	HAL_CAN_WakeUpFromRxMsgCallback:
 2349              	.LVL173:
 2350              	.LFB270:
2317:frameworks/f407/Drivers/STM32F4xx_HAL_Driver/Src/stm32f4xx_hal_can.c **** 
2318:frameworks/f407/Drivers/STM32F4xx_HAL_Driver/Src/stm32f4xx_hal_can.c **** /**
2319:frameworks/f407/Drivers/STM32F4xx_HAL_Driver/Src/stm32f4xx_hal_can.c ****   * @brief  WakeUp from Rx message callback.
2320:frameworks/f407/Drivers/STM32F4xx_HAL_Driver/Src/stm32f4xx_hal_can.c ****   * @param  hcan pointer to a CAN_HandleTypeDef structure that contains
2321:frameworks/f407/Drivers/STM32F4xx_HAL_Driver/Src/stm32f4xx_hal_can.c ****   *         the configuration information for the specified CAN.
2322:frameworks/f407/Drivers/STM32F4xx_HAL_Driver/Src/stm32f4xx_hal_can.c ****   * @retval None
2323:frameworks/f407/Drivers/STM32F4xx_HAL_Driver/Src/stm32f4xx_hal_can.c ****   */
2324:frameworks/f407/Drivers/STM32F4xx_HAL_Driver/Src/stm32f4xx_hal_can.c **** __weak void HAL_CAN_WakeUpFromRxMsgCallback(CAN_HandleTypeDef *hcan)
2325:frameworks/f407/Drivers/STM32F4xx_HAL_Driver/Src/stm32f4xx_hal_can.c **** {
 2351              		.loc 1 2325 1 is_stmt 1 view -0
 2352              		.cfi_startproc
 2353              		@ args = 0, pretend = 0, frame = 0
 2354              		@ frame_needed = 0, uses_anonymous_args = 0
 2355              		@ link register save eliminated.
2326:frameworks/f407/Drivers/STM32F4xx_HAL_Driver/Src/stm32f4xx_hal_can.c ****   /* Prevent unused argument(s) compilation warning */
2327:frameworks/f407/Drivers/STM32F4xx_HAL_Driver/Src/stm32f4xx_hal_can.c ****   UNUSED(hcan);
 2356              		.loc 1 2327 3 view .LVU737
2328:frameworks/f407/Drivers/STM32F4xx_HAL_Driver/Src/stm32f4xx_hal_can.c **** 
2329:frameworks/f407/Drivers/STM32F4xx_HAL_Driver/Src/stm32f4xx_hal_can.c ****   /* NOTE : This function Should not be modified, when the callback is needed,
2330:frameworks/f407/Drivers/STM32F4xx_HAL_Driver/Src/stm32f4xx_hal_can.c ****             the HAL_CAN_WakeUpFromRxMsgCallback could be implemented in the
2331:frameworks/f407/Drivers/STM32F4xx_HAL_Driver/Src/stm32f4xx_hal_can.c ****             user file
2332:frameworks/f407/Drivers/STM32F4xx_HAL_Driver/Src/stm32f4xx_hal_can.c ****    */
2333:frameworks/f407/Drivers/STM32F4xx_HAL_Driver/Src/stm32f4xx_hal_can.c **** }
 2357              		.loc 1 2333 1 is_stmt 0 view .LVU738
 2358 0000 7047     		bx	lr
 2359              		.cfi_endproc
 2360              	.LFE270:
 2362              		.section	.text.HAL_CAN_ErrorCallback,"ax",%progbits
 2363              		.align	1
 2364              		.weak	HAL_CAN_ErrorCallback
 2365              		.syntax unified
 2366              		.thumb
 2367              		.thumb_func
 2369              	HAL_CAN_ErrorCallback:
 2370              	.LVL174:
 2371              	.LFB271:
2334:frameworks/f407/Drivers/STM32F4xx_HAL_Driver/Src/stm32f4xx_hal_can.c **** 
2335:frameworks/f407/Drivers/STM32F4xx_HAL_Driver/Src/stm32f4xx_hal_can.c **** /**
2336:frameworks/f407/Drivers/STM32F4xx_HAL_Driver/Src/stm32f4xx_hal_can.c ****   * @brief  Error CAN callback.
2337:frameworks/f407/Drivers/STM32F4xx_HAL_Driver/Src/stm32f4xx_hal_can.c ****   * @param  hcan pointer to a CAN_HandleTypeDef structure that contains
2338:frameworks/f407/Drivers/STM32F4xx_HAL_Driver/Src/stm32f4xx_hal_can.c ****   *         the configuration information for the specified CAN.
2339:frameworks/f407/Drivers/STM32F4xx_HAL_Driver/Src/stm32f4xx_hal_can.c ****   * @retval None
2340:frameworks/f407/Drivers/STM32F4xx_HAL_Driver/Src/stm32f4xx_hal_can.c ****   */
2341:frameworks/f407/Drivers/STM32F4xx_HAL_Driver/Src/stm32f4xx_hal_can.c **** __weak void HAL_CAN_ErrorCallback(CAN_HandleTypeDef *hcan)
2342:frameworks/f407/Drivers/STM32F4xx_HAL_Driver/Src/stm32f4xx_hal_can.c **** {
 2372              		.loc 1 2342 1 is_stmt 1 view -0
 2373              		.cfi_startproc
 2374              		@ args = 0, pretend = 0, frame = 0
 2375              		@ frame_needed = 0, uses_anonymous_args = 0
 2376              		@ link register save eliminated.
2343:frameworks/f407/Drivers/STM32F4xx_HAL_Driver/Src/stm32f4xx_hal_can.c ****   /* Prevent unused argument(s) compilation warning */
2344:frameworks/f407/Drivers/STM32F4xx_HAL_Driver/Src/stm32f4xx_hal_can.c ****   UNUSED(hcan);
 2377              		.loc 1 2344 3 view .LVU740
2345:frameworks/f407/Drivers/STM32F4xx_HAL_Driver/Src/stm32f4xx_hal_can.c **** 
ARM GAS  C:\Users\honor\AppData\Local\Temp\ccqm0Nze.s 			page 96


2346:frameworks/f407/Drivers/STM32F4xx_HAL_Driver/Src/stm32f4xx_hal_can.c ****   /* NOTE : This function Should not be modified, when the callback is needed,
2347:frameworks/f407/Drivers/STM32F4xx_HAL_Driver/Src/stm32f4xx_hal_can.c ****             the HAL_CAN_ErrorCallback could be implemented in the user file
2348:frameworks/f407/Drivers/STM32F4xx_HAL_Driver/Src/stm32f4xx_hal_can.c ****    */
2349:frameworks/f407/Drivers/STM32F4xx_HAL_Driver/Src/stm32f4xx_hal_can.c **** }
 2378              		.loc 1 2349 1 is_stmt 0 view .LVU741
 2379 0000 7047     		bx	lr
 2380              		.cfi_endproc
 2381              	.LFE271:
 2383              		.section	.text.HAL_CAN_IRQHandler,"ax",%progbits
 2384              		.align	1
 2385              		.global	HAL_CAN_IRQHandler
 2386              		.syntax unified
 2387              		.thumb
 2388              		.thumb_func
 2390              	HAL_CAN_IRQHandler:
 2391              	.LVL175:
 2392              	.LFB258:
1728:frameworks/f407/Drivers/STM32F4xx_HAL_Driver/Src/stm32f4xx_hal_can.c ****   uint32_t errorcode = HAL_CAN_ERROR_NONE;
 2393              		.loc 1 1728 1 is_stmt 1 view -0
 2394              		.cfi_startproc
 2395              		@ args = 0, pretend = 0, frame = 0
 2396              		@ frame_needed = 0, uses_anonymous_args = 0
1728:frameworks/f407/Drivers/STM32F4xx_HAL_Driver/Src/stm32f4xx_hal_can.c ****   uint32_t errorcode = HAL_CAN_ERROR_NONE;
 2397              		.loc 1 1728 1 is_stmt 0 view .LVU743
 2398 0000 2DE9F84F 		push	{r3, r4, r5, r6, r7, r8, r9, r10, fp, lr}
 2399              	.LCFI14:
 2400              		.cfi_def_cfa_offset 40
 2401              		.cfi_offset 3, -40
 2402              		.cfi_offset 4, -36
 2403              		.cfi_offset 5, -32
 2404              		.cfi_offset 6, -28
 2405              		.cfi_offset 7, -24
 2406              		.cfi_offset 8, -20
 2407              		.cfi_offset 9, -16
 2408              		.cfi_offset 10, -12
 2409              		.cfi_offset 11, -8
 2410              		.cfi_offset 14, -4
 2411 0004 0546     		mov	r5, r0
1729:frameworks/f407/Drivers/STM32F4xx_HAL_Driver/Src/stm32f4xx_hal_can.c ****   uint32_t interrupts = READ_REG(hcan->Instance->IER);
 2412              		.loc 1 1729 3 is_stmt 1 view .LVU744
 2413              	.LVL176:
1730:frameworks/f407/Drivers/STM32F4xx_HAL_Driver/Src/stm32f4xx_hal_can.c ****   uint32_t msrflags = READ_REG(hcan->Instance->MSR);
 2414              		.loc 1 1730 3 view .LVU745
1730:frameworks/f407/Drivers/STM32F4xx_HAL_Driver/Src/stm32f4xx_hal_can.c ****   uint32_t msrflags = READ_REG(hcan->Instance->MSR);
 2415              		.loc 1 1730 25 is_stmt 0 view .LVU746
 2416 0006 0368     		ldr	r3, [r0]
1730:frameworks/f407/Drivers/STM32F4xx_HAL_Driver/Src/stm32f4xx_hal_can.c ****   uint32_t msrflags = READ_REG(hcan->Instance->MSR);
 2417              		.loc 1 1730 12 view .LVU747
 2418 0008 5C69     		ldr	r4, [r3, #20]
 2419              	.LVL177:
1731:frameworks/f407/Drivers/STM32F4xx_HAL_Driver/Src/stm32f4xx_hal_can.c ****   uint32_t tsrflags = READ_REG(hcan->Instance->TSR);
 2420              		.loc 1 1731 3 is_stmt 1 view .LVU748
1731:frameworks/f407/Drivers/STM32F4xx_HAL_Driver/Src/stm32f4xx_hal_can.c ****   uint32_t tsrflags = READ_REG(hcan->Instance->TSR);
 2421              		.loc 1 1731 12 is_stmt 0 view .LVU749
 2422 000a D3F80480 		ldr	r8, [r3, #4]
 2423              	.LVL178:
1732:frameworks/f407/Drivers/STM32F4xx_HAL_Driver/Src/stm32f4xx_hal_can.c ****   uint32_t rf0rflags = READ_REG(hcan->Instance->RF0R);
ARM GAS  C:\Users\honor\AppData\Local\Temp\ccqm0Nze.s 			page 97


 2424              		.loc 1 1732 3 is_stmt 1 view .LVU750
1732:frameworks/f407/Drivers/STM32F4xx_HAL_Driver/Src/stm32f4xx_hal_can.c ****   uint32_t rf0rflags = READ_REG(hcan->Instance->RF0R);
 2425              		.loc 1 1732 12 is_stmt 0 view .LVU751
 2426 000e 9F68     		ldr	r7, [r3, #8]
 2427              	.LVL179:
1733:frameworks/f407/Drivers/STM32F4xx_HAL_Driver/Src/stm32f4xx_hal_can.c ****   uint32_t rf1rflags = READ_REG(hcan->Instance->RF1R);
 2428              		.loc 1 1733 3 is_stmt 1 view .LVU752
1733:frameworks/f407/Drivers/STM32F4xx_HAL_Driver/Src/stm32f4xx_hal_can.c ****   uint32_t rf1rflags = READ_REG(hcan->Instance->RF1R);
 2429              		.loc 1 1733 12 is_stmt 0 view .LVU753
 2430 0010 D3F80CB0 		ldr	fp, [r3, #12]
 2431              	.LVL180:
1734:frameworks/f407/Drivers/STM32F4xx_HAL_Driver/Src/stm32f4xx_hal_can.c ****   uint32_t esrflags = READ_REG(hcan->Instance->ESR);
 2432              		.loc 1 1734 3 is_stmt 1 view .LVU754
1734:frameworks/f407/Drivers/STM32F4xx_HAL_Driver/Src/stm32f4xx_hal_can.c ****   uint32_t esrflags = READ_REG(hcan->Instance->ESR);
 2433              		.loc 1 1734 12 is_stmt 0 view .LVU755
 2434 0014 D3F810A0 		ldr	r10, [r3, #16]
 2435              	.LVL181:
1735:frameworks/f407/Drivers/STM32F4xx_HAL_Driver/Src/stm32f4xx_hal_can.c **** 
 2436              		.loc 1 1735 3 is_stmt 1 view .LVU756
1735:frameworks/f407/Drivers/STM32F4xx_HAL_Driver/Src/stm32f4xx_hal_can.c **** 
 2437              		.loc 1 1735 12 is_stmt 0 view .LVU757
 2438 0018 D3F81890 		ldr	r9, [r3, #24]
 2439              	.LVL182:
1738:frameworks/f407/Drivers/STM32F4xx_HAL_Driver/Src/stm32f4xx_hal_can.c ****   {
 2440              		.loc 1 1738 3 is_stmt 1 view .LVU758
1738:frameworks/f407/Drivers/STM32F4xx_HAL_Driver/Src/stm32f4xx_hal_can.c ****   {
 2441              		.loc 1 1738 6 is_stmt 0 view .LVU759
 2442 001c 14F00106 		ands	r6, r4, #1
 2443 0020 3BD0     		beq	.L173
1741:frameworks/f407/Drivers/STM32F4xx_HAL_Driver/Src/stm32f4xx_hal_can.c ****     {
 2444              		.loc 1 1741 5 is_stmt 1 view .LVU760
1741:frameworks/f407/Drivers/STM32F4xx_HAL_Driver/Src/stm32f4xx_hal_can.c ****     {
 2445              		.loc 1 1741 8 is_stmt 0 view .LVU761
 2446 0022 17F00106 		ands	r6, r7, #1
 2447 0026 16D0     		beq	.L174
1744:frameworks/f407/Drivers/STM32F4xx_HAL_Driver/Src/stm32f4xx_hal_can.c **** 
 2448              		.loc 1 1744 7 is_stmt 1 view .LVU762
 2449 0028 0122     		movs	r2, #1
 2450 002a 9A60     		str	r2, [r3, #8]
1746:frameworks/f407/Drivers/STM32F4xx_HAL_Driver/Src/stm32f4xx_hal_can.c ****       {
 2451              		.loc 1 1746 7 view .LVU763
1746:frameworks/f407/Drivers/STM32F4xx_HAL_Driver/Src/stm32f4xx_hal_can.c ****       {
 2452              		.loc 1 1746 10 is_stmt 0 view .LVU764
 2453 002c 17F0020F 		tst	r7, #2
 2454 0030 08D1     		bne	.L208
1759:frameworks/f407/Drivers/STM32F4xx_HAL_Driver/Src/stm32f4xx_hal_can.c ****         {
 2455              		.loc 1 1759 9 is_stmt 1 view .LVU765
1759:frameworks/f407/Drivers/STM32F4xx_HAL_Driver/Src/stm32f4xx_hal_can.c ****         {
 2456              		.loc 1 1759 12 is_stmt 0 view .LVU766
 2457 0032 17F0040F 		tst	r7, #4
 2458 0036 0CD1     		bne	.L205
1764:frameworks/f407/Drivers/STM32F4xx_HAL_Driver/Src/stm32f4xx_hal_can.c ****         {
 2459              		.loc 1 1764 14 is_stmt 1 view .LVU767
1764:frameworks/f407/Drivers/STM32F4xx_HAL_Driver/Src/stm32f4xx_hal_can.c ****         {
 2460              		.loc 1 1764 17 is_stmt 0 view .LVU768
 2461 0038 17F00806 		ands	r6, r7, #8
 2462 003c 06D0     		beq	.L209
ARM GAS  C:\Users\honor\AppData\Local\Temp\ccqm0Nze.s 			page 98


1767:frameworks/f407/Drivers/STM32F4xx_HAL_Driver/Src/stm32f4xx_hal_can.c ****         }
 2463              		.loc 1 1767 21 view .LVU769
 2464 003e 4FF48056 		mov	r6, #4096
 2465 0042 08E0     		b	.L174
 2466              	.L208:
1754:frameworks/f407/Drivers/STM32F4xx_HAL_Driver/Src/stm32f4xx_hal_can.c **** #endif /* USE_HAL_CAN_REGISTER_CALLBACKS */
 2467              		.loc 1 1754 9 is_stmt 1 view .LVU770
 2468 0044 FFF7FEFF 		bl	HAL_CAN_TxMailbox0CompleteCallback
 2469              	.LVL183:
1729:frameworks/f407/Drivers/STM32F4xx_HAL_Driver/Src/stm32f4xx_hal_can.c ****   uint32_t interrupts = READ_REG(hcan->Instance->IER);
 2470              		.loc 1 1729 12 is_stmt 0 view .LVU771
 2471 0048 0026     		movs	r6, #0
 2472 004a 04E0     		b	.L174
 2473              	.LVL184:
 2474              	.L209:
1777:frameworks/f407/Drivers/STM32F4xx_HAL_Driver/Src/stm32f4xx_hal_can.c **** #endif /* USE_HAL_CAN_REGISTER_CALLBACKS */
 2475              		.loc 1 1777 11 is_stmt 1 view .LVU772
 2476 004c FFF7FEFF 		bl	HAL_CAN_TxMailbox0AbortCallback
 2477              	.LVL185:
1777:frameworks/f407/Drivers/STM32F4xx_HAL_Driver/Src/stm32f4xx_hal_can.c **** #endif /* USE_HAL_CAN_REGISTER_CALLBACKS */
 2478              		.loc 1 1777 11 is_stmt 0 view .LVU773
 2479 0050 01E0     		b	.L174
 2480              	.LVL186:
 2481              	.L205:
1762:frameworks/f407/Drivers/STM32F4xx_HAL_Driver/Src/stm32f4xx_hal_can.c ****         }
 2482              		.loc 1 1762 21 view .LVU774
 2483 0052 4FF40066 		mov	r6, #2048
 2484              	.LVL187:
 2485              	.L174:
1784:frameworks/f407/Drivers/STM32F4xx_HAL_Driver/Src/stm32f4xx_hal_can.c ****     {
 2486              		.loc 1 1784 5 is_stmt 1 view .LVU775
1784:frameworks/f407/Drivers/STM32F4xx_HAL_Driver/Src/stm32f4xx_hal_can.c ****     {
 2487              		.loc 1 1784 8 is_stmt 0 view .LVU776
 2488 0056 17F4807F 		tst	r7, #256
 2489 005a 0DD0     		beq	.L176
1787:frameworks/f407/Drivers/STM32F4xx_HAL_Driver/Src/stm32f4xx_hal_can.c **** 
 2490              		.loc 1 1787 7 is_stmt 1 view .LVU777
 2491 005c 2B68     		ldr	r3, [r5]
 2492 005e 4FF48072 		mov	r2, #256
 2493 0062 9A60     		str	r2, [r3, #8]
1789:frameworks/f407/Drivers/STM32F4xx_HAL_Driver/Src/stm32f4xx_hal_can.c ****       {
 2494              		.loc 1 1789 7 view .LVU778
1789:frameworks/f407/Drivers/STM32F4xx_HAL_Driver/Src/stm32f4xx_hal_can.c ****       {
 2495              		.loc 1 1789 10 is_stmt 0 view .LVU779
 2496 0064 17F4007F 		tst	r7, #512
 2497 0068 40F08680 		bne	.L210
1802:frameworks/f407/Drivers/STM32F4xx_HAL_Driver/Src/stm32f4xx_hal_can.c ****         {
 2498              		.loc 1 1802 9 is_stmt 1 view .LVU780
1802:frameworks/f407/Drivers/STM32F4xx_HAL_Driver/Src/stm32f4xx_hal_can.c ****         {
 2499              		.loc 1 1802 12 is_stmt 0 view .LVU781
 2500 006c 17F4806F 		tst	r7, #1024
 2501 0070 00F08680 		beq	.L178
1805:frameworks/f407/Drivers/STM32F4xx_HAL_Driver/Src/stm32f4xx_hal_can.c ****         }
 2502              		.loc 1 1805 11 is_stmt 1 view .LVU782
1805:frameworks/f407/Drivers/STM32F4xx_HAL_Driver/Src/stm32f4xx_hal_can.c ****         }
 2503              		.loc 1 1805 21 is_stmt 0 view .LVU783
 2504 0074 46F40056 		orr	r6, r6, #8192
ARM GAS  C:\Users\honor\AppData\Local\Temp\ccqm0Nze.s 			page 99


 2505              	.LVL188:
 2506              	.L176:
1827:frameworks/f407/Drivers/STM32F4xx_HAL_Driver/Src/stm32f4xx_hal_can.c ****     {
 2507              		.loc 1 1827 5 is_stmt 1 view .LVU784
1827:frameworks/f407/Drivers/STM32F4xx_HAL_Driver/Src/stm32f4xx_hal_can.c ****     {
 2508              		.loc 1 1827 8 is_stmt 0 view .LVU785
 2509 0078 17F4803F 		tst	r7, #65536
 2510 007c 0DD0     		beq	.L173
1830:frameworks/f407/Drivers/STM32F4xx_HAL_Driver/Src/stm32f4xx_hal_can.c **** 
 2511              		.loc 1 1830 7 is_stmt 1 view .LVU786
 2512 007e 2B68     		ldr	r3, [r5]
 2513 0080 4FF48032 		mov	r2, #65536
 2514 0084 9A60     		str	r2, [r3, #8]
1832:frameworks/f407/Drivers/STM32F4xx_HAL_Driver/Src/stm32f4xx_hal_can.c ****       {
 2515              		.loc 1 1832 7 view .LVU787
1832:frameworks/f407/Drivers/STM32F4xx_HAL_Driver/Src/stm32f4xx_hal_can.c ****       {
 2516              		.loc 1 1832 10 is_stmt 0 view .LVU788
 2517 0086 17F4003F 		tst	r7, #131072
 2518 008a 40F08380 		bne	.L211
1845:frameworks/f407/Drivers/STM32F4xx_HAL_Driver/Src/stm32f4xx_hal_can.c ****         {
 2519              		.loc 1 1845 9 is_stmt 1 view .LVU789
1845:frameworks/f407/Drivers/STM32F4xx_HAL_Driver/Src/stm32f4xx_hal_can.c ****         {
 2520              		.loc 1 1845 12 is_stmt 0 view .LVU790
 2521 008e 17F4802F 		tst	r7, #262144
 2522 0092 00F08380 		beq	.L181
1848:frameworks/f407/Drivers/STM32F4xx_HAL_Driver/Src/stm32f4xx_hal_can.c ****         }
 2523              		.loc 1 1848 11 is_stmt 1 view .LVU791
1848:frameworks/f407/Drivers/STM32F4xx_HAL_Driver/Src/stm32f4xx_hal_can.c ****         }
 2524              		.loc 1 1848 21 is_stmt 0 view .LVU792
 2525 0096 46F40046 		orr	r6, r6, #32768
 2526              	.LVL189:
 2527              	.L173:
1871:frameworks/f407/Drivers/STM32F4xx_HAL_Driver/Src/stm32f4xx_hal_can.c ****   {
 2528              		.loc 1 1871 3 is_stmt 1 view .LVU793
1871:frameworks/f407/Drivers/STM32F4xx_HAL_Driver/Src/stm32f4xx_hal_can.c ****   {
 2529              		.loc 1 1871 6 is_stmt 0 view .LVU794
 2530 009a 14F0080F 		tst	r4, #8
 2531 009e 07D0     		beq	.L183
1873:frameworks/f407/Drivers/STM32F4xx_HAL_Driver/Src/stm32f4xx_hal_can.c ****     {
 2532              		.loc 1 1873 5 is_stmt 1 view .LVU795
1873:frameworks/f407/Drivers/STM32F4xx_HAL_Driver/Src/stm32f4xx_hal_can.c ****     {
 2533              		.loc 1 1873 8 is_stmt 0 view .LVU796
 2534 00a0 1BF0100F 		tst	fp, #16
 2535 00a4 04D0     		beq	.L183
1876:frameworks/f407/Drivers/STM32F4xx_HAL_Driver/Src/stm32f4xx_hal_can.c **** 
 2536              		.loc 1 1876 7 is_stmt 1 view .LVU797
1876:frameworks/f407/Drivers/STM32F4xx_HAL_Driver/Src/stm32f4xx_hal_can.c **** 
 2537              		.loc 1 1876 17 is_stmt 0 view .LVU798
 2538 00a6 46F40076 		orr	r6, r6, #512
 2539              	.LVL190:
1879:frameworks/f407/Drivers/STM32F4xx_HAL_Driver/Src/stm32f4xx_hal_can.c ****     }
 2540              		.loc 1 1879 7 is_stmt 1 view .LVU799
 2541 00aa 2B68     		ldr	r3, [r5]
 2542 00ac 1022     		movs	r2, #16
 2543 00ae DA60     		str	r2, [r3, #12]
 2544              	.L183:
1884:frameworks/f407/Drivers/STM32F4xx_HAL_Driver/Src/stm32f4xx_hal_can.c ****   {
ARM GAS  C:\Users\honor\AppData\Local\Temp\ccqm0Nze.s 			page 100


 2545              		.loc 1 1884 3 view .LVU800
1884:frameworks/f407/Drivers/STM32F4xx_HAL_Driver/Src/stm32f4xx_hal_can.c ****   {
 2546              		.loc 1 1884 6 is_stmt 0 view .LVU801
 2547 00b0 14F0040F 		tst	r4, #4
 2548 00b4 02D0     		beq	.L184
1886:frameworks/f407/Drivers/STM32F4xx_HAL_Driver/Src/stm32f4xx_hal_can.c ****     {
 2549              		.loc 1 1886 5 is_stmt 1 view .LVU802
1886:frameworks/f407/Drivers/STM32F4xx_HAL_Driver/Src/stm32f4xx_hal_can.c ****     {
 2550              		.loc 1 1886 8 is_stmt 0 view .LVU803
 2551 00b6 1BF0080F 		tst	fp, #8
 2552 00ba 79D1     		bne	.L212
 2553              	.L184:
1903:frameworks/f407/Drivers/STM32F4xx_HAL_Driver/Src/stm32f4xx_hal_can.c ****   {
 2554              		.loc 1 1903 3 is_stmt 1 view .LVU804
1903:frameworks/f407/Drivers/STM32F4xx_HAL_Driver/Src/stm32f4xx_hal_can.c ****   {
 2555              		.loc 1 1903 6 is_stmt 0 view .LVU805
 2556 00bc 14F0020F 		tst	r4, #2
 2557 00c0 04D0     		beq	.L185
1906:frameworks/f407/Drivers/STM32F4xx_HAL_Driver/Src/stm32f4xx_hal_can.c ****     {
 2558              		.loc 1 1906 5 is_stmt 1 view .LVU806
1906:frameworks/f407/Drivers/STM32F4xx_HAL_Driver/Src/stm32f4xx_hal_can.c ****     {
 2559              		.loc 1 1906 14 is_stmt 0 view .LVU807
 2560 00c2 2B68     		ldr	r3, [r5]
1906:frameworks/f407/Drivers/STM32F4xx_HAL_Driver/Src/stm32f4xx_hal_can.c ****     {
 2561              		.loc 1 1906 24 view .LVU808
 2562 00c4 DB68     		ldr	r3, [r3, #12]
1906:frameworks/f407/Drivers/STM32F4xx_HAL_Driver/Src/stm32f4xx_hal_can.c ****     {
 2563              		.loc 1 1906 8 view .LVU809
 2564 00c6 13F0030F 		tst	r3, #3
 2565 00ca 78D1     		bne	.L213
 2566              	.L185:
1920:frameworks/f407/Drivers/STM32F4xx_HAL_Driver/Src/stm32f4xx_hal_can.c ****   {
 2567              		.loc 1 1920 3 is_stmt 1 view .LVU810
1920:frameworks/f407/Drivers/STM32F4xx_HAL_Driver/Src/stm32f4xx_hal_can.c ****   {
 2568              		.loc 1 1920 6 is_stmt 0 view .LVU811
 2569 00cc 14F0400F 		tst	r4, #64
 2570 00d0 07D0     		beq	.L186
1922:frameworks/f407/Drivers/STM32F4xx_HAL_Driver/Src/stm32f4xx_hal_can.c ****     {
 2571              		.loc 1 1922 5 is_stmt 1 view .LVU812
1922:frameworks/f407/Drivers/STM32F4xx_HAL_Driver/Src/stm32f4xx_hal_can.c ****     {
 2572              		.loc 1 1922 8 is_stmt 0 view .LVU813
 2573 00d2 1AF0100F 		tst	r10, #16
 2574 00d6 04D0     		beq	.L186
1925:frameworks/f407/Drivers/STM32F4xx_HAL_Driver/Src/stm32f4xx_hal_can.c **** 
 2575              		.loc 1 1925 7 is_stmt 1 view .LVU814
1925:frameworks/f407/Drivers/STM32F4xx_HAL_Driver/Src/stm32f4xx_hal_can.c **** 
 2576              		.loc 1 1925 17 is_stmt 0 view .LVU815
 2577 00d8 46F48066 		orr	r6, r6, #1024
 2578              	.LVL191:
1928:frameworks/f407/Drivers/STM32F4xx_HAL_Driver/Src/stm32f4xx_hal_can.c ****     }
 2579              		.loc 1 1928 7 is_stmt 1 view .LVU816
 2580 00dc 2B68     		ldr	r3, [r5]
 2581 00de 1022     		movs	r2, #16
 2582 00e0 1A61     		str	r2, [r3, #16]
 2583              	.L186:
1933:frameworks/f407/Drivers/STM32F4xx_HAL_Driver/Src/stm32f4xx_hal_can.c ****   {
 2584              		.loc 1 1933 3 view .LVU817
ARM GAS  C:\Users\honor\AppData\Local\Temp\ccqm0Nze.s 			page 101


1933:frameworks/f407/Drivers/STM32F4xx_HAL_Driver/Src/stm32f4xx_hal_can.c ****   {
 2585              		.loc 1 1933 6 is_stmt 0 view .LVU818
 2586 00e2 14F0200F 		tst	r4, #32
 2587 00e6 02D0     		beq	.L187
1935:frameworks/f407/Drivers/STM32F4xx_HAL_Driver/Src/stm32f4xx_hal_can.c ****     {
 2588              		.loc 1 1935 5 is_stmt 1 view .LVU819
1935:frameworks/f407/Drivers/STM32F4xx_HAL_Driver/Src/stm32f4xx_hal_can.c ****     {
 2589              		.loc 1 1935 8 is_stmt 0 view .LVU820
 2590 00e8 1AF0080F 		tst	r10, #8
 2591 00ec 6BD1     		bne	.L214
 2592              	.L187:
1952:frameworks/f407/Drivers/STM32F4xx_HAL_Driver/Src/stm32f4xx_hal_can.c ****   {
 2593              		.loc 1 1952 3 is_stmt 1 view .LVU821
1952:frameworks/f407/Drivers/STM32F4xx_HAL_Driver/Src/stm32f4xx_hal_can.c ****   {
 2594              		.loc 1 1952 6 is_stmt 0 view .LVU822
 2595 00ee 14F0100F 		tst	r4, #16
 2596 00f2 04D0     		beq	.L188
1955:frameworks/f407/Drivers/STM32F4xx_HAL_Driver/Src/stm32f4xx_hal_can.c ****     {
 2597              		.loc 1 1955 5 is_stmt 1 view .LVU823
1955:frameworks/f407/Drivers/STM32F4xx_HAL_Driver/Src/stm32f4xx_hal_can.c ****     {
 2598              		.loc 1 1955 14 is_stmt 0 view .LVU824
 2599 00f4 2B68     		ldr	r3, [r5]
1955:frameworks/f407/Drivers/STM32F4xx_HAL_Driver/Src/stm32f4xx_hal_can.c ****     {
 2600              		.loc 1 1955 24 view .LVU825
 2601 00f6 1B69     		ldr	r3, [r3, #16]
1955:frameworks/f407/Drivers/STM32F4xx_HAL_Driver/Src/stm32f4xx_hal_can.c ****     {
 2602              		.loc 1 1955 8 view .LVU826
 2603 00f8 13F0030F 		tst	r3, #3
 2604 00fc 6AD1     		bne	.L215
 2605              	.L188:
1969:frameworks/f407/Drivers/STM32F4xx_HAL_Driver/Src/stm32f4xx_hal_can.c ****   {
 2606              		.loc 1 1969 3 is_stmt 1 view .LVU827
1969:frameworks/f407/Drivers/STM32F4xx_HAL_Driver/Src/stm32f4xx_hal_can.c ****   {
 2607              		.loc 1 1969 6 is_stmt 0 view .LVU828
 2608 00fe 14F4003F 		tst	r4, #131072
 2609 0102 02D0     		beq	.L189
1971:frameworks/f407/Drivers/STM32F4xx_HAL_Driver/Src/stm32f4xx_hal_can.c ****     {
 2610              		.loc 1 1971 5 is_stmt 1 view .LVU829
1971:frameworks/f407/Drivers/STM32F4xx_HAL_Driver/Src/stm32f4xx_hal_can.c ****     {
 2611              		.loc 1 1971 8 is_stmt 0 view .LVU830
 2612 0104 18F0100F 		tst	r8, #16
 2613 0108 68D1     		bne	.L216
 2614              	.L189:
1988:frameworks/f407/Drivers/STM32F4xx_HAL_Driver/Src/stm32f4xx_hal_can.c ****   {
 2615              		.loc 1 1988 3 is_stmt 1 view .LVU831
1988:frameworks/f407/Drivers/STM32F4xx_HAL_Driver/Src/stm32f4xx_hal_can.c ****   {
 2616              		.loc 1 1988 6 is_stmt 0 view .LVU832
 2617 010a 14F4803F 		tst	r4, #65536
 2618 010e 02D0     		beq	.L190
1990:frameworks/f407/Drivers/STM32F4xx_HAL_Driver/Src/stm32f4xx_hal_can.c ****     {
 2619              		.loc 1 1990 5 is_stmt 1 view .LVU833
1990:frameworks/f407/Drivers/STM32F4xx_HAL_Driver/Src/stm32f4xx_hal_can.c ****     {
 2620              		.loc 1 1990 8 is_stmt 0 view .LVU834
 2621 0110 18F0080F 		tst	r8, #8
 2622 0114 69D1     		bne	.L217
 2623              	.L190:
2007:frameworks/f407/Drivers/STM32F4xx_HAL_Driver/Src/stm32f4xx_hal_can.c ****   {
ARM GAS  C:\Users\honor\AppData\Local\Temp\ccqm0Nze.s 			page 102


 2624              		.loc 1 2007 3 is_stmt 1 view .LVU835
2007:frameworks/f407/Drivers/STM32F4xx_HAL_Driver/Src/stm32f4xx_hal_can.c ****   {
 2625              		.loc 1 2007 6 is_stmt 0 view .LVU836
 2626 0116 14F4004F 		tst	r4, #32768
 2627 011a 7AD0     		beq	.L191
2009:frameworks/f407/Drivers/STM32F4xx_HAL_Driver/Src/stm32f4xx_hal_can.c ****     {
 2628              		.loc 1 2009 5 is_stmt 1 view .LVU837
2009:frameworks/f407/Drivers/STM32F4xx_HAL_Driver/Src/stm32f4xx_hal_can.c ****     {
 2629              		.loc 1 2009 8 is_stmt 0 view .LVU838
 2630 011c 18F0040F 		tst	r8, #4
 2631 0120 74D0     		beq	.L192
2012:frameworks/f407/Drivers/STM32F4xx_HAL_Driver/Src/stm32f4xx_hal_can.c ****           ((esrflags & CAN_ESR_EWGF) != 0U))
 2632              		.loc 1 2012 7 is_stmt 1 view .LVU839
2012:frameworks/f407/Drivers/STM32F4xx_HAL_Driver/Src/stm32f4xx_hal_can.c ****           ((esrflags & CAN_ESR_EWGF) != 0U))
 2633              		.loc 1 2012 10 is_stmt 0 view .LVU840
 2634 0122 14F4807F 		tst	r4, #256
 2635 0126 04D0     		beq	.L193
2012:frameworks/f407/Drivers/STM32F4xx_HAL_Driver/Src/stm32f4xx_hal_can.c ****           ((esrflags & CAN_ESR_EWGF) != 0U))
 2636              		.loc 1 2012 55 discriminator 1 view .LVU841
 2637 0128 19F0010F 		tst	r9, #1
 2638 012c 01D0     		beq	.L193
2016:frameworks/f407/Drivers/STM32F4xx_HAL_Driver/Src/stm32f4xx_hal_can.c **** 
 2639              		.loc 1 2016 9 is_stmt 1 view .LVU842
2016:frameworks/f407/Drivers/STM32F4xx_HAL_Driver/Src/stm32f4xx_hal_can.c **** 
 2640              		.loc 1 2016 19 is_stmt 0 view .LVU843
 2641 012e 46F00106 		orr	r6, r6, #1
 2642              	.LVL192:
 2643              	.L193:
2022:frameworks/f407/Drivers/STM32F4xx_HAL_Driver/Src/stm32f4xx_hal_can.c ****           ((esrflags & CAN_ESR_EPVF) != 0U))
 2644              		.loc 1 2022 7 is_stmt 1 view .LVU844
2022:frameworks/f407/Drivers/STM32F4xx_HAL_Driver/Src/stm32f4xx_hal_can.c ****           ((esrflags & CAN_ESR_EPVF) != 0U))
 2645              		.loc 1 2022 10 is_stmt 0 view .LVU845
 2646 0132 14F4007F 		tst	r4, #512
 2647 0136 04D0     		beq	.L194
2022:frameworks/f407/Drivers/STM32F4xx_HAL_Driver/Src/stm32f4xx_hal_can.c ****           ((esrflags & CAN_ESR_EPVF) != 0U))
 2648              		.loc 1 2022 55 discriminator 1 view .LVU846
 2649 0138 19F0020F 		tst	r9, #2
 2650 013c 01D0     		beq	.L194
2026:frameworks/f407/Drivers/STM32F4xx_HAL_Driver/Src/stm32f4xx_hal_can.c **** 
 2651              		.loc 1 2026 9 is_stmt 1 view .LVU847
2026:frameworks/f407/Drivers/STM32F4xx_HAL_Driver/Src/stm32f4xx_hal_can.c **** 
 2652              		.loc 1 2026 19 is_stmt 0 view .LVU848
 2653 013e 46F00206 		orr	r6, r6, #2
 2654              	.LVL193:
 2655              	.L194:
2032:frameworks/f407/Drivers/STM32F4xx_HAL_Driver/Src/stm32f4xx_hal_can.c ****           ((esrflags & CAN_ESR_BOFF) != 0U))
 2656              		.loc 1 2032 7 is_stmt 1 view .LVU849
2032:frameworks/f407/Drivers/STM32F4xx_HAL_Driver/Src/stm32f4xx_hal_can.c ****           ((esrflags & CAN_ESR_BOFF) != 0U))
 2657              		.loc 1 2032 10 is_stmt 0 view .LVU850
 2658 0142 14F4806F 		tst	r4, #1024
 2659 0146 04D0     		beq	.L195
2032:frameworks/f407/Drivers/STM32F4xx_HAL_Driver/Src/stm32f4xx_hal_can.c ****           ((esrflags & CAN_ESR_BOFF) != 0U))
 2660              		.loc 1 2032 48 discriminator 1 view .LVU851
 2661 0148 19F0040F 		tst	r9, #4
 2662 014c 01D0     		beq	.L195
2036:frameworks/f407/Drivers/STM32F4xx_HAL_Driver/Src/stm32f4xx_hal_can.c **** 
 2663              		.loc 1 2036 9 is_stmt 1 view .LVU852
ARM GAS  C:\Users\honor\AppData\Local\Temp\ccqm0Nze.s 			page 103


2036:frameworks/f407/Drivers/STM32F4xx_HAL_Driver/Src/stm32f4xx_hal_can.c **** 
 2664              		.loc 1 2036 19 is_stmt 0 view .LVU853
 2665 014e 46F00406 		orr	r6, r6, #4
 2666              	.LVL194:
 2667              	.L195:
2042:frameworks/f407/Drivers/STM32F4xx_HAL_Driver/Src/stm32f4xx_hal_can.c ****           ((esrflags & CAN_ESR_LEC) != 0U))
 2668              		.loc 1 2042 7 is_stmt 1 view .LVU854
2042:frameworks/f407/Drivers/STM32F4xx_HAL_Driver/Src/stm32f4xx_hal_can.c ****           ((esrflags & CAN_ESR_LEC) != 0U))
 2669              		.loc 1 2042 10 is_stmt 0 view .LVU855
 2670 0152 14F4006F 		tst	r4, #2048
 2671 0156 59D0     		beq	.L192
2042:frameworks/f407/Drivers/STM32F4xx_HAL_Driver/Src/stm32f4xx_hal_can.c ****           ((esrflags & CAN_ESR_LEC) != 0U))
 2672              		.loc 1 2042 57 discriminator 1 view .LVU856
 2673 0158 19F07009 		ands	r9, r9, #112
 2674              	.LVL195:
2042:frameworks/f407/Drivers/STM32F4xx_HAL_Driver/Src/stm32f4xx_hal_can.c ****           ((esrflags & CAN_ESR_LEC) != 0U))
 2675              		.loc 1 2042 57 discriminator 1 view .LVU857
 2676 015c 56D0     		beq	.L192
2045:frameworks/f407/Drivers/STM32F4xx_HAL_Driver/Src/stm32f4xx_hal_can.c ****         {
 2677              		.loc 1 2045 9 is_stmt 1 view .LVU858
 2678 015e B9F1400F 		cmp	r9, #64
 2679 0162 65D0     		beq	.L196
 2680 0164 58D8     		bhi	.L197
 2681 0166 B9F1200F 		cmp	r9, #32
 2682 016a 5ED0     		beq	.L198
 2683 016c B9F1300F 		cmp	r9, #48
 2684 0170 42D1     		bne	.L218
2057:frameworks/f407/Drivers/STM32F4xx_HAL_Driver/Src/stm32f4xx_hal_can.c ****             break;
 2685              		.loc 1 2057 13 view .LVU859
2057:frameworks/f407/Drivers/STM32F4xx_HAL_Driver/Src/stm32f4xx_hal_can.c ****             break;
 2686              		.loc 1 2057 23 is_stmt 0 view .LVU860
 2687 0172 46F02006 		orr	r6, r6, #32
 2688              	.LVL196:
2058:frameworks/f407/Drivers/STM32F4xx_HAL_Driver/Src/stm32f4xx_hal_can.c ****           case (CAN_ESR_LEC_2):
 2689              		.loc 1 2058 13 is_stmt 1 view .LVU861
 2690 0176 44E0     		b	.L201
 2691              	.LVL197:
 2692              	.L210:
1797:frameworks/f407/Drivers/STM32F4xx_HAL_Driver/Src/stm32f4xx_hal_can.c **** #endif /* USE_HAL_CAN_REGISTER_CALLBACKS */
 2693              		.loc 1 1797 9 view .LVU862
 2694 0178 2846     		mov	r0, r5
 2695 017a FFF7FEFF 		bl	HAL_CAN_TxMailbox1CompleteCallback
 2696              	.LVL198:
 2697 017e 7BE7     		b	.L176
 2698              	.L178:
1807:frameworks/f407/Drivers/STM32F4xx_HAL_Driver/Src/stm32f4xx_hal_can.c ****         {
 2699              		.loc 1 1807 14 view .LVU863
1807:frameworks/f407/Drivers/STM32F4xx_HAL_Driver/Src/stm32f4xx_hal_can.c ****         {
 2700              		.loc 1 1807 17 is_stmt 0 view .LVU864
 2701 0180 17F4006F 		tst	r7, #2048
 2702 0184 02D0     		beq	.L179
1810:frameworks/f407/Drivers/STM32F4xx_HAL_Driver/Src/stm32f4xx_hal_can.c ****         }
 2703              		.loc 1 1810 11 is_stmt 1 view .LVU865
1810:frameworks/f407/Drivers/STM32F4xx_HAL_Driver/Src/stm32f4xx_hal_can.c ****         }
 2704              		.loc 1 1810 21 is_stmt 0 view .LVU866
 2705 0186 46F48046 		orr	r6, r6, #16384
 2706              	.LVL199:
ARM GAS  C:\Users\honor\AppData\Local\Temp\ccqm0Nze.s 			page 104


1810:frameworks/f407/Drivers/STM32F4xx_HAL_Driver/Src/stm32f4xx_hal_can.c ****         }
 2707              		.loc 1 1810 21 view .LVU867
 2708 018a 75E7     		b	.L176
 2709              	.L179:
1820:frameworks/f407/Drivers/STM32F4xx_HAL_Driver/Src/stm32f4xx_hal_can.c **** #endif /* USE_HAL_CAN_REGISTER_CALLBACKS */
 2710              		.loc 1 1820 11 is_stmt 1 view .LVU868
 2711 018c 2846     		mov	r0, r5
 2712 018e FFF7FEFF 		bl	HAL_CAN_TxMailbox1AbortCallback
 2713              	.LVL200:
 2714 0192 71E7     		b	.L176
 2715              	.L211:
1840:frameworks/f407/Drivers/STM32F4xx_HAL_Driver/Src/stm32f4xx_hal_can.c **** #endif /* USE_HAL_CAN_REGISTER_CALLBACKS */
 2716              		.loc 1 1840 9 view .LVU869
 2717 0194 2846     		mov	r0, r5
 2718 0196 FFF7FEFF 		bl	HAL_CAN_TxMailbox2CompleteCallback
 2719              	.LVL201:
 2720 019a 7EE7     		b	.L173
 2721              	.L181:
1850:frameworks/f407/Drivers/STM32F4xx_HAL_Driver/Src/stm32f4xx_hal_can.c ****         {
 2722              		.loc 1 1850 14 view .LVU870
1850:frameworks/f407/Drivers/STM32F4xx_HAL_Driver/Src/stm32f4xx_hal_can.c ****         {
 2723              		.loc 1 1850 17 is_stmt 0 view .LVU871
 2724 019c 17F4002F 		tst	r7, #524288
 2725 01a0 02D0     		beq	.L182
1853:frameworks/f407/Drivers/STM32F4xx_HAL_Driver/Src/stm32f4xx_hal_can.c ****         }
 2726              		.loc 1 1853 11 is_stmt 1 view .LVU872
1853:frameworks/f407/Drivers/STM32F4xx_HAL_Driver/Src/stm32f4xx_hal_can.c ****         }
 2727              		.loc 1 1853 21 is_stmt 0 view .LVU873
 2728 01a2 46F48036 		orr	r6, r6, #65536
 2729              	.LVL202:
1853:frameworks/f407/Drivers/STM32F4xx_HAL_Driver/Src/stm32f4xx_hal_can.c ****         }
 2730              		.loc 1 1853 21 view .LVU874
 2731 01a6 78E7     		b	.L173
 2732              	.L182:
1863:frameworks/f407/Drivers/STM32F4xx_HAL_Driver/Src/stm32f4xx_hal_can.c **** #endif /* USE_HAL_CAN_REGISTER_CALLBACKS */
 2733              		.loc 1 1863 11 is_stmt 1 view .LVU875
 2734 01a8 2846     		mov	r0, r5
 2735 01aa FFF7FEFF 		bl	HAL_CAN_TxMailbox2AbortCallback
 2736              	.LVL203:
 2737 01ae 74E7     		b	.L173
 2738              	.L212:
1889:frameworks/f407/Drivers/STM32F4xx_HAL_Driver/Src/stm32f4xx_hal_can.c **** 
 2739              		.loc 1 1889 7 view .LVU876
 2740 01b0 2B68     		ldr	r3, [r5]
 2741 01b2 0822     		movs	r2, #8
 2742 01b4 DA60     		str	r2, [r3, #12]
1897:frameworks/f407/Drivers/STM32F4xx_HAL_Driver/Src/stm32f4xx_hal_can.c **** #endif /* USE_HAL_CAN_REGISTER_CALLBACKS */
 2743              		.loc 1 1897 7 view .LVU877
 2744 01b6 2846     		mov	r0, r5
 2745 01b8 FFF7FEFF 		bl	HAL_CAN_RxFifo0FullCallback
 2746              	.LVL204:
 2747 01bc 7EE7     		b	.L184
 2748              	.L213:
1914:frameworks/f407/Drivers/STM32F4xx_HAL_Driver/Src/stm32f4xx_hal_can.c **** #endif /* USE_HAL_CAN_REGISTER_CALLBACKS */
 2749              		.loc 1 1914 7 view .LVU878
 2750 01be 2846     		mov	r0, r5
 2751 01c0 FFF7FEFF 		bl	HAL_CAN_RxFifo0MsgPendingCallback
ARM GAS  C:\Users\honor\AppData\Local\Temp\ccqm0Nze.s 			page 105


 2752              	.LVL205:
 2753 01c4 82E7     		b	.L185
 2754              	.L214:
1938:frameworks/f407/Drivers/STM32F4xx_HAL_Driver/Src/stm32f4xx_hal_can.c **** 
 2755              		.loc 1 1938 7 view .LVU879
 2756 01c6 2B68     		ldr	r3, [r5]
 2757 01c8 0822     		movs	r2, #8
 2758 01ca 1A61     		str	r2, [r3, #16]
1946:frameworks/f407/Drivers/STM32F4xx_HAL_Driver/Src/stm32f4xx_hal_can.c **** #endif /* USE_HAL_CAN_REGISTER_CALLBACKS */
 2759              		.loc 1 1946 7 view .LVU880
 2760 01cc 2846     		mov	r0, r5
 2761 01ce FFF7FEFF 		bl	HAL_CAN_RxFifo1FullCallback
 2762              	.LVL206:
 2763 01d2 8CE7     		b	.L187
 2764              	.L215:
1963:frameworks/f407/Drivers/STM32F4xx_HAL_Driver/Src/stm32f4xx_hal_can.c **** #endif /* USE_HAL_CAN_REGISTER_CALLBACKS */
 2765              		.loc 1 1963 7 view .LVU881
 2766 01d4 2846     		mov	r0, r5
 2767 01d6 FFF7FEFF 		bl	HAL_CAN_RxFifo1MsgPendingCallback
 2768              	.LVL207:
 2769 01da 90E7     		b	.L188
 2770              	.L216:
1974:frameworks/f407/Drivers/STM32F4xx_HAL_Driver/Src/stm32f4xx_hal_can.c **** 
 2771              		.loc 1 1974 7 view .LVU882
 2772 01dc 2B68     		ldr	r3, [r5]
 2773 01de 1022     		movs	r2, #16
 2774 01e0 5A60     		str	r2, [r3, #4]
1982:frameworks/f407/Drivers/STM32F4xx_HAL_Driver/Src/stm32f4xx_hal_can.c **** #endif /* USE_HAL_CAN_REGISTER_CALLBACKS */
 2775              		.loc 1 1982 7 view .LVU883
 2776 01e2 2846     		mov	r0, r5
 2777 01e4 FFF7FEFF 		bl	HAL_CAN_SleepCallback
 2778              	.LVL208:
 2779 01e8 8FE7     		b	.L189
 2780              	.L217:
1993:frameworks/f407/Drivers/STM32F4xx_HAL_Driver/Src/stm32f4xx_hal_can.c **** 
 2781              		.loc 1 1993 7 view .LVU884
 2782 01ea 2B68     		ldr	r3, [r5]
 2783 01ec 0822     		movs	r2, #8
 2784 01ee 5A60     		str	r2, [r3, #4]
2001:frameworks/f407/Drivers/STM32F4xx_HAL_Driver/Src/stm32f4xx_hal_can.c **** #endif /* USE_HAL_CAN_REGISTER_CALLBACKS */
 2785              		.loc 1 2001 7 view .LVU885
 2786 01f0 2846     		mov	r0, r5
 2787 01f2 FFF7FEFF 		bl	HAL_CAN_WakeUpFromRxMsgCallback
 2788              	.LVL209:
 2789 01f6 8EE7     		b	.L190
 2790              	.LVL210:
 2791              	.L218:
2045:frameworks/f407/Drivers/STM32F4xx_HAL_Driver/Src/stm32f4xx_hal_can.c ****         {
 2792              		.loc 1 2045 9 is_stmt 0 view .LVU886
 2793 01f8 B9F1100F 		cmp	r9, #16
 2794 01fc 01D1     		bne	.L201
2049:frameworks/f407/Drivers/STM32F4xx_HAL_Driver/Src/stm32f4xx_hal_can.c ****             break;
 2795              		.loc 1 2049 13 is_stmt 1 view .LVU887
2049:frameworks/f407/Drivers/STM32F4xx_HAL_Driver/Src/stm32f4xx_hal_can.c ****             break;
 2796              		.loc 1 2049 23 is_stmt 0 view .LVU888
 2797 01fe 46F00806 		orr	r6, r6, #8
 2798              	.LVL211:
ARM GAS  C:\Users\honor\AppData\Local\Temp\ccqm0Nze.s 			page 106


2050:frameworks/f407/Drivers/STM32F4xx_HAL_Driver/Src/stm32f4xx_hal_can.c ****           case (CAN_ESR_LEC_1):
 2799              		.loc 1 2050 13 is_stmt 1 view .LVU889
 2800              	.L201:
2076:frameworks/f407/Drivers/STM32F4xx_HAL_Driver/Src/stm32f4xx_hal_can.c ****       }
 2801              		.loc 1 2076 9 view .LVU890
 2802 0202 2A68     		ldr	r2, [r5]
 2803 0204 9369     		ldr	r3, [r2, #24]
 2804 0206 23F07003 		bic	r3, r3, #112
 2805 020a 9361     		str	r3, [r2, #24]
 2806              	.L192:
2081:frameworks/f407/Drivers/STM32F4xx_HAL_Driver/Src/stm32f4xx_hal_can.c ****   }
 2807              		.loc 1 2081 5 view .LVU891
 2808 020c 2B68     		ldr	r3, [r5]
 2809 020e 0422     		movs	r2, #4
 2810 0210 5A60     		str	r2, [r3, #4]
 2811              	.L191:
2085:frameworks/f407/Drivers/STM32F4xx_HAL_Driver/Src/stm32f4xx_hal_can.c ****   {
 2812              		.loc 1 2085 3 view .LVU892
2085:frameworks/f407/Drivers/STM32F4xx_HAL_Driver/Src/stm32f4xx_hal_can.c ****   {
 2813              		.loc 1 2085 6 is_stmt 0 view .LVU893
 2814 0212 9EB9     		cbnz	r6, .L219
 2815              	.LVL212:
 2816              	.L172:
2099:frameworks/f407/Drivers/STM32F4xx_HAL_Driver/Src/stm32f4xx_hal_can.c **** 
 2817              		.loc 1 2099 1 view .LVU894
 2818 0214 BDE8F88F 		pop	{r3, r4, r5, r6, r7, r8, r9, r10, fp, pc}
 2819              	.LVL213:
 2820              	.L197:
2045:frameworks/f407/Drivers/STM32F4xx_HAL_Driver/Src/stm32f4xx_hal_can.c ****         {
 2821              		.loc 1 2045 9 view .LVU895
 2822 0218 B9F1500F 		cmp	r9, #80
 2823 021c 0BD0     		beq	.L202
 2824 021e B9F1600F 		cmp	r9, #96
 2825 0222 EED1     		bne	.L201
2069:frameworks/f407/Drivers/STM32F4xx_HAL_Driver/Src/stm32f4xx_hal_can.c ****             break;
 2826              		.loc 1 2069 13 is_stmt 1 view .LVU896
2069:frameworks/f407/Drivers/STM32F4xx_HAL_Driver/Src/stm32f4xx_hal_can.c ****             break;
 2827              		.loc 1 2069 23 is_stmt 0 view .LVU897
 2828 0224 46F48076 		orr	r6, r6, #256
 2829              	.LVL214:
2070:frameworks/f407/Drivers/STM32F4xx_HAL_Driver/Src/stm32f4xx_hal_can.c ****           default:
 2830              		.loc 1 2070 13 is_stmt 1 view .LVU898
 2831 0228 EBE7     		b	.L201
 2832              	.L198:
2053:frameworks/f407/Drivers/STM32F4xx_HAL_Driver/Src/stm32f4xx_hal_can.c ****             break;
 2833              		.loc 1 2053 13 view .LVU899
2053:frameworks/f407/Drivers/STM32F4xx_HAL_Driver/Src/stm32f4xx_hal_can.c ****             break;
 2834              		.loc 1 2053 23 is_stmt 0 view .LVU900
 2835 022a 46F01006 		orr	r6, r6, #16
 2836              	.LVL215:
2054:frameworks/f407/Drivers/STM32F4xx_HAL_Driver/Src/stm32f4xx_hal_can.c ****           case (CAN_ESR_LEC_1 | CAN_ESR_LEC_0):
 2837              		.loc 1 2054 13 is_stmt 1 view .LVU901
 2838 022e E8E7     		b	.L201
 2839              	.L196:
2061:frameworks/f407/Drivers/STM32F4xx_HAL_Driver/Src/stm32f4xx_hal_can.c ****             break;
 2840              		.loc 1 2061 13 view .LVU902
2061:frameworks/f407/Drivers/STM32F4xx_HAL_Driver/Src/stm32f4xx_hal_can.c ****             break;
ARM GAS  C:\Users\honor\AppData\Local\Temp\ccqm0Nze.s 			page 107


 2841              		.loc 1 2061 23 is_stmt 0 view .LVU903
 2842 0230 46F04006 		orr	r6, r6, #64
 2843              	.LVL216:
2062:frameworks/f407/Drivers/STM32F4xx_HAL_Driver/Src/stm32f4xx_hal_can.c ****           case (CAN_ESR_LEC_2 | CAN_ESR_LEC_0):
 2844              		.loc 1 2062 13 is_stmt 1 view .LVU904
 2845 0234 E5E7     		b	.L201
 2846              	.L202:
2065:frameworks/f407/Drivers/STM32F4xx_HAL_Driver/Src/stm32f4xx_hal_can.c ****             break;
 2847              		.loc 1 2065 13 view .LVU905
2065:frameworks/f407/Drivers/STM32F4xx_HAL_Driver/Src/stm32f4xx_hal_can.c ****             break;
 2848              		.loc 1 2065 23 is_stmt 0 view .LVU906
 2849 0236 46F08006 		orr	r6, r6, #128
 2850              	.LVL217:
2066:frameworks/f407/Drivers/STM32F4xx_HAL_Driver/Src/stm32f4xx_hal_can.c ****           case (CAN_ESR_LEC_2 | CAN_ESR_LEC_1):
 2851              		.loc 1 2066 13 is_stmt 1 view .LVU907
 2852 023a E2E7     		b	.L201
 2853              	.L219:
2088:frameworks/f407/Drivers/STM32F4xx_HAL_Driver/Src/stm32f4xx_hal_can.c **** 
 2854              		.loc 1 2088 5 view .LVU908
2088:frameworks/f407/Drivers/STM32F4xx_HAL_Driver/Src/stm32f4xx_hal_can.c **** 
 2855              		.loc 1 2088 21 is_stmt 0 view .LVU909
 2856 023c 6B6A     		ldr	r3, [r5, #36]
 2857 023e 1E43     		orrs	r6, r6, r3
 2858              	.LVL218:
2088:frameworks/f407/Drivers/STM32F4xx_HAL_Driver/Src/stm32f4xx_hal_can.c **** 
 2859              		.loc 1 2088 21 view .LVU910
 2860 0240 6E62     		str	r6, [r5, #36]
2096:frameworks/f407/Drivers/STM32F4xx_HAL_Driver/Src/stm32f4xx_hal_can.c **** #endif /* USE_HAL_CAN_REGISTER_CALLBACKS */
 2861              		.loc 1 2096 5 is_stmt 1 view .LVU911
 2862 0242 2846     		mov	r0, r5
 2863 0244 FFF7FEFF 		bl	HAL_CAN_ErrorCallback
 2864              	.LVL219:
2099:frameworks/f407/Drivers/STM32F4xx_HAL_Driver/Src/stm32f4xx_hal_can.c **** 
 2865              		.loc 1 2099 1 is_stmt 0 view .LVU912
 2866 0248 E4E7     		b	.L172
 2867              		.cfi_endproc
 2868              	.LFE258:
 2870              		.section	.text.HAL_CAN_GetState,"ax",%progbits
 2871              		.align	1
 2872              		.global	HAL_CAN_GetState
 2873              		.syntax unified
 2874              		.thumb
 2875              		.thumb_func
 2877              	HAL_CAN_GetState:
 2878              	.LVL220:
 2879              	.LFB272:
2350:frameworks/f407/Drivers/STM32F4xx_HAL_Driver/Src/stm32f4xx_hal_can.c **** 
2351:frameworks/f407/Drivers/STM32F4xx_HAL_Driver/Src/stm32f4xx_hal_can.c **** /**
2352:frameworks/f407/Drivers/STM32F4xx_HAL_Driver/Src/stm32f4xx_hal_can.c ****   * @}
2353:frameworks/f407/Drivers/STM32F4xx_HAL_Driver/Src/stm32f4xx_hal_can.c ****   */
2354:frameworks/f407/Drivers/STM32F4xx_HAL_Driver/Src/stm32f4xx_hal_can.c **** 
2355:frameworks/f407/Drivers/STM32F4xx_HAL_Driver/Src/stm32f4xx_hal_can.c **** /** @defgroup CAN_Exported_Functions_Group6 Peripheral State and Error functions
2356:frameworks/f407/Drivers/STM32F4xx_HAL_Driver/Src/stm32f4xx_hal_can.c ****   * @brief   CAN Peripheral State functions
2357:frameworks/f407/Drivers/STM32F4xx_HAL_Driver/Src/stm32f4xx_hal_can.c ****   *
2358:frameworks/f407/Drivers/STM32F4xx_HAL_Driver/Src/stm32f4xx_hal_can.c **** @verbatim
2359:frameworks/f407/Drivers/STM32F4xx_HAL_Driver/Src/stm32f4xx_hal_can.c ****   ==============================================================================
2360:frameworks/f407/Drivers/STM32F4xx_HAL_Driver/Src/stm32f4xx_hal_can.c ****             ##### Peripheral State and Error functions #####
ARM GAS  C:\Users\honor\AppData\Local\Temp\ccqm0Nze.s 			page 108


2361:frameworks/f407/Drivers/STM32F4xx_HAL_Driver/Src/stm32f4xx_hal_can.c ****   ==============================================================================
2362:frameworks/f407/Drivers/STM32F4xx_HAL_Driver/Src/stm32f4xx_hal_can.c ****     [..]
2363:frameworks/f407/Drivers/STM32F4xx_HAL_Driver/Src/stm32f4xx_hal_can.c ****     This subsection provides functions allowing to :
2364:frameworks/f407/Drivers/STM32F4xx_HAL_Driver/Src/stm32f4xx_hal_can.c ****       (+) HAL_CAN_GetState()  : Return the CAN state.
2365:frameworks/f407/Drivers/STM32F4xx_HAL_Driver/Src/stm32f4xx_hal_can.c ****       (+) HAL_CAN_GetError()  : Return the CAN error codes if any.
2366:frameworks/f407/Drivers/STM32F4xx_HAL_Driver/Src/stm32f4xx_hal_can.c ****       (+) HAL_CAN_ResetError(): Reset the CAN error codes if any.
2367:frameworks/f407/Drivers/STM32F4xx_HAL_Driver/Src/stm32f4xx_hal_can.c **** 
2368:frameworks/f407/Drivers/STM32F4xx_HAL_Driver/Src/stm32f4xx_hal_can.c **** @endverbatim
2369:frameworks/f407/Drivers/STM32F4xx_HAL_Driver/Src/stm32f4xx_hal_can.c ****   * @{
2370:frameworks/f407/Drivers/STM32F4xx_HAL_Driver/Src/stm32f4xx_hal_can.c ****   */
2371:frameworks/f407/Drivers/STM32F4xx_HAL_Driver/Src/stm32f4xx_hal_can.c **** 
2372:frameworks/f407/Drivers/STM32F4xx_HAL_Driver/Src/stm32f4xx_hal_can.c **** /**
2373:frameworks/f407/Drivers/STM32F4xx_HAL_Driver/Src/stm32f4xx_hal_can.c ****   * @brief  Return the CAN state.
2374:frameworks/f407/Drivers/STM32F4xx_HAL_Driver/Src/stm32f4xx_hal_can.c ****   * @param  hcan pointer to a CAN_HandleTypeDef structure that contains
2375:frameworks/f407/Drivers/STM32F4xx_HAL_Driver/Src/stm32f4xx_hal_can.c ****   *         the configuration information for the specified CAN.
2376:frameworks/f407/Drivers/STM32F4xx_HAL_Driver/Src/stm32f4xx_hal_can.c ****   * @retval HAL state
2377:frameworks/f407/Drivers/STM32F4xx_HAL_Driver/Src/stm32f4xx_hal_can.c ****   */
2378:frameworks/f407/Drivers/STM32F4xx_HAL_Driver/Src/stm32f4xx_hal_can.c **** HAL_CAN_StateTypeDef HAL_CAN_GetState(const CAN_HandleTypeDef *hcan)
2379:frameworks/f407/Drivers/STM32F4xx_HAL_Driver/Src/stm32f4xx_hal_can.c **** {
 2880              		.loc 1 2379 1 is_stmt 1 view -0
 2881              		.cfi_startproc
 2882              		@ args = 0, pretend = 0, frame = 0
 2883              		@ frame_needed = 0, uses_anonymous_args = 0
 2884              		@ link register save eliminated.
 2885              		.loc 1 2379 1 is_stmt 0 view .LVU914
 2886 0000 0246     		mov	r2, r0
2380:frameworks/f407/Drivers/STM32F4xx_HAL_Driver/Src/stm32f4xx_hal_can.c ****   HAL_CAN_StateTypeDef state = hcan->State;
 2887              		.loc 1 2380 3 is_stmt 1 view .LVU915
 2888              		.loc 1 2380 24 is_stmt 0 view .LVU916
 2889 0002 90F82030 		ldrb	r3, [r0, #32]	@ zero_extendqisi2
 2890 0006 D8B2     		uxtb	r0, r3
 2891              	.LVL221:
2381:frameworks/f407/Drivers/STM32F4xx_HAL_Driver/Src/stm32f4xx_hal_can.c **** 
2382:frameworks/f407/Drivers/STM32F4xx_HAL_Driver/Src/stm32f4xx_hal_can.c ****   if ((state == HAL_CAN_STATE_READY) ||
 2892              		.loc 1 2382 3 is_stmt 1 view .LVU917
 2893              		.loc 1 2382 38 is_stmt 0 view .LVU918
 2894 0008 013B     		subs	r3, r3, #1
 2895 000a DBB2     		uxtb	r3, r3
 2896              		.loc 1 2382 6 view .LVU919
 2897 000c 012B     		cmp	r3, #1
 2898 000e 00D9     		bls	.L224
 2899              	.LVL222:
 2900              	.L221:
2383:frameworks/f407/Drivers/STM32F4xx_HAL_Driver/Src/stm32f4xx_hal_can.c ****       (state == HAL_CAN_STATE_LISTENING))
2384:frameworks/f407/Drivers/STM32F4xx_HAL_Driver/Src/stm32f4xx_hal_can.c ****   {
2385:frameworks/f407/Drivers/STM32F4xx_HAL_Driver/Src/stm32f4xx_hal_can.c ****     /* Check sleep mode acknowledge flag */
2386:frameworks/f407/Drivers/STM32F4xx_HAL_Driver/Src/stm32f4xx_hal_can.c ****     if ((hcan->Instance->MSR & CAN_MSR_SLAK) != 0U)
2387:frameworks/f407/Drivers/STM32F4xx_HAL_Driver/Src/stm32f4xx_hal_can.c ****     {
2388:frameworks/f407/Drivers/STM32F4xx_HAL_Driver/Src/stm32f4xx_hal_can.c ****       /* Sleep mode is active */
2389:frameworks/f407/Drivers/STM32F4xx_HAL_Driver/Src/stm32f4xx_hal_can.c ****       state = HAL_CAN_STATE_SLEEP_ACTIVE;
2390:frameworks/f407/Drivers/STM32F4xx_HAL_Driver/Src/stm32f4xx_hal_can.c ****     }
2391:frameworks/f407/Drivers/STM32F4xx_HAL_Driver/Src/stm32f4xx_hal_can.c ****     /* Check sleep mode request flag */
2392:frameworks/f407/Drivers/STM32F4xx_HAL_Driver/Src/stm32f4xx_hal_can.c ****     else if ((hcan->Instance->MCR & CAN_MCR_SLEEP) != 0U)
2393:frameworks/f407/Drivers/STM32F4xx_HAL_Driver/Src/stm32f4xx_hal_can.c ****     {
2394:frameworks/f407/Drivers/STM32F4xx_HAL_Driver/Src/stm32f4xx_hal_can.c ****       /* Sleep mode request is pending */
2395:frameworks/f407/Drivers/STM32F4xx_HAL_Driver/Src/stm32f4xx_hal_can.c ****       state = HAL_CAN_STATE_SLEEP_PENDING;
2396:frameworks/f407/Drivers/STM32F4xx_HAL_Driver/Src/stm32f4xx_hal_can.c ****     }
ARM GAS  C:\Users\honor\AppData\Local\Temp\ccqm0Nze.s 			page 109


2397:frameworks/f407/Drivers/STM32F4xx_HAL_Driver/Src/stm32f4xx_hal_can.c ****     else
2398:frameworks/f407/Drivers/STM32F4xx_HAL_Driver/Src/stm32f4xx_hal_can.c ****     {
2399:frameworks/f407/Drivers/STM32F4xx_HAL_Driver/Src/stm32f4xx_hal_can.c ****       /* Neither sleep mode request nor sleep mode acknowledge */
2400:frameworks/f407/Drivers/STM32F4xx_HAL_Driver/Src/stm32f4xx_hal_can.c ****     }
 2901              		.loc 1 2400 5 is_stmt 1 view .LVU920
2401:frameworks/f407/Drivers/STM32F4xx_HAL_Driver/Src/stm32f4xx_hal_can.c ****   }
2402:frameworks/f407/Drivers/STM32F4xx_HAL_Driver/Src/stm32f4xx_hal_can.c **** 
2403:frameworks/f407/Drivers/STM32F4xx_HAL_Driver/Src/stm32f4xx_hal_can.c ****   /* Return CAN state */
2404:frameworks/f407/Drivers/STM32F4xx_HAL_Driver/Src/stm32f4xx_hal_can.c ****   return state;
 2902              		.loc 1 2404 3 view .LVU921
2405:frameworks/f407/Drivers/STM32F4xx_HAL_Driver/Src/stm32f4xx_hal_can.c **** }
 2903              		.loc 1 2405 1 is_stmt 0 view .LVU922
 2904 0010 7047     		bx	lr
 2905              	.LVL223:
 2906              	.L224:
2386:frameworks/f407/Drivers/STM32F4xx_HAL_Driver/Src/stm32f4xx_hal_can.c ****     {
 2907              		.loc 1 2386 5 is_stmt 1 view .LVU923
2386:frameworks/f407/Drivers/STM32F4xx_HAL_Driver/Src/stm32f4xx_hal_can.c ****     {
 2908              		.loc 1 2386 14 is_stmt 0 view .LVU924
 2909 0012 1368     		ldr	r3, [r2]
2386:frameworks/f407/Drivers/STM32F4xx_HAL_Driver/Src/stm32f4xx_hal_can.c ****     {
 2910              		.loc 1 2386 24 view .LVU925
 2911 0014 5A68     		ldr	r2, [r3, #4]
 2912              	.LVL224:
2386:frameworks/f407/Drivers/STM32F4xx_HAL_Driver/Src/stm32f4xx_hal_can.c ****     {
 2913              		.loc 1 2386 8 view .LVU926
 2914 0016 12F0020F 		tst	r2, #2
 2915 001a 05D1     		bne	.L222
2392:frameworks/f407/Drivers/STM32F4xx_HAL_Driver/Src/stm32f4xx_hal_can.c ****     {
 2916              		.loc 1 2392 10 is_stmt 1 view .LVU927
2392:frameworks/f407/Drivers/STM32F4xx_HAL_Driver/Src/stm32f4xx_hal_can.c ****     {
 2917              		.loc 1 2392 29 is_stmt 0 view .LVU928
 2918 001c 1B68     		ldr	r3, [r3]
2392:frameworks/f407/Drivers/STM32F4xx_HAL_Driver/Src/stm32f4xx_hal_can.c ****     {
 2919              		.loc 1 2392 13 view .LVU929
 2920 001e 13F0020F 		tst	r3, #2
 2921 0022 F5D0     		beq	.L221
2395:frameworks/f407/Drivers/STM32F4xx_HAL_Driver/Src/stm32f4xx_hal_can.c ****     }
 2922              		.loc 1 2395 13 view .LVU930
 2923 0024 0320     		movs	r0, #3
 2924              	.LVL225:
2395:frameworks/f407/Drivers/STM32F4xx_HAL_Driver/Src/stm32f4xx_hal_can.c ****     }
 2925              		.loc 1 2395 13 view .LVU931
 2926 0026 F3E7     		b	.L221
 2927              	.LVL226:
 2928              	.L222:
2389:frameworks/f407/Drivers/STM32F4xx_HAL_Driver/Src/stm32f4xx_hal_can.c ****     }
 2929              		.loc 1 2389 13 view .LVU932
 2930 0028 0420     		movs	r0, #4
 2931              	.LVL227:
2389:frameworks/f407/Drivers/STM32F4xx_HAL_Driver/Src/stm32f4xx_hal_can.c ****     }
 2932              		.loc 1 2389 13 view .LVU933
 2933 002a 7047     		bx	lr
 2934              		.cfi_endproc
 2935              	.LFE272:
 2937              		.section	.text.HAL_CAN_GetError,"ax",%progbits
 2938              		.align	1
ARM GAS  C:\Users\honor\AppData\Local\Temp\ccqm0Nze.s 			page 110


 2939              		.global	HAL_CAN_GetError
 2940              		.syntax unified
 2941              		.thumb
 2942              		.thumb_func
 2944              	HAL_CAN_GetError:
 2945              	.LVL228:
 2946              	.LFB273:
2406:frameworks/f407/Drivers/STM32F4xx_HAL_Driver/Src/stm32f4xx_hal_can.c **** 
2407:frameworks/f407/Drivers/STM32F4xx_HAL_Driver/Src/stm32f4xx_hal_can.c **** /**
2408:frameworks/f407/Drivers/STM32F4xx_HAL_Driver/Src/stm32f4xx_hal_can.c ****   * @brief  Return the CAN error code.
2409:frameworks/f407/Drivers/STM32F4xx_HAL_Driver/Src/stm32f4xx_hal_can.c ****   * @param  hcan pointer to a CAN_HandleTypeDef structure that contains
2410:frameworks/f407/Drivers/STM32F4xx_HAL_Driver/Src/stm32f4xx_hal_can.c ****   *         the configuration information for the specified CAN.
2411:frameworks/f407/Drivers/STM32F4xx_HAL_Driver/Src/stm32f4xx_hal_can.c ****   * @retval CAN Error Code
2412:frameworks/f407/Drivers/STM32F4xx_HAL_Driver/Src/stm32f4xx_hal_can.c ****   */
2413:frameworks/f407/Drivers/STM32F4xx_HAL_Driver/Src/stm32f4xx_hal_can.c **** uint32_t HAL_CAN_GetError(const CAN_HandleTypeDef *hcan)
2414:frameworks/f407/Drivers/STM32F4xx_HAL_Driver/Src/stm32f4xx_hal_can.c **** {
 2947              		.loc 1 2414 1 is_stmt 1 view -0
 2948              		.cfi_startproc
 2949              		@ args = 0, pretend = 0, frame = 0
 2950              		@ frame_needed = 0, uses_anonymous_args = 0
 2951              		@ link register save eliminated.
2415:frameworks/f407/Drivers/STM32F4xx_HAL_Driver/Src/stm32f4xx_hal_can.c ****   /* Return CAN error code */
2416:frameworks/f407/Drivers/STM32F4xx_HAL_Driver/Src/stm32f4xx_hal_can.c ****   return hcan->ErrorCode;
 2952              		.loc 1 2416 3 view .LVU935
 2953              		.loc 1 2416 14 is_stmt 0 view .LVU936
 2954 0000 406A     		ldr	r0, [r0, #36]
 2955              	.LVL229:
2417:frameworks/f407/Drivers/STM32F4xx_HAL_Driver/Src/stm32f4xx_hal_can.c **** }
 2956              		.loc 1 2417 1 view .LVU937
 2957 0002 7047     		bx	lr
 2958              		.cfi_endproc
 2959              	.LFE273:
 2961              		.section	.text.HAL_CAN_ResetError,"ax",%progbits
 2962              		.align	1
 2963              		.global	HAL_CAN_ResetError
 2964              		.syntax unified
 2965              		.thumb
 2966              		.thumb_func
 2968              	HAL_CAN_ResetError:
 2969              	.LVL230:
 2970              	.LFB274:
2418:frameworks/f407/Drivers/STM32F4xx_HAL_Driver/Src/stm32f4xx_hal_can.c **** 
2419:frameworks/f407/Drivers/STM32F4xx_HAL_Driver/Src/stm32f4xx_hal_can.c **** /**
2420:frameworks/f407/Drivers/STM32F4xx_HAL_Driver/Src/stm32f4xx_hal_can.c ****   * @brief  Reset the CAN error code.
2421:frameworks/f407/Drivers/STM32F4xx_HAL_Driver/Src/stm32f4xx_hal_can.c ****   * @param  hcan pointer to a CAN_HandleTypeDef structure that contains
2422:frameworks/f407/Drivers/STM32F4xx_HAL_Driver/Src/stm32f4xx_hal_can.c ****   *         the configuration information for the specified CAN.
2423:frameworks/f407/Drivers/STM32F4xx_HAL_Driver/Src/stm32f4xx_hal_can.c ****   * @retval HAL status
2424:frameworks/f407/Drivers/STM32F4xx_HAL_Driver/Src/stm32f4xx_hal_can.c ****   */
2425:frameworks/f407/Drivers/STM32F4xx_HAL_Driver/Src/stm32f4xx_hal_can.c **** HAL_StatusTypeDef HAL_CAN_ResetError(CAN_HandleTypeDef *hcan)
2426:frameworks/f407/Drivers/STM32F4xx_HAL_Driver/Src/stm32f4xx_hal_can.c **** {
 2971              		.loc 1 2426 1 is_stmt 1 view -0
 2972              		.cfi_startproc
 2973              		@ args = 0, pretend = 0, frame = 0
 2974              		@ frame_needed = 0, uses_anonymous_args = 0
 2975              		@ link register save eliminated.
2427:frameworks/f407/Drivers/STM32F4xx_HAL_Driver/Src/stm32f4xx_hal_can.c ****   HAL_StatusTypeDef status = HAL_OK;
 2976              		.loc 1 2427 3 view .LVU939
ARM GAS  C:\Users\honor\AppData\Local\Temp\ccqm0Nze.s 			page 111


2428:frameworks/f407/Drivers/STM32F4xx_HAL_Driver/Src/stm32f4xx_hal_can.c ****   HAL_CAN_StateTypeDef state = hcan->State;
 2977              		.loc 1 2428 3 view .LVU940
 2978              		.loc 1 2428 24 is_stmt 0 view .LVU941
 2979 0000 90F82030 		ldrb	r3, [r0, #32]	@ zero_extendqisi2
 2980              	.LVL231:
2429:frameworks/f407/Drivers/STM32F4xx_HAL_Driver/Src/stm32f4xx_hal_can.c **** 
2430:frameworks/f407/Drivers/STM32F4xx_HAL_Driver/Src/stm32f4xx_hal_can.c ****   if ((state == HAL_CAN_STATE_READY) ||
 2981              		.loc 1 2430 3 is_stmt 1 view .LVU942
 2982              		.loc 1 2430 38 is_stmt 0 view .LVU943
 2983 0004 013B     		subs	r3, r3, #1
 2984              	.LVL232:
 2985              		.loc 1 2430 38 view .LVU944
 2986 0006 DBB2     		uxtb	r3, r3
 2987              		.loc 1 2430 6 view .LVU945
 2988 0008 012B     		cmp	r3, #1
 2989 000a 05D9     		bls	.L229
2431:frameworks/f407/Drivers/STM32F4xx_HAL_Driver/Src/stm32f4xx_hal_can.c ****       (state == HAL_CAN_STATE_LISTENING))
2432:frameworks/f407/Drivers/STM32F4xx_HAL_Driver/Src/stm32f4xx_hal_can.c ****   {
2433:frameworks/f407/Drivers/STM32F4xx_HAL_Driver/Src/stm32f4xx_hal_can.c ****     /* Reset CAN error code */
2434:frameworks/f407/Drivers/STM32F4xx_HAL_Driver/Src/stm32f4xx_hal_can.c ****     hcan->ErrorCode = 0U;
2435:frameworks/f407/Drivers/STM32F4xx_HAL_Driver/Src/stm32f4xx_hal_can.c ****   }
2436:frameworks/f407/Drivers/STM32F4xx_HAL_Driver/Src/stm32f4xx_hal_can.c ****   else
2437:frameworks/f407/Drivers/STM32F4xx_HAL_Driver/Src/stm32f4xx_hal_can.c ****   {
2438:frameworks/f407/Drivers/STM32F4xx_HAL_Driver/Src/stm32f4xx_hal_can.c ****     /* Update error code */
2439:frameworks/f407/Drivers/STM32F4xx_HAL_Driver/Src/stm32f4xx_hal_can.c ****     hcan->ErrorCode |= HAL_CAN_ERROR_NOT_INITIALIZED;
 2990              		.loc 1 2439 5 is_stmt 1 view .LVU946
 2991              		.loc 1 2439 21 is_stmt 0 view .LVU947
 2992 000c 436A     		ldr	r3, [r0, #36]
 2993 000e 43F48023 		orr	r3, r3, #262144
 2994 0012 4362     		str	r3, [r0, #36]
2440:frameworks/f407/Drivers/STM32F4xx_HAL_Driver/Src/stm32f4xx_hal_can.c **** 
2441:frameworks/f407/Drivers/STM32F4xx_HAL_Driver/Src/stm32f4xx_hal_can.c ****     status = HAL_ERROR;
 2995              		.loc 1 2441 5 is_stmt 1 view .LVU948
 2996              	.LVL233:
 2997              		.loc 1 2441 12 is_stmt 0 view .LVU949
 2998 0014 0120     		movs	r0, #1
 2999              	.LVL234:
2442:frameworks/f407/Drivers/STM32F4xx_HAL_Driver/Src/stm32f4xx_hal_can.c ****   }
2443:frameworks/f407/Drivers/STM32F4xx_HAL_Driver/Src/stm32f4xx_hal_can.c **** 
2444:frameworks/f407/Drivers/STM32F4xx_HAL_Driver/Src/stm32f4xx_hal_can.c ****   /* Return the status */
2445:frameworks/f407/Drivers/STM32F4xx_HAL_Driver/Src/stm32f4xx_hal_can.c ****   return status;
 3000              		.loc 1 2445 3 is_stmt 1 view .LVU950
2446:frameworks/f407/Drivers/STM32F4xx_HAL_Driver/Src/stm32f4xx_hal_can.c **** }
 3001              		.loc 1 2446 1 is_stmt 0 view .LVU951
 3002 0016 7047     		bx	lr
 3003              	.LVL235:
 3004              	.L229:
2434:frameworks/f407/Drivers/STM32F4xx_HAL_Driver/Src/stm32f4xx_hal_can.c ****   }
 3005              		.loc 1 2434 5 is_stmt 1 view .LVU952
2434:frameworks/f407/Drivers/STM32F4xx_HAL_Driver/Src/stm32f4xx_hal_can.c ****   }
 3006              		.loc 1 2434 21 is_stmt 0 view .LVU953
 3007 0018 0023     		movs	r3, #0
 3008 001a 4362     		str	r3, [r0, #36]
2427:frameworks/f407/Drivers/STM32F4xx_HAL_Driver/Src/stm32f4xx_hal_can.c ****   HAL_CAN_StateTypeDef state = hcan->State;
 3009              		.loc 1 2427 21 view .LVU954
 3010 001c 1846     		mov	r0, r3
 3011              	.LVL236:
ARM GAS  C:\Users\honor\AppData\Local\Temp\ccqm0Nze.s 			page 112


2427:frameworks/f407/Drivers/STM32F4xx_HAL_Driver/Src/stm32f4xx_hal_can.c ****   HAL_CAN_StateTypeDef state = hcan->State;
 3012              		.loc 1 2427 21 view .LVU955
 3013 001e 7047     		bx	lr
 3014              		.cfi_endproc
 3015              	.LFE274:
 3017              		.text
 3018              	.Letext0:
 3019              		.file 3 "e:\\ng_circumstance\\arm\\arm-none-eabi\\include\\machine\\_default_types.h"
 3020              		.file 4 "e:\\ng_circumstance\\arm\\arm-none-eabi\\include\\sys\\_stdint.h"
 3021              		.file 5 "frameworks/f407/Drivers/CMSIS/Device/ST/STM32F4xx/Include/stm32f407xx.h"
 3022              		.file 6 "frameworks/f407/Drivers/CMSIS/Device/ST/STM32F4xx/Include/stm32f4xx.h"
 3023              		.file 7 "frameworks/f407/Drivers/STM32F4xx_HAL_Driver/Inc/stm32f4xx_hal_def.h"
 3024              		.file 8 "frameworks/f407/Drivers/STM32F4xx_HAL_Driver/Inc/stm32f4xx_hal_can.h"
 3025              		.file 9 "frameworks/f407/Drivers/STM32F4xx_HAL_Driver/Inc/stm32f4xx_hal.h"
ARM GAS  C:\Users\honor\AppData\Local\Temp\ccqm0Nze.s 			page 113


DEFINED SYMBOLS
                            *ABS*:00000000 stm32f4xx_hal_can.c
C:\Users\honor\AppData\Local\Temp\ccqm0Nze.s:20     .text.HAL_CAN_MspInit:00000000 $t
C:\Users\honor\AppData\Local\Temp\ccqm0Nze.s:26     .text.HAL_CAN_MspInit:00000000 HAL_CAN_MspInit
C:\Users\honor\AppData\Local\Temp\ccqm0Nze.s:42     .text.HAL_CAN_Init:00000000 $t
C:\Users\honor\AppData\Local\Temp\ccqm0Nze.s:48     .text.HAL_CAN_Init:00000000 HAL_CAN_Init
C:\Users\honor\AppData\Local\Temp\ccqm0Nze.s:338    .text.HAL_CAN_MspDeInit:00000000 $t
C:\Users\honor\AppData\Local\Temp\ccqm0Nze.s:344    .text.HAL_CAN_MspDeInit:00000000 HAL_CAN_MspDeInit
C:\Users\honor\AppData\Local\Temp\ccqm0Nze.s:359    .text.HAL_CAN_ConfigFilter:00000000 $t
C:\Users\honor\AppData\Local\Temp\ccqm0Nze.s:365    .text.HAL_CAN_ConfigFilter:00000000 HAL_CAN_ConfigFilter
C:\Users\honor\AppData\Local\Temp\ccqm0Nze.s:590    .text.HAL_CAN_ConfigFilter:00000134 $d
C:\Users\honor\AppData\Local\Temp\ccqm0Nze.s:595    .text.HAL_CAN_Start:00000000 $t
C:\Users\honor\AppData\Local\Temp\ccqm0Nze.s:601    .text.HAL_CAN_Start:00000000 HAL_CAN_Start
C:\Users\honor\AppData\Local\Temp\ccqm0Nze.s:699    .text.HAL_CAN_Stop:00000000 $t
C:\Users\honor\AppData\Local\Temp\ccqm0Nze.s:705    .text.HAL_CAN_Stop:00000000 HAL_CAN_Stop
C:\Users\honor\AppData\Local\Temp\ccqm0Nze.s:804    .text.HAL_CAN_DeInit:00000000 $t
C:\Users\honor\AppData\Local\Temp\ccqm0Nze.s:810    .text.HAL_CAN_DeInit:00000000 HAL_CAN_DeInit
C:\Users\honor\AppData\Local\Temp\ccqm0Nze.s:866    .text.HAL_CAN_RequestSleep:00000000 $t
C:\Users\honor\AppData\Local\Temp\ccqm0Nze.s:872    .text.HAL_CAN_RequestSleep:00000000 HAL_CAN_RequestSleep
C:\Users\honor\AppData\Local\Temp\ccqm0Nze.s:921    .text.HAL_CAN_WakeUp:00000000 $t
C:\Users\honor\AppData\Local\Temp\ccqm0Nze.s:927    .text.HAL_CAN_WakeUp:00000000 HAL_CAN_WakeUp
C:\Users\honor\AppData\Local\Temp\ccqm0Nze.s:1022   .text.HAL_CAN_WakeUp:00000054 $d
C:\Users\honor\AppData\Local\Temp\ccqm0Nze.s:1027   .text.HAL_CAN_IsSleepActive:00000000 $t
C:\Users\honor\AppData\Local\Temp\ccqm0Nze.s:1033   .text.HAL_CAN_IsSleepActive:00000000 HAL_CAN_IsSleepActive
C:\Users\honor\AppData\Local\Temp\ccqm0Nze.s:1083   .text.HAL_CAN_AddTxMessage:00000000 $t
C:\Users\honor\AppData\Local\Temp\ccqm0Nze.s:1089   .text.HAL_CAN_AddTxMessage:00000000 HAL_CAN_AddTxMessage
C:\Users\honor\AppData\Local\Temp\ccqm0Nze.s:1285   .text.HAL_CAN_AbortTxRequest:00000000 $t
C:\Users\honor\AppData\Local\Temp\ccqm0Nze.s:1291   .text.HAL_CAN_AbortTxRequest:00000000 HAL_CAN_AbortTxRequest
C:\Users\honor\AppData\Local\Temp\ccqm0Nze.s:1366   .text.HAL_CAN_GetTxMailboxesFreeLevel:00000000 $t
C:\Users\honor\AppData\Local\Temp\ccqm0Nze.s:1372   .text.HAL_CAN_GetTxMailboxesFreeLevel:00000000 HAL_CAN_GetTxMailboxesFreeLevel
C:\Users\honor\AppData\Local\Temp\ccqm0Nze.s:1443   .text.HAL_CAN_IsTxMessagePending:00000000 $t
C:\Users\honor\AppData\Local\Temp\ccqm0Nze.s:1449   .text.HAL_CAN_IsTxMessagePending:00000000 HAL_CAN_IsTxMessagePending
C:\Users\honor\AppData\Local\Temp\ccqm0Nze.s:1506   .text.HAL_CAN_GetTxTimestamp:00000000 $t
C:\Users\honor\AppData\Local\Temp\ccqm0Nze.s:1512   .text.HAL_CAN_GetTxTimestamp:00000000 HAL_CAN_GetTxTimestamp
C:\Users\honor\AppData\Local\Temp\ccqm0Nze.s:1610   .text.HAL_CAN_GetRxMessage:00000000 $t
C:\Users\honor\AppData\Local\Temp\ccqm0Nze.s:1616   .text.HAL_CAN_GetRxMessage:00000000 HAL_CAN_GetRxMessage
C:\Users\honor\AppData\Local\Temp\ccqm0Nze.s:1927   .text.HAL_CAN_GetRxFifoFillLevel:00000000 $t
C:\Users\honor\AppData\Local\Temp\ccqm0Nze.s:1933   .text.HAL_CAN_GetRxFifoFillLevel:00000000 HAL_CAN_GetRxFifoFillLevel
C:\Users\honor\AppData\Local\Temp\ccqm0Nze.s:1995   .text.HAL_CAN_ActivateNotification:00000000 $t
C:\Users\honor\AppData\Local\Temp\ccqm0Nze.s:2001   .text.HAL_CAN_ActivateNotification:00000000 HAL_CAN_ActivateNotification
C:\Users\honor\AppData\Local\Temp\ccqm0Nze.s:2053   .text.HAL_CAN_DeactivateNotification:00000000 $t
C:\Users\honor\AppData\Local\Temp\ccqm0Nze.s:2059   .text.HAL_CAN_DeactivateNotification:00000000 HAL_CAN_DeactivateNotification
C:\Users\honor\AppData\Local\Temp\ccqm0Nze.s:2111   .text.HAL_CAN_TxMailbox0CompleteCallback:00000000 $t
C:\Users\honor\AppData\Local\Temp\ccqm0Nze.s:2117   .text.HAL_CAN_TxMailbox0CompleteCallback:00000000 HAL_CAN_TxMailbox0CompleteCallback
C:\Users\honor\AppData\Local\Temp\ccqm0Nze.s:2132   .text.HAL_CAN_TxMailbox1CompleteCallback:00000000 $t
C:\Users\honor\AppData\Local\Temp\ccqm0Nze.s:2138   .text.HAL_CAN_TxMailbox1CompleteCallback:00000000 HAL_CAN_TxMailbox1CompleteCallback
C:\Users\honor\AppData\Local\Temp\ccqm0Nze.s:2153   .text.HAL_CAN_TxMailbox2CompleteCallback:00000000 $t
C:\Users\honor\AppData\Local\Temp\ccqm0Nze.s:2159   .text.HAL_CAN_TxMailbox2CompleteCallback:00000000 HAL_CAN_TxMailbox2CompleteCallback
C:\Users\honor\AppData\Local\Temp\ccqm0Nze.s:2174   .text.HAL_CAN_TxMailbox0AbortCallback:00000000 $t
C:\Users\honor\AppData\Local\Temp\ccqm0Nze.s:2180   .text.HAL_CAN_TxMailbox0AbortCallback:00000000 HAL_CAN_TxMailbox0AbortCallback
C:\Users\honor\AppData\Local\Temp\ccqm0Nze.s:2195   .text.HAL_CAN_TxMailbox1AbortCallback:00000000 $t
C:\Users\honor\AppData\Local\Temp\ccqm0Nze.s:2201   .text.HAL_CAN_TxMailbox1AbortCallback:00000000 HAL_CAN_TxMailbox1AbortCallback
C:\Users\honor\AppData\Local\Temp\ccqm0Nze.s:2216   .text.HAL_CAN_TxMailbox2AbortCallback:00000000 $t
C:\Users\honor\AppData\Local\Temp\ccqm0Nze.s:2222   .text.HAL_CAN_TxMailbox2AbortCallback:00000000 HAL_CAN_TxMailbox2AbortCallback
C:\Users\honor\AppData\Local\Temp\ccqm0Nze.s:2237   .text.HAL_CAN_RxFifo0MsgPendingCallback:00000000 $t
C:\Users\honor\AppData\Local\Temp\ccqm0Nze.s:2243   .text.HAL_CAN_RxFifo0MsgPendingCallback:00000000 HAL_CAN_RxFifo0MsgPendingCallback
C:\Users\honor\AppData\Local\Temp\ccqm0Nze.s:2258   .text.HAL_CAN_RxFifo0FullCallback:00000000 $t
ARM GAS  C:\Users\honor\AppData\Local\Temp\ccqm0Nze.s 			page 114


C:\Users\honor\AppData\Local\Temp\ccqm0Nze.s:2264   .text.HAL_CAN_RxFifo0FullCallback:00000000 HAL_CAN_RxFifo0FullCallback
C:\Users\honor\AppData\Local\Temp\ccqm0Nze.s:2279   .text.HAL_CAN_RxFifo1MsgPendingCallback:00000000 $t
C:\Users\honor\AppData\Local\Temp\ccqm0Nze.s:2285   .text.HAL_CAN_RxFifo1MsgPendingCallback:00000000 HAL_CAN_RxFifo1MsgPendingCallback
C:\Users\honor\AppData\Local\Temp\ccqm0Nze.s:2300   .text.HAL_CAN_RxFifo1FullCallback:00000000 $t
C:\Users\honor\AppData\Local\Temp\ccqm0Nze.s:2306   .text.HAL_CAN_RxFifo1FullCallback:00000000 HAL_CAN_RxFifo1FullCallback
C:\Users\honor\AppData\Local\Temp\ccqm0Nze.s:2321   .text.HAL_CAN_SleepCallback:00000000 $t
C:\Users\honor\AppData\Local\Temp\ccqm0Nze.s:2327   .text.HAL_CAN_SleepCallback:00000000 HAL_CAN_SleepCallback
C:\Users\honor\AppData\Local\Temp\ccqm0Nze.s:2342   .text.HAL_CAN_WakeUpFromRxMsgCallback:00000000 $t
C:\Users\honor\AppData\Local\Temp\ccqm0Nze.s:2348   .text.HAL_CAN_WakeUpFromRxMsgCallback:00000000 HAL_CAN_WakeUpFromRxMsgCallback
C:\Users\honor\AppData\Local\Temp\ccqm0Nze.s:2363   .text.HAL_CAN_ErrorCallback:00000000 $t
C:\Users\honor\AppData\Local\Temp\ccqm0Nze.s:2369   .text.HAL_CAN_ErrorCallback:00000000 HAL_CAN_ErrorCallback
C:\Users\honor\AppData\Local\Temp\ccqm0Nze.s:2384   .text.HAL_CAN_IRQHandler:00000000 $t
C:\Users\honor\AppData\Local\Temp\ccqm0Nze.s:2390   .text.HAL_CAN_IRQHandler:00000000 HAL_CAN_IRQHandler
C:\Users\honor\AppData\Local\Temp\ccqm0Nze.s:2871   .text.HAL_CAN_GetState:00000000 $t
C:\Users\honor\AppData\Local\Temp\ccqm0Nze.s:2877   .text.HAL_CAN_GetState:00000000 HAL_CAN_GetState
C:\Users\honor\AppData\Local\Temp\ccqm0Nze.s:2938   .text.HAL_CAN_GetError:00000000 $t
C:\Users\honor\AppData\Local\Temp\ccqm0Nze.s:2944   .text.HAL_CAN_GetError:00000000 HAL_CAN_GetError
C:\Users\honor\AppData\Local\Temp\ccqm0Nze.s:2962   .text.HAL_CAN_ResetError:00000000 $t
C:\Users\honor\AppData\Local\Temp\ccqm0Nze.s:2968   .text.HAL_CAN_ResetError:00000000 HAL_CAN_ResetError

UNDEFINED SYMBOLS
HAL_GetTick
