ARM GAS  C:\Users\honor\AppData\Local\Temp\ccBm0E7N.s 			page 1


   1              		.cpu cortex-m4
   2              		.arch armv7e-m
   3              		.fpu fpv4-sp-d16
   4              		.eabi_attribute 27, 1
   5              		.eabi_attribute 28, 1
   6              		.eabi_attribute 20, 1
   7              		.eabi_attribute 21, 1
   8              		.eabi_attribute 23, 3
   9              		.eabi_attribute 24, 1
  10              		.eabi_attribute 25, 1
  11              		.eabi_attribute 26, 1
  12              		.eabi_attribute 30, 1
  13              		.eabi_attribute 34, 1
  14              		.eabi_attribute 18, 4
  15              		.file	"tim.c"
  16              		.text
  17              	.Ltext0:
  18              		.cfi_sections	.debug_frame
  19              		.section	.text.MX_TIM2_Init,"ax",%progbits
  20              		.align	1
  21              		.global	MX_TIM2_Init
  22              		.syntax unified
  23              		.thumb
  24              		.thumb_func
  26              	MX_TIM2_Init:
  27              	.LFB240:
  28              		.file 1 "Core/Src/tim.c"
   1:Core/Src/tim.c **** /* USER CODE BEGIN Header */
   2:Core/Src/tim.c **** /**
   3:Core/Src/tim.c ****   ******************************************************************************
   4:Core/Src/tim.c ****   * @file    tim.c
   5:Core/Src/tim.c ****   * @brief   This file provides code for the configuration
   6:Core/Src/tim.c ****   *          of the TIM instances.
   7:Core/Src/tim.c ****   ******************************************************************************
   8:Core/Src/tim.c ****   * @attention
   9:Core/Src/tim.c ****   *
  10:Core/Src/tim.c ****   * Copyright (c) 2026 STMicroelectronics.
  11:Core/Src/tim.c ****   * All rights reserved.
  12:Core/Src/tim.c ****   *
  13:Core/Src/tim.c ****   * This software is licensed under terms that can be found in the LICENSE file
  14:Core/Src/tim.c ****   * in the root directory of this software component.
  15:Core/Src/tim.c ****   * If no LICENSE file comes with this software, it is provided AS-IS.
  16:Core/Src/tim.c ****   *
  17:Core/Src/tim.c ****   ******************************************************************************
  18:Core/Src/tim.c ****   */
  19:Core/Src/tim.c **** /* USER CODE END Header */
  20:Core/Src/tim.c **** /* Includes ------------------------------------------------------------------*/
  21:Core/Src/tim.c **** #include "tim.h"
  22:Core/Src/tim.c **** 
  23:Core/Src/tim.c **** /* USER CODE BEGIN 0 */
  24:Core/Src/tim.c **** 
  25:Core/Src/tim.c **** /* USER CODE END 0 */
  26:Core/Src/tim.c **** 
  27:Core/Src/tim.c **** TIM_HandleTypeDef htim1;
  28:Core/Src/tim.c **** TIM_HandleTypeDef htim2;
  29:Core/Src/tim.c **** TIM_HandleTypeDef htim3;
  30:Core/Src/tim.c **** TIM_HandleTypeDef htim4;
ARM GAS  C:\Users\honor\AppData\Local\Temp\ccBm0E7N.s 			page 2


  31:Core/Src/tim.c **** TIM_HandleTypeDef htim5;
  32:Core/Src/tim.c **** TIM_HandleTypeDef htim9;
  33:Core/Src/tim.c **** TIM_HandleTypeDef htim12;
  34:Core/Src/tim.c **** 
  35:Core/Src/tim.c **** /* TIM1 init function */
  36:Core/Src/tim.c **** void MX_TIM1_Init(void)
  37:Core/Src/tim.c **** {
  38:Core/Src/tim.c **** 
  39:Core/Src/tim.c ****   /* USER CODE BEGIN TIM1_Init 0 */
  40:Core/Src/tim.c **** 
  41:Core/Src/tim.c ****   /* USER CODE END TIM1_Init 0 */
  42:Core/Src/tim.c **** 
  43:Core/Src/tim.c ****   TIM_ClockConfigTypeDef sClockSourceConfig = {0};
  44:Core/Src/tim.c ****   TIM_MasterConfigTypeDef sMasterConfig = {0};
  45:Core/Src/tim.c ****   TIM_OC_InitTypeDef sConfigOC = {0};
  46:Core/Src/tim.c ****   TIM_BreakDeadTimeConfigTypeDef sBreakDeadTimeConfig = {0};
  47:Core/Src/tim.c **** 
  48:Core/Src/tim.c ****   /* USER CODE BEGIN TIM1_Init 1 */
  49:Core/Src/tim.c **** 
  50:Core/Src/tim.c ****   /* USER CODE END TIM1_Init 1 */
  51:Core/Src/tim.c ****   htim1.Instance = TIM1;
  52:Core/Src/tim.c ****   htim1.Init.Prescaler = 168-1;
  53:Core/Src/tim.c ****   htim1.Init.CounterMode = TIM_COUNTERMODE_UP;
  54:Core/Src/tim.c ****   htim1.Init.Period = 100-1;
  55:Core/Src/tim.c ****   htim1.Init.ClockDivision = TIM_CLOCKDIVISION_DIV1;
  56:Core/Src/tim.c ****   htim1.Init.RepetitionCounter = 0;
  57:Core/Src/tim.c ****   htim1.Init.AutoReloadPreload = TIM_AUTORELOAD_PRELOAD_DISABLE;
  58:Core/Src/tim.c ****   if (HAL_TIM_Base_Init(&htim1) != HAL_OK)
  59:Core/Src/tim.c ****   {
  60:Core/Src/tim.c ****     Error_Handler();
  61:Core/Src/tim.c ****   }
  62:Core/Src/tim.c ****   sClockSourceConfig.ClockSource = TIM_CLOCKSOURCE_INTERNAL;
  63:Core/Src/tim.c ****   if (HAL_TIM_ConfigClockSource(&htim1, &sClockSourceConfig) != HAL_OK)
  64:Core/Src/tim.c ****   {
  65:Core/Src/tim.c ****     Error_Handler();
  66:Core/Src/tim.c ****   }
  67:Core/Src/tim.c ****   if (HAL_TIM_PWM_Init(&htim1) != HAL_OK)
  68:Core/Src/tim.c ****   {
  69:Core/Src/tim.c ****     Error_Handler();
  70:Core/Src/tim.c ****   }
  71:Core/Src/tim.c ****   sMasterConfig.MasterOutputTrigger = TIM_TRGO_RESET;
  72:Core/Src/tim.c ****   sMasterConfig.MasterSlaveMode = TIM_MASTERSLAVEMODE_DISABLE;
  73:Core/Src/tim.c ****   if (HAL_TIMEx_MasterConfigSynchronization(&htim1, &sMasterConfig) != HAL_OK)
  74:Core/Src/tim.c ****   {
  75:Core/Src/tim.c ****     Error_Handler();
  76:Core/Src/tim.c ****   }
  77:Core/Src/tim.c ****   sConfigOC.OCMode = TIM_OCMODE_PWM1;
  78:Core/Src/tim.c ****   sConfigOC.Pulse = 0;
  79:Core/Src/tim.c ****   sConfigOC.OCPolarity = TIM_OCPOLARITY_HIGH;
  80:Core/Src/tim.c ****   sConfigOC.OCNPolarity = TIM_OCNPOLARITY_HIGH;
  81:Core/Src/tim.c ****   sConfigOC.OCFastMode = TIM_OCFAST_DISABLE;
  82:Core/Src/tim.c ****   sConfigOC.OCIdleState = TIM_OCIDLESTATE_RESET;
  83:Core/Src/tim.c ****   sConfigOC.OCNIdleState = TIM_OCNIDLESTATE_RESET;
  84:Core/Src/tim.c ****   if (HAL_TIM_PWM_ConfigChannel(&htim1, &sConfigOC, TIM_CHANNEL_1) != HAL_OK)
  85:Core/Src/tim.c ****   {
  86:Core/Src/tim.c ****     Error_Handler();
  87:Core/Src/tim.c ****   }
ARM GAS  C:\Users\honor\AppData\Local\Temp\ccBm0E7N.s 			page 3


  88:Core/Src/tim.c ****   if (HAL_TIM_PWM_ConfigChannel(&htim1, &sConfigOC, TIM_CHANNEL_2) != HAL_OK)
  89:Core/Src/tim.c ****   {
  90:Core/Src/tim.c ****     Error_Handler();
  91:Core/Src/tim.c ****   }
  92:Core/Src/tim.c ****   if (HAL_TIM_PWM_ConfigChannel(&htim1, &sConfigOC, TIM_CHANNEL_3) != HAL_OK)
  93:Core/Src/tim.c ****   {
  94:Core/Src/tim.c ****     Error_Handler();
  95:Core/Src/tim.c ****   }
  96:Core/Src/tim.c ****   if (HAL_TIM_PWM_ConfigChannel(&htim1, &sConfigOC, TIM_CHANNEL_4) != HAL_OK)
  97:Core/Src/tim.c ****   {
  98:Core/Src/tim.c ****     Error_Handler();
  99:Core/Src/tim.c ****   }
 100:Core/Src/tim.c ****   sBreakDeadTimeConfig.OffStateRunMode = TIM_OSSR_DISABLE;
 101:Core/Src/tim.c ****   sBreakDeadTimeConfig.OffStateIDLEMode = TIM_OSSI_DISABLE;
 102:Core/Src/tim.c ****   sBreakDeadTimeConfig.LockLevel = TIM_LOCKLEVEL_OFF;
 103:Core/Src/tim.c ****   sBreakDeadTimeConfig.DeadTime = 0;
 104:Core/Src/tim.c ****   sBreakDeadTimeConfig.BreakState = TIM_BREAK_DISABLE;
 105:Core/Src/tim.c ****   sBreakDeadTimeConfig.BreakPolarity = TIM_BREAKPOLARITY_HIGH;
 106:Core/Src/tim.c ****   sBreakDeadTimeConfig.AutomaticOutput = TIM_AUTOMATICOUTPUT_DISABLE;
 107:Core/Src/tim.c ****   if (HAL_TIMEx_ConfigBreakDeadTime(&htim1, &sBreakDeadTimeConfig) != HAL_OK)
 108:Core/Src/tim.c ****   {
 109:Core/Src/tim.c ****     Error_Handler();
 110:Core/Src/tim.c ****   }
 111:Core/Src/tim.c ****   /* USER CODE BEGIN TIM1_Init 2 */
 112:Core/Src/tim.c **** 
 113:Core/Src/tim.c ****   /* USER CODE END TIM1_Init 2 */
 114:Core/Src/tim.c ****   HAL_TIM_MspPostInit(&htim1);
 115:Core/Src/tim.c **** 
 116:Core/Src/tim.c **** }
 117:Core/Src/tim.c **** /* TIM2 init function */
 118:Core/Src/tim.c **** void MX_TIM2_Init(void)
 119:Core/Src/tim.c **** {
  29              		.loc 1 119 1 view -0
  30              		.cfi_startproc
  31              		@ args = 0, pretend = 0, frame = 48
  32              		@ frame_needed = 0, uses_anonymous_args = 0
  33 0000 00B5     		push	{lr}
  34              	.LCFI0:
  35              		.cfi_def_cfa_offset 4
  36              		.cfi_offset 14, -4
  37 0002 8DB0     		sub	sp, sp, #52
  38              	.LCFI1:
  39              		.cfi_def_cfa_offset 56
 120:Core/Src/tim.c **** 
 121:Core/Src/tim.c ****   /* USER CODE BEGIN TIM2_Init 0 */
 122:Core/Src/tim.c **** 
 123:Core/Src/tim.c ****   /* USER CODE END TIM2_Init 0 */
 124:Core/Src/tim.c **** 
 125:Core/Src/tim.c ****   TIM_Encoder_InitTypeDef sConfig = {0};
  40              		.loc 1 125 3 view .LVU1
  41              		.loc 1 125 27 is_stmt 0 view .LVU2
  42 0004 2422     		movs	r2, #36
  43 0006 0021     		movs	r1, #0
  44 0008 03A8     		add	r0, sp, #12
  45 000a FFF7FEFF 		bl	memset
  46              	.LVL0:
 126:Core/Src/tim.c ****   TIM_MasterConfigTypeDef sMasterConfig = {0};
ARM GAS  C:\Users\honor\AppData\Local\Temp\ccBm0E7N.s 			page 4


  47              		.loc 1 126 3 is_stmt 1 view .LVU3
  48              		.loc 1 126 27 is_stmt 0 view .LVU4
  49 000e 0022     		movs	r2, #0
  50 0010 0192     		str	r2, [sp, #4]
  51 0012 0292     		str	r2, [sp, #8]
 127:Core/Src/tim.c **** 
 128:Core/Src/tim.c ****   /* USER CODE BEGIN TIM2_Init 1 */
 129:Core/Src/tim.c **** 
 130:Core/Src/tim.c ****   /* USER CODE END TIM2_Init 1 */
 131:Core/Src/tim.c ****   htim2.Instance = TIM2;
  52              		.loc 1 131 3 is_stmt 1 view .LVU5
  53              		.loc 1 131 18 is_stmt 0 view .LVU6
  54 0014 1248     		ldr	r0, .L7
  55 0016 4FF08043 		mov	r3, #1073741824
  56 001a 0360     		str	r3, [r0]
 132:Core/Src/tim.c ****   htim2.Init.Prescaler = 2-1;
  57              		.loc 1 132 3 is_stmt 1 view .LVU7
  58              		.loc 1 132 24 is_stmt 0 view .LVU8
  59 001c 0123     		movs	r3, #1
  60 001e 4360     		str	r3, [r0, #4]
 133:Core/Src/tim.c ****   htim2.Init.CounterMode = TIM_COUNTERMODE_UP;
  61              		.loc 1 133 3 is_stmt 1 view .LVU9
  62              		.loc 1 133 26 is_stmt 0 view .LVU10
  63 0020 8260     		str	r2, [r0, #8]
 134:Core/Src/tim.c ****   htim2.Init.Period = 65536-1;
  64              		.loc 1 134 3 is_stmt 1 view .LVU11
  65              		.loc 1 134 21 is_stmt 0 view .LVU12
  66 0022 4FF6FF71 		movw	r1, #65535
  67 0026 C160     		str	r1, [r0, #12]
 135:Core/Src/tim.c ****   htim2.Init.ClockDivision = TIM_CLOCKDIVISION_DIV1;
  68              		.loc 1 135 3 is_stmt 1 view .LVU13
  69              		.loc 1 135 28 is_stmt 0 view .LVU14
  70 0028 0261     		str	r2, [r0, #16]
 136:Core/Src/tim.c ****   htim2.Init.AutoReloadPreload = TIM_AUTORELOAD_PRELOAD_ENABLE;
  71              		.loc 1 136 3 is_stmt 1 view .LVU15
  72              		.loc 1 136 32 is_stmt 0 view .LVU16
  73 002a 8022     		movs	r2, #128
  74 002c 8261     		str	r2, [r0, #24]
 137:Core/Src/tim.c ****   sConfig.EncoderMode = TIM_ENCODERMODE_TI1;
  75              		.loc 1 137 3 is_stmt 1 view .LVU17
  76              		.loc 1 137 23 is_stmt 0 view .LVU18
  77 002e 0393     		str	r3, [sp, #12]
 138:Core/Src/tim.c ****   sConfig.IC1Polarity = TIM_ICPOLARITY_RISING;
  78              		.loc 1 138 3 is_stmt 1 view .LVU19
 139:Core/Src/tim.c ****   sConfig.IC1Selection = TIM_ICSELECTION_DIRECTTI;
  79              		.loc 1 139 3 view .LVU20
  80              		.loc 1 139 24 is_stmt 0 view .LVU21
  81 0030 0593     		str	r3, [sp, #20]
 140:Core/Src/tim.c ****   sConfig.IC1Prescaler = TIM_ICPSC_DIV1;
  82              		.loc 1 140 3 is_stmt 1 view .LVU22
 141:Core/Src/tim.c ****   sConfig.IC1Filter = 0;
  83              		.loc 1 141 3 view .LVU23
 142:Core/Src/tim.c ****   sConfig.IC2Polarity = TIM_ICPOLARITY_RISING;
  84              		.loc 1 142 3 view .LVU24
 143:Core/Src/tim.c ****   sConfig.IC2Selection = TIM_ICSELECTION_DIRECTTI;
  85              		.loc 1 143 3 view .LVU25
  86              		.loc 1 143 24 is_stmt 0 view .LVU26
ARM GAS  C:\Users\honor\AppData\Local\Temp\ccBm0E7N.s 			page 5


  87 0032 0993     		str	r3, [sp, #36]
 144:Core/Src/tim.c ****   sConfig.IC2Prescaler = TIM_ICPSC_DIV1;
  88              		.loc 1 144 3 is_stmt 1 view .LVU27
 145:Core/Src/tim.c ****   sConfig.IC2Filter = 0;
  89              		.loc 1 145 3 view .LVU28
 146:Core/Src/tim.c ****   if (HAL_TIM_Encoder_Init(&htim2, &sConfig) != HAL_OK)
  90              		.loc 1 146 3 view .LVU29
  91              		.loc 1 146 7 is_stmt 0 view .LVU30
  92 0034 03A9     		add	r1, sp, #12
  93 0036 FFF7FEFF 		bl	HAL_TIM_Encoder_Init
  94              	.LVL1:
  95              		.loc 1 146 6 view .LVU31
  96 003a 50B9     		cbnz	r0, .L5
  97              	.L2:
 147:Core/Src/tim.c ****   {
 148:Core/Src/tim.c ****     Error_Handler();
 149:Core/Src/tim.c ****   }
 150:Core/Src/tim.c ****   sMasterConfig.MasterOutputTrigger = TIM_TRGO_RESET;
  98              		.loc 1 150 3 is_stmt 1 view .LVU32
  99              		.loc 1 150 37 is_stmt 0 view .LVU33
 100 003c 0023     		movs	r3, #0
 101 003e 0193     		str	r3, [sp, #4]
 151:Core/Src/tim.c ****   sMasterConfig.MasterSlaveMode = TIM_MASTERSLAVEMODE_DISABLE;
 102              		.loc 1 151 3 is_stmt 1 view .LVU34
 103              		.loc 1 151 33 is_stmt 0 view .LVU35
 104 0040 0293     		str	r3, [sp, #8]
 152:Core/Src/tim.c ****   if (HAL_TIMEx_MasterConfigSynchronization(&htim2, &sMasterConfig) != HAL_OK)
 105              		.loc 1 152 3 is_stmt 1 view .LVU36
 106              		.loc 1 152 7 is_stmt 0 view .LVU37
 107 0042 01A9     		add	r1, sp, #4
 108 0044 0648     		ldr	r0, .L7
 109 0046 FFF7FEFF 		bl	HAL_TIMEx_MasterConfigSynchronization
 110              	.LVL2:
 111              		.loc 1 152 6 view .LVU38
 112 004a 28B9     		cbnz	r0, .L6
 113              	.L1:
 153:Core/Src/tim.c ****   {
 154:Core/Src/tim.c ****     Error_Handler();
 155:Core/Src/tim.c ****   }
 156:Core/Src/tim.c ****   /* USER CODE BEGIN TIM2_Init 2 */
 157:Core/Src/tim.c **** 
 158:Core/Src/tim.c ****   /* USER CODE END TIM2_Init 2 */
 159:Core/Src/tim.c **** 
 160:Core/Src/tim.c **** }
 114              		.loc 1 160 1 view .LVU39
 115 004c 0DB0     		add	sp, sp, #52
 116              	.LCFI2:
 117              		.cfi_remember_state
 118              		.cfi_def_cfa_offset 4
 119              		@ sp needed
 120 004e 5DF804FB 		ldr	pc, [sp], #4
 121              	.L5:
 122              	.LCFI3:
 123              		.cfi_restore_state
 148:Core/Src/tim.c ****   }
 124              		.loc 1 148 5 is_stmt 1 view .LVU40
 125 0052 FFF7FEFF 		bl	Error_Handler
ARM GAS  C:\Users\honor\AppData\Local\Temp\ccBm0E7N.s 			page 6


 126              	.LVL3:
 127 0056 F1E7     		b	.L2
 128              	.L6:
 154:Core/Src/tim.c ****   }
 129              		.loc 1 154 5 view .LVU41
 130 0058 FFF7FEFF 		bl	Error_Handler
 131              	.LVL4:
 132              		.loc 1 160 1 is_stmt 0 view .LVU42
 133 005c F6E7     		b	.L1
 134              	.L8:
 135 005e 00BF     		.align	2
 136              	.L7:
 137 0060 00000000 		.word	.LANCHOR0
 138              		.cfi_endproc
 139              	.LFE240:
 141              		.section	.text.MX_TIM3_Init,"ax",%progbits
 142              		.align	1
 143              		.global	MX_TIM3_Init
 144              		.syntax unified
 145              		.thumb
 146              		.thumb_func
 148              	MX_TIM3_Init:
 149              	.LFB241:
 161:Core/Src/tim.c **** /* TIM3 init function */
 162:Core/Src/tim.c **** void MX_TIM3_Init(void)
 163:Core/Src/tim.c **** {
 150              		.loc 1 163 1 is_stmt 1 view -0
 151              		.cfi_startproc
 152              		@ args = 0, pretend = 0, frame = 48
 153              		@ frame_needed = 0, uses_anonymous_args = 0
 154 0000 00B5     		push	{lr}
 155              	.LCFI4:
 156              		.cfi_def_cfa_offset 4
 157              		.cfi_offset 14, -4
 158 0002 8DB0     		sub	sp, sp, #52
 159              	.LCFI5:
 160              		.cfi_def_cfa_offset 56
 164:Core/Src/tim.c **** 
 165:Core/Src/tim.c ****   /* USER CODE BEGIN TIM3_Init 0 */
 166:Core/Src/tim.c **** 
 167:Core/Src/tim.c ****   /* USER CODE END TIM3_Init 0 */
 168:Core/Src/tim.c **** 
 169:Core/Src/tim.c ****   TIM_Encoder_InitTypeDef sConfig = {0};
 161              		.loc 1 169 3 view .LVU44
 162              		.loc 1 169 27 is_stmt 0 view .LVU45
 163 0004 2422     		movs	r2, #36
 164 0006 0021     		movs	r1, #0
 165 0008 03A8     		add	r0, sp, #12
 166 000a FFF7FEFF 		bl	memset
 167              	.LVL5:
 170:Core/Src/tim.c ****   TIM_MasterConfigTypeDef sMasterConfig = {0};
 168              		.loc 1 170 3 is_stmt 1 view .LVU46
 169              		.loc 1 170 27 is_stmt 0 view .LVU47
 170 000e 0022     		movs	r2, #0
 171 0010 0192     		str	r2, [sp, #4]
 172 0012 0292     		str	r2, [sp, #8]
 171:Core/Src/tim.c **** 
ARM GAS  C:\Users\honor\AppData\Local\Temp\ccBm0E7N.s 			page 7


 172:Core/Src/tim.c ****   /* USER CODE BEGIN TIM3_Init 1 */
 173:Core/Src/tim.c **** 
 174:Core/Src/tim.c ****   /* USER CODE END TIM3_Init 1 */
 175:Core/Src/tim.c ****   htim3.Instance = TIM3;
 173              		.loc 1 175 3 is_stmt 1 view .LVU48
 174              		.loc 1 175 18 is_stmt 0 view .LVU49
 175 0014 1348     		ldr	r0, .L15
 176 0016 144B     		ldr	r3, .L15+4
 177 0018 0360     		str	r3, [r0]
 176:Core/Src/tim.c ****   htim3.Init.Prescaler = 2-1;
 178              		.loc 1 176 3 is_stmt 1 view .LVU50
 179              		.loc 1 176 24 is_stmt 0 view .LVU51
 180 001a 0123     		movs	r3, #1
 181 001c 4360     		str	r3, [r0, #4]
 177:Core/Src/tim.c ****   htim3.Init.CounterMode = TIM_COUNTERMODE_UP;
 182              		.loc 1 177 3 is_stmt 1 view .LVU52
 183              		.loc 1 177 26 is_stmt 0 view .LVU53
 184 001e 8260     		str	r2, [r0, #8]
 178:Core/Src/tim.c ****   htim3.Init.Period = 65536-1;
 185              		.loc 1 178 3 is_stmt 1 view .LVU54
 186              		.loc 1 178 21 is_stmt 0 view .LVU55
 187 0020 4FF6FF71 		movw	r1, #65535
 188 0024 C160     		str	r1, [r0, #12]
 179:Core/Src/tim.c ****   htim3.Init.ClockDivision = TIM_CLOCKDIVISION_DIV1;
 189              		.loc 1 179 3 is_stmt 1 view .LVU56
 190              		.loc 1 179 28 is_stmt 0 view .LVU57
 191 0026 0261     		str	r2, [r0, #16]
 180:Core/Src/tim.c ****   htim3.Init.AutoReloadPreload = TIM_AUTORELOAD_PRELOAD_ENABLE;
 192              		.loc 1 180 3 is_stmt 1 view .LVU58
 193              		.loc 1 180 32 is_stmt 0 view .LVU59
 194 0028 8022     		movs	r2, #128
 195 002a 8261     		str	r2, [r0, #24]
 181:Core/Src/tim.c ****   sConfig.EncoderMode = TIM_ENCODERMODE_TI1;
 196              		.loc 1 181 3 is_stmt 1 view .LVU60
 197              		.loc 1 181 23 is_stmt 0 view .LVU61
 198 002c 0393     		str	r3, [sp, #12]
 182:Core/Src/tim.c ****   sConfig.IC1Polarity = TIM_ICPOLARITY_RISING;
 199              		.loc 1 182 3 is_stmt 1 view .LVU62
 183:Core/Src/tim.c ****   sConfig.IC1Selection = TIM_ICSELECTION_DIRECTTI;
 200              		.loc 1 183 3 view .LVU63
 201              		.loc 1 183 24 is_stmt 0 view .LVU64
 202 002e 0593     		str	r3, [sp, #20]
 184:Core/Src/tim.c ****   sConfig.IC1Prescaler = TIM_ICPSC_DIV1;
 203              		.loc 1 184 3 is_stmt 1 view .LVU65
 185:Core/Src/tim.c ****   sConfig.IC1Filter = 15;
 204              		.loc 1 185 3 view .LVU66
 205              		.loc 1 185 21 is_stmt 0 view .LVU67
 206 0030 0F22     		movs	r2, #15
 207 0032 0792     		str	r2, [sp, #28]
 186:Core/Src/tim.c ****   sConfig.IC2Polarity = TIM_ICPOLARITY_RISING;
 208              		.loc 1 186 3 is_stmt 1 view .LVU68
 187:Core/Src/tim.c ****   sConfig.IC2Selection = TIM_ICSELECTION_DIRECTTI;
 209              		.loc 1 187 3 view .LVU69
 210              		.loc 1 187 24 is_stmt 0 view .LVU70
 211 0034 0993     		str	r3, [sp, #36]
 188:Core/Src/tim.c ****   sConfig.IC2Prescaler = TIM_ICPSC_DIV1;
 212              		.loc 1 188 3 is_stmt 1 view .LVU71
ARM GAS  C:\Users\honor\AppData\Local\Temp\ccBm0E7N.s 			page 8


 189:Core/Src/tim.c ****   sConfig.IC2Filter = 15;
 213              		.loc 1 189 3 view .LVU72
 214              		.loc 1 189 21 is_stmt 0 view .LVU73
 215 0036 0B92     		str	r2, [sp, #44]
 190:Core/Src/tim.c ****   if (HAL_TIM_Encoder_Init(&htim3, &sConfig) != HAL_OK)
 216              		.loc 1 190 3 is_stmt 1 view .LVU74
 217              		.loc 1 190 7 is_stmt 0 view .LVU75
 218 0038 03A9     		add	r1, sp, #12
 219 003a FFF7FEFF 		bl	HAL_TIM_Encoder_Init
 220              	.LVL6:
 221              		.loc 1 190 6 view .LVU76
 222 003e 50B9     		cbnz	r0, .L13
 223              	.L10:
 191:Core/Src/tim.c ****   {
 192:Core/Src/tim.c ****     Error_Handler();
 193:Core/Src/tim.c ****   }
 194:Core/Src/tim.c ****   sMasterConfig.MasterOutputTrigger = TIM_TRGO_RESET;
 224              		.loc 1 194 3 is_stmt 1 view .LVU77
 225              		.loc 1 194 37 is_stmt 0 view .LVU78
 226 0040 0023     		movs	r3, #0
 227 0042 0193     		str	r3, [sp, #4]
 195:Core/Src/tim.c ****   sMasterConfig.MasterSlaveMode = TIM_MASTERSLAVEMODE_DISABLE;
 228              		.loc 1 195 3 is_stmt 1 view .LVU79
 229              		.loc 1 195 33 is_stmt 0 view .LVU80
 230 0044 0293     		str	r3, [sp, #8]
 196:Core/Src/tim.c ****   if (HAL_TIMEx_MasterConfigSynchronization(&htim3, &sMasterConfig) != HAL_OK)
 231              		.loc 1 196 3 is_stmt 1 view .LVU81
 232              		.loc 1 196 7 is_stmt 0 view .LVU82
 233 0046 01A9     		add	r1, sp, #4
 234 0048 0648     		ldr	r0, .L15
 235 004a FFF7FEFF 		bl	HAL_TIMEx_MasterConfigSynchronization
 236              	.LVL7:
 237              		.loc 1 196 6 view .LVU83
 238 004e 28B9     		cbnz	r0, .L14
 239              	.L9:
 197:Core/Src/tim.c ****   {
 198:Core/Src/tim.c ****     Error_Handler();
 199:Core/Src/tim.c ****   }
 200:Core/Src/tim.c ****   /* USER CODE BEGIN TIM3_Init 2 */
 201:Core/Src/tim.c **** 
 202:Core/Src/tim.c ****   /* USER CODE END TIM3_Init 2 */
 203:Core/Src/tim.c **** 
 204:Core/Src/tim.c **** }
 240              		.loc 1 204 1 view .LVU84
 241 0050 0DB0     		add	sp, sp, #52
 242              	.LCFI6:
 243              		.cfi_remember_state
 244              		.cfi_def_cfa_offset 4
 245              		@ sp needed
 246 0052 5DF804FB 		ldr	pc, [sp], #4
 247              	.L13:
 248              	.LCFI7:
 249              		.cfi_restore_state
 192:Core/Src/tim.c ****   }
 250              		.loc 1 192 5 is_stmt 1 view .LVU85
 251 0056 FFF7FEFF 		bl	Error_Handler
 252              	.LVL8:
ARM GAS  C:\Users\honor\AppData\Local\Temp\ccBm0E7N.s 			page 9


 253 005a F1E7     		b	.L10
 254              	.L14:
 198:Core/Src/tim.c ****   }
 255              		.loc 1 198 5 view .LVU86
 256 005c FFF7FEFF 		bl	Error_Handler
 257              	.LVL9:
 258              		.loc 1 204 1 is_stmt 0 view .LVU87
 259 0060 F6E7     		b	.L9
 260              	.L16:
 261 0062 00BF     		.align	2
 262              	.L15:
 263 0064 00000000 		.word	.LANCHOR1
 264 0068 00040040 		.word	1073742848
 265              		.cfi_endproc
 266              	.LFE241:
 268              		.section	.text.MX_TIM4_Init,"ax",%progbits
 269              		.align	1
 270              		.global	MX_TIM4_Init
 271              		.syntax unified
 272              		.thumb
 273              		.thumb_func
 275              	MX_TIM4_Init:
 276              	.LFB242:
 205:Core/Src/tim.c **** /* TIM4 init function */
 206:Core/Src/tim.c **** void MX_TIM4_Init(void)
 207:Core/Src/tim.c **** {
 277              		.loc 1 207 1 is_stmt 1 view -0
 278              		.cfi_startproc
 279              		@ args = 0, pretend = 0, frame = 48
 280              		@ frame_needed = 0, uses_anonymous_args = 0
 281 0000 00B5     		push	{lr}
 282              	.LCFI8:
 283              		.cfi_def_cfa_offset 4
 284              		.cfi_offset 14, -4
 285 0002 8DB0     		sub	sp, sp, #52
 286              	.LCFI9:
 287              		.cfi_def_cfa_offset 56
 208:Core/Src/tim.c **** 
 209:Core/Src/tim.c ****   /* USER CODE BEGIN TIM4_Init 0 */
 210:Core/Src/tim.c **** 
 211:Core/Src/tim.c ****   /* USER CODE END TIM4_Init 0 */
 212:Core/Src/tim.c **** 
 213:Core/Src/tim.c ****   TIM_Encoder_InitTypeDef sConfig = {0};
 288              		.loc 1 213 3 view .LVU89
 289              		.loc 1 213 27 is_stmt 0 view .LVU90
 290 0004 2422     		movs	r2, #36
 291 0006 0021     		movs	r1, #0
 292 0008 03A8     		add	r0, sp, #12
 293 000a FFF7FEFF 		bl	memset
 294              	.LVL10:
 214:Core/Src/tim.c ****   TIM_MasterConfigTypeDef sMasterConfig = {0};
 295              		.loc 1 214 3 is_stmt 1 view .LVU91
 296              		.loc 1 214 27 is_stmt 0 view .LVU92
 297 000e 0022     		movs	r2, #0
 298 0010 0192     		str	r2, [sp, #4]
 299 0012 0292     		str	r2, [sp, #8]
 215:Core/Src/tim.c **** 
ARM GAS  C:\Users\honor\AppData\Local\Temp\ccBm0E7N.s 			page 10


 216:Core/Src/tim.c ****   /* USER CODE BEGIN TIM4_Init 1 */
 217:Core/Src/tim.c **** 
 218:Core/Src/tim.c ****   /* USER CODE END TIM4_Init 1 */
 219:Core/Src/tim.c ****   htim4.Instance = TIM4;
 300              		.loc 1 219 3 is_stmt 1 view .LVU93
 301              		.loc 1 219 18 is_stmt 0 view .LVU94
 302 0014 1348     		ldr	r0, .L23
 303 0016 144B     		ldr	r3, .L23+4
 304 0018 0360     		str	r3, [r0]
 220:Core/Src/tim.c ****   htim4.Init.Prescaler = 2-1;
 305              		.loc 1 220 3 is_stmt 1 view .LVU95
 306              		.loc 1 220 24 is_stmt 0 view .LVU96
 307 001a 0123     		movs	r3, #1
 308 001c 4360     		str	r3, [r0, #4]
 221:Core/Src/tim.c ****   htim4.Init.CounterMode = TIM_COUNTERMODE_UP;
 309              		.loc 1 221 3 is_stmt 1 view .LVU97
 310              		.loc 1 221 26 is_stmt 0 view .LVU98
 311 001e 8260     		str	r2, [r0, #8]
 222:Core/Src/tim.c ****   htim4.Init.Period = 65536-1;
 312              		.loc 1 222 3 is_stmt 1 view .LVU99
 313              		.loc 1 222 21 is_stmt 0 view .LVU100
 314 0020 4FF6FF71 		movw	r1, #65535
 315 0024 C160     		str	r1, [r0, #12]
 223:Core/Src/tim.c ****   htim4.Init.ClockDivision = TIM_CLOCKDIVISION_DIV1;
 316              		.loc 1 223 3 is_stmt 1 view .LVU101
 317              		.loc 1 223 28 is_stmt 0 view .LVU102
 318 0026 0261     		str	r2, [r0, #16]
 224:Core/Src/tim.c ****   htim4.Init.AutoReloadPreload = TIM_AUTORELOAD_PRELOAD_ENABLE;
 319              		.loc 1 224 3 is_stmt 1 view .LVU103
 320              		.loc 1 224 32 is_stmt 0 view .LVU104
 321 0028 8022     		movs	r2, #128
 322 002a 8261     		str	r2, [r0, #24]
 225:Core/Src/tim.c ****   sConfig.EncoderMode = TIM_ENCODERMODE_TI1;
 323              		.loc 1 225 3 is_stmt 1 view .LVU105
 324              		.loc 1 225 23 is_stmt 0 view .LVU106
 325 002c 0393     		str	r3, [sp, #12]
 226:Core/Src/tim.c ****   sConfig.IC1Polarity = TIM_ICPOLARITY_RISING;
 326              		.loc 1 226 3 is_stmt 1 view .LVU107
 227:Core/Src/tim.c ****   sConfig.IC1Selection = TIM_ICSELECTION_DIRECTTI;
 327              		.loc 1 227 3 view .LVU108
 328              		.loc 1 227 24 is_stmt 0 view .LVU109
 329 002e 0593     		str	r3, [sp, #20]
 228:Core/Src/tim.c ****   sConfig.IC1Prescaler = TIM_ICPSC_DIV1;
 330              		.loc 1 228 3 is_stmt 1 view .LVU110
 229:Core/Src/tim.c ****   sConfig.IC1Filter = 15;
 331              		.loc 1 229 3 view .LVU111
 332              		.loc 1 229 21 is_stmt 0 view .LVU112
 333 0030 0F22     		movs	r2, #15
 334 0032 0792     		str	r2, [sp, #28]
 230:Core/Src/tim.c ****   sConfig.IC2Polarity = TIM_ICPOLARITY_RISING;
 335              		.loc 1 230 3 is_stmt 1 view .LVU113
 231:Core/Src/tim.c ****   sConfig.IC2Selection = TIM_ICSELECTION_DIRECTTI;
 336              		.loc 1 231 3 view .LVU114
 337              		.loc 1 231 24 is_stmt 0 view .LVU115
 338 0034 0993     		str	r3, [sp, #36]
 232:Core/Src/tim.c ****   sConfig.IC2Prescaler = TIM_ICPSC_DIV1;
 339              		.loc 1 232 3 is_stmt 1 view .LVU116
ARM GAS  C:\Users\honor\AppData\Local\Temp\ccBm0E7N.s 			page 11


 233:Core/Src/tim.c ****   sConfig.IC2Filter = 15;
 340              		.loc 1 233 3 view .LVU117
 341              		.loc 1 233 21 is_stmt 0 view .LVU118
 342 0036 0B92     		str	r2, [sp, #44]
 234:Core/Src/tim.c ****   if (HAL_TIM_Encoder_Init(&htim4, &sConfig) != HAL_OK)
 343              		.loc 1 234 3 is_stmt 1 view .LVU119
 344              		.loc 1 234 7 is_stmt 0 view .LVU120
 345 0038 03A9     		add	r1, sp, #12
 346 003a FFF7FEFF 		bl	HAL_TIM_Encoder_Init
 347              	.LVL11:
 348              		.loc 1 234 6 view .LVU121
 349 003e 50B9     		cbnz	r0, .L21
 350              	.L18:
 235:Core/Src/tim.c ****   {
 236:Core/Src/tim.c ****     Error_Handler();
 237:Core/Src/tim.c ****   }
 238:Core/Src/tim.c ****   sMasterConfig.MasterOutputTrigger = TIM_TRGO_RESET;
 351              		.loc 1 238 3 is_stmt 1 view .LVU122
 352              		.loc 1 238 37 is_stmt 0 view .LVU123
 353 0040 0023     		movs	r3, #0
 354 0042 0193     		str	r3, [sp, #4]
 239:Core/Src/tim.c ****   sMasterConfig.MasterSlaveMode = TIM_MASTERSLAVEMODE_DISABLE;
 355              		.loc 1 239 3 is_stmt 1 view .LVU124
 356              		.loc 1 239 33 is_stmt 0 view .LVU125
 357 0044 0293     		str	r3, [sp, #8]
 240:Core/Src/tim.c ****   if (HAL_TIMEx_MasterConfigSynchronization(&htim4, &sMasterConfig) != HAL_OK)
 358              		.loc 1 240 3 is_stmt 1 view .LVU126
 359              		.loc 1 240 7 is_stmt 0 view .LVU127
 360 0046 01A9     		add	r1, sp, #4
 361 0048 0648     		ldr	r0, .L23
 362 004a FFF7FEFF 		bl	HAL_TIMEx_MasterConfigSynchronization
 363              	.LVL12:
 364              		.loc 1 240 6 view .LVU128
 365 004e 28B9     		cbnz	r0, .L22
 366              	.L17:
 241:Core/Src/tim.c ****   {
 242:Core/Src/tim.c ****     Error_Handler();
 243:Core/Src/tim.c ****   }
 244:Core/Src/tim.c ****   /* USER CODE BEGIN TIM4_Init 2 */
 245:Core/Src/tim.c **** 
 246:Core/Src/tim.c ****   /* USER CODE END TIM4_Init 2 */
 247:Core/Src/tim.c **** 
 248:Core/Src/tim.c **** }
 367              		.loc 1 248 1 view .LVU129
 368 0050 0DB0     		add	sp, sp, #52
 369              	.LCFI10:
 370              		.cfi_remember_state
 371              		.cfi_def_cfa_offset 4
 372              		@ sp needed
 373 0052 5DF804FB 		ldr	pc, [sp], #4
 374              	.L21:
 375              	.LCFI11:
 376              		.cfi_restore_state
 236:Core/Src/tim.c ****   }
 377              		.loc 1 236 5 is_stmt 1 view .LVU130
 378 0056 FFF7FEFF 		bl	Error_Handler
 379              	.LVL13:
ARM GAS  C:\Users\honor\AppData\Local\Temp\ccBm0E7N.s 			page 12


 380 005a F1E7     		b	.L18
 381              	.L22:
 242:Core/Src/tim.c ****   }
 382              		.loc 1 242 5 view .LVU131
 383 005c FFF7FEFF 		bl	Error_Handler
 384              	.LVL14:
 385              		.loc 1 248 1 is_stmt 0 view .LVU132
 386 0060 F6E7     		b	.L17
 387              	.L24:
 388 0062 00BF     		.align	2
 389              	.L23:
 390 0064 00000000 		.word	.LANCHOR2
 391 0068 00080040 		.word	1073743872
 392              		.cfi_endproc
 393              	.LFE242:
 395              		.section	.text.MX_TIM5_Init,"ax",%progbits
 396              		.align	1
 397              		.global	MX_TIM5_Init
 398              		.syntax unified
 399              		.thumb
 400              		.thumb_func
 402              	MX_TIM5_Init:
 403              	.LFB243:
 249:Core/Src/tim.c **** /* TIM5 init function */
 250:Core/Src/tim.c **** void MX_TIM5_Init(void)
 251:Core/Src/tim.c **** {
 404              		.loc 1 251 1 is_stmt 1 view -0
 405              		.cfi_startproc
 406              		@ args = 0, pretend = 0, frame = 48
 407              		@ frame_needed = 0, uses_anonymous_args = 0
 408 0000 00B5     		push	{lr}
 409              	.LCFI12:
 410              		.cfi_def_cfa_offset 4
 411              		.cfi_offset 14, -4
 412 0002 8DB0     		sub	sp, sp, #52
 413              	.LCFI13:
 414              		.cfi_def_cfa_offset 56
 252:Core/Src/tim.c **** 
 253:Core/Src/tim.c ****   /* USER CODE BEGIN TIM5_Init 0 */
 254:Core/Src/tim.c **** 
 255:Core/Src/tim.c ****   /* USER CODE END TIM5_Init 0 */
 256:Core/Src/tim.c **** 
 257:Core/Src/tim.c ****   TIM_Encoder_InitTypeDef sConfig = {0};
 415              		.loc 1 257 3 view .LVU134
 416              		.loc 1 257 27 is_stmt 0 view .LVU135
 417 0004 2422     		movs	r2, #36
 418 0006 0021     		movs	r1, #0
 419 0008 03A8     		add	r0, sp, #12
 420 000a FFF7FEFF 		bl	memset
 421              	.LVL15:
 258:Core/Src/tim.c ****   TIM_MasterConfigTypeDef sMasterConfig = {0};
 422              		.loc 1 258 3 is_stmt 1 view .LVU136
 423              		.loc 1 258 27 is_stmt 0 view .LVU137
 424 000e 0022     		movs	r2, #0
 425 0010 0192     		str	r2, [sp, #4]
 426 0012 0292     		str	r2, [sp, #8]
 259:Core/Src/tim.c **** 
ARM GAS  C:\Users\honor\AppData\Local\Temp\ccBm0E7N.s 			page 13


 260:Core/Src/tim.c ****   /* USER CODE BEGIN TIM5_Init 1 */
 261:Core/Src/tim.c **** 
 262:Core/Src/tim.c ****   /* USER CODE END TIM5_Init 1 */
 263:Core/Src/tim.c ****   htim5.Instance = TIM5;
 427              		.loc 1 263 3 is_stmt 1 view .LVU138
 428              		.loc 1 263 18 is_stmt 0 view .LVU139
 429 0014 1348     		ldr	r0, .L31
 430 0016 144B     		ldr	r3, .L31+4
 431 0018 0360     		str	r3, [r0]
 264:Core/Src/tim.c ****   htim5.Init.Prescaler = 2-1;
 432              		.loc 1 264 3 is_stmt 1 view .LVU140
 433              		.loc 1 264 24 is_stmt 0 view .LVU141
 434 001a 0123     		movs	r3, #1
 435 001c 4360     		str	r3, [r0, #4]
 265:Core/Src/tim.c ****   htim5.Init.CounterMode = TIM_COUNTERMODE_UP;
 436              		.loc 1 265 3 is_stmt 1 view .LVU142
 437              		.loc 1 265 26 is_stmt 0 view .LVU143
 438 001e 8260     		str	r2, [r0, #8]
 266:Core/Src/tim.c ****   htim5.Init.Period = 65536-1;
 439              		.loc 1 266 3 is_stmt 1 view .LVU144
 440              		.loc 1 266 21 is_stmt 0 view .LVU145
 441 0020 4FF6FF71 		movw	r1, #65535
 442 0024 C160     		str	r1, [r0, #12]
 267:Core/Src/tim.c ****   htim5.Init.ClockDivision = TIM_CLOCKDIVISION_DIV1;
 443              		.loc 1 267 3 is_stmt 1 view .LVU146
 444              		.loc 1 267 28 is_stmt 0 view .LVU147
 445 0026 0261     		str	r2, [r0, #16]
 268:Core/Src/tim.c ****   htim5.Init.AutoReloadPreload = TIM_AUTORELOAD_PRELOAD_ENABLE;
 446              		.loc 1 268 3 is_stmt 1 view .LVU148
 447              		.loc 1 268 32 is_stmt 0 view .LVU149
 448 0028 8022     		movs	r2, #128
 449 002a 8261     		str	r2, [r0, #24]
 269:Core/Src/tim.c ****   sConfig.EncoderMode = TIM_ENCODERMODE_TI1;
 450              		.loc 1 269 3 is_stmt 1 view .LVU150
 451              		.loc 1 269 23 is_stmt 0 view .LVU151
 452 002c 0393     		str	r3, [sp, #12]
 270:Core/Src/tim.c ****   sConfig.IC1Polarity = TIM_ICPOLARITY_RISING;
 453              		.loc 1 270 3 is_stmt 1 view .LVU152
 271:Core/Src/tim.c ****   sConfig.IC1Selection = TIM_ICSELECTION_DIRECTTI;
 454              		.loc 1 271 3 view .LVU153
 455              		.loc 1 271 24 is_stmt 0 view .LVU154
 456 002e 0593     		str	r3, [sp, #20]
 272:Core/Src/tim.c ****   sConfig.IC1Prescaler = TIM_ICPSC_DIV1;
 457              		.loc 1 272 3 is_stmt 1 view .LVU155
 273:Core/Src/tim.c ****   sConfig.IC1Filter = 15;
 458              		.loc 1 273 3 view .LVU156
 459              		.loc 1 273 21 is_stmt 0 view .LVU157
 460 0030 0F22     		movs	r2, #15
 461 0032 0792     		str	r2, [sp, #28]
 274:Core/Src/tim.c ****   sConfig.IC2Polarity = TIM_ICPOLARITY_RISING;
 462              		.loc 1 274 3 is_stmt 1 view .LVU158
 275:Core/Src/tim.c ****   sConfig.IC2Selection = TIM_ICSELECTION_DIRECTTI;
 463              		.loc 1 275 3 view .LVU159
 464              		.loc 1 275 24 is_stmt 0 view .LVU160
 465 0034 0993     		str	r3, [sp, #36]
 276:Core/Src/tim.c ****   sConfig.IC2Prescaler = TIM_ICPSC_DIV1;
 466              		.loc 1 276 3 is_stmt 1 view .LVU161
ARM GAS  C:\Users\honor\AppData\Local\Temp\ccBm0E7N.s 			page 14


 277:Core/Src/tim.c ****   sConfig.IC2Filter = 15;
 467              		.loc 1 277 3 view .LVU162
 468              		.loc 1 277 21 is_stmt 0 view .LVU163
 469 0036 0B92     		str	r2, [sp, #44]
 278:Core/Src/tim.c ****   if (HAL_TIM_Encoder_Init(&htim5, &sConfig) != HAL_OK)
 470              		.loc 1 278 3 is_stmt 1 view .LVU164
 471              		.loc 1 278 7 is_stmt 0 view .LVU165
 472 0038 03A9     		add	r1, sp, #12
 473 003a FFF7FEFF 		bl	HAL_TIM_Encoder_Init
 474              	.LVL16:
 475              		.loc 1 278 6 view .LVU166
 476 003e 50B9     		cbnz	r0, .L29
 477              	.L26:
 279:Core/Src/tim.c ****   {
 280:Core/Src/tim.c ****     Error_Handler();
 281:Core/Src/tim.c ****   }
 282:Core/Src/tim.c ****   sMasterConfig.MasterOutputTrigger = TIM_TRGO_RESET;
 478              		.loc 1 282 3 is_stmt 1 view .LVU167
 479              		.loc 1 282 37 is_stmt 0 view .LVU168
 480 0040 0023     		movs	r3, #0
 481 0042 0193     		str	r3, [sp, #4]
 283:Core/Src/tim.c ****   sMasterConfig.MasterSlaveMode = TIM_MASTERSLAVEMODE_DISABLE;
 482              		.loc 1 283 3 is_stmt 1 view .LVU169
 483              		.loc 1 283 33 is_stmt 0 view .LVU170
 484 0044 0293     		str	r3, [sp, #8]
 284:Core/Src/tim.c ****   if (HAL_TIMEx_MasterConfigSynchronization(&htim5, &sMasterConfig) != HAL_OK)
 485              		.loc 1 284 3 is_stmt 1 view .LVU171
 486              		.loc 1 284 7 is_stmt 0 view .LVU172
 487 0046 01A9     		add	r1, sp, #4
 488 0048 0648     		ldr	r0, .L31
 489 004a FFF7FEFF 		bl	HAL_TIMEx_MasterConfigSynchronization
 490              	.LVL17:
 491              		.loc 1 284 6 view .LVU173
 492 004e 28B9     		cbnz	r0, .L30
 493              	.L25:
 285:Core/Src/tim.c ****   {
 286:Core/Src/tim.c ****     Error_Handler();
 287:Core/Src/tim.c ****   }
 288:Core/Src/tim.c ****   /* USER CODE BEGIN TIM5_Init 2 */
 289:Core/Src/tim.c **** 
 290:Core/Src/tim.c ****   /* USER CODE END TIM5_Init 2 */
 291:Core/Src/tim.c **** 
 292:Core/Src/tim.c **** }
 494              		.loc 1 292 1 view .LVU174
 495 0050 0DB0     		add	sp, sp, #52
 496              	.LCFI14:
 497              		.cfi_remember_state
 498              		.cfi_def_cfa_offset 4
 499              		@ sp needed
 500 0052 5DF804FB 		ldr	pc, [sp], #4
 501              	.L29:
 502              	.LCFI15:
 503              		.cfi_restore_state
 280:Core/Src/tim.c ****   }
 504              		.loc 1 280 5 is_stmt 1 view .LVU175
 505 0056 FFF7FEFF 		bl	Error_Handler
 506              	.LVL18:
ARM GAS  C:\Users\honor\AppData\Local\Temp\ccBm0E7N.s 			page 15


 507 005a F1E7     		b	.L26
 508              	.L30:
 286:Core/Src/tim.c ****   }
 509              		.loc 1 286 5 view .LVU176
 510 005c FFF7FEFF 		bl	Error_Handler
 511              	.LVL19:
 512              		.loc 1 292 1 is_stmt 0 view .LVU177
 513 0060 F6E7     		b	.L25
 514              	.L32:
 515 0062 00BF     		.align	2
 516              	.L31:
 517 0064 00000000 		.word	.LANCHOR3
 518 0068 000C0040 		.word	1073744896
 519              		.cfi_endproc
 520              	.LFE243:
 522              		.section	.text.HAL_TIM_Base_MspInit,"ax",%progbits
 523              		.align	1
 524              		.global	HAL_TIM_Base_MspInit
 525              		.syntax unified
 526              		.thumb
 527              		.thumb_func
 529              	HAL_TIM_Base_MspInit:
 530              	.LVL20:
 531              	.LFB246:
 293:Core/Src/tim.c **** /* TIM9 init function */
 294:Core/Src/tim.c **** void MX_TIM9_Init(void)
 295:Core/Src/tim.c **** {
 296:Core/Src/tim.c **** 
 297:Core/Src/tim.c ****   /* USER CODE BEGIN TIM9_Init 0 */
 298:Core/Src/tim.c **** 
 299:Core/Src/tim.c ****   /* USER CODE END TIM9_Init 0 */
 300:Core/Src/tim.c **** 
 301:Core/Src/tim.c ****   TIM_ClockConfigTypeDef sClockSourceConfig = {0};
 302:Core/Src/tim.c ****   TIM_OC_InitTypeDef sConfigOC = {0};
 303:Core/Src/tim.c **** 
 304:Core/Src/tim.c ****   /* USER CODE BEGIN TIM9_Init 1 */
 305:Core/Src/tim.c **** 
 306:Core/Src/tim.c ****   /* USER CODE END TIM9_Init 1 */
 307:Core/Src/tim.c ****   htim9.Instance = TIM9;
 308:Core/Src/tim.c ****   htim9.Init.Prescaler = 168-1;
 309:Core/Src/tim.c ****   htim9.Init.CounterMode = TIM_COUNTERMODE_UP;
 310:Core/Src/tim.c ****   htim9.Init.Period = 100-1;
 311:Core/Src/tim.c ****   htim9.Init.ClockDivision = TIM_CLOCKDIVISION_DIV1;
 312:Core/Src/tim.c ****   htim9.Init.AutoReloadPreload = TIM_AUTORELOAD_PRELOAD_DISABLE;
 313:Core/Src/tim.c ****   if (HAL_TIM_Base_Init(&htim9) != HAL_OK)
 314:Core/Src/tim.c ****   {
 315:Core/Src/tim.c ****     Error_Handler();
 316:Core/Src/tim.c ****   }
 317:Core/Src/tim.c ****   sClockSourceConfig.ClockSource = TIM_CLOCKSOURCE_INTERNAL;
 318:Core/Src/tim.c ****   if (HAL_TIM_ConfigClockSource(&htim9, &sClockSourceConfig) != HAL_OK)
 319:Core/Src/tim.c ****   {
 320:Core/Src/tim.c ****     Error_Handler();
 321:Core/Src/tim.c ****   }
 322:Core/Src/tim.c ****   if (HAL_TIM_PWM_Init(&htim9) != HAL_OK)
 323:Core/Src/tim.c ****   {
 324:Core/Src/tim.c ****     Error_Handler();
 325:Core/Src/tim.c ****   }
ARM GAS  C:\Users\honor\AppData\Local\Temp\ccBm0E7N.s 			page 16


 326:Core/Src/tim.c ****   sConfigOC.OCMode = TIM_OCMODE_PWM1;
 327:Core/Src/tim.c ****   sConfigOC.Pulse = 0;
 328:Core/Src/tim.c ****   sConfigOC.OCPolarity = TIM_OCPOLARITY_HIGH;
 329:Core/Src/tim.c ****   sConfigOC.OCFastMode = TIM_OCFAST_DISABLE;
 330:Core/Src/tim.c ****   if (HAL_TIM_PWM_ConfigChannel(&htim9, &sConfigOC, TIM_CHANNEL_1) != HAL_OK)
 331:Core/Src/tim.c ****   {
 332:Core/Src/tim.c ****     Error_Handler();
 333:Core/Src/tim.c ****   }
 334:Core/Src/tim.c ****   if (HAL_TIM_PWM_ConfigChannel(&htim9, &sConfigOC, TIM_CHANNEL_2) != HAL_OK)
 335:Core/Src/tim.c ****   {
 336:Core/Src/tim.c ****     Error_Handler();
 337:Core/Src/tim.c ****   }
 338:Core/Src/tim.c ****   /* USER CODE BEGIN TIM9_Init 2 */
 339:Core/Src/tim.c **** 
 340:Core/Src/tim.c ****   /* USER CODE END TIM9_Init 2 */
 341:Core/Src/tim.c ****   HAL_TIM_MspPostInit(&htim9);
 342:Core/Src/tim.c **** 
 343:Core/Src/tim.c **** }
 344:Core/Src/tim.c **** /* TIM12 init function */
 345:Core/Src/tim.c **** void MX_TIM12_Init(void)
 346:Core/Src/tim.c **** {
 347:Core/Src/tim.c **** 
 348:Core/Src/tim.c ****   /* USER CODE BEGIN TIM12_Init 0 */
 349:Core/Src/tim.c **** 
 350:Core/Src/tim.c ****   /* USER CODE END TIM12_Init 0 */
 351:Core/Src/tim.c **** 
 352:Core/Src/tim.c ****   TIM_ClockConfigTypeDef sClockSourceConfig = {0};
 353:Core/Src/tim.c ****   TIM_OC_InitTypeDef sConfigOC = {0};
 354:Core/Src/tim.c **** 
 355:Core/Src/tim.c ****   /* USER CODE BEGIN TIM12_Init 1 */
 356:Core/Src/tim.c **** 
 357:Core/Src/tim.c ****   /* USER CODE END TIM12_Init 1 */
 358:Core/Src/tim.c ****   htim12.Instance = TIM12;
 359:Core/Src/tim.c ****   htim12.Init.Prescaler = 168-1;
 360:Core/Src/tim.c ****   htim12.Init.CounterMode = TIM_COUNTERMODE_UP;
 361:Core/Src/tim.c ****   htim12.Init.Period = 100-1;
 362:Core/Src/tim.c ****   htim12.Init.ClockDivision = TIM_CLOCKDIVISION_DIV1;
 363:Core/Src/tim.c ****   htim12.Init.AutoReloadPreload = TIM_AUTORELOAD_PRELOAD_DISABLE;
 364:Core/Src/tim.c ****   if (HAL_TIM_Base_Init(&htim12) != HAL_OK)
 365:Core/Src/tim.c ****   {
 366:Core/Src/tim.c ****     Error_Handler();
 367:Core/Src/tim.c ****   }
 368:Core/Src/tim.c ****   sClockSourceConfig.ClockSource = TIM_CLOCKSOURCE_INTERNAL;
 369:Core/Src/tim.c ****   if (HAL_TIM_ConfigClockSource(&htim12, &sClockSourceConfig) != HAL_OK)
 370:Core/Src/tim.c ****   {
 371:Core/Src/tim.c ****     Error_Handler();
 372:Core/Src/tim.c ****   }
 373:Core/Src/tim.c ****   if (HAL_TIM_PWM_Init(&htim12) != HAL_OK)
 374:Core/Src/tim.c ****   {
 375:Core/Src/tim.c ****     Error_Handler();
 376:Core/Src/tim.c ****   }
 377:Core/Src/tim.c ****   sConfigOC.OCMode = TIM_OCMODE_PWM1;
 378:Core/Src/tim.c ****   sConfigOC.Pulse = 0;
 379:Core/Src/tim.c ****   sConfigOC.OCPolarity = TIM_OCPOLARITY_HIGH;
 380:Core/Src/tim.c ****   sConfigOC.OCFastMode = TIM_OCFAST_DISABLE;
 381:Core/Src/tim.c ****   if (HAL_TIM_PWM_ConfigChannel(&htim12, &sConfigOC, TIM_CHANNEL_1) != HAL_OK)
 382:Core/Src/tim.c ****   {
ARM GAS  C:\Users\honor\AppData\Local\Temp\ccBm0E7N.s 			page 17


 383:Core/Src/tim.c ****     Error_Handler();
 384:Core/Src/tim.c ****   }
 385:Core/Src/tim.c ****   if (HAL_TIM_PWM_ConfigChannel(&htim12, &sConfigOC, TIM_CHANNEL_2) != HAL_OK)
 386:Core/Src/tim.c ****   {
 387:Core/Src/tim.c ****     Error_Handler();
 388:Core/Src/tim.c ****   }
 389:Core/Src/tim.c ****   /* USER CODE BEGIN TIM12_Init 2 */
 390:Core/Src/tim.c **** 
 391:Core/Src/tim.c ****   /* USER CODE END TIM12_Init 2 */
 392:Core/Src/tim.c ****   HAL_TIM_MspPostInit(&htim12);
 393:Core/Src/tim.c **** 
 394:Core/Src/tim.c **** }
 395:Core/Src/tim.c **** 
 396:Core/Src/tim.c **** void HAL_TIM_Base_MspInit(TIM_HandleTypeDef* tim_baseHandle)
 397:Core/Src/tim.c **** {
 532              		.loc 1 397 1 is_stmt 1 view -0
 533              		.cfi_startproc
 534              		@ args = 0, pretend = 0, frame = 16
 535              		@ frame_needed = 0, uses_anonymous_args = 0
 536              		.loc 1 397 1 is_stmt 0 view .LVU179
 537 0000 00B5     		push	{lr}
 538              	.LCFI16:
 539              		.cfi_def_cfa_offset 4
 540              		.cfi_offset 14, -4
 541 0002 85B0     		sub	sp, sp, #20
 542              	.LCFI17:
 543              		.cfi_def_cfa_offset 24
 398:Core/Src/tim.c **** 
 399:Core/Src/tim.c ****   if(tim_baseHandle->Instance==TIM1)
 544              		.loc 1 399 3 is_stmt 1 view .LVU180
 545              		.loc 1 399 20 is_stmt 0 view .LVU181
 546 0004 0368     		ldr	r3, [r0]
 547              		.loc 1 399 5 view .LVU182
 548 0006 1D4A     		ldr	r2, .L41
 549 0008 9342     		cmp	r3, r2
 550 000a 08D0     		beq	.L38
 400:Core/Src/tim.c ****   {
 401:Core/Src/tim.c ****   /* USER CODE BEGIN TIM1_MspInit 0 */
 402:Core/Src/tim.c **** 
 403:Core/Src/tim.c ****   /* USER CODE END TIM1_MspInit 0 */
 404:Core/Src/tim.c ****     /* TIM1 clock enable */
 405:Core/Src/tim.c ****     __HAL_RCC_TIM1_CLK_ENABLE();
 406:Core/Src/tim.c **** 
 407:Core/Src/tim.c ****     /* TIM1 interrupt Init */
 408:Core/Src/tim.c ****     HAL_NVIC_SetPriority(TIM1_TRG_COM_TIM11_IRQn, 5, 0);
 409:Core/Src/tim.c ****     HAL_NVIC_EnableIRQ(TIM1_TRG_COM_TIM11_IRQn);
 410:Core/Src/tim.c ****   /* USER CODE BEGIN TIM1_MspInit 1 */
 411:Core/Src/tim.c **** 
 412:Core/Src/tim.c ****   /* USER CODE END TIM1_MspInit 1 */
 413:Core/Src/tim.c ****   }
 414:Core/Src/tim.c ****   else if(tim_baseHandle->Instance==TIM9)
 551              		.loc 1 414 8 is_stmt 1 view .LVU183
 552              		.loc 1 414 10 is_stmt 0 view .LVU184
 553 000c 1C4A     		ldr	r2, .L41+4
 554 000e 9342     		cmp	r3, r2
 555 0010 19D0     		beq	.L39
 415:Core/Src/tim.c ****   {
ARM GAS  C:\Users\honor\AppData\Local\Temp\ccBm0E7N.s 			page 18


 416:Core/Src/tim.c ****   /* USER CODE BEGIN TIM9_MspInit 0 */
 417:Core/Src/tim.c **** 
 418:Core/Src/tim.c ****   /* USER CODE END TIM9_MspInit 0 */
 419:Core/Src/tim.c ****     /* TIM9 clock enable */
 420:Core/Src/tim.c ****     __HAL_RCC_TIM9_CLK_ENABLE();
 421:Core/Src/tim.c ****   /* USER CODE BEGIN TIM9_MspInit 1 */
 422:Core/Src/tim.c **** 
 423:Core/Src/tim.c ****   /* USER CODE END TIM9_MspInit 1 */
 424:Core/Src/tim.c ****   }
 425:Core/Src/tim.c ****   else if(tim_baseHandle->Instance==TIM12)
 556              		.loc 1 425 8 is_stmt 1 view .LVU185
 557              		.loc 1 425 10 is_stmt 0 view .LVU186
 558 0012 1C4A     		ldr	r2, .L41+8
 559 0014 9342     		cmp	r3, r2
 560 0016 23D0     		beq	.L40
 561              	.LVL21:
 562              	.L33:
 426:Core/Src/tim.c ****   {
 427:Core/Src/tim.c ****   /* USER CODE BEGIN TIM12_MspInit 0 */
 428:Core/Src/tim.c **** 
 429:Core/Src/tim.c ****   /* USER CODE END TIM12_MspInit 0 */
 430:Core/Src/tim.c ****     /* TIM12 clock enable */
 431:Core/Src/tim.c ****     __HAL_RCC_TIM12_CLK_ENABLE();
 432:Core/Src/tim.c ****   /* USER CODE BEGIN TIM12_MspInit 1 */
 433:Core/Src/tim.c **** 
 434:Core/Src/tim.c ****   /* USER CODE END TIM12_MspInit 1 */
 435:Core/Src/tim.c ****   }
 436:Core/Src/tim.c **** }
 563              		.loc 1 436 1 view .LVU187
 564 0018 05B0     		add	sp, sp, #20
 565              	.LCFI18:
 566              		.cfi_remember_state
 567              		.cfi_def_cfa_offset 4
 568              		@ sp needed
 569 001a 5DF804FB 		ldr	pc, [sp], #4
 570              	.LVL22:
 571              	.L38:
 572              	.LCFI19:
 573              		.cfi_restore_state
 405:Core/Src/tim.c **** 
 574              		.loc 1 405 5 is_stmt 1 view .LVU188
 575              	.LBB2:
 405:Core/Src/tim.c **** 
 576              		.loc 1 405 5 view .LVU189
 577 001e 0022     		movs	r2, #0
 578 0020 0192     		str	r2, [sp, #4]
 405:Core/Src/tim.c **** 
 579              		.loc 1 405 5 view .LVU190
 580 0022 194B     		ldr	r3, .L41+12
 581 0024 596C     		ldr	r1, [r3, #68]
 582 0026 41F00101 		orr	r1, r1, #1
 583 002a 5964     		str	r1, [r3, #68]
 405:Core/Src/tim.c **** 
 584              		.loc 1 405 5 view .LVU191
 585 002c 5B6C     		ldr	r3, [r3, #68]
 586 002e 03F00103 		and	r3, r3, #1
 587 0032 0193     		str	r3, [sp, #4]
ARM GAS  C:\Users\honor\AppData\Local\Temp\ccBm0E7N.s 			page 19


 405:Core/Src/tim.c **** 
 588              		.loc 1 405 5 view .LVU192
 589 0034 019B     		ldr	r3, [sp, #4]
 590              	.LBE2:
 405:Core/Src/tim.c **** 
 591              		.loc 1 405 5 view .LVU193
 408:Core/Src/tim.c ****     HAL_NVIC_EnableIRQ(TIM1_TRG_COM_TIM11_IRQn);
 592              		.loc 1 408 5 view .LVU194
 593 0036 0521     		movs	r1, #5
 594 0038 1A20     		movs	r0, #26
 595              	.LVL23:
 408:Core/Src/tim.c ****     HAL_NVIC_EnableIRQ(TIM1_TRG_COM_TIM11_IRQn);
 596              		.loc 1 408 5 is_stmt 0 view .LVU195
 597 003a FFF7FEFF 		bl	HAL_NVIC_SetPriority
 598              	.LVL24:
 409:Core/Src/tim.c ****   /* USER CODE BEGIN TIM1_MspInit 1 */
 599              		.loc 1 409 5 is_stmt 1 view .LVU196
 600 003e 1A20     		movs	r0, #26
 601 0040 FFF7FEFF 		bl	HAL_NVIC_EnableIRQ
 602              	.LVL25:
 603 0044 E8E7     		b	.L33
 604              	.LVL26:
 605              	.L39:
 420:Core/Src/tim.c ****   /* USER CODE BEGIN TIM9_MspInit 1 */
 606              		.loc 1 420 5 view .LVU197
 607              	.LBB3:
 420:Core/Src/tim.c ****   /* USER CODE BEGIN TIM9_MspInit 1 */
 608              		.loc 1 420 5 view .LVU198
 609 0046 0023     		movs	r3, #0
 610 0048 0293     		str	r3, [sp, #8]
 420:Core/Src/tim.c ****   /* USER CODE BEGIN TIM9_MspInit 1 */
 611              		.loc 1 420 5 view .LVU199
 612 004a 0F4B     		ldr	r3, .L41+12
 613 004c 5A6C     		ldr	r2, [r3, #68]
 614 004e 42F48032 		orr	r2, r2, #65536
 615 0052 5A64     		str	r2, [r3, #68]
 420:Core/Src/tim.c ****   /* USER CODE BEGIN TIM9_MspInit 1 */
 616              		.loc 1 420 5 view .LVU200
 617 0054 5B6C     		ldr	r3, [r3, #68]
 618 0056 03F48033 		and	r3, r3, #65536
 619 005a 0293     		str	r3, [sp, #8]
 420:Core/Src/tim.c ****   /* USER CODE BEGIN TIM9_MspInit 1 */
 620              		.loc 1 420 5 view .LVU201
 621 005c 029B     		ldr	r3, [sp, #8]
 622              	.LBE3:
 420:Core/Src/tim.c ****   /* USER CODE BEGIN TIM9_MspInit 1 */
 623              		.loc 1 420 5 view .LVU202
 624 005e DBE7     		b	.L33
 625              	.L40:
 431:Core/Src/tim.c ****   /* USER CODE BEGIN TIM12_MspInit 1 */
 626              		.loc 1 431 5 view .LVU203
 627              	.LBB4:
 431:Core/Src/tim.c ****   /* USER CODE BEGIN TIM12_MspInit 1 */
 628              		.loc 1 431 5 view .LVU204
 629 0060 0023     		movs	r3, #0
 630 0062 0393     		str	r3, [sp, #12]
 431:Core/Src/tim.c ****   /* USER CODE BEGIN TIM12_MspInit 1 */
ARM GAS  C:\Users\honor\AppData\Local\Temp\ccBm0E7N.s 			page 20


 631              		.loc 1 431 5 view .LVU205
 632 0064 084B     		ldr	r3, .L41+12
 633 0066 1A6C     		ldr	r2, [r3, #64]
 634 0068 42F04002 		orr	r2, r2, #64
 635 006c 1A64     		str	r2, [r3, #64]
 431:Core/Src/tim.c ****   /* USER CODE BEGIN TIM12_MspInit 1 */
 636              		.loc 1 431 5 view .LVU206
 637 006e 1B6C     		ldr	r3, [r3, #64]
 638 0070 03F04003 		and	r3, r3, #64
 639 0074 0393     		str	r3, [sp, #12]
 431:Core/Src/tim.c ****   /* USER CODE BEGIN TIM12_MspInit 1 */
 640              		.loc 1 431 5 view .LVU207
 641 0076 039B     		ldr	r3, [sp, #12]
 642              	.LBE4:
 431:Core/Src/tim.c ****   /* USER CODE BEGIN TIM12_MspInit 1 */
 643              		.loc 1 431 5 view .LVU208
 644              		.loc 1 436 1 is_stmt 0 view .LVU209
 645 0078 CEE7     		b	.L33
 646              	.L42:
 647 007a 00BF     		.align	2
 648              	.L41:
 649 007c 00000140 		.word	1073807360
 650 0080 00400140 		.word	1073823744
 651 0084 00180040 		.word	1073747968
 652 0088 00380240 		.word	1073887232
 653              		.cfi_endproc
 654              	.LFE246:
 656              		.section	.text.HAL_TIM_Encoder_MspInit,"ax",%progbits
 657              		.align	1
 658              		.global	HAL_TIM_Encoder_MspInit
 659              		.syntax unified
 660              		.thumb
 661              		.thumb_func
 663              	HAL_TIM_Encoder_MspInit:
 664              	.LVL27:
 665              	.LFB247:
 437:Core/Src/tim.c **** 
 438:Core/Src/tim.c **** void HAL_TIM_Encoder_MspInit(TIM_HandleTypeDef* tim_encoderHandle)
 439:Core/Src/tim.c **** {
 666              		.loc 1 439 1 is_stmt 1 view -0
 667              		.cfi_startproc
 668              		@ args = 0, pretend = 0, frame = 56
 669              		@ frame_needed = 0, uses_anonymous_args = 0
 670              		.loc 1 439 1 is_stmt 0 view .LVU211
 671 0000 70B5     		push	{r4, r5, r6, lr}
 672              	.LCFI20:
 673              		.cfi_def_cfa_offset 16
 674              		.cfi_offset 4, -16
 675              		.cfi_offset 5, -12
 676              		.cfi_offset 6, -8
 677              		.cfi_offset 14, -4
 678 0002 8EB0     		sub	sp, sp, #56
 679              	.LCFI21:
 680              		.cfi_def_cfa_offset 72
 440:Core/Src/tim.c **** 
 441:Core/Src/tim.c ****   GPIO_InitTypeDef GPIO_InitStruct = {0};
 681              		.loc 1 441 3 is_stmt 1 view .LVU212
ARM GAS  C:\Users\honor\AppData\Local\Temp\ccBm0E7N.s 			page 21


 682              		.loc 1 441 20 is_stmt 0 view .LVU213
 683 0004 0023     		movs	r3, #0
 684 0006 0993     		str	r3, [sp, #36]
 685 0008 0A93     		str	r3, [sp, #40]
 686 000a 0B93     		str	r3, [sp, #44]
 687 000c 0C93     		str	r3, [sp, #48]
 688 000e 0D93     		str	r3, [sp, #52]
 442:Core/Src/tim.c ****   if(tim_encoderHandle->Instance==TIM2)
 689              		.loc 1 442 3 is_stmt 1 view .LVU214
 690              		.loc 1 442 23 is_stmt 0 view .LVU215
 691 0010 0368     		ldr	r3, [r0]
 692              		.loc 1 442 5 view .LVU216
 693 0012 B3F1804F 		cmp	r3, #1073741824
 694 0016 0BD0     		beq	.L49
 443:Core/Src/tim.c ****   {
 444:Core/Src/tim.c ****   /* USER CODE BEGIN TIM2_MspInit 0 */
 445:Core/Src/tim.c **** 
 446:Core/Src/tim.c ****   /* USER CODE END TIM2_MspInit 0 */
 447:Core/Src/tim.c ****     /* TIM2 clock enable */
 448:Core/Src/tim.c ****     __HAL_RCC_TIM2_CLK_ENABLE();
 449:Core/Src/tim.c **** 
 450:Core/Src/tim.c ****     __HAL_RCC_GPIOA_CLK_ENABLE();
 451:Core/Src/tim.c ****     __HAL_RCC_GPIOB_CLK_ENABLE();
 452:Core/Src/tim.c ****     /**TIM2 GPIO Configuration
 453:Core/Src/tim.c ****     PA15     ------> TIM2_CH1
 454:Core/Src/tim.c ****     PB3     ------> TIM2_CH2
 455:Core/Src/tim.c ****     */
 456:Core/Src/tim.c ****     GPIO_InitStruct.Pin = GPIO_PIN_15;
 457:Core/Src/tim.c ****     GPIO_InitStruct.Mode = GPIO_MODE_AF_PP;
 458:Core/Src/tim.c ****     GPIO_InitStruct.Pull = GPIO_NOPULL;
 459:Core/Src/tim.c ****     GPIO_InitStruct.Speed = GPIO_SPEED_FREQ_LOW;
 460:Core/Src/tim.c ****     GPIO_InitStruct.Alternate = GPIO_AF1_TIM2;
 461:Core/Src/tim.c ****     HAL_GPIO_Init(GPIOA, &GPIO_InitStruct);
 462:Core/Src/tim.c **** 
 463:Core/Src/tim.c ****     GPIO_InitStruct.Pin = GPIO_PIN_3;
 464:Core/Src/tim.c ****     GPIO_InitStruct.Mode = GPIO_MODE_AF_PP;
 465:Core/Src/tim.c ****     GPIO_InitStruct.Pull = GPIO_NOPULL;
 466:Core/Src/tim.c ****     GPIO_InitStruct.Speed = GPIO_SPEED_FREQ_LOW;
 467:Core/Src/tim.c ****     GPIO_InitStruct.Alternate = GPIO_AF1_TIM2;
 468:Core/Src/tim.c ****     HAL_GPIO_Init(GPIOB, &GPIO_InitStruct);
 469:Core/Src/tim.c **** 
 470:Core/Src/tim.c ****     /* TIM2 interrupt Init */
 471:Core/Src/tim.c ****     HAL_NVIC_SetPriority(TIM2_IRQn, 5, 0);
 472:Core/Src/tim.c ****     HAL_NVIC_EnableIRQ(TIM2_IRQn);
 473:Core/Src/tim.c ****   /* USER CODE BEGIN TIM2_MspInit 1 */
 474:Core/Src/tim.c **** 
 475:Core/Src/tim.c ****   /* USER CODE END TIM2_MspInit 1 */
 476:Core/Src/tim.c ****   }
 477:Core/Src/tim.c ****   else if(tim_encoderHandle->Instance==TIM3)
 695              		.loc 1 477 8 is_stmt 1 view .LVU217
 696              		.loc 1 477 10 is_stmt 0 view .LVU218
 697 0018 614A     		ldr	r2, .L53
 698 001a 9342     		cmp	r3, r2
 699 001c 47D0     		beq	.L50
 478:Core/Src/tim.c ****   {
 479:Core/Src/tim.c ****   /* USER CODE BEGIN TIM3_MspInit 0 */
 480:Core/Src/tim.c **** 
ARM GAS  C:\Users\honor\AppData\Local\Temp\ccBm0E7N.s 			page 22


 481:Core/Src/tim.c ****   /* USER CODE END TIM3_MspInit 0 */
 482:Core/Src/tim.c ****     /* TIM3 clock enable */
 483:Core/Src/tim.c ****     __HAL_RCC_TIM3_CLK_ENABLE();
 484:Core/Src/tim.c **** 
 485:Core/Src/tim.c ****     __HAL_RCC_GPIOB_CLK_ENABLE();
 486:Core/Src/tim.c ****     /**TIM3 GPIO Configuration
 487:Core/Src/tim.c ****     PB4     ------> TIM3_CH1
 488:Core/Src/tim.c ****     PB5     ------> TIM3_CH2
 489:Core/Src/tim.c ****     */
 490:Core/Src/tim.c ****     GPIO_InitStruct.Pin = GPIO_PIN_4|GPIO_PIN_5;
 491:Core/Src/tim.c ****     GPIO_InitStruct.Mode = GPIO_MODE_AF_PP;
 492:Core/Src/tim.c ****     GPIO_InitStruct.Pull = GPIO_NOPULL;
 493:Core/Src/tim.c ****     GPIO_InitStruct.Speed = GPIO_SPEED_FREQ_LOW;
 494:Core/Src/tim.c ****     GPIO_InitStruct.Alternate = GPIO_AF2_TIM3;
 495:Core/Src/tim.c ****     HAL_GPIO_Init(GPIOB, &GPIO_InitStruct);
 496:Core/Src/tim.c **** 
 497:Core/Src/tim.c ****     /* TIM3 interrupt Init */
 498:Core/Src/tim.c ****     HAL_NVIC_SetPriority(TIM3_IRQn, 5, 0);
 499:Core/Src/tim.c ****     HAL_NVIC_EnableIRQ(TIM3_IRQn);
 500:Core/Src/tim.c ****   /* USER CODE BEGIN TIM3_MspInit 1 */
 501:Core/Src/tim.c **** 
 502:Core/Src/tim.c ****   /* USER CODE END TIM3_MspInit 1 */
 503:Core/Src/tim.c ****   }
 504:Core/Src/tim.c ****   else if(tim_encoderHandle->Instance==TIM4)
 700              		.loc 1 504 8 is_stmt 1 view .LVU219
 701              		.loc 1 504 10 is_stmt 0 view .LVU220
 702 001e 614A     		ldr	r2, .L53+4
 703 0020 9342     		cmp	r3, r2
 704 0022 6CD0     		beq	.L51
 505:Core/Src/tim.c ****   {
 506:Core/Src/tim.c ****   /* USER CODE BEGIN TIM4_MspInit 0 */
 507:Core/Src/tim.c **** 
 508:Core/Src/tim.c ****   /* USER CODE END TIM4_MspInit 0 */
 509:Core/Src/tim.c ****     /* TIM4 clock enable */
 510:Core/Src/tim.c ****     __HAL_RCC_TIM4_CLK_ENABLE();
 511:Core/Src/tim.c **** 
 512:Core/Src/tim.c ****     __HAL_RCC_GPIOD_CLK_ENABLE();
 513:Core/Src/tim.c ****     /**TIM4 GPIO Configuration
 514:Core/Src/tim.c ****     PD12     ------> TIM4_CH1
 515:Core/Src/tim.c ****     PD13     ------> TIM4_CH2
 516:Core/Src/tim.c ****     */
 517:Core/Src/tim.c ****     GPIO_InitStruct.Pin = GPIO_PIN_12|GPIO_PIN_13;
 518:Core/Src/tim.c ****     GPIO_InitStruct.Mode = GPIO_MODE_AF_PP;
 519:Core/Src/tim.c ****     GPIO_InitStruct.Pull = GPIO_NOPULL;
 520:Core/Src/tim.c ****     GPIO_InitStruct.Speed = GPIO_SPEED_FREQ_LOW;
 521:Core/Src/tim.c ****     GPIO_InitStruct.Alternate = GPIO_AF2_TIM4;
 522:Core/Src/tim.c ****     HAL_GPIO_Init(GPIOD, &GPIO_InitStruct);
 523:Core/Src/tim.c **** 
 524:Core/Src/tim.c ****     /* TIM4 interrupt Init */
 525:Core/Src/tim.c ****     HAL_NVIC_SetPriority(TIM4_IRQn, 5, 0);
 526:Core/Src/tim.c ****     HAL_NVIC_EnableIRQ(TIM4_IRQn);
 527:Core/Src/tim.c ****   /* USER CODE BEGIN TIM4_MspInit 1 */
 528:Core/Src/tim.c **** 
 529:Core/Src/tim.c ****   /* USER CODE END TIM4_MspInit 1 */
 530:Core/Src/tim.c ****   }
 531:Core/Src/tim.c ****   else if(tim_encoderHandle->Instance==TIM5)
 705              		.loc 1 531 8 is_stmt 1 view .LVU221
ARM GAS  C:\Users\honor\AppData\Local\Temp\ccBm0E7N.s 			page 23


 706              		.loc 1 531 10 is_stmt 0 view .LVU222
 707 0024 604A     		ldr	r2, .L53+8
 708 0026 9342     		cmp	r3, r2
 709 0028 00F09280 		beq	.L52
 710              	.LVL28:
 711              	.L43:
 532:Core/Src/tim.c ****   {
 533:Core/Src/tim.c ****   /* USER CODE BEGIN TIM5_MspInit 0 */
 534:Core/Src/tim.c **** 
 535:Core/Src/tim.c ****   /* USER CODE END TIM5_MspInit 0 */
 536:Core/Src/tim.c ****     /* TIM5 clock enable */
 537:Core/Src/tim.c ****     __HAL_RCC_TIM5_CLK_ENABLE();
 538:Core/Src/tim.c **** 
 539:Core/Src/tim.c ****     __HAL_RCC_GPIOA_CLK_ENABLE();
 540:Core/Src/tim.c ****     /**TIM5 GPIO Configuration
 541:Core/Src/tim.c ****     PA0-WKUP     ------> TIM5_CH1
 542:Core/Src/tim.c ****     PA1     ------> TIM5_CH2
 543:Core/Src/tim.c ****     */
 544:Core/Src/tim.c ****     GPIO_InitStruct.Pin = GPIO_PIN_0|GPIO_PIN_1;
 545:Core/Src/tim.c ****     GPIO_InitStruct.Mode = GPIO_MODE_AF_PP;
 546:Core/Src/tim.c ****     GPIO_InitStruct.Pull = GPIO_NOPULL;
 547:Core/Src/tim.c ****     GPIO_InitStruct.Speed = GPIO_SPEED_FREQ_LOW;
 548:Core/Src/tim.c ****     GPIO_InitStruct.Alternate = GPIO_AF2_TIM5;
 549:Core/Src/tim.c ****     HAL_GPIO_Init(GPIOA, &GPIO_InitStruct);
 550:Core/Src/tim.c **** 
 551:Core/Src/tim.c ****     /* TIM5 interrupt Init */
 552:Core/Src/tim.c ****     HAL_NVIC_SetPriority(TIM5_IRQn, 5, 0);
 553:Core/Src/tim.c ****     HAL_NVIC_EnableIRQ(TIM5_IRQn);
 554:Core/Src/tim.c ****   /* USER CODE BEGIN TIM5_MspInit 1 */
 555:Core/Src/tim.c **** 
 556:Core/Src/tim.c ****   /* USER CODE END TIM5_MspInit 1 */
 557:Core/Src/tim.c ****   }
 558:Core/Src/tim.c **** }
 712              		.loc 1 558 1 view .LVU223
 713 002c 0EB0     		add	sp, sp, #56
 714              	.LCFI22:
 715              		.cfi_remember_state
 716              		.cfi_def_cfa_offset 16
 717              		@ sp needed
 718 002e 70BD     		pop	{r4, r5, r6, pc}
 719              	.LVL29:
 720              	.L49:
 721              	.LCFI23:
 722              		.cfi_restore_state
 448:Core/Src/tim.c **** 
 723              		.loc 1 448 5 is_stmt 1 view .LVU224
 724              	.LBB5:
 448:Core/Src/tim.c **** 
 725              		.loc 1 448 5 view .LVU225
 726 0030 0024     		movs	r4, #0
 727 0032 0094     		str	r4, [sp]
 448:Core/Src/tim.c **** 
 728              		.loc 1 448 5 view .LVU226
 729 0034 03F50E33 		add	r3, r3, #145408
 730 0038 1A6C     		ldr	r2, [r3, #64]
 731 003a 42F00102 		orr	r2, r2, #1
 732 003e 1A64     		str	r2, [r3, #64]
ARM GAS  C:\Users\honor\AppData\Local\Temp\ccBm0E7N.s 			page 24


 448:Core/Src/tim.c **** 
 733              		.loc 1 448 5 view .LVU227
 734 0040 1A6C     		ldr	r2, [r3, #64]
 735 0042 02F00102 		and	r2, r2, #1
 736 0046 0092     		str	r2, [sp]
 448:Core/Src/tim.c **** 
 737              		.loc 1 448 5 view .LVU228
 738 0048 009A     		ldr	r2, [sp]
 739              	.LBE5:
 448:Core/Src/tim.c **** 
 740              		.loc 1 448 5 view .LVU229
 450:Core/Src/tim.c ****     __HAL_RCC_GPIOB_CLK_ENABLE();
 741              		.loc 1 450 5 view .LVU230
 742              	.LBB6:
 450:Core/Src/tim.c ****     __HAL_RCC_GPIOB_CLK_ENABLE();
 743              		.loc 1 450 5 view .LVU231
 744 004a 0194     		str	r4, [sp, #4]
 450:Core/Src/tim.c ****     __HAL_RCC_GPIOB_CLK_ENABLE();
 745              		.loc 1 450 5 view .LVU232
 746 004c 1A6B     		ldr	r2, [r3, #48]
 747 004e 42F00102 		orr	r2, r2, #1
 748 0052 1A63     		str	r2, [r3, #48]
 450:Core/Src/tim.c ****     __HAL_RCC_GPIOB_CLK_ENABLE();
 749              		.loc 1 450 5 view .LVU233
 750 0054 1A6B     		ldr	r2, [r3, #48]
 751 0056 02F00102 		and	r2, r2, #1
 752 005a 0192     		str	r2, [sp, #4]
 450:Core/Src/tim.c ****     __HAL_RCC_GPIOB_CLK_ENABLE();
 753              		.loc 1 450 5 view .LVU234
 754 005c 019A     		ldr	r2, [sp, #4]
 755              	.LBE6:
 450:Core/Src/tim.c ****     __HAL_RCC_GPIOB_CLK_ENABLE();
 756              		.loc 1 450 5 view .LVU235
 451:Core/Src/tim.c ****     /**TIM2 GPIO Configuration
 757              		.loc 1 451 5 view .LVU236
 758              	.LBB7:
 451:Core/Src/tim.c ****     /**TIM2 GPIO Configuration
 759              		.loc 1 451 5 view .LVU237
 760 005e 0294     		str	r4, [sp, #8]
 451:Core/Src/tim.c ****     /**TIM2 GPIO Configuration
 761              		.loc 1 451 5 view .LVU238
 762 0060 1A6B     		ldr	r2, [r3, #48]
 763 0062 42F00202 		orr	r2, r2, #2
 764 0066 1A63     		str	r2, [r3, #48]
 451:Core/Src/tim.c ****     /**TIM2 GPIO Configuration
 765              		.loc 1 451 5 view .LVU239
 766 0068 1B6B     		ldr	r3, [r3, #48]
 767 006a 03F00203 		and	r3, r3, #2
 768 006e 0293     		str	r3, [sp, #8]
 451:Core/Src/tim.c ****     /**TIM2 GPIO Configuration
 769              		.loc 1 451 5 view .LVU240
 770 0070 029B     		ldr	r3, [sp, #8]
 771              	.LBE7:
 451:Core/Src/tim.c ****     /**TIM2 GPIO Configuration
 772              		.loc 1 451 5 view .LVU241
 456:Core/Src/tim.c ****     GPIO_InitStruct.Mode = GPIO_MODE_AF_PP;
 773              		.loc 1 456 5 view .LVU242
ARM GAS  C:\Users\honor\AppData\Local\Temp\ccBm0E7N.s 			page 25


 456:Core/Src/tim.c ****     GPIO_InitStruct.Mode = GPIO_MODE_AF_PP;
 774              		.loc 1 456 25 is_stmt 0 view .LVU243
 775 0072 4FF40043 		mov	r3, #32768
 776 0076 0993     		str	r3, [sp, #36]
 457:Core/Src/tim.c ****     GPIO_InitStruct.Pull = GPIO_NOPULL;
 777              		.loc 1 457 5 is_stmt 1 view .LVU244
 457:Core/Src/tim.c ****     GPIO_InitStruct.Pull = GPIO_NOPULL;
 778              		.loc 1 457 26 is_stmt 0 view .LVU245
 779 0078 0226     		movs	r6, #2
 780 007a 0A96     		str	r6, [sp, #40]
 458:Core/Src/tim.c ****     GPIO_InitStruct.Speed = GPIO_SPEED_FREQ_LOW;
 781              		.loc 1 458 5 is_stmt 1 view .LVU246
 459:Core/Src/tim.c ****     GPIO_InitStruct.Alternate = GPIO_AF1_TIM2;
 782              		.loc 1 459 5 view .LVU247
 460:Core/Src/tim.c ****     HAL_GPIO_Init(GPIOA, &GPIO_InitStruct);
 783              		.loc 1 460 5 view .LVU248
 460:Core/Src/tim.c ****     HAL_GPIO_Init(GPIOA, &GPIO_InitStruct);
 784              		.loc 1 460 31 is_stmt 0 view .LVU249
 785 007c 0125     		movs	r5, #1
 786 007e 0D95     		str	r5, [sp, #52]
 461:Core/Src/tim.c **** 
 787              		.loc 1 461 5 is_stmt 1 view .LVU250
 788 0080 09A9     		add	r1, sp, #36
 789 0082 4A48     		ldr	r0, .L53+12
 790              	.LVL30:
 461:Core/Src/tim.c **** 
 791              		.loc 1 461 5 is_stmt 0 view .LVU251
 792 0084 FFF7FEFF 		bl	HAL_GPIO_Init
 793              	.LVL31:
 463:Core/Src/tim.c ****     GPIO_InitStruct.Mode = GPIO_MODE_AF_PP;
 794              		.loc 1 463 5 is_stmt 1 view .LVU252
 463:Core/Src/tim.c ****     GPIO_InitStruct.Mode = GPIO_MODE_AF_PP;
 795              		.loc 1 463 25 is_stmt 0 view .LVU253
 796 0088 0823     		movs	r3, #8
 797 008a 0993     		str	r3, [sp, #36]
 464:Core/Src/tim.c ****     GPIO_InitStruct.Pull = GPIO_NOPULL;
 798              		.loc 1 464 5 is_stmt 1 view .LVU254
 464:Core/Src/tim.c ****     GPIO_InitStruct.Pull = GPIO_NOPULL;
 799              		.loc 1 464 26 is_stmt 0 view .LVU255
 800 008c 0A96     		str	r6, [sp, #40]
 465:Core/Src/tim.c ****     GPIO_InitStruct.Speed = GPIO_SPEED_FREQ_LOW;
 801              		.loc 1 465 5 is_stmt 1 view .LVU256
 465:Core/Src/tim.c ****     GPIO_InitStruct.Speed = GPIO_SPEED_FREQ_LOW;
 802              		.loc 1 465 26 is_stmt 0 view .LVU257
 803 008e 0B94     		str	r4, [sp, #44]
 466:Core/Src/tim.c ****     GPIO_InitStruct.Alternate = GPIO_AF1_TIM2;
 804              		.loc 1 466 5 is_stmt 1 view .LVU258
 466:Core/Src/tim.c ****     GPIO_InitStruct.Alternate = GPIO_AF1_TIM2;
 805              		.loc 1 466 27 is_stmt 0 view .LVU259
 806 0090 0C94     		str	r4, [sp, #48]
 467:Core/Src/tim.c ****     HAL_GPIO_Init(GPIOB, &GPIO_InitStruct);
 807              		.loc 1 467 5 is_stmt 1 view .LVU260
 467:Core/Src/tim.c ****     HAL_GPIO_Init(GPIOB, &GPIO_InitStruct);
 808              		.loc 1 467 31 is_stmt 0 view .LVU261
 809 0092 0D95     		str	r5, [sp, #52]
 468:Core/Src/tim.c **** 
 810              		.loc 1 468 5 is_stmt 1 view .LVU262
ARM GAS  C:\Users\honor\AppData\Local\Temp\ccBm0E7N.s 			page 26


 811 0094 09A9     		add	r1, sp, #36
 812 0096 4648     		ldr	r0, .L53+16
 813 0098 FFF7FEFF 		bl	HAL_GPIO_Init
 814              	.LVL32:
 471:Core/Src/tim.c ****     HAL_NVIC_EnableIRQ(TIM2_IRQn);
 815              		.loc 1 471 5 view .LVU263
 816 009c 2246     		mov	r2, r4
 817 009e 0521     		movs	r1, #5
 818 00a0 1C20     		movs	r0, #28
 819 00a2 FFF7FEFF 		bl	HAL_NVIC_SetPriority
 820              	.LVL33:
 472:Core/Src/tim.c ****   /* USER CODE BEGIN TIM2_MspInit 1 */
 821              		.loc 1 472 5 view .LVU264
 822 00a6 1C20     		movs	r0, #28
 823 00a8 FFF7FEFF 		bl	HAL_NVIC_EnableIRQ
 824              	.LVL34:
 825 00ac BEE7     		b	.L43
 826              	.LVL35:
 827              	.L50:
 483:Core/Src/tim.c **** 
 828              		.loc 1 483 5 view .LVU265
 829              	.LBB8:
 483:Core/Src/tim.c **** 
 830              		.loc 1 483 5 view .LVU266
 831 00ae 0024     		movs	r4, #0
 832 00b0 0394     		str	r4, [sp, #12]
 483:Core/Src/tim.c **** 
 833              		.loc 1 483 5 view .LVU267
 834 00b2 404B     		ldr	r3, .L53+20
 835 00b4 1A6C     		ldr	r2, [r3, #64]
 836 00b6 42F00202 		orr	r2, r2, #2
 837 00ba 1A64     		str	r2, [r3, #64]
 483:Core/Src/tim.c **** 
 838              		.loc 1 483 5 view .LVU268
 839 00bc 1A6C     		ldr	r2, [r3, #64]
 840 00be 02F00202 		and	r2, r2, #2
 841 00c2 0392     		str	r2, [sp, #12]
 483:Core/Src/tim.c **** 
 842              		.loc 1 483 5 view .LVU269
 843 00c4 039A     		ldr	r2, [sp, #12]
 844              	.LBE8:
 483:Core/Src/tim.c **** 
 845              		.loc 1 483 5 view .LVU270
 485:Core/Src/tim.c ****     /**TIM3 GPIO Configuration
 846              		.loc 1 485 5 view .LVU271
 847              	.LBB9:
 485:Core/Src/tim.c ****     /**TIM3 GPIO Configuration
 848              		.loc 1 485 5 view .LVU272
 849 00c6 0494     		str	r4, [sp, #16]
 485:Core/Src/tim.c ****     /**TIM3 GPIO Configuration
 850              		.loc 1 485 5 view .LVU273
 851 00c8 1A6B     		ldr	r2, [r3, #48]
 852 00ca 42F00202 		orr	r2, r2, #2
 853 00ce 1A63     		str	r2, [r3, #48]
 485:Core/Src/tim.c ****     /**TIM3 GPIO Configuration
 854              		.loc 1 485 5 view .LVU274
 855 00d0 1B6B     		ldr	r3, [r3, #48]
ARM GAS  C:\Users\honor\AppData\Local\Temp\ccBm0E7N.s 			page 27


 856 00d2 03F00203 		and	r3, r3, #2
 857 00d6 0493     		str	r3, [sp, #16]
 485:Core/Src/tim.c ****     /**TIM3 GPIO Configuration
 858              		.loc 1 485 5 view .LVU275
 859 00d8 049B     		ldr	r3, [sp, #16]
 860              	.LBE9:
 485:Core/Src/tim.c ****     /**TIM3 GPIO Configuration
 861              		.loc 1 485 5 view .LVU276
 490:Core/Src/tim.c ****     GPIO_InitStruct.Mode = GPIO_MODE_AF_PP;
 862              		.loc 1 490 5 view .LVU277
 490:Core/Src/tim.c ****     GPIO_InitStruct.Mode = GPIO_MODE_AF_PP;
 863              		.loc 1 490 25 is_stmt 0 view .LVU278
 864 00da 3023     		movs	r3, #48
 865 00dc 0993     		str	r3, [sp, #36]
 491:Core/Src/tim.c ****     GPIO_InitStruct.Pull = GPIO_NOPULL;
 866              		.loc 1 491 5 is_stmt 1 view .LVU279
 491:Core/Src/tim.c ****     GPIO_InitStruct.Pull = GPIO_NOPULL;
 867              		.loc 1 491 26 is_stmt 0 view .LVU280
 868 00de 0223     		movs	r3, #2
 869 00e0 0A93     		str	r3, [sp, #40]
 492:Core/Src/tim.c ****     GPIO_InitStruct.Speed = GPIO_SPEED_FREQ_LOW;
 870              		.loc 1 492 5 is_stmt 1 view .LVU281
 493:Core/Src/tim.c ****     GPIO_InitStruct.Alternate = GPIO_AF2_TIM3;
 871              		.loc 1 493 5 view .LVU282
 494:Core/Src/tim.c ****     HAL_GPIO_Init(GPIOB, &GPIO_InitStruct);
 872              		.loc 1 494 5 view .LVU283
 494:Core/Src/tim.c ****     HAL_GPIO_Init(GPIOB, &GPIO_InitStruct);
 873              		.loc 1 494 31 is_stmt 0 view .LVU284
 874 00e2 0D93     		str	r3, [sp, #52]
 495:Core/Src/tim.c **** 
 875              		.loc 1 495 5 is_stmt 1 view .LVU285
 876 00e4 09A9     		add	r1, sp, #36
 877 00e6 3248     		ldr	r0, .L53+16
 878              	.LVL36:
 495:Core/Src/tim.c **** 
 879              		.loc 1 495 5 is_stmt 0 view .LVU286
 880 00e8 FFF7FEFF 		bl	HAL_GPIO_Init
 881              	.LVL37:
 498:Core/Src/tim.c ****     HAL_NVIC_EnableIRQ(TIM3_IRQn);
 882              		.loc 1 498 5 is_stmt 1 view .LVU287
 883 00ec 2246     		mov	r2, r4
 884 00ee 0521     		movs	r1, #5
 885 00f0 1D20     		movs	r0, #29
 886 00f2 FFF7FEFF 		bl	HAL_NVIC_SetPriority
 887              	.LVL38:
 499:Core/Src/tim.c ****   /* USER CODE BEGIN TIM3_MspInit 1 */
 888              		.loc 1 499 5 view .LVU288
 889 00f6 1D20     		movs	r0, #29
 890 00f8 FFF7FEFF 		bl	HAL_NVIC_EnableIRQ
 891              	.LVL39:
 892 00fc 96E7     		b	.L43
 893              	.LVL40:
 894              	.L51:
 510:Core/Src/tim.c **** 
 895              		.loc 1 510 5 view .LVU289
 896              	.LBB10:
 510:Core/Src/tim.c **** 
ARM GAS  C:\Users\honor\AppData\Local\Temp\ccBm0E7N.s 			page 28


 897              		.loc 1 510 5 view .LVU290
 898 00fe 0024     		movs	r4, #0
 899 0100 0594     		str	r4, [sp, #20]
 510:Core/Src/tim.c **** 
 900              		.loc 1 510 5 view .LVU291
 901 0102 2C4B     		ldr	r3, .L53+20
 902 0104 1A6C     		ldr	r2, [r3, #64]
 903 0106 42F00402 		orr	r2, r2, #4
 904 010a 1A64     		str	r2, [r3, #64]
 510:Core/Src/tim.c **** 
 905              		.loc 1 510 5 view .LVU292
 906 010c 1A6C     		ldr	r2, [r3, #64]
 907 010e 02F00402 		and	r2, r2, #4
 908 0112 0592     		str	r2, [sp, #20]
 510:Core/Src/tim.c **** 
 909              		.loc 1 510 5 view .LVU293
 910 0114 059A     		ldr	r2, [sp, #20]
 911              	.LBE10:
 510:Core/Src/tim.c **** 
 912              		.loc 1 510 5 view .LVU294
 512:Core/Src/tim.c ****     /**TIM4 GPIO Configuration
 913              		.loc 1 512 5 view .LVU295
 914              	.LBB11:
 512:Core/Src/tim.c ****     /**TIM4 GPIO Configuration
 915              		.loc 1 512 5 view .LVU296
 916 0116 0694     		str	r4, [sp, #24]
 512:Core/Src/tim.c ****     /**TIM4 GPIO Configuration
 917              		.loc 1 512 5 view .LVU297
 918 0118 1A6B     		ldr	r2, [r3, #48]
 919 011a 42F00802 		orr	r2, r2, #8
 920 011e 1A63     		str	r2, [r3, #48]
 512:Core/Src/tim.c ****     /**TIM4 GPIO Configuration
 921              		.loc 1 512 5 view .LVU298
 922 0120 1B6B     		ldr	r3, [r3, #48]
 923 0122 03F00803 		and	r3, r3, #8
 924 0126 0693     		str	r3, [sp, #24]
 512:Core/Src/tim.c ****     /**TIM4 GPIO Configuration
 925              		.loc 1 512 5 view .LVU299
 926 0128 069B     		ldr	r3, [sp, #24]
 927              	.LBE11:
 512:Core/Src/tim.c ****     /**TIM4 GPIO Configuration
 928              		.loc 1 512 5 view .LVU300
 517:Core/Src/tim.c ****     GPIO_InitStruct.Mode = GPIO_MODE_AF_PP;
 929              		.loc 1 517 5 view .LVU301
 517:Core/Src/tim.c ****     GPIO_InitStruct.Mode = GPIO_MODE_AF_PP;
 930              		.loc 1 517 25 is_stmt 0 view .LVU302
 931 012a 4FF44053 		mov	r3, #12288
 932 012e 0993     		str	r3, [sp, #36]
 518:Core/Src/tim.c ****     GPIO_InitStruct.Pull = GPIO_NOPULL;
 933              		.loc 1 518 5 is_stmt 1 view .LVU303
 518:Core/Src/tim.c ****     GPIO_InitStruct.Pull = GPIO_NOPULL;
 934              		.loc 1 518 26 is_stmt 0 view .LVU304
 935 0130 0223     		movs	r3, #2
 936 0132 0A93     		str	r3, [sp, #40]
 519:Core/Src/tim.c ****     GPIO_InitStruct.Speed = GPIO_SPEED_FREQ_LOW;
 937              		.loc 1 519 5 is_stmt 1 view .LVU305
 520:Core/Src/tim.c ****     GPIO_InitStruct.Alternate = GPIO_AF2_TIM4;
ARM GAS  C:\Users\honor\AppData\Local\Temp\ccBm0E7N.s 			page 29


 938              		.loc 1 520 5 view .LVU306
 521:Core/Src/tim.c ****     HAL_GPIO_Init(GPIOD, &GPIO_InitStruct);
 939              		.loc 1 521 5 view .LVU307
 521:Core/Src/tim.c ****     HAL_GPIO_Init(GPIOD, &GPIO_InitStruct);
 940              		.loc 1 521 31 is_stmt 0 view .LVU308
 941 0134 0D93     		str	r3, [sp, #52]
 522:Core/Src/tim.c **** 
 942              		.loc 1 522 5 is_stmt 1 view .LVU309
 943 0136 09A9     		add	r1, sp, #36
 944 0138 1F48     		ldr	r0, .L53+24
 945              	.LVL41:
 522:Core/Src/tim.c **** 
 946              		.loc 1 522 5 is_stmt 0 view .LVU310
 947 013a FFF7FEFF 		bl	HAL_GPIO_Init
 948              	.LVL42:
 525:Core/Src/tim.c ****     HAL_NVIC_EnableIRQ(TIM4_IRQn);
 949              		.loc 1 525 5 is_stmt 1 view .LVU311
 950 013e 2246     		mov	r2, r4
 951 0140 0521     		movs	r1, #5
 952 0142 1E20     		movs	r0, #30
 953 0144 FFF7FEFF 		bl	HAL_NVIC_SetPriority
 954              	.LVL43:
 526:Core/Src/tim.c ****   /* USER CODE BEGIN TIM4_MspInit 1 */
 955              		.loc 1 526 5 view .LVU312
 956 0148 1E20     		movs	r0, #30
 957 014a FFF7FEFF 		bl	HAL_NVIC_EnableIRQ
 958              	.LVL44:
 959 014e 6DE7     		b	.L43
 960              	.LVL45:
 961              	.L52:
 537:Core/Src/tim.c **** 
 962              		.loc 1 537 5 view .LVU313
 963              	.LBB12:
 537:Core/Src/tim.c **** 
 964              		.loc 1 537 5 view .LVU314
 965 0150 0024     		movs	r4, #0
 966 0152 0794     		str	r4, [sp, #28]
 537:Core/Src/tim.c **** 
 967              		.loc 1 537 5 view .LVU315
 968 0154 174B     		ldr	r3, .L53+20
 969 0156 1A6C     		ldr	r2, [r3, #64]
 970 0158 42F00802 		orr	r2, r2, #8
 971 015c 1A64     		str	r2, [r3, #64]
 537:Core/Src/tim.c **** 
 972              		.loc 1 537 5 view .LVU316
 973 015e 1A6C     		ldr	r2, [r3, #64]
 974 0160 02F00802 		and	r2, r2, #8
 975 0164 0792     		str	r2, [sp, #28]
 537:Core/Src/tim.c **** 
 976              		.loc 1 537 5 view .LVU317
 977 0166 079A     		ldr	r2, [sp, #28]
 978              	.LBE12:
 537:Core/Src/tim.c **** 
 979              		.loc 1 537 5 view .LVU318
 539:Core/Src/tim.c ****     /**TIM5 GPIO Configuration
 980              		.loc 1 539 5 view .LVU319
 981              	.LBB13:
ARM GAS  C:\Users\honor\AppData\Local\Temp\ccBm0E7N.s 			page 30


 539:Core/Src/tim.c ****     /**TIM5 GPIO Configuration
 982              		.loc 1 539 5 view .LVU320
 983 0168 0894     		str	r4, [sp, #32]
 539:Core/Src/tim.c ****     /**TIM5 GPIO Configuration
 984              		.loc 1 539 5 view .LVU321
 985 016a 1A6B     		ldr	r2, [r3, #48]
 986 016c 42F00102 		orr	r2, r2, #1
 987 0170 1A63     		str	r2, [r3, #48]
 539:Core/Src/tim.c ****     /**TIM5 GPIO Configuration
 988              		.loc 1 539 5 view .LVU322
 989 0172 1B6B     		ldr	r3, [r3, #48]
 990 0174 03F00103 		and	r3, r3, #1
 991 0178 0893     		str	r3, [sp, #32]
 539:Core/Src/tim.c ****     /**TIM5 GPIO Configuration
 992              		.loc 1 539 5 view .LVU323
 993 017a 089B     		ldr	r3, [sp, #32]
 994              	.LBE13:
 539:Core/Src/tim.c ****     /**TIM5 GPIO Configuration
 995              		.loc 1 539 5 view .LVU324
 544:Core/Src/tim.c ****     GPIO_InitStruct.Mode = GPIO_MODE_AF_PP;
 996              		.loc 1 544 5 view .LVU325
 544:Core/Src/tim.c ****     GPIO_InitStruct.Mode = GPIO_MODE_AF_PP;
 997              		.loc 1 544 25 is_stmt 0 view .LVU326
 998 017c 0323     		movs	r3, #3
 999 017e 0993     		str	r3, [sp, #36]
 545:Core/Src/tim.c ****     GPIO_InitStruct.Pull = GPIO_NOPULL;
 1000              		.loc 1 545 5 is_stmt 1 view .LVU327
 545:Core/Src/tim.c ****     GPIO_InitStruct.Pull = GPIO_NOPULL;
 1001              		.loc 1 545 26 is_stmt 0 view .LVU328
 1002 0180 0223     		movs	r3, #2
 1003 0182 0A93     		str	r3, [sp, #40]
 546:Core/Src/tim.c ****     GPIO_InitStruct.Speed = GPIO_SPEED_FREQ_LOW;
 1004              		.loc 1 546 5 is_stmt 1 view .LVU329
 547:Core/Src/tim.c ****     GPIO_InitStruct.Alternate = GPIO_AF2_TIM5;
 1005              		.loc 1 547 5 view .LVU330
 548:Core/Src/tim.c ****     HAL_GPIO_Init(GPIOA, &GPIO_InitStruct);
 1006              		.loc 1 548 5 view .LVU331
 548:Core/Src/tim.c ****     HAL_GPIO_Init(GPIOA, &GPIO_InitStruct);
 1007              		.loc 1 548 31 is_stmt 0 view .LVU332
 1008 0184 0D93     		str	r3, [sp, #52]
 549:Core/Src/tim.c **** 
 1009              		.loc 1 549 5 is_stmt 1 view .LVU333
 1010 0186 09A9     		add	r1, sp, #36
 1011 0188 0848     		ldr	r0, .L53+12
 1012              	.LVL46:
 549:Core/Src/tim.c **** 
 1013              		.loc 1 549 5 is_stmt 0 view .LVU334
 1014 018a FFF7FEFF 		bl	HAL_GPIO_Init
 1015              	.LVL47:
 552:Core/Src/tim.c ****     HAL_NVIC_EnableIRQ(TIM5_IRQn);
 1016              		.loc 1 552 5 is_stmt 1 view .LVU335
 1017 018e 2246     		mov	r2, r4
 1018 0190 0521     		movs	r1, #5
 1019 0192 3220     		movs	r0, #50
 1020 0194 FFF7FEFF 		bl	HAL_NVIC_SetPriority
 1021              	.LVL48:
 553:Core/Src/tim.c ****   /* USER CODE BEGIN TIM5_MspInit 1 */
ARM GAS  C:\Users\honor\AppData\Local\Temp\ccBm0E7N.s 			page 31


 1022              		.loc 1 553 5 view .LVU336
 1023 0198 3220     		movs	r0, #50
 1024 019a FFF7FEFF 		bl	HAL_NVIC_EnableIRQ
 1025              	.LVL49:
 1026              		.loc 1 558 1 is_stmt 0 view .LVU337
 1027 019e 45E7     		b	.L43
 1028              	.L54:
 1029              		.align	2
 1030              	.L53:
 1031 01a0 00040040 		.word	1073742848
 1032 01a4 00080040 		.word	1073743872
 1033 01a8 000C0040 		.word	1073744896
 1034 01ac 00000240 		.word	1073872896
 1035 01b0 00040240 		.word	1073873920
 1036 01b4 00380240 		.word	1073887232
 1037 01b8 000C0240 		.word	1073875968
 1038              		.cfi_endproc
 1039              	.LFE247:
 1041              		.section	.text.HAL_TIM_MspPostInit,"ax",%progbits
 1042              		.align	1
 1043              		.global	HAL_TIM_MspPostInit
 1044              		.syntax unified
 1045              		.thumb
 1046              		.thumb_func
 1048              	HAL_TIM_MspPostInit:
 1049              	.LVL50:
 1050              	.LFB248:
 559:Core/Src/tim.c **** void HAL_TIM_MspPostInit(TIM_HandleTypeDef* timHandle)
 560:Core/Src/tim.c **** {
 1051              		.loc 1 560 1 is_stmt 1 view -0
 1052              		.cfi_startproc
 1053              		@ args = 0, pretend = 0, frame = 32
 1054              		@ frame_needed = 0, uses_anonymous_args = 0
 1055              		.loc 1 560 1 is_stmt 0 view .LVU339
 1056 0000 00B5     		push	{lr}
 1057              	.LCFI24:
 1058              		.cfi_def_cfa_offset 4
 1059              		.cfi_offset 14, -4
 1060 0002 89B0     		sub	sp, sp, #36
 1061              	.LCFI25:
 1062              		.cfi_def_cfa_offset 40
 561:Core/Src/tim.c **** 
 562:Core/Src/tim.c ****   GPIO_InitTypeDef GPIO_InitStruct = {0};
 1063              		.loc 1 562 3 is_stmt 1 view .LVU340
 1064              		.loc 1 562 20 is_stmt 0 view .LVU341
 1065 0004 0023     		movs	r3, #0
 1066 0006 0393     		str	r3, [sp, #12]
 1067 0008 0493     		str	r3, [sp, #16]
 1068 000a 0593     		str	r3, [sp, #20]
 1069 000c 0693     		str	r3, [sp, #24]
 1070 000e 0793     		str	r3, [sp, #28]
 563:Core/Src/tim.c ****   if(timHandle->Instance==TIM1)
 1071              		.loc 1 563 3 is_stmt 1 view .LVU342
 1072              		.loc 1 563 15 is_stmt 0 view .LVU343
 1073 0010 0368     		ldr	r3, [r0]
 1074              		.loc 1 563 5 view .LVU344
 1075 0012 294A     		ldr	r2, .L63
ARM GAS  C:\Users\honor\AppData\Local\Temp\ccBm0E7N.s 			page 32


 1076 0014 9342     		cmp	r3, r2
 1077 0016 08D0     		beq	.L60
 564:Core/Src/tim.c ****   {
 565:Core/Src/tim.c ****   /* USER CODE BEGIN TIM1_MspPostInit 0 */
 566:Core/Src/tim.c **** 
 567:Core/Src/tim.c ****   /* USER CODE END TIM1_MspPostInit 0 */
 568:Core/Src/tim.c ****     __HAL_RCC_GPIOE_CLK_ENABLE();
 569:Core/Src/tim.c ****     /**TIM1 GPIO Configuration
 570:Core/Src/tim.c ****     PE9     ------> TIM1_CH1
 571:Core/Src/tim.c ****     PE11     ------> TIM1_CH2
 572:Core/Src/tim.c ****     PE13     ------> TIM1_CH3
 573:Core/Src/tim.c ****     PE14     ------> TIM1_CH4
 574:Core/Src/tim.c ****     */
 575:Core/Src/tim.c ****     GPIO_InitStruct.Pin = GPIO_PIN_9|GPIO_PIN_11|GPIO_PIN_13|GPIO_PIN_14;
 576:Core/Src/tim.c ****     GPIO_InitStruct.Mode = GPIO_MODE_AF_PP;
 577:Core/Src/tim.c ****     GPIO_InitStruct.Pull = GPIO_NOPULL;
 578:Core/Src/tim.c ****     GPIO_InitStruct.Speed = GPIO_SPEED_FREQ_LOW;
 579:Core/Src/tim.c ****     GPIO_InitStruct.Alternate = GPIO_AF1_TIM1;
 580:Core/Src/tim.c ****     HAL_GPIO_Init(GPIOE, &GPIO_InitStruct);
 581:Core/Src/tim.c **** 
 582:Core/Src/tim.c ****   /* USER CODE BEGIN TIM1_MspPostInit 1 */
 583:Core/Src/tim.c **** 
 584:Core/Src/tim.c ****   /* USER CODE END TIM1_MspPostInit 1 */
 585:Core/Src/tim.c ****   }
 586:Core/Src/tim.c ****   else if(timHandle->Instance==TIM9)
 1078              		.loc 1 586 8 is_stmt 1 view .LVU345
 1079              		.loc 1 586 10 is_stmt 0 view .LVU346
 1080 0018 284A     		ldr	r2, .L63+4
 1081 001a 9342     		cmp	r3, r2
 1082 001c 1DD0     		beq	.L61
 587:Core/Src/tim.c ****   {
 588:Core/Src/tim.c ****   /* USER CODE BEGIN TIM9_MspPostInit 0 */
 589:Core/Src/tim.c **** 
 590:Core/Src/tim.c ****   /* USER CODE END TIM9_MspPostInit 0 */
 591:Core/Src/tim.c **** 
 592:Core/Src/tim.c ****     __HAL_RCC_GPIOE_CLK_ENABLE();
 593:Core/Src/tim.c ****     /**TIM9 GPIO Configuration
 594:Core/Src/tim.c ****     PE5     ------> TIM9_CH1
 595:Core/Src/tim.c ****     PE6     ------> TIM9_CH2
 596:Core/Src/tim.c ****     */
 597:Core/Src/tim.c ****     GPIO_InitStruct.Pin = GPIO_PIN_5|GPIO_PIN_6;
 598:Core/Src/tim.c ****     GPIO_InitStruct.Mode = GPIO_MODE_AF_PP;
 599:Core/Src/tim.c ****     GPIO_InitStruct.Pull = GPIO_NOPULL;
 600:Core/Src/tim.c ****     GPIO_InitStruct.Speed = GPIO_SPEED_FREQ_LOW;
 601:Core/Src/tim.c ****     GPIO_InitStruct.Alternate = GPIO_AF3_TIM9;
 602:Core/Src/tim.c ****     HAL_GPIO_Init(GPIOE, &GPIO_InitStruct);
 603:Core/Src/tim.c **** 
 604:Core/Src/tim.c ****   /* USER CODE BEGIN TIM9_MspPostInit 1 */
 605:Core/Src/tim.c **** 
 606:Core/Src/tim.c ****   /* USER CODE END TIM9_MspPostInit 1 */
 607:Core/Src/tim.c ****   }
 608:Core/Src/tim.c ****   else if(timHandle->Instance==TIM12)
 1083              		.loc 1 608 8 is_stmt 1 view .LVU347
 1084              		.loc 1 608 10 is_stmt 0 view .LVU348
 1085 001e 284A     		ldr	r2, .L63+8
 1086 0020 9342     		cmp	r3, r2
 1087 0022 31D0     		beq	.L62
ARM GAS  C:\Users\honor\AppData\Local\Temp\ccBm0E7N.s 			page 33


 1088              	.LVL51:
 1089              	.L55:
 609:Core/Src/tim.c ****   {
 610:Core/Src/tim.c ****   /* USER CODE BEGIN TIM12_MspPostInit 0 */
 611:Core/Src/tim.c **** 
 612:Core/Src/tim.c ****   /* USER CODE END TIM12_MspPostInit 0 */
 613:Core/Src/tim.c **** 
 614:Core/Src/tim.c ****     __HAL_RCC_GPIOB_CLK_ENABLE();
 615:Core/Src/tim.c ****     /**TIM12 GPIO Configuration
 616:Core/Src/tim.c ****     PB14     ------> TIM12_CH1
 617:Core/Src/tim.c ****     PB15     ------> TIM12_CH2
 618:Core/Src/tim.c ****     */
 619:Core/Src/tim.c ****     GPIO_InitStruct.Pin = GPIO_PIN_14|GPIO_PIN_15;
 620:Core/Src/tim.c ****     GPIO_InitStruct.Mode = GPIO_MODE_AF_PP;
 621:Core/Src/tim.c ****     GPIO_InitStruct.Pull = GPIO_NOPULL;
 622:Core/Src/tim.c ****     GPIO_InitStruct.Speed = GPIO_SPEED_FREQ_LOW;
 623:Core/Src/tim.c ****     GPIO_InitStruct.Alternate = GPIO_AF9_TIM12;
 624:Core/Src/tim.c ****     HAL_GPIO_Init(GPIOB, &GPIO_InitStruct);
 625:Core/Src/tim.c **** 
 626:Core/Src/tim.c ****   /* USER CODE BEGIN TIM12_MspPostInit 1 */
 627:Core/Src/tim.c **** 
 628:Core/Src/tim.c ****   /* USER CODE END TIM12_MspPostInit 1 */
 629:Core/Src/tim.c ****   }
 630:Core/Src/tim.c **** 
 631:Core/Src/tim.c **** }
 1090              		.loc 1 631 1 view .LVU349
 1091 0024 09B0     		add	sp, sp, #36
 1092              	.LCFI26:
 1093              		.cfi_remember_state
 1094              		.cfi_def_cfa_offset 4
 1095              		@ sp needed
 1096 0026 5DF804FB 		ldr	pc, [sp], #4
 1097              	.LVL52:
 1098              	.L60:
 1099              	.LCFI27:
 1100              		.cfi_restore_state
 568:Core/Src/tim.c ****     /**TIM1 GPIO Configuration
 1101              		.loc 1 568 5 is_stmt 1 view .LVU350
 1102              	.LBB14:
 568:Core/Src/tim.c ****     /**TIM1 GPIO Configuration
 1103              		.loc 1 568 5 view .LVU351
 1104 002a 0023     		movs	r3, #0
 1105 002c 0093     		str	r3, [sp]
 568:Core/Src/tim.c ****     /**TIM1 GPIO Configuration
 1106              		.loc 1 568 5 view .LVU352
 1107 002e 254B     		ldr	r3, .L63+12
 1108 0030 1A6B     		ldr	r2, [r3, #48]
 1109 0032 42F01002 		orr	r2, r2, #16
 1110 0036 1A63     		str	r2, [r3, #48]
 568:Core/Src/tim.c ****     /**TIM1 GPIO Configuration
 1111              		.loc 1 568 5 view .LVU353
 1112 0038 1B6B     		ldr	r3, [r3, #48]
 1113 003a 03F01003 		and	r3, r3, #16
 1114 003e 0093     		str	r3, [sp]
 568:Core/Src/tim.c ****     /**TIM1 GPIO Configuration
 1115              		.loc 1 568 5 view .LVU354
 1116 0040 009B     		ldr	r3, [sp]
ARM GAS  C:\Users\honor\AppData\Local\Temp\ccBm0E7N.s 			page 34


 1117              	.LBE14:
 568:Core/Src/tim.c ****     /**TIM1 GPIO Configuration
 1118              		.loc 1 568 5 view .LVU355
 575:Core/Src/tim.c ****     GPIO_InitStruct.Mode = GPIO_MODE_AF_PP;
 1119              		.loc 1 575 5 view .LVU356
 575:Core/Src/tim.c ****     GPIO_InitStruct.Mode = GPIO_MODE_AF_PP;
 1120              		.loc 1 575 25 is_stmt 0 view .LVU357
 1121 0042 4FF4D443 		mov	r3, #27136
 1122 0046 0393     		str	r3, [sp, #12]
 576:Core/Src/tim.c ****     GPIO_InitStruct.Pull = GPIO_NOPULL;
 1123              		.loc 1 576 5 is_stmt 1 view .LVU358
 576:Core/Src/tim.c ****     GPIO_InitStruct.Pull = GPIO_NOPULL;
 1124              		.loc 1 576 26 is_stmt 0 view .LVU359
 1125 0048 0223     		movs	r3, #2
 1126 004a 0493     		str	r3, [sp, #16]
 577:Core/Src/tim.c ****     GPIO_InitStruct.Speed = GPIO_SPEED_FREQ_LOW;
 1127              		.loc 1 577 5 is_stmt 1 view .LVU360
 578:Core/Src/tim.c ****     GPIO_InitStruct.Alternate = GPIO_AF1_TIM1;
 1128              		.loc 1 578 5 view .LVU361
 579:Core/Src/tim.c ****     HAL_GPIO_Init(GPIOE, &GPIO_InitStruct);
 1129              		.loc 1 579 5 view .LVU362
 579:Core/Src/tim.c ****     HAL_GPIO_Init(GPIOE, &GPIO_InitStruct);
 1130              		.loc 1 579 31 is_stmt 0 view .LVU363
 1131 004c 0123     		movs	r3, #1
 1132 004e 0793     		str	r3, [sp, #28]
 580:Core/Src/tim.c **** 
 1133              		.loc 1 580 5 is_stmt 1 view .LVU364
 1134 0050 03A9     		add	r1, sp, #12
 1135 0052 1D48     		ldr	r0, .L63+16
 1136              	.LVL53:
 580:Core/Src/tim.c **** 
 1137              		.loc 1 580 5 is_stmt 0 view .LVU365
 1138 0054 FFF7FEFF 		bl	HAL_GPIO_Init
 1139              	.LVL54:
 1140 0058 E4E7     		b	.L55
 1141              	.LVL55:
 1142              	.L61:
 592:Core/Src/tim.c ****     /**TIM9 GPIO Configuration
 1143              		.loc 1 592 5 is_stmt 1 view .LVU366
 1144              	.LBB15:
 592:Core/Src/tim.c ****     /**TIM9 GPIO Configuration
 1145              		.loc 1 592 5 view .LVU367
 1146 005a 0023     		movs	r3, #0
 1147 005c 0193     		str	r3, [sp, #4]
 592:Core/Src/tim.c ****     /**TIM9 GPIO Configuration
 1148              		.loc 1 592 5 view .LVU368
 1149 005e 194B     		ldr	r3, .L63+12
 1150 0060 1A6B     		ldr	r2, [r3, #48]
 1151 0062 42F01002 		orr	r2, r2, #16
 1152 0066 1A63     		str	r2, [r3, #48]
 592:Core/Src/tim.c ****     /**TIM9 GPIO Configuration
 1153              		.loc 1 592 5 view .LVU369
 1154 0068 1B6B     		ldr	r3, [r3, #48]
 1155 006a 03F01003 		and	r3, r3, #16
 1156 006e 0193     		str	r3, [sp, #4]
 592:Core/Src/tim.c ****     /**TIM9 GPIO Configuration
 1157              		.loc 1 592 5 view .LVU370
ARM GAS  C:\Users\honor\AppData\Local\Temp\ccBm0E7N.s 			page 35


 1158 0070 019B     		ldr	r3, [sp, #4]
 1159              	.LBE15:
 592:Core/Src/tim.c ****     /**TIM9 GPIO Configuration
 1160              		.loc 1 592 5 view .LVU371
 597:Core/Src/tim.c ****     GPIO_InitStruct.Mode = GPIO_MODE_AF_PP;
 1161              		.loc 1 597 5 view .LVU372
 597:Core/Src/tim.c ****     GPIO_InitStruct.Mode = GPIO_MODE_AF_PP;
 1162              		.loc 1 597 25 is_stmt 0 view .LVU373
 1163 0072 6023     		movs	r3, #96
 1164 0074 0393     		str	r3, [sp, #12]
 598:Core/Src/tim.c ****     GPIO_InitStruct.Pull = GPIO_NOPULL;
 1165              		.loc 1 598 5 is_stmt 1 view .LVU374
 598:Core/Src/tim.c ****     GPIO_InitStruct.Pull = GPIO_NOPULL;
 1166              		.loc 1 598 26 is_stmt 0 view .LVU375
 1167 0076 0223     		movs	r3, #2
 1168 0078 0493     		str	r3, [sp, #16]
 599:Core/Src/tim.c ****     GPIO_InitStruct.Speed = GPIO_SPEED_FREQ_LOW;
 1169              		.loc 1 599 5 is_stmt 1 view .LVU376
 600:Core/Src/tim.c ****     GPIO_InitStruct.Alternate = GPIO_AF3_TIM9;
 1170              		.loc 1 600 5 view .LVU377
 601:Core/Src/tim.c ****     HAL_GPIO_Init(GPIOE, &GPIO_InitStruct);
 1171              		.loc 1 601 5 view .LVU378
 601:Core/Src/tim.c ****     HAL_GPIO_Init(GPIOE, &GPIO_InitStruct);
 1172              		.loc 1 601 31 is_stmt 0 view .LVU379
 1173 007a 0323     		movs	r3, #3
 1174 007c 0793     		str	r3, [sp, #28]
 602:Core/Src/tim.c **** 
 1175              		.loc 1 602 5 is_stmt 1 view .LVU380
 1176 007e 03A9     		add	r1, sp, #12
 1177 0080 1148     		ldr	r0, .L63+16
 1178              	.LVL56:
 602:Core/Src/tim.c **** 
 1179              		.loc 1 602 5 is_stmt 0 view .LVU381
 1180 0082 FFF7FEFF 		bl	HAL_GPIO_Init
 1181              	.LVL57:
 1182 0086 CDE7     		b	.L55
 1183              	.LVL58:
 1184              	.L62:
 614:Core/Src/tim.c ****     /**TIM12 GPIO Configuration
 1185              		.loc 1 614 5 is_stmt 1 view .LVU382
 1186              	.LBB16:
 614:Core/Src/tim.c ****     /**TIM12 GPIO Configuration
 1187              		.loc 1 614 5 view .LVU383
 1188 0088 0023     		movs	r3, #0
 1189 008a 0293     		str	r3, [sp, #8]
 614:Core/Src/tim.c ****     /**TIM12 GPIO Configuration
 1190              		.loc 1 614 5 view .LVU384
 1191 008c 0D4B     		ldr	r3, .L63+12
 1192 008e 1A6B     		ldr	r2, [r3, #48]
 1193 0090 42F00202 		orr	r2, r2, #2
 1194 0094 1A63     		str	r2, [r3, #48]
 614:Core/Src/tim.c ****     /**TIM12 GPIO Configuration
 1195              		.loc 1 614 5 view .LVU385
 1196 0096 1B6B     		ldr	r3, [r3, #48]
 1197 0098 03F00203 		and	r3, r3, #2
 1198 009c 0293     		str	r3, [sp, #8]
 614:Core/Src/tim.c ****     /**TIM12 GPIO Configuration
ARM GAS  C:\Users\honor\AppData\Local\Temp\ccBm0E7N.s 			page 36


 1199              		.loc 1 614 5 view .LVU386
 1200 009e 029B     		ldr	r3, [sp, #8]
 1201              	.LBE16:
 614:Core/Src/tim.c ****     /**TIM12 GPIO Configuration
 1202              		.loc 1 614 5 view .LVU387
 619:Core/Src/tim.c ****     GPIO_InitStruct.Mode = GPIO_MODE_AF_PP;
 1203              		.loc 1 619 5 view .LVU388
 619:Core/Src/tim.c ****     GPIO_InitStruct.Mode = GPIO_MODE_AF_PP;
 1204              		.loc 1 619 25 is_stmt 0 view .LVU389
 1205 00a0 4FF44043 		mov	r3, #49152
 1206 00a4 0393     		str	r3, [sp, #12]
 620:Core/Src/tim.c ****     GPIO_InitStruct.Pull = GPIO_NOPULL;
 1207              		.loc 1 620 5 is_stmt 1 view .LVU390
 620:Core/Src/tim.c ****     GPIO_InitStruct.Pull = GPIO_NOPULL;
 1208              		.loc 1 620 26 is_stmt 0 view .LVU391
 1209 00a6 0223     		movs	r3, #2
 1210 00a8 0493     		str	r3, [sp, #16]
 621:Core/Src/tim.c ****     GPIO_InitStruct.Speed = GPIO_SPEED_FREQ_LOW;
 1211              		.loc 1 621 5 is_stmt 1 view .LVU392
 622:Core/Src/tim.c ****     GPIO_InitStruct.Alternate = GPIO_AF9_TIM12;
 1212              		.loc 1 622 5 view .LVU393
 623:Core/Src/tim.c ****     HAL_GPIO_Init(GPIOB, &GPIO_InitStruct);
 1213              		.loc 1 623 5 view .LVU394
 623:Core/Src/tim.c ****     HAL_GPIO_Init(GPIOB, &GPIO_InitStruct);
 1214              		.loc 1 623 31 is_stmt 0 view .LVU395
 1215 00aa 0923     		movs	r3, #9
 1216 00ac 0793     		str	r3, [sp, #28]
 624:Core/Src/tim.c **** 
 1217              		.loc 1 624 5 is_stmt 1 view .LVU396
 1218 00ae 03A9     		add	r1, sp, #12
 1219 00b0 0648     		ldr	r0, .L63+20
 1220              	.LVL59:
 624:Core/Src/tim.c **** 
 1221              		.loc 1 624 5 is_stmt 0 view .LVU397
 1222 00b2 FFF7FEFF 		bl	HAL_GPIO_Init
 1223              	.LVL60:
 1224              		.loc 1 631 1 view .LVU398
 1225 00b6 B5E7     		b	.L55
 1226              	.L64:
 1227              		.align	2
 1228              	.L63:
 1229 00b8 00000140 		.word	1073807360
 1230 00bc 00400140 		.word	1073823744
 1231 00c0 00180040 		.word	1073747968
 1232 00c4 00380240 		.word	1073887232
 1233 00c8 00100240 		.word	1073876992
 1234 00cc 00040240 		.word	1073873920
 1235              		.cfi_endproc
 1236              	.LFE248:
 1238              		.section	.text.MX_TIM1_Init,"ax",%progbits
 1239              		.align	1
 1240              		.global	MX_TIM1_Init
 1241              		.syntax unified
 1242              		.thumb
 1243              		.thumb_func
 1245              	MX_TIM1_Init:
 1246              	.LFB239:
ARM GAS  C:\Users\honor\AppData\Local\Temp\ccBm0E7N.s 			page 37


  37:Core/Src/tim.c **** 
 1247              		.loc 1 37 1 is_stmt 1 view -0
 1248              		.cfi_startproc
 1249              		@ args = 0, pretend = 0, frame = 88
 1250              		@ frame_needed = 0, uses_anonymous_args = 0
 1251 0000 10B5     		push	{r4, lr}
 1252              	.LCFI28:
 1253              		.cfi_def_cfa_offset 8
 1254              		.cfi_offset 4, -8
 1255              		.cfi_offset 14, -4
 1256 0002 96B0     		sub	sp, sp, #88
 1257              	.LCFI29:
 1258              		.cfi_def_cfa_offset 96
  43:Core/Src/tim.c ****   TIM_MasterConfigTypeDef sMasterConfig = {0};
 1259              		.loc 1 43 3 view .LVU400
  43:Core/Src/tim.c ****   TIM_MasterConfigTypeDef sMasterConfig = {0};
 1260              		.loc 1 43 26 is_stmt 0 view .LVU401
 1261 0004 0024     		movs	r4, #0
 1262 0006 1294     		str	r4, [sp, #72]
 1263 0008 1394     		str	r4, [sp, #76]
 1264 000a 1494     		str	r4, [sp, #80]
 1265 000c 1594     		str	r4, [sp, #84]
  44:Core/Src/tim.c ****   TIM_OC_InitTypeDef sConfigOC = {0};
 1266              		.loc 1 44 3 is_stmt 1 view .LVU402
  44:Core/Src/tim.c ****   TIM_OC_InitTypeDef sConfigOC = {0};
 1267              		.loc 1 44 27 is_stmt 0 view .LVU403
 1268 000e 1094     		str	r4, [sp, #64]
 1269 0010 1194     		str	r4, [sp, #68]
  45:Core/Src/tim.c ****   TIM_BreakDeadTimeConfigTypeDef sBreakDeadTimeConfig = {0};
 1270              		.loc 1 45 3 is_stmt 1 view .LVU404
  45:Core/Src/tim.c ****   TIM_BreakDeadTimeConfigTypeDef sBreakDeadTimeConfig = {0};
 1271              		.loc 1 45 22 is_stmt 0 view .LVU405
 1272 0012 0994     		str	r4, [sp, #36]
 1273 0014 0A94     		str	r4, [sp, #40]
 1274 0016 0B94     		str	r4, [sp, #44]
 1275 0018 0C94     		str	r4, [sp, #48]
 1276 001a 0D94     		str	r4, [sp, #52]
 1277 001c 0E94     		str	r4, [sp, #56]
 1278 001e 0F94     		str	r4, [sp, #60]
  46:Core/Src/tim.c **** 
 1279              		.loc 1 46 3 is_stmt 1 view .LVU406
  46:Core/Src/tim.c **** 
 1280              		.loc 1 46 34 is_stmt 0 view .LVU407
 1281 0020 2022     		movs	r2, #32
 1282 0022 2146     		mov	r1, r4
 1283 0024 01A8     		add	r0, sp, #4
 1284 0026 FFF7FEFF 		bl	memset
 1285              	.LVL61:
  51:Core/Src/tim.c ****   htim1.Init.Prescaler = 168-1;
 1286              		.loc 1 51 3 is_stmt 1 view .LVU408
  51:Core/Src/tim.c ****   htim1.Init.Prescaler = 168-1;
 1287              		.loc 1 51 18 is_stmt 0 view .LVU409
 1288 002a 3B48     		ldr	r0, .L85
 1289 002c 3B4B     		ldr	r3, .L85+4
 1290 002e 0360     		str	r3, [r0]
  52:Core/Src/tim.c ****   htim1.Init.CounterMode = TIM_COUNTERMODE_UP;
 1291              		.loc 1 52 3 is_stmt 1 view .LVU410
ARM GAS  C:\Users\honor\AppData\Local\Temp\ccBm0E7N.s 			page 38


  52:Core/Src/tim.c ****   htim1.Init.CounterMode = TIM_COUNTERMODE_UP;
 1292              		.loc 1 52 24 is_stmt 0 view .LVU411
 1293 0030 A723     		movs	r3, #167
 1294 0032 4360     		str	r3, [r0, #4]
  53:Core/Src/tim.c ****   htim1.Init.Period = 100-1;
 1295              		.loc 1 53 3 is_stmt 1 view .LVU412
  53:Core/Src/tim.c ****   htim1.Init.Period = 100-1;
 1296              		.loc 1 53 26 is_stmt 0 view .LVU413
 1297 0034 8460     		str	r4, [r0, #8]
  54:Core/Src/tim.c ****   htim1.Init.ClockDivision = TIM_CLOCKDIVISION_DIV1;
 1298              		.loc 1 54 3 is_stmt 1 view .LVU414
  54:Core/Src/tim.c ****   htim1.Init.ClockDivision = TIM_CLOCKDIVISION_DIV1;
 1299              		.loc 1 54 21 is_stmt 0 view .LVU415
 1300 0036 6323     		movs	r3, #99
 1301 0038 C360     		str	r3, [r0, #12]
  55:Core/Src/tim.c ****   htim1.Init.RepetitionCounter = 0;
 1302              		.loc 1 55 3 is_stmt 1 view .LVU416
  55:Core/Src/tim.c ****   htim1.Init.RepetitionCounter = 0;
 1303              		.loc 1 55 28 is_stmt 0 view .LVU417
 1304 003a 0461     		str	r4, [r0, #16]
  56:Core/Src/tim.c ****   htim1.Init.AutoReloadPreload = TIM_AUTORELOAD_PRELOAD_DISABLE;
 1305              		.loc 1 56 3 is_stmt 1 view .LVU418
  56:Core/Src/tim.c ****   htim1.Init.AutoReloadPreload = TIM_AUTORELOAD_PRELOAD_DISABLE;
 1306              		.loc 1 56 32 is_stmt 0 view .LVU419
 1307 003c 4461     		str	r4, [r0, #20]
  57:Core/Src/tim.c ****   if (HAL_TIM_Base_Init(&htim1) != HAL_OK)
 1308              		.loc 1 57 3 is_stmt 1 view .LVU420
  57:Core/Src/tim.c ****   if (HAL_TIM_Base_Init(&htim1) != HAL_OK)
 1309              		.loc 1 57 32 is_stmt 0 view .LVU421
 1310 003e 8461     		str	r4, [r0, #24]
  58:Core/Src/tim.c ****   {
 1311              		.loc 1 58 3 is_stmt 1 view .LVU422
  58:Core/Src/tim.c ****   {
 1312              		.loc 1 58 7 is_stmt 0 view .LVU423
 1313 0040 FFF7FEFF 		bl	HAL_TIM_Base_Init
 1314              	.LVL62:
  58:Core/Src/tim.c ****   {
 1315              		.loc 1 58 6 view .LVU424
 1316 0044 0028     		cmp	r0, #0
 1317 0046 4BD1     		bne	.L76
 1318              	.L66:
  62:Core/Src/tim.c ****   if (HAL_TIM_ConfigClockSource(&htim1, &sClockSourceConfig) != HAL_OK)
 1319              		.loc 1 62 3 is_stmt 1 view .LVU425
  62:Core/Src/tim.c ****   if (HAL_TIM_ConfigClockSource(&htim1, &sClockSourceConfig) != HAL_OK)
 1320              		.loc 1 62 34 is_stmt 0 view .LVU426
 1321 0048 4FF48053 		mov	r3, #4096
 1322 004c 1293     		str	r3, [sp, #72]
  63:Core/Src/tim.c ****   {
 1323              		.loc 1 63 3 is_stmt 1 view .LVU427
  63:Core/Src/tim.c ****   {
 1324              		.loc 1 63 7 is_stmt 0 view .LVU428
 1325 004e 12A9     		add	r1, sp, #72
 1326 0050 3148     		ldr	r0, .L85
 1327 0052 FFF7FEFF 		bl	HAL_TIM_ConfigClockSource
 1328              	.LVL63:
  63:Core/Src/tim.c ****   {
 1329              		.loc 1 63 6 view .LVU429
ARM GAS  C:\Users\honor\AppData\Local\Temp\ccBm0E7N.s 			page 39


 1330 0056 0028     		cmp	r0, #0
 1331 0058 45D1     		bne	.L77
 1332              	.L67:
  67:Core/Src/tim.c ****   {
 1333              		.loc 1 67 3 is_stmt 1 view .LVU430
  67:Core/Src/tim.c ****   {
 1334              		.loc 1 67 7 is_stmt 0 view .LVU431
 1335 005a 2F48     		ldr	r0, .L85
 1336 005c FFF7FEFF 		bl	HAL_TIM_PWM_Init
 1337              	.LVL64:
  67:Core/Src/tim.c ****   {
 1338              		.loc 1 67 6 view .LVU432
 1339 0060 0028     		cmp	r0, #0
 1340 0062 43D1     		bne	.L78
 1341              	.L68:
  71:Core/Src/tim.c ****   sMasterConfig.MasterSlaveMode = TIM_MASTERSLAVEMODE_DISABLE;
 1342              		.loc 1 71 3 is_stmt 1 view .LVU433
  71:Core/Src/tim.c ****   sMasterConfig.MasterSlaveMode = TIM_MASTERSLAVEMODE_DISABLE;
 1343              		.loc 1 71 37 is_stmt 0 view .LVU434
 1344 0064 0023     		movs	r3, #0
 1345 0066 1093     		str	r3, [sp, #64]
  72:Core/Src/tim.c ****   if (HAL_TIMEx_MasterConfigSynchronization(&htim1, &sMasterConfig) != HAL_OK)
 1346              		.loc 1 72 3 is_stmt 1 view .LVU435
  72:Core/Src/tim.c ****   if (HAL_TIMEx_MasterConfigSynchronization(&htim1, &sMasterConfig) != HAL_OK)
 1347              		.loc 1 72 33 is_stmt 0 view .LVU436
 1348 0068 1193     		str	r3, [sp, #68]
  73:Core/Src/tim.c ****   {
 1349              		.loc 1 73 3 is_stmt 1 view .LVU437
  73:Core/Src/tim.c ****   {
 1350              		.loc 1 73 7 is_stmt 0 view .LVU438
 1351 006a 10A9     		add	r1, sp, #64
 1352 006c 2A48     		ldr	r0, .L85
 1353 006e FFF7FEFF 		bl	HAL_TIMEx_MasterConfigSynchronization
 1354              	.LVL65:
  73:Core/Src/tim.c ****   {
 1355              		.loc 1 73 6 view .LVU439
 1356 0072 0028     		cmp	r0, #0
 1357 0074 3DD1     		bne	.L79
 1358              	.L69:
  77:Core/Src/tim.c ****   sConfigOC.Pulse = 0;
 1359              		.loc 1 77 3 is_stmt 1 view .LVU440
  77:Core/Src/tim.c ****   sConfigOC.Pulse = 0;
 1360              		.loc 1 77 20 is_stmt 0 view .LVU441
 1361 0076 6023     		movs	r3, #96
 1362 0078 0993     		str	r3, [sp, #36]
  78:Core/Src/tim.c ****   sConfigOC.OCPolarity = TIM_OCPOLARITY_HIGH;
 1363              		.loc 1 78 3 is_stmt 1 view .LVU442
  78:Core/Src/tim.c ****   sConfigOC.OCPolarity = TIM_OCPOLARITY_HIGH;
 1364              		.loc 1 78 19 is_stmt 0 view .LVU443
 1365 007a 0022     		movs	r2, #0
 1366 007c 0A92     		str	r2, [sp, #40]
  79:Core/Src/tim.c ****   sConfigOC.OCNPolarity = TIM_OCNPOLARITY_HIGH;
 1367              		.loc 1 79 3 is_stmt 1 view .LVU444
  79:Core/Src/tim.c ****   sConfigOC.OCNPolarity = TIM_OCNPOLARITY_HIGH;
 1368              		.loc 1 79 24 is_stmt 0 view .LVU445
 1369 007e 0B92     		str	r2, [sp, #44]
  80:Core/Src/tim.c ****   sConfigOC.OCFastMode = TIM_OCFAST_DISABLE;
ARM GAS  C:\Users\honor\AppData\Local\Temp\ccBm0E7N.s 			page 40


 1370              		.loc 1 80 3 is_stmt 1 view .LVU446
  80:Core/Src/tim.c ****   sConfigOC.OCFastMode = TIM_OCFAST_DISABLE;
 1371              		.loc 1 80 25 is_stmt 0 view .LVU447
 1372 0080 0C92     		str	r2, [sp, #48]
  81:Core/Src/tim.c ****   sConfigOC.OCIdleState = TIM_OCIDLESTATE_RESET;
 1373              		.loc 1 81 3 is_stmt 1 view .LVU448
  81:Core/Src/tim.c ****   sConfigOC.OCIdleState = TIM_OCIDLESTATE_RESET;
 1374              		.loc 1 81 24 is_stmt 0 view .LVU449
 1375 0082 0D92     		str	r2, [sp, #52]
  82:Core/Src/tim.c ****   sConfigOC.OCNIdleState = TIM_OCNIDLESTATE_RESET;
 1376              		.loc 1 82 3 is_stmt 1 view .LVU450
  82:Core/Src/tim.c ****   sConfigOC.OCNIdleState = TIM_OCNIDLESTATE_RESET;
 1377              		.loc 1 82 25 is_stmt 0 view .LVU451
 1378 0084 0E92     		str	r2, [sp, #56]
  83:Core/Src/tim.c ****   if (HAL_TIM_PWM_ConfigChannel(&htim1, &sConfigOC, TIM_CHANNEL_1) != HAL_OK)
 1379              		.loc 1 83 3 is_stmt 1 view .LVU452
  83:Core/Src/tim.c ****   if (HAL_TIM_PWM_ConfigChannel(&htim1, &sConfigOC, TIM_CHANNEL_1) != HAL_OK)
 1380              		.loc 1 83 26 is_stmt 0 view .LVU453
 1381 0086 0F92     		str	r2, [sp, #60]
  84:Core/Src/tim.c ****   {
 1382              		.loc 1 84 3 is_stmt 1 view .LVU454
  84:Core/Src/tim.c ****   {
 1383              		.loc 1 84 7 is_stmt 0 view .LVU455
 1384 0088 09A9     		add	r1, sp, #36
 1385 008a 2348     		ldr	r0, .L85
 1386 008c FFF7FEFF 		bl	HAL_TIM_PWM_ConfigChannel
 1387              	.LVL66:
  84:Core/Src/tim.c ****   {
 1388              		.loc 1 84 6 view .LVU456
 1389 0090 0028     		cmp	r0, #0
 1390 0092 31D1     		bne	.L80
 1391              	.L70:
  88:Core/Src/tim.c ****   {
 1392              		.loc 1 88 3 is_stmt 1 view .LVU457
  88:Core/Src/tim.c ****   {
 1393              		.loc 1 88 7 is_stmt 0 view .LVU458
 1394 0094 0422     		movs	r2, #4
 1395 0096 09A9     		add	r1, sp, #36
 1396 0098 1F48     		ldr	r0, .L85
 1397 009a FFF7FEFF 		bl	HAL_TIM_PWM_ConfigChannel
 1398              	.LVL67:
  88:Core/Src/tim.c ****   {
 1399              		.loc 1 88 6 view .LVU459
 1400 009e 70BB     		cbnz	r0, .L81
 1401              	.L71:
  92:Core/Src/tim.c ****   {
 1402              		.loc 1 92 3 is_stmt 1 view .LVU460
  92:Core/Src/tim.c ****   {
 1403              		.loc 1 92 7 is_stmt 0 view .LVU461
 1404 00a0 0822     		movs	r2, #8
 1405 00a2 09A9     		add	r1, sp, #36
 1406 00a4 1C48     		ldr	r0, .L85
 1407 00a6 FFF7FEFF 		bl	HAL_TIM_PWM_ConfigChannel
 1408              	.LVL68:
  92:Core/Src/tim.c ****   {
 1409              		.loc 1 92 6 view .LVU462
 1410 00aa 58BB     		cbnz	r0, .L82
ARM GAS  C:\Users\honor\AppData\Local\Temp\ccBm0E7N.s 			page 41


 1411              	.L72:
  96:Core/Src/tim.c ****   {
 1412              		.loc 1 96 3 is_stmt 1 view .LVU463
  96:Core/Src/tim.c ****   {
 1413              		.loc 1 96 7 is_stmt 0 view .LVU464
 1414 00ac 0C22     		movs	r2, #12
 1415 00ae 09A9     		add	r1, sp, #36
 1416 00b0 1948     		ldr	r0, .L85
 1417 00b2 FFF7FEFF 		bl	HAL_TIM_PWM_ConfigChannel
 1418              	.LVL69:
  96:Core/Src/tim.c ****   {
 1419              		.loc 1 96 6 view .LVU465
 1420 00b6 40BB     		cbnz	r0, .L83
 1421              	.L73:
 100:Core/Src/tim.c ****   sBreakDeadTimeConfig.OffStateIDLEMode = TIM_OSSI_DISABLE;
 1422              		.loc 1 100 3 is_stmt 1 view .LVU466
 100:Core/Src/tim.c ****   sBreakDeadTimeConfig.OffStateIDLEMode = TIM_OSSI_DISABLE;
 1423              		.loc 1 100 40 is_stmt 0 view .LVU467
 1424 00b8 0023     		movs	r3, #0
 1425 00ba 0193     		str	r3, [sp, #4]
 101:Core/Src/tim.c ****   sBreakDeadTimeConfig.LockLevel = TIM_LOCKLEVEL_OFF;
 1426              		.loc 1 101 3 is_stmt 1 view .LVU468
 101:Core/Src/tim.c ****   sBreakDeadTimeConfig.LockLevel = TIM_LOCKLEVEL_OFF;
 1427              		.loc 1 101 41 is_stmt 0 view .LVU469
 1428 00bc 0293     		str	r3, [sp, #8]
 102:Core/Src/tim.c ****   sBreakDeadTimeConfig.DeadTime = 0;
 1429              		.loc 1 102 3 is_stmt 1 view .LVU470
 102:Core/Src/tim.c ****   sBreakDeadTimeConfig.DeadTime = 0;
 1430              		.loc 1 102 34 is_stmt 0 view .LVU471
 1431 00be 0393     		str	r3, [sp, #12]
 103:Core/Src/tim.c ****   sBreakDeadTimeConfig.BreakState = TIM_BREAK_DISABLE;
 1432              		.loc 1 103 3 is_stmt 1 view .LVU472
 103:Core/Src/tim.c ****   sBreakDeadTimeConfig.BreakState = TIM_BREAK_DISABLE;
 1433              		.loc 1 103 33 is_stmt 0 view .LVU473
 1434 00c0 0493     		str	r3, [sp, #16]
 104:Core/Src/tim.c ****   sBreakDeadTimeConfig.BreakPolarity = TIM_BREAKPOLARITY_HIGH;
 1435              		.loc 1 104 3 is_stmt 1 view .LVU474
 104:Core/Src/tim.c ****   sBreakDeadTimeConfig.BreakPolarity = TIM_BREAKPOLARITY_HIGH;
 1436              		.loc 1 104 35 is_stmt 0 view .LVU475
 1437 00c2 0593     		str	r3, [sp, #20]
 105:Core/Src/tim.c ****   sBreakDeadTimeConfig.AutomaticOutput = TIM_AUTOMATICOUTPUT_DISABLE;
 1438              		.loc 1 105 3 is_stmt 1 view .LVU476
 105:Core/Src/tim.c ****   sBreakDeadTimeConfig.AutomaticOutput = TIM_AUTOMATICOUTPUT_DISABLE;
 1439              		.loc 1 105 38 is_stmt 0 view .LVU477
 1440 00c4 4FF40052 		mov	r2, #8192
 1441 00c8 0692     		str	r2, [sp, #24]
 106:Core/Src/tim.c ****   if (HAL_TIMEx_ConfigBreakDeadTime(&htim1, &sBreakDeadTimeConfig) != HAL_OK)
 1442              		.loc 1 106 3 is_stmt 1 view .LVU478
 106:Core/Src/tim.c ****   if (HAL_TIMEx_ConfigBreakDeadTime(&htim1, &sBreakDeadTimeConfig) != HAL_OK)
 1443              		.loc 1 106 40 is_stmt 0 view .LVU479
 1444 00ca 0893     		str	r3, [sp, #32]
 107:Core/Src/tim.c ****   {
 1445              		.loc 1 107 3 is_stmt 1 view .LVU480
 107:Core/Src/tim.c ****   {
 1446              		.loc 1 107 7 is_stmt 0 view .LVU481
 1447 00cc 01A9     		add	r1, sp, #4
 1448 00ce 1248     		ldr	r0, .L85
ARM GAS  C:\Users\honor\AppData\Local\Temp\ccBm0E7N.s 			page 42


 1449 00d0 FFF7FEFF 		bl	HAL_TIMEx_ConfigBreakDeadTime
 1450              	.LVL70:
 107:Core/Src/tim.c ****   {
 1451              		.loc 1 107 6 view .LVU482
 1452 00d4 E0B9     		cbnz	r0, .L84
 1453              	.L74:
 114:Core/Src/tim.c **** 
 1454              		.loc 1 114 3 is_stmt 1 view .LVU483
 1455 00d6 1048     		ldr	r0, .L85
 1456 00d8 FFF7FEFF 		bl	HAL_TIM_MspPostInit
 1457              	.LVL71:
 116:Core/Src/tim.c **** /* TIM2 init function */
 1458              		.loc 1 116 1 is_stmt 0 view .LVU484
 1459 00dc 16B0     		add	sp, sp, #88
 1460              	.LCFI30:
 1461              		.cfi_remember_state
 1462              		.cfi_def_cfa_offset 8
 1463              		@ sp needed
 1464 00de 10BD     		pop	{r4, pc}
 1465              	.L76:
 1466              	.LCFI31:
 1467              		.cfi_restore_state
  60:Core/Src/tim.c ****   }
 1468              		.loc 1 60 5 is_stmt 1 view .LVU485
 1469 00e0 FFF7FEFF 		bl	Error_Handler
 1470              	.LVL72:
 1471 00e4 B0E7     		b	.L66
 1472              	.L77:
  65:Core/Src/tim.c ****   }
 1473              		.loc 1 65 5 view .LVU486
 1474 00e6 FFF7FEFF 		bl	Error_Handler
 1475              	.LVL73:
 1476 00ea B6E7     		b	.L67
 1477              	.L78:
  69:Core/Src/tim.c ****   }
 1478              		.loc 1 69 5 view .LVU487
 1479 00ec FFF7FEFF 		bl	Error_Handler
 1480              	.LVL74:
 1481 00f0 B8E7     		b	.L68
 1482              	.L79:
  75:Core/Src/tim.c ****   }
 1483              		.loc 1 75 5 view .LVU488
 1484 00f2 FFF7FEFF 		bl	Error_Handler
 1485              	.LVL75:
 1486 00f6 BEE7     		b	.L69
 1487              	.L80:
  86:Core/Src/tim.c ****   }
 1488              		.loc 1 86 5 view .LVU489
 1489 00f8 FFF7FEFF 		bl	Error_Handler
 1490              	.LVL76:
 1491 00fc CAE7     		b	.L70
 1492              	.L81:
  90:Core/Src/tim.c ****   }
 1493              		.loc 1 90 5 view .LVU490
 1494 00fe FFF7FEFF 		bl	Error_Handler
 1495              	.LVL77:
 1496 0102 CDE7     		b	.L71
ARM GAS  C:\Users\honor\AppData\Local\Temp\ccBm0E7N.s 			page 43


 1497              	.L82:
  94:Core/Src/tim.c ****   }
 1498              		.loc 1 94 5 view .LVU491
 1499 0104 FFF7FEFF 		bl	Error_Handler
 1500              	.LVL78:
 1501 0108 D0E7     		b	.L72
 1502              	.L83:
  98:Core/Src/tim.c ****   }
 1503              		.loc 1 98 5 view .LVU492
 1504 010a FFF7FEFF 		bl	Error_Handler
 1505              	.LVL79:
 1506 010e D3E7     		b	.L73
 1507              	.L84:
 109:Core/Src/tim.c ****   }
 1508              		.loc 1 109 5 view .LVU493
 1509 0110 FFF7FEFF 		bl	Error_Handler
 1510              	.LVL80:
 1511 0114 DFE7     		b	.L74
 1512              	.L86:
 1513 0116 00BF     		.align	2
 1514              	.L85:
 1515 0118 00000000 		.word	.LANCHOR4
 1516 011c 00000140 		.word	1073807360
 1517              		.cfi_endproc
 1518              	.LFE239:
 1520              		.section	.text.MX_TIM9_Init,"ax",%progbits
 1521              		.align	1
 1522              		.global	MX_TIM9_Init
 1523              		.syntax unified
 1524              		.thumb
 1525              		.thumb_func
 1527              	MX_TIM9_Init:
 1528              	.LFB244:
 295:Core/Src/tim.c **** 
 1529              		.loc 1 295 1 view -0
 1530              		.cfi_startproc
 1531              		@ args = 0, pretend = 0, frame = 48
 1532              		@ frame_needed = 0, uses_anonymous_args = 0
 1533 0000 00B5     		push	{lr}
 1534              	.LCFI32:
 1535              		.cfi_def_cfa_offset 4
 1536              		.cfi_offset 14, -4
 1537 0002 8DB0     		sub	sp, sp, #52
 1538              	.LCFI33:
 1539              		.cfi_def_cfa_offset 56
 301:Core/Src/tim.c ****   TIM_OC_InitTypeDef sConfigOC = {0};
 1540              		.loc 1 301 3 view .LVU495
 301:Core/Src/tim.c ****   TIM_OC_InitTypeDef sConfigOC = {0};
 1541              		.loc 1 301 26 is_stmt 0 view .LVU496
 1542 0004 0023     		movs	r3, #0
 1543 0006 0893     		str	r3, [sp, #32]
 1544 0008 0993     		str	r3, [sp, #36]
 1545 000a 0A93     		str	r3, [sp, #40]
 1546 000c 0B93     		str	r3, [sp, #44]
 302:Core/Src/tim.c **** 
 1547              		.loc 1 302 3 is_stmt 1 view .LVU497
 302:Core/Src/tim.c **** 
ARM GAS  C:\Users\honor\AppData\Local\Temp\ccBm0E7N.s 			page 44


 1548              		.loc 1 302 22 is_stmt 0 view .LVU498
 1549 000e 0193     		str	r3, [sp, #4]
 1550 0010 0293     		str	r3, [sp, #8]
 1551 0012 0393     		str	r3, [sp, #12]
 1552 0014 0493     		str	r3, [sp, #16]
 1553 0016 0593     		str	r3, [sp, #20]
 1554 0018 0693     		str	r3, [sp, #24]
 1555 001a 0793     		str	r3, [sp, #28]
 307:Core/Src/tim.c ****   htim9.Init.Prescaler = 168-1;
 1556              		.loc 1 307 3 is_stmt 1 view .LVU499
 307:Core/Src/tim.c ****   htim9.Init.Prescaler = 168-1;
 1557              		.loc 1 307 18 is_stmt 0 view .LVU500
 1558 001c 1F48     		ldr	r0, .L99
 1559 001e 204A     		ldr	r2, .L99+4
 1560 0020 0260     		str	r2, [r0]
 308:Core/Src/tim.c ****   htim9.Init.CounterMode = TIM_COUNTERMODE_UP;
 1561              		.loc 1 308 3 is_stmt 1 view .LVU501
 308:Core/Src/tim.c ****   htim9.Init.CounterMode = TIM_COUNTERMODE_UP;
 1562              		.loc 1 308 24 is_stmt 0 view .LVU502
 1563 0022 A722     		movs	r2, #167
 1564 0024 4260     		str	r2, [r0, #4]
 309:Core/Src/tim.c ****   htim9.Init.Period = 100-1;
 1565              		.loc 1 309 3 is_stmt 1 view .LVU503
 309:Core/Src/tim.c ****   htim9.Init.Period = 100-1;
 1566              		.loc 1 309 26 is_stmt 0 view .LVU504
 1567 0026 8360     		str	r3, [r0, #8]
 310:Core/Src/tim.c ****   htim9.Init.ClockDivision = TIM_CLOCKDIVISION_DIV1;
 1568              		.loc 1 310 3 is_stmt 1 view .LVU505
 310:Core/Src/tim.c ****   htim9.Init.ClockDivision = TIM_CLOCKDIVISION_DIV1;
 1569              		.loc 1 310 21 is_stmt 0 view .LVU506
 1570 0028 6322     		movs	r2, #99
 1571 002a C260     		str	r2, [r0, #12]
 311:Core/Src/tim.c ****   htim9.Init.AutoReloadPreload = TIM_AUTORELOAD_PRELOAD_DISABLE;
 1572              		.loc 1 311 3 is_stmt 1 view .LVU507
 311:Core/Src/tim.c ****   htim9.Init.AutoReloadPreload = TIM_AUTORELOAD_PRELOAD_DISABLE;
 1573              		.loc 1 311 28 is_stmt 0 view .LVU508
 1574 002c 0361     		str	r3, [r0, #16]
 312:Core/Src/tim.c ****   if (HAL_TIM_Base_Init(&htim9) != HAL_OK)
 1575              		.loc 1 312 3 is_stmt 1 view .LVU509
 312:Core/Src/tim.c ****   if (HAL_TIM_Base_Init(&htim9) != HAL_OK)
 1576              		.loc 1 312 32 is_stmt 0 view .LVU510
 1577 002e 8361     		str	r3, [r0, #24]
 313:Core/Src/tim.c ****   {
 1578              		.loc 1 313 3 is_stmt 1 view .LVU511
 313:Core/Src/tim.c ****   {
 1579              		.loc 1 313 7 is_stmt 0 view .LVU512
 1580 0030 FFF7FEFF 		bl	HAL_TIM_Base_Init
 1581              	.LVL81:
 313:Core/Src/tim.c ****   {
 1582              		.loc 1 313 6 view .LVU513
 1583 0034 18BB     		cbnz	r0, .L94
 1584              	.L88:
 317:Core/Src/tim.c ****   if (HAL_TIM_ConfigClockSource(&htim9, &sClockSourceConfig) != HAL_OK)
 1585              		.loc 1 317 3 is_stmt 1 view .LVU514
 317:Core/Src/tim.c ****   if (HAL_TIM_ConfigClockSource(&htim9, &sClockSourceConfig) != HAL_OK)
 1586              		.loc 1 317 34 is_stmt 0 view .LVU515
 1587 0036 4FF48053 		mov	r3, #4096
ARM GAS  C:\Users\honor\AppData\Local\Temp\ccBm0E7N.s 			page 45


 1588 003a 0893     		str	r3, [sp, #32]
 318:Core/Src/tim.c ****   {
 1589              		.loc 1 318 3 is_stmt 1 view .LVU516
 318:Core/Src/tim.c ****   {
 1590              		.loc 1 318 7 is_stmt 0 view .LVU517
 1591 003c 08A9     		add	r1, sp, #32
 1592 003e 1748     		ldr	r0, .L99
 1593 0040 FFF7FEFF 		bl	HAL_TIM_ConfigClockSource
 1594              	.LVL82:
 318:Core/Src/tim.c ****   {
 1595              		.loc 1 318 6 view .LVU518
 1596 0044 F0B9     		cbnz	r0, .L95
 1597              	.L89:
 322:Core/Src/tim.c ****   {
 1598              		.loc 1 322 3 is_stmt 1 view .LVU519
 322:Core/Src/tim.c ****   {
 1599              		.loc 1 322 7 is_stmt 0 view .LVU520
 1600 0046 1548     		ldr	r0, .L99
 1601 0048 FFF7FEFF 		bl	HAL_TIM_PWM_Init
 1602              	.LVL83:
 322:Core/Src/tim.c ****   {
 1603              		.loc 1 322 6 view .LVU521
 1604 004c E8B9     		cbnz	r0, .L96
 1605              	.L90:
 326:Core/Src/tim.c ****   sConfigOC.Pulse = 0;
 1606              		.loc 1 326 3 is_stmt 1 view .LVU522
 326:Core/Src/tim.c ****   sConfigOC.Pulse = 0;
 1607              		.loc 1 326 20 is_stmt 0 view .LVU523
 1608 004e 6023     		movs	r3, #96
 1609 0050 0193     		str	r3, [sp, #4]
 327:Core/Src/tim.c ****   sConfigOC.OCPolarity = TIM_OCPOLARITY_HIGH;
 1610              		.loc 1 327 3 is_stmt 1 view .LVU524
 327:Core/Src/tim.c ****   sConfigOC.OCPolarity = TIM_OCPOLARITY_HIGH;
 1611              		.loc 1 327 19 is_stmt 0 view .LVU525
 1612 0052 0022     		movs	r2, #0
 1613 0054 0292     		str	r2, [sp, #8]
 328:Core/Src/tim.c ****   sConfigOC.OCFastMode = TIM_OCFAST_DISABLE;
 1614              		.loc 1 328 3 is_stmt 1 view .LVU526
 328:Core/Src/tim.c ****   sConfigOC.OCFastMode = TIM_OCFAST_DISABLE;
 1615              		.loc 1 328 24 is_stmt 0 view .LVU527
 1616 0056 0392     		str	r2, [sp, #12]
 329:Core/Src/tim.c ****   if (HAL_TIM_PWM_ConfigChannel(&htim9, &sConfigOC, TIM_CHANNEL_1) != HAL_OK)
 1617              		.loc 1 329 3 is_stmt 1 view .LVU528
 329:Core/Src/tim.c ****   if (HAL_TIM_PWM_ConfigChannel(&htim9, &sConfigOC, TIM_CHANNEL_1) != HAL_OK)
 1618              		.loc 1 329 24 is_stmt 0 view .LVU529
 1619 0058 0592     		str	r2, [sp, #20]
 330:Core/Src/tim.c ****   {
 1620              		.loc 1 330 3 is_stmt 1 view .LVU530
 330:Core/Src/tim.c ****   {
 1621              		.loc 1 330 7 is_stmt 0 view .LVU531
 1622 005a 01A9     		add	r1, sp, #4
 1623 005c 0F48     		ldr	r0, .L99
 1624 005e FFF7FEFF 		bl	HAL_TIM_PWM_ConfigChannel
 1625              	.LVL84:
 330:Core/Src/tim.c ****   {
 1626              		.loc 1 330 6 view .LVU532
 1627 0062 A8B9     		cbnz	r0, .L97
ARM GAS  C:\Users\honor\AppData\Local\Temp\ccBm0E7N.s 			page 46


 1628              	.L91:
 334:Core/Src/tim.c ****   {
 1629              		.loc 1 334 3 is_stmt 1 view .LVU533
 334:Core/Src/tim.c ****   {
 1630              		.loc 1 334 7 is_stmt 0 view .LVU534
 1631 0064 0422     		movs	r2, #4
 1632 0066 0DEB0201 		add	r1, sp, r2
 1633 006a 0C48     		ldr	r0, .L99
 1634 006c FFF7FEFF 		bl	HAL_TIM_PWM_ConfigChannel
 1635              	.LVL85:
 334:Core/Src/tim.c ****   {
 1636              		.loc 1 334 6 view .LVU535
 1637 0070 88B9     		cbnz	r0, .L98
 1638              	.L92:
 341:Core/Src/tim.c **** 
 1639              		.loc 1 341 3 is_stmt 1 view .LVU536
 1640 0072 0A48     		ldr	r0, .L99
 1641 0074 FFF7FEFF 		bl	HAL_TIM_MspPostInit
 1642              	.LVL86:
 343:Core/Src/tim.c **** /* TIM12 init function */
 1643              		.loc 1 343 1 is_stmt 0 view .LVU537
 1644 0078 0DB0     		add	sp, sp, #52
 1645              	.LCFI34:
 1646              		.cfi_remember_state
 1647              		.cfi_def_cfa_offset 4
 1648              		@ sp needed
 1649 007a 5DF804FB 		ldr	pc, [sp], #4
 1650              	.L94:
 1651              	.LCFI35:
 1652              		.cfi_restore_state
 315:Core/Src/tim.c ****   }
 1653              		.loc 1 315 5 is_stmt 1 view .LVU538
 1654 007e FFF7FEFF 		bl	Error_Handler
 1655              	.LVL87:
 1656 0082 D8E7     		b	.L88
 1657              	.L95:
 320:Core/Src/tim.c ****   }
 1658              		.loc 1 320 5 view .LVU539
 1659 0084 FFF7FEFF 		bl	Error_Handler
 1660              	.LVL88:
 1661 0088 DDE7     		b	.L89
 1662              	.L96:
 324:Core/Src/tim.c ****   }
 1663              		.loc 1 324 5 view .LVU540
 1664 008a FFF7FEFF 		bl	Error_Handler
 1665              	.LVL89:
 1666 008e DEE7     		b	.L90
 1667              	.L97:
 332:Core/Src/tim.c ****   }
 1668              		.loc 1 332 5 view .LVU541
 1669 0090 FFF7FEFF 		bl	Error_Handler
 1670              	.LVL90:
 1671 0094 E6E7     		b	.L91
 1672              	.L98:
 336:Core/Src/tim.c ****   }
 1673              		.loc 1 336 5 view .LVU542
 1674 0096 FFF7FEFF 		bl	Error_Handler
ARM GAS  C:\Users\honor\AppData\Local\Temp\ccBm0E7N.s 			page 47


 1675              	.LVL91:
 1676 009a EAE7     		b	.L92
 1677              	.L100:
 1678              		.align	2
 1679              	.L99:
 1680 009c 00000000 		.word	.LANCHOR5
 1681 00a0 00400140 		.word	1073823744
 1682              		.cfi_endproc
 1683              	.LFE244:
 1685              		.section	.text.MX_TIM12_Init,"ax",%progbits
 1686              		.align	1
 1687              		.global	MX_TIM12_Init
 1688              		.syntax unified
 1689              		.thumb
 1690              		.thumb_func
 1692              	MX_TIM12_Init:
 1693              	.LFB245:
 346:Core/Src/tim.c **** 
 1694              		.loc 1 346 1 view -0
 1695              		.cfi_startproc
 1696              		@ args = 0, pretend = 0, frame = 48
 1697              		@ frame_needed = 0, uses_anonymous_args = 0
 1698 0000 00B5     		push	{lr}
 1699              	.LCFI36:
 1700              		.cfi_def_cfa_offset 4
 1701              		.cfi_offset 14, -4
 1702 0002 8DB0     		sub	sp, sp, #52
 1703              	.LCFI37:
 1704              		.cfi_def_cfa_offset 56
 352:Core/Src/tim.c ****   TIM_OC_InitTypeDef sConfigOC = {0};
 1705              		.loc 1 352 3 view .LVU544
 352:Core/Src/tim.c ****   TIM_OC_InitTypeDef sConfigOC = {0};
 1706              		.loc 1 352 26 is_stmt 0 view .LVU545
 1707 0004 0023     		movs	r3, #0
 1708 0006 0893     		str	r3, [sp, #32]
 1709 0008 0993     		str	r3, [sp, #36]
 1710 000a 0A93     		str	r3, [sp, #40]
 1711 000c 0B93     		str	r3, [sp, #44]
 353:Core/Src/tim.c **** 
 1712              		.loc 1 353 3 is_stmt 1 view .LVU546
 353:Core/Src/tim.c **** 
 1713              		.loc 1 353 22 is_stmt 0 view .LVU547
 1714 000e 0193     		str	r3, [sp, #4]
 1715 0010 0293     		str	r3, [sp, #8]
 1716 0012 0393     		str	r3, [sp, #12]
 1717 0014 0493     		str	r3, [sp, #16]
 1718 0016 0593     		str	r3, [sp, #20]
 1719 0018 0693     		str	r3, [sp, #24]
 1720 001a 0793     		str	r3, [sp, #28]
 358:Core/Src/tim.c ****   htim12.Init.Prescaler = 168-1;
 1721              		.loc 1 358 3 is_stmt 1 view .LVU548
 358:Core/Src/tim.c ****   htim12.Init.Prescaler = 168-1;
 1722              		.loc 1 358 19 is_stmt 0 view .LVU549
 1723 001c 1F48     		ldr	r0, .L113
 1724 001e 204A     		ldr	r2, .L113+4
 1725 0020 0260     		str	r2, [r0]
 359:Core/Src/tim.c ****   htim12.Init.CounterMode = TIM_COUNTERMODE_UP;
ARM GAS  C:\Users\honor\AppData\Local\Temp\ccBm0E7N.s 			page 48


 1726              		.loc 1 359 3 is_stmt 1 view .LVU550
 359:Core/Src/tim.c ****   htim12.Init.CounterMode = TIM_COUNTERMODE_UP;
 1727              		.loc 1 359 25 is_stmt 0 view .LVU551
 1728 0022 A722     		movs	r2, #167
 1729 0024 4260     		str	r2, [r0, #4]
 360:Core/Src/tim.c ****   htim12.Init.Period = 100-1;
 1730              		.loc 1 360 3 is_stmt 1 view .LVU552
 360:Core/Src/tim.c ****   htim12.Init.Period = 100-1;
 1731              		.loc 1 360 27 is_stmt 0 view .LVU553
 1732 0026 8360     		str	r3, [r0, #8]
 361:Core/Src/tim.c ****   htim12.Init.ClockDivision = TIM_CLOCKDIVISION_DIV1;
 1733              		.loc 1 361 3 is_stmt 1 view .LVU554
 361:Core/Src/tim.c ****   htim12.Init.ClockDivision = TIM_CLOCKDIVISION_DIV1;
 1734              		.loc 1 361 22 is_stmt 0 view .LVU555
 1735 0028 6322     		movs	r2, #99
 1736 002a C260     		str	r2, [r0, #12]
 362:Core/Src/tim.c ****   htim12.Init.AutoReloadPreload = TIM_AUTORELOAD_PRELOAD_DISABLE;
 1737              		.loc 1 362 3 is_stmt 1 view .LVU556
 362:Core/Src/tim.c ****   htim12.Init.AutoReloadPreload = TIM_AUTORELOAD_PRELOAD_DISABLE;
 1738              		.loc 1 362 29 is_stmt 0 view .LVU557
 1739 002c 0361     		str	r3, [r0, #16]
 363:Core/Src/tim.c ****   if (HAL_TIM_Base_Init(&htim12) != HAL_OK)
 1740              		.loc 1 363 3 is_stmt 1 view .LVU558
 363:Core/Src/tim.c ****   if (HAL_TIM_Base_Init(&htim12) != HAL_OK)
 1741              		.loc 1 363 33 is_stmt 0 view .LVU559
 1742 002e 8361     		str	r3, [r0, #24]
 364:Core/Src/tim.c ****   {
 1743              		.loc 1 364 3 is_stmt 1 view .LVU560
 364:Core/Src/tim.c ****   {
 1744              		.loc 1 364 7 is_stmt 0 view .LVU561
 1745 0030 FFF7FEFF 		bl	HAL_TIM_Base_Init
 1746              	.LVL92:
 364:Core/Src/tim.c ****   {
 1747              		.loc 1 364 6 view .LVU562
 1748 0034 18BB     		cbnz	r0, .L108
 1749              	.L102:
 368:Core/Src/tim.c ****   if (HAL_TIM_ConfigClockSource(&htim12, &sClockSourceConfig) != HAL_OK)
 1750              		.loc 1 368 3 is_stmt 1 view .LVU563
 368:Core/Src/tim.c ****   if (HAL_TIM_ConfigClockSource(&htim12, &sClockSourceConfig) != HAL_OK)
 1751              		.loc 1 368 34 is_stmt 0 view .LVU564
 1752 0036 4FF48053 		mov	r3, #4096
 1753 003a 0893     		str	r3, [sp, #32]
 369:Core/Src/tim.c ****   {
 1754              		.loc 1 369 3 is_stmt 1 view .LVU565
 369:Core/Src/tim.c ****   {
 1755              		.loc 1 369 7 is_stmt 0 view .LVU566
 1756 003c 08A9     		add	r1, sp, #32
 1757 003e 1748     		ldr	r0, .L113
 1758 0040 FFF7FEFF 		bl	HAL_TIM_ConfigClockSource
 1759              	.LVL93:
 369:Core/Src/tim.c ****   {
 1760              		.loc 1 369 6 view .LVU567
 1761 0044 F0B9     		cbnz	r0, .L109
 1762              	.L103:
 373:Core/Src/tim.c ****   {
 1763              		.loc 1 373 3 is_stmt 1 view .LVU568
 373:Core/Src/tim.c ****   {
ARM GAS  C:\Users\honor\AppData\Local\Temp\ccBm0E7N.s 			page 49


 1764              		.loc 1 373 7 is_stmt 0 view .LVU569
 1765 0046 1548     		ldr	r0, .L113
 1766 0048 FFF7FEFF 		bl	HAL_TIM_PWM_Init
 1767              	.LVL94:
 373:Core/Src/tim.c ****   {
 1768              		.loc 1 373 6 view .LVU570
 1769 004c E8B9     		cbnz	r0, .L110
 1770              	.L104:
 377:Core/Src/tim.c ****   sConfigOC.Pulse = 0;
 1771              		.loc 1 377 3 is_stmt 1 view .LVU571
 377:Core/Src/tim.c ****   sConfigOC.Pulse = 0;
 1772              		.loc 1 377 20 is_stmt 0 view .LVU572
 1773 004e 6023     		movs	r3, #96
 1774 0050 0193     		str	r3, [sp, #4]
 378:Core/Src/tim.c ****   sConfigOC.OCPolarity = TIM_OCPOLARITY_HIGH;
 1775              		.loc 1 378 3 is_stmt 1 view .LVU573
 378:Core/Src/tim.c ****   sConfigOC.OCPolarity = TIM_OCPOLARITY_HIGH;
 1776              		.loc 1 378 19 is_stmt 0 view .LVU574
 1777 0052 0022     		movs	r2, #0
 1778 0054 0292     		str	r2, [sp, #8]
 379:Core/Src/tim.c ****   sConfigOC.OCFastMode = TIM_OCFAST_DISABLE;
 1779              		.loc 1 379 3 is_stmt 1 view .LVU575
 379:Core/Src/tim.c ****   sConfigOC.OCFastMode = TIM_OCFAST_DISABLE;
 1780              		.loc 1 379 24 is_stmt 0 view .LVU576
 1781 0056 0392     		str	r2, [sp, #12]
 380:Core/Src/tim.c ****   if (HAL_TIM_PWM_ConfigChannel(&htim12, &sConfigOC, TIM_CHANNEL_1) != HAL_OK)
 1782              		.loc 1 380 3 is_stmt 1 view .LVU577
 380:Core/Src/tim.c ****   if (HAL_TIM_PWM_ConfigChannel(&htim12, &sConfigOC, TIM_CHANNEL_1) != HAL_OK)
 1783              		.loc 1 380 24 is_stmt 0 view .LVU578
 1784 0058 0592     		str	r2, [sp, #20]
 381:Core/Src/tim.c ****   {
 1785              		.loc 1 381 3 is_stmt 1 view .LVU579
 381:Core/Src/tim.c ****   {
 1786              		.loc 1 381 7 is_stmt 0 view .LVU580
 1787 005a 01A9     		add	r1, sp, #4
 1788 005c 0F48     		ldr	r0, .L113
 1789 005e FFF7FEFF 		bl	HAL_TIM_PWM_ConfigChannel
 1790              	.LVL95:
 381:Core/Src/tim.c ****   {
 1791              		.loc 1 381 6 view .LVU581
 1792 0062 A8B9     		cbnz	r0, .L111
 1793              	.L105:
 385:Core/Src/tim.c ****   {
 1794              		.loc 1 385 3 is_stmt 1 view .LVU582
 385:Core/Src/tim.c ****   {
 1795              		.loc 1 385 7 is_stmt 0 view .LVU583
 1796 0064 0422     		movs	r2, #4
 1797 0066 0DEB0201 		add	r1, sp, r2
 1798 006a 0C48     		ldr	r0, .L113
 1799 006c FFF7FEFF 		bl	HAL_TIM_PWM_ConfigChannel
 1800              	.LVL96:
 385:Core/Src/tim.c ****   {
 1801              		.loc 1 385 6 view .LVU584
 1802 0070 88B9     		cbnz	r0, .L112
 1803              	.L106:
 392:Core/Src/tim.c **** 
 1804              		.loc 1 392 3 is_stmt 1 view .LVU585
ARM GAS  C:\Users\honor\AppData\Local\Temp\ccBm0E7N.s 			page 50


 1805 0072 0A48     		ldr	r0, .L113
 1806 0074 FFF7FEFF 		bl	HAL_TIM_MspPostInit
 1807              	.LVL97:
 394:Core/Src/tim.c **** 
 1808              		.loc 1 394 1 is_stmt 0 view .LVU586
 1809 0078 0DB0     		add	sp, sp, #52
 1810              	.LCFI38:
 1811              		.cfi_remember_state
 1812              		.cfi_def_cfa_offset 4
 1813              		@ sp needed
 1814 007a 5DF804FB 		ldr	pc, [sp], #4
 1815              	.L108:
 1816              	.LCFI39:
 1817              		.cfi_restore_state
 366:Core/Src/tim.c ****   }
 1818              		.loc 1 366 5 is_stmt 1 view .LVU587
 1819 007e FFF7FEFF 		bl	Error_Handler
 1820              	.LVL98:
 1821 0082 D8E7     		b	.L102
 1822              	.L109:
 371:Core/Src/tim.c ****   }
 1823              		.loc 1 371 5 view .LVU588
 1824 0084 FFF7FEFF 		bl	Error_Handler
 1825              	.LVL99:
 1826 0088 DDE7     		b	.L103
 1827              	.L110:
 375:Core/Src/tim.c ****   }
 1828              		.loc 1 375 5 view .LVU589
 1829 008a FFF7FEFF 		bl	Error_Handler
 1830              	.LVL100:
 1831 008e DEE7     		b	.L104
 1832              	.L111:
 383:Core/Src/tim.c ****   }
 1833              		.loc 1 383 5 view .LVU590
 1834 0090 FFF7FEFF 		bl	Error_Handler
 1835              	.LVL101:
 1836 0094 E6E7     		b	.L105
 1837              	.L112:
 387:Core/Src/tim.c ****   }
 1838              		.loc 1 387 5 view .LVU591
 1839 0096 FFF7FEFF 		bl	Error_Handler
 1840              	.LVL102:
 1841 009a EAE7     		b	.L106
 1842              	.L114:
 1843              		.align	2
 1844              	.L113:
 1845 009c 00000000 		.word	.LANCHOR6
 1846 00a0 00180040 		.word	1073747968
 1847              		.cfi_endproc
 1848              	.LFE245:
 1850              		.section	.text.HAL_TIM_Base_MspDeInit,"ax",%progbits
 1851              		.align	1
 1852              		.global	HAL_TIM_Base_MspDeInit
 1853              		.syntax unified
 1854              		.thumb
 1855              		.thumb_func
 1857              	HAL_TIM_Base_MspDeInit:
ARM GAS  C:\Users\honor\AppData\Local\Temp\ccBm0E7N.s 			page 51


 1858              	.LVL103:
 1859              	.LFB249:
 632:Core/Src/tim.c **** 
 633:Core/Src/tim.c **** void HAL_TIM_Base_MspDeInit(TIM_HandleTypeDef* tim_baseHandle)
 634:Core/Src/tim.c **** {
 1860              		.loc 1 634 1 view -0
 1861              		.cfi_startproc
 1862              		@ args = 0, pretend = 0, frame = 0
 1863              		@ frame_needed = 0, uses_anonymous_args = 0
 1864              		.loc 1 634 1 is_stmt 0 view .LVU593
 1865 0000 08B5     		push	{r3, lr}
 1866              	.LCFI40:
 1867              		.cfi_def_cfa_offset 8
 1868              		.cfi_offset 3, -8
 1869              		.cfi_offset 14, -4
 635:Core/Src/tim.c **** 
 636:Core/Src/tim.c ****   if(tim_baseHandle->Instance==TIM1)
 1870              		.loc 1 636 3 is_stmt 1 view .LVU594
 1871              		.loc 1 636 20 is_stmt 0 view .LVU595
 1872 0002 0368     		ldr	r3, [r0]
 1873              		.loc 1 636 5 view .LVU596
 1874 0004 104A     		ldr	r2, .L123
 1875 0006 9342     		cmp	r3, r2
 1876 0008 06D0     		beq	.L120
 637:Core/Src/tim.c ****   {
 638:Core/Src/tim.c ****   /* USER CODE BEGIN TIM1_MspDeInit 0 */
 639:Core/Src/tim.c **** 
 640:Core/Src/tim.c ****   /* USER CODE END TIM1_MspDeInit 0 */
 641:Core/Src/tim.c ****     /* Peripheral clock disable */
 642:Core/Src/tim.c ****     __HAL_RCC_TIM1_CLK_DISABLE();
 643:Core/Src/tim.c **** 
 644:Core/Src/tim.c ****     /* TIM1 interrupt Deinit */
 645:Core/Src/tim.c ****     HAL_NVIC_DisableIRQ(TIM1_TRG_COM_TIM11_IRQn);
 646:Core/Src/tim.c ****   /* USER CODE BEGIN TIM1_MspDeInit 1 */
 647:Core/Src/tim.c **** 
 648:Core/Src/tim.c ****   /* USER CODE END TIM1_MspDeInit 1 */
 649:Core/Src/tim.c ****   }
 650:Core/Src/tim.c ****   else if(tim_baseHandle->Instance==TIM9)
 1877              		.loc 1 650 8 is_stmt 1 view .LVU597
 1878              		.loc 1 650 10 is_stmt 0 view .LVU598
 1879 000a 104A     		ldr	r2, .L123+4
 1880 000c 9342     		cmp	r3, r2
 1881 000e 0DD0     		beq	.L121
 651:Core/Src/tim.c ****   {
 652:Core/Src/tim.c ****   /* USER CODE BEGIN TIM9_MspDeInit 0 */
 653:Core/Src/tim.c **** 
 654:Core/Src/tim.c ****   /* USER CODE END TIM9_MspDeInit 0 */
 655:Core/Src/tim.c ****     /* Peripheral clock disable */
 656:Core/Src/tim.c ****     __HAL_RCC_TIM9_CLK_DISABLE();
 657:Core/Src/tim.c ****   /* USER CODE BEGIN TIM9_MspDeInit 1 */
 658:Core/Src/tim.c **** 
 659:Core/Src/tim.c ****   /* USER CODE END TIM9_MspDeInit 1 */
 660:Core/Src/tim.c ****   }
 661:Core/Src/tim.c ****   else if(tim_baseHandle->Instance==TIM12)
 1882              		.loc 1 661 8 is_stmt 1 view .LVU599
 1883              		.loc 1 661 10 is_stmt 0 view .LVU600
 1884 0010 0F4A     		ldr	r2, .L123+8
ARM GAS  C:\Users\honor\AppData\Local\Temp\ccBm0E7N.s 			page 52


 1885 0012 9342     		cmp	r3, r2
 1886 0014 11D0     		beq	.L122
 1887              	.LVL104:
 1888              	.L115:
 662:Core/Src/tim.c ****   {
 663:Core/Src/tim.c ****   /* USER CODE BEGIN TIM12_MspDeInit 0 */
 664:Core/Src/tim.c **** 
 665:Core/Src/tim.c ****   /* USER CODE END TIM12_MspDeInit 0 */
 666:Core/Src/tim.c ****     /* Peripheral clock disable */
 667:Core/Src/tim.c ****     __HAL_RCC_TIM12_CLK_DISABLE();
 668:Core/Src/tim.c ****   /* USER CODE BEGIN TIM12_MspDeInit 1 */
 669:Core/Src/tim.c **** 
 670:Core/Src/tim.c ****   /* USER CODE END TIM12_MspDeInit 1 */
 671:Core/Src/tim.c ****   }
 672:Core/Src/tim.c **** }
 1889              		.loc 1 672 1 view .LVU601
 1890 0016 08BD     		pop	{r3, pc}
 1891              	.LVL105:
 1892              	.L120:
 642:Core/Src/tim.c **** 
 1893              		.loc 1 642 5 is_stmt 1 view .LVU602
 1894 0018 02F59C32 		add	r2, r2, #79872
 1895 001c 536C     		ldr	r3, [r2, #68]
 1896 001e 23F00103 		bic	r3, r3, #1
 1897 0022 5364     		str	r3, [r2, #68]
 645:Core/Src/tim.c ****   /* USER CODE BEGIN TIM1_MspDeInit 1 */
 1898              		.loc 1 645 5 view .LVU603
 1899 0024 1A20     		movs	r0, #26
 1900              	.LVL106:
 645:Core/Src/tim.c ****   /* USER CODE BEGIN TIM1_MspDeInit 1 */
 1901              		.loc 1 645 5 is_stmt 0 view .LVU604
 1902 0026 FFF7FEFF 		bl	HAL_NVIC_DisableIRQ
 1903              	.LVL107:
 1904 002a F4E7     		b	.L115
 1905              	.LVL108:
 1906              	.L121:
 656:Core/Src/tim.c ****   /* USER CODE BEGIN TIM9_MspDeInit 1 */
 1907              		.loc 1 656 5 is_stmt 1 view .LVU605
 1908 002c 02F57842 		add	r2, r2, #63488
 1909 0030 536C     		ldr	r3, [r2, #68]
 1910 0032 23F48033 		bic	r3, r3, #65536
 1911 0036 5364     		str	r3, [r2, #68]
 1912 0038 EDE7     		b	.L115
 1913              	.L122:
 667:Core/Src/tim.c ****   /* USER CODE BEGIN TIM12_MspDeInit 1 */
 1914              		.loc 1 667 5 view .LVU606
 1915 003a 02F50832 		add	r2, r2, #139264
 1916 003e 136C     		ldr	r3, [r2, #64]
 1917 0040 23F04003 		bic	r3, r3, #64
 1918 0044 1364     		str	r3, [r2, #64]
 1919              		.loc 1 672 1 is_stmt 0 view .LVU607
 1920 0046 E6E7     		b	.L115
 1921              	.L124:
 1922              		.align	2
 1923              	.L123:
 1924 0048 00000140 		.word	1073807360
 1925 004c 00400140 		.word	1073823744
ARM GAS  C:\Users\honor\AppData\Local\Temp\ccBm0E7N.s 			page 53


 1926 0050 00180040 		.word	1073747968
 1927              		.cfi_endproc
 1928              	.LFE249:
 1930              		.section	.text.HAL_TIM_Encoder_MspDeInit,"ax",%progbits
 1931              		.align	1
 1932              		.global	HAL_TIM_Encoder_MspDeInit
 1933              		.syntax unified
 1934              		.thumb
 1935              		.thumb_func
 1937              	HAL_TIM_Encoder_MspDeInit:
 1938              	.LVL109:
 1939              	.LFB250:
 673:Core/Src/tim.c **** 
 674:Core/Src/tim.c **** void HAL_TIM_Encoder_MspDeInit(TIM_HandleTypeDef* tim_encoderHandle)
 675:Core/Src/tim.c **** {
 1940              		.loc 1 675 1 is_stmt 1 view -0
 1941              		.cfi_startproc
 1942              		@ args = 0, pretend = 0, frame = 0
 1943              		@ frame_needed = 0, uses_anonymous_args = 0
 1944              		.loc 1 675 1 is_stmt 0 view .LVU609
 1945 0000 08B5     		push	{r3, lr}
 1946              	.LCFI41:
 1947              		.cfi_def_cfa_offset 8
 1948              		.cfi_offset 3, -8
 1949              		.cfi_offset 14, -4
 676:Core/Src/tim.c **** 
 677:Core/Src/tim.c ****   if(tim_encoderHandle->Instance==TIM2)
 1950              		.loc 1 677 3 is_stmt 1 view .LVU610
 1951              		.loc 1 677 23 is_stmt 0 view .LVU611
 1952 0002 0368     		ldr	r3, [r0]
 1953              		.loc 1 677 5 view .LVU612
 1954 0004 B3F1804F 		cmp	r3, #1073741824
 1955 0008 09D0     		beq	.L131
 678:Core/Src/tim.c ****   {
 679:Core/Src/tim.c ****   /* USER CODE BEGIN TIM2_MspDeInit 0 */
 680:Core/Src/tim.c **** 
 681:Core/Src/tim.c ****   /* USER CODE END TIM2_MspDeInit 0 */
 682:Core/Src/tim.c ****     /* Peripheral clock disable */
 683:Core/Src/tim.c ****     __HAL_RCC_TIM2_CLK_DISABLE();
 684:Core/Src/tim.c **** 
 685:Core/Src/tim.c ****     /**TIM2 GPIO Configuration
 686:Core/Src/tim.c ****     PA15     ------> TIM2_CH1
 687:Core/Src/tim.c ****     PB3     ------> TIM2_CH2
 688:Core/Src/tim.c ****     */
 689:Core/Src/tim.c ****     HAL_GPIO_DeInit(GPIOA, GPIO_PIN_15);
 690:Core/Src/tim.c **** 
 691:Core/Src/tim.c ****     HAL_GPIO_DeInit(GPIOB, GPIO_PIN_3);
 692:Core/Src/tim.c **** 
 693:Core/Src/tim.c ****     /* TIM2 interrupt Deinit */
 694:Core/Src/tim.c ****     HAL_NVIC_DisableIRQ(TIM2_IRQn);
 695:Core/Src/tim.c ****   /* USER CODE BEGIN TIM2_MspDeInit 1 */
 696:Core/Src/tim.c **** 
 697:Core/Src/tim.c ****   /* USER CODE END TIM2_MspDeInit 1 */
 698:Core/Src/tim.c ****   }
 699:Core/Src/tim.c ****   else if(tim_encoderHandle->Instance==TIM3)
 1956              		.loc 1 699 8 is_stmt 1 view .LVU613
 1957              		.loc 1 699 10 is_stmt 0 view .LVU614
ARM GAS  C:\Users\honor\AppData\Local\Temp\ccBm0E7N.s 			page 54


 1958 000a 234A     		ldr	r2, .L135
 1959 000c 9342     		cmp	r3, r2
 1960 000e 18D0     		beq	.L132
 700:Core/Src/tim.c ****   {
 701:Core/Src/tim.c ****   /* USER CODE BEGIN TIM3_MspDeInit 0 */
 702:Core/Src/tim.c **** 
 703:Core/Src/tim.c ****   /* USER CODE END TIM3_MspDeInit 0 */
 704:Core/Src/tim.c ****     /* Peripheral clock disable */
 705:Core/Src/tim.c ****     __HAL_RCC_TIM3_CLK_DISABLE();
 706:Core/Src/tim.c **** 
 707:Core/Src/tim.c ****     /**TIM3 GPIO Configuration
 708:Core/Src/tim.c ****     PB4     ------> TIM3_CH1
 709:Core/Src/tim.c ****     PB5     ------> TIM3_CH2
 710:Core/Src/tim.c ****     */
 711:Core/Src/tim.c ****     HAL_GPIO_DeInit(GPIOB, GPIO_PIN_4|GPIO_PIN_5);
 712:Core/Src/tim.c **** 
 713:Core/Src/tim.c ****     /* TIM3 interrupt Deinit */
 714:Core/Src/tim.c ****     HAL_NVIC_DisableIRQ(TIM3_IRQn);
 715:Core/Src/tim.c ****   /* USER CODE BEGIN TIM3_MspDeInit 1 */
 716:Core/Src/tim.c **** 
 717:Core/Src/tim.c ****   /* USER CODE END TIM3_MspDeInit 1 */
 718:Core/Src/tim.c ****   }
 719:Core/Src/tim.c ****   else if(tim_encoderHandle->Instance==TIM4)
 1961              		.loc 1 719 8 is_stmt 1 view .LVU615
 1962              		.loc 1 719 10 is_stmt 0 view .LVU616
 1963 0010 224A     		ldr	r2, .L135+4
 1964 0012 9342     		cmp	r3, r2
 1965 0014 23D0     		beq	.L133
 720:Core/Src/tim.c ****   {
 721:Core/Src/tim.c ****   /* USER CODE BEGIN TIM4_MspDeInit 0 */
 722:Core/Src/tim.c **** 
 723:Core/Src/tim.c ****   /* USER CODE END TIM4_MspDeInit 0 */
 724:Core/Src/tim.c ****     /* Peripheral clock disable */
 725:Core/Src/tim.c ****     __HAL_RCC_TIM4_CLK_DISABLE();
 726:Core/Src/tim.c **** 
 727:Core/Src/tim.c ****     /**TIM4 GPIO Configuration
 728:Core/Src/tim.c ****     PD12     ------> TIM4_CH1
 729:Core/Src/tim.c ****     PD13     ------> TIM4_CH2
 730:Core/Src/tim.c ****     */
 731:Core/Src/tim.c ****     HAL_GPIO_DeInit(GPIOD, GPIO_PIN_12|GPIO_PIN_13);
 732:Core/Src/tim.c **** 
 733:Core/Src/tim.c ****     /* TIM4 interrupt Deinit */
 734:Core/Src/tim.c ****     HAL_NVIC_DisableIRQ(TIM4_IRQn);
 735:Core/Src/tim.c ****   /* USER CODE BEGIN TIM4_MspDeInit 1 */
 736:Core/Src/tim.c **** 
 737:Core/Src/tim.c ****   /* USER CODE END TIM4_MspDeInit 1 */
 738:Core/Src/tim.c ****   }
 739:Core/Src/tim.c ****   else if(tim_encoderHandle->Instance==TIM5)
 1966              		.loc 1 739 8 is_stmt 1 view .LVU617
 1967              		.loc 1 739 10 is_stmt 0 view .LVU618
 1968 0016 224A     		ldr	r2, .L135+8
 1969 0018 9342     		cmp	r3, r2
 1970 001a 2FD0     		beq	.L134
 1971              	.LVL110:
 1972              	.L125:
 740:Core/Src/tim.c ****   {
 741:Core/Src/tim.c ****   /* USER CODE BEGIN TIM5_MspDeInit 0 */
ARM GAS  C:\Users\honor\AppData\Local\Temp\ccBm0E7N.s 			page 55


 742:Core/Src/tim.c **** 
 743:Core/Src/tim.c ****   /* USER CODE END TIM5_MspDeInit 0 */
 744:Core/Src/tim.c ****     /* Peripheral clock disable */
 745:Core/Src/tim.c ****     __HAL_RCC_TIM5_CLK_DISABLE();
 746:Core/Src/tim.c **** 
 747:Core/Src/tim.c ****     /**TIM5 GPIO Configuration
 748:Core/Src/tim.c ****     PA0-WKUP     ------> TIM5_CH1
 749:Core/Src/tim.c ****     PA1     ------> TIM5_CH2
 750:Core/Src/tim.c ****     */
 751:Core/Src/tim.c ****     HAL_GPIO_DeInit(GPIOA, GPIO_PIN_0|GPIO_PIN_1);
 752:Core/Src/tim.c **** 
 753:Core/Src/tim.c ****     /* TIM5 interrupt Deinit */
 754:Core/Src/tim.c ****     HAL_NVIC_DisableIRQ(TIM5_IRQn);
 755:Core/Src/tim.c ****   /* USER CODE BEGIN TIM5_MspDeInit 1 */
 756:Core/Src/tim.c **** 
 757:Core/Src/tim.c ****   /* USER CODE END TIM5_MspDeInit 1 */
 758:Core/Src/tim.c ****   }
 759:Core/Src/tim.c **** }
 1973              		.loc 1 759 1 view .LVU619
 1974 001c 08BD     		pop	{r3, pc}
 1975              	.LVL111:
 1976              	.L131:
 683:Core/Src/tim.c **** 
 1977              		.loc 1 683 5 is_stmt 1 view .LVU620
 1978 001e 214A     		ldr	r2, .L135+12
 1979 0020 136C     		ldr	r3, [r2, #64]
 1980 0022 23F00103 		bic	r3, r3, #1
 1981 0026 1364     		str	r3, [r2, #64]
 689:Core/Src/tim.c **** 
 1982              		.loc 1 689 5 view .LVU621
 1983 0028 4FF40041 		mov	r1, #32768
 1984 002c 1E48     		ldr	r0, .L135+16
 1985              	.LVL112:
 689:Core/Src/tim.c **** 
 1986              		.loc 1 689 5 is_stmt 0 view .LVU622
 1987 002e FFF7FEFF 		bl	HAL_GPIO_DeInit
 1988              	.LVL113:
 691:Core/Src/tim.c **** 
 1989              		.loc 1 691 5 is_stmt 1 view .LVU623
 1990 0032 0821     		movs	r1, #8
 1991 0034 1D48     		ldr	r0, .L135+20
 1992 0036 FFF7FEFF 		bl	HAL_GPIO_DeInit
 1993              	.LVL114:
 694:Core/Src/tim.c ****   /* USER CODE BEGIN TIM2_MspDeInit 1 */
 1994              		.loc 1 694 5 view .LVU624
 1995 003a 1C20     		movs	r0, #28
 1996 003c FFF7FEFF 		bl	HAL_NVIC_DisableIRQ
 1997              	.LVL115:
 1998 0040 ECE7     		b	.L125
 1999              	.LVL116:
 2000              	.L132:
 705:Core/Src/tim.c **** 
 2001              		.loc 1 705 5 view .LVU625
 2002 0042 02F50D32 		add	r2, r2, #144384
 2003 0046 136C     		ldr	r3, [r2, #64]
 2004 0048 23F00203 		bic	r3, r3, #2
 2005 004c 1364     		str	r3, [r2, #64]
ARM GAS  C:\Users\honor\AppData\Local\Temp\ccBm0E7N.s 			page 56


 711:Core/Src/tim.c **** 
 2006              		.loc 1 711 5 view .LVU626
 2007 004e 3021     		movs	r1, #48
 2008 0050 1648     		ldr	r0, .L135+20
 2009              	.LVL117:
 711:Core/Src/tim.c **** 
 2010              		.loc 1 711 5 is_stmt 0 view .LVU627
 2011 0052 FFF7FEFF 		bl	HAL_GPIO_DeInit
 2012              	.LVL118:
 714:Core/Src/tim.c ****   /* USER CODE BEGIN TIM3_MspDeInit 1 */
 2013              		.loc 1 714 5 is_stmt 1 view .LVU628
 2014 0056 1D20     		movs	r0, #29
 2015 0058 FFF7FEFF 		bl	HAL_NVIC_DisableIRQ
 2016              	.LVL119:
 2017 005c DEE7     		b	.L125
 2018              	.LVL120:
 2019              	.L133:
 725:Core/Src/tim.c **** 
 2020              		.loc 1 725 5 view .LVU629
 2021 005e 02F50C32 		add	r2, r2, #143360
 2022 0062 136C     		ldr	r3, [r2, #64]
 2023 0064 23F00403 		bic	r3, r3, #4
 2024 0068 1364     		str	r3, [r2, #64]
 731:Core/Src/tim.c **** 
 2025              		.loc 1 731 5 view .LVU630
 2026 006a 4FF44051 		mov	r1, #12288
 2027 006e 1048     		ldr	r0, .L135+24
 2028              	.LVL121:
 731:Core/Src/tim.c **** 
 2029              		.loc 1 731 5 is_stmt 0 view .LVU631
 2030 0070 FFF7FEFF 		bl	HAL_GPIO_DeInit
 2031              	.LVL122:
 734:Core/Src/tim.c ****   /* USER CODE BEGIN TIM4_MspDeInit 1 */
 2032              		.loc 1 734 5 is_stmt 1 view .LVU632
 2033 0074 1E20     		movs	r0, #30
 2034 0076 FFF7FEFF 		bl	HAL_NVIC_DisableIRQ
 2035              	.LVL123:
 2036 007a CFE7     		b	.L125
 2037              	.LVL124:
 2038              	.L134:
 745:Core/Src/tim.c **** 
 2039              		.loc 1 745 5 view .LVU633
 2040 007c 02F50B32 		add	r2, r2, #142336
 2041 0080 136C     		ldr	r3, [r2, #64]
 2042 0082 23F00803 		bic	r3, r3, #8
 2043 0086 1364     		str	r3, [r2, #64]
 751:Core/Src/tim.c **** 
 2044              		.loc 1 751 5 view .LVU634
 2045 0088 0321     		movs	r1, #3
 2046 008a 0748     		ldr	r0, .L135+16
 2047              	.LVL125:
 751:Core/Src/tim.c **** 
 2048              		.loc 1 751 5 is_stmt 0 view .LVU635
 2049 008c FFF7FEFF 		bl	HAL_GPIO_DeInit
 2050              	.LVL126:
 754:Core/Src/tim.c ****   /* USER CODE BEGIN TIM5_MspDeInit 1 */
 2051              		.loc 1 754 5 is_stmt 1 view .LVU636
ARM GAS  C:\Users\honor\AppData\Local\Temp\ccBm0E7N.s 			page 57


 2052 0090 3220     		movs	r0, #50
 2053 0092 FFF7FEFF 		bl	HAL_NVIC_DisableIRQ
 2054              	.LVL127:
 2055              		.loc 1 759 1 is_stmt 0 view .LVU637
 2056 0096 C1E7     		b	.L125
 2057              	.L136:
 2058              		.align	2
 2059              	.L135:
 2060 0098 00040040 		.word	1073742848
 2061 009c 00080040 		.word	1073743872
 2062 00a0 000C0040 		.word	1073744896
 2063 00a4 00380240 		.word	1073887232
 2064 00a8 00000240 		.word	1073872896
 2065 00ac 00040240 		.word	1073873920
 2066 00b0 000C0240 		.word	1073875968
 2067              		.cfi_endproc
 2068              	.LFE250:
 2070              		.global	htim12
 2071              		.global	htim9
 2072              		.global	htim5
 2073              		.global	htim4
 2074              		.global	htim3
 2075              		.global	htim2
 2076              		.global	htim1
 2077              		.section	.bss.htim1,"aw",%nobits
 2078              		.align	2
 2079              		.set	.LANCHOR4,. + 0
 2082              	htim1:
 2083 0000 00000000 		.space	72
 2083      00000000 
 2083      00000000 
 2083      00000000 
 2083      00000000 
 2084              		.section	.bss.htim12,"aw",%nobits
 2085              		.align	2
 2086              		.set	.LANCHOR6,. + 0
 2089              	htim12:
 2090 0000 00000000 		.space	72
 2090      00000000 
 2090      00000000 
 2090      00000000 
 2090      00000000 
 2091              		.section	.bss.htim2,"aw",%nobits
 2092              		.align	2
 2093              		.set	.LANCHOR0,. + 0
 2096              	htim2:
 2097 0000 00000000 		.space	72
 2097      00000000 
 2097      00000000 
 2097      00000000 
 2097      00000000 
 2098              		.section	.bss.htim3,"aw",%nobits
 2099              		.align	2
 2100              		.set	.LANCHOR1,. + 0
 2103              	htim3:
 2104 0000 00000000 		.space	72
 2104      00000000 
ARM GAS  C:\Users\honor\AppData\Local\Temp\ccBm0E7N.s 			page 58


 2104      00000000 
 2104      00000000 
 2104      00000000 
 2105              		.section	.bss.htim4,"aw",%nobits
 2106              		.align	2
 2107              		.set	.LANCHOR2,. + 0
 2110              	htim4:
 2111 0000 00000000 		.space	72
 2111      00000000 
 2111      00000000 
 2111      00000000 
 2111      00000000 
 2112              		.section	.bss.htim5,"aw",%nobits
 2113              		.align	2
 2114              		.set	.LANCHOR3,. + 0
 2117              	htim5:
 2118 0000 00000000 		.space	72
 2118      00000000 
 2118      00000000 
 2118      00000000 
 2118      00000000 
 2119              		.section	.bss.htim9,"aw",%nobits
 2120              		.align	2
 2121              		.set	.LANCHOR5,. + 0
 2124              	htim9:
 2125 0000 00000000 		.space	72
 2125      00000000 
 2125      00000000 
 2125      00000000 
 2125      00000000 
 2126              		.text
 2127              	.Letext0:
 2128              		.file 2 "e:\\ng_circumstance\\arm\\arm-none-eabi\\include\\machine\\_default_types.h"
 2129              		.file 3 "e:\\ng_circumstance\\arm\\arm-none-eabi\\include\\sys\\_stdint.h"
 2130              		.file 4 "Drivers/CMSIS/Device/ST/STM32F4xx/Include/stm32f407xx.h"
 2131              		.file 5 "Drivers/STM32F4xx_HAL_Driver/Inc/stm32f4xx_hal_def.h"
 2132              		.file 6 "Drivers/STM32F4xx_HAL_Driver/Inc/stm32f4xx_hal_gpio.h"
 2133              		.file 7 "Drivers/STM32F4xx_HAL_Driver/Inc/stm32f4xx_hal_dma.h"
 2134              		.file 8 "Drivers/STM32F4xx_HAL_Driver/Inc/stm32f4xx_hal_tim.h"
 2135              		.file 9 "Core/Inc/tim.h"
 2136              		.file 10 "Drivers/STM32F4xx_HAL_Driver/Inc/stm32f4xx_hal_cortex.h"
 2137              		.file 11 "Core/Inc/main.h"
 2138              		.file 12 "Drivers/STM32F4xx_HAL_Driver/Inc/stm32f4xx_hal_tim_ex.h"
 2139              		.file 13 "<built-in>"
ARM GAS  C:\Users\honor\AppData\Local\Temp\ccBm0E7N.s 			page 59


DEFINED SYMBOLS
                            *ABS*:00000000 tim.c
C:\Users\honor\AppData\Local\Temp\ccBm0E7N.s:20     .text.MX_TIM2_Init:00000000 $t
C:\Users\honor\AppData\Local\Temp\ccBm0E7N.s:26     .text.MX_TIM2_Init:00000000 MX_TIM2_Init
C:\Users\honor\AppData\Local\Temp\ccBm0E7N.s:137    .text.MX_TIM2_Init:00000060 $d
C:\Users\honor\AppData\Local\Temp\ccBm0E7N.s:142    .text.MX_TIM3_Init:00000000 $t
C:\Users\honor\AppData\Local\Temp\ccBm0E7N.s:148    .text.MX_TIM3_Init:00000000 MX_TIM3_Init
C:\Users\honor\AppData\Local\Temp\ccBm0E7N.s:263    .text.MX_TIM3_Init:00000064 $d
C:\Users\honor\AppData\Local\Temp\ccBm0E7N.s:269    .text.MX_TIM4_Init:00000000 $t
C:\Users\honor\AppData\Local\Temp\ccBm0E7N.s:275    .text.MX_TIM4_Init:00000000 MX_TIM4_Init
C:\Users\honor\AppData\Local\Temp\ccBm0E7N.s:390    .text.MX_TIM4_Init:00000064 $d
C:\Users\honor\AppData\Local\Temp\ccBm0E7N.s:396    .text.MX_TIM5_Init:00000000 $t
C:\Users\honor\AppData\Local\Temp\ccBm0E7N.s:402    .text.MX_TIM5_Init:00000000 MX_TIM5_Init
C:\Users\honor\AppData\Local\Temp\ccBm0E7N.s:517    .text.MX_TIM5_Init:00000064 $d
C:\Users\honor\AppData\Local\Temp\ccBm0E7N.s:523    .text.HAL_TIM_Base_MspInit:00000000 $t
C:\Users\honor\AppData\Local\Temp\ccBm0E7N.s:529    .text.HAL_TIM_Base_MspInit:00000000 HAL_TIM_Base_MspInit
C:\Users\honor\AppData\Local\Temp\ccBm0E7N.s:649    .text.HAL_TIM_Base_MspInit:0000007c $d
C:\Users\honor\AppData\Local\Temp\ccBm0E7N.s:657    .text.HAL_TIM_Encoder_MspInit:00000000 $t
C:\Users\honor\AppData\Local\Temp\ccBm0E7N.s:663    .text.HAL_TIM_Encoder_MspInit:00000000 HAL_TIM_Encoder_MspInit
C:\Users\honor\AppData\Local\Temp\ccBm0E7N.s:1031   .text.HAL_TIM_Encoder_MspInit:000001a0 $d
C:\Users\honor\AppData\Local\Temp\ccBm0E7N.s:1042   .text.HAL_TIM_MspPostInit:00000000 $t
C:\Users\honor\AppData\Local\Temp\ccBm0E7N.s:1048   .text.HAL_TIM_MspPostInit:00000000 HAL_TIM_MspPostInit
C:\Users\honor\AppData\Local\Temp\ccBm0E7N.s:1229   .text.HAL_TIM_MspPostInit:000000b8 $d
C:\Users\honor\AppData\Local\Temp\ccBm0E7N.s:1239   .text.MX_TIM1_Init:00000000 $t
C:\Users\honor\AppData\Local\Temp\ccBm0E7N.s:1245   .text.MX_TIM1_Init:00000000 MX_TIM1_Init
C:\Users\honor\AppData\Local\Temp\ccBm0E7N.s:1515   .text.MX_TIM1_Init:00000118 $d
C:\Users\honor\AppData\Local\Temp\ccBm0E7N.s:1521   .text.MX_TIM9_Init:00000000 $t
C:\Users\honor\AppData\Local\Temp\ccBm0E7N.s:1527   .text.MX_TIM9_Init:00000000 MX_TIM9_Init
C:\Users\honor\AppData\Local\Temp\ccBm0E7N.s:1680   .text.MX_TIM9_Init:0000009c $d
C:\Users\honor\AppData\Local\Temp\ccBm0E7N.s:1686   .text.MX_TIM12_Init:00000000 $t
C:\Users\honor\AppData\Local\Temp\ccBm0E7N.s:1692   .text.MX_TIM12_Init:00000000 MX_TIM12_Init
C:\Users\honor\AppData\Local\Temp\ccBm0E7N.s:1845   .text.MX_TIM12_Init:0000009c $d
C:\Users\honor\AppData\Local\Temp\ccBm0E7N.s:1851   .text.HAL_TIM_Base_MspDeInit:00000000 $t
C:\Users\honor\AppData\Local\Temp\ccBm0E7N.s:1857   .text.HAL_TIM_Base_MspDeInit:00000000 HAL_TIM_Base_MspDeInit
C:\Users\honor\AppData\Local\Temp\ccBm0E7N.s:1924   .text.HAL_TIM_Base_MspDeInit:00000048 $d
C:\Users\honor\AppData\Local\Temp\ccBm0E7N.s:1931   .text.HAL_TIM_Encoder_MspDeInit:00000000 $t
C:\Users\honor\AppData\Local\Temp\ccBm0E7N.s:1937   .text.HAL_TIM_Encoder_MspDeInit:00000000 HAL_TIM_Encoder_MspDeInit
C:\Users\honor\AppData\Local\Temp\ccBm0E7N.s:2060   .text.HAL_TIM_Encoder_MspDeInit:00000098 $d
C:\Users\honor\AppData\Local\Temp\ccBm0E7N.s:2089   .bss.htim12:00000000 htim12
C:\Users\honor\AppData\Local\Temp\ccBm0E7N.s:2124   .bss.htim9:00000000 htim9
C:\Users\honor\AppData\Local\Temp\ccBm0E7N.s:2117   .bss.htim5:00000000 htim5
C:\Users\honor\AppData\Local\Temp\ccBm0E7N.s:2110   .bss.htim4:00000000 htim4
C:\Users\honor\AppData\Local\Temp\ccBm0E7N.s:2103   .bss.htim3:00000000 htim3
C:\Users\honor\AppData\Local\Temp\ccBm0E7N.s:2096   .bss.htim2:00000000 htim2
C:\Users\honor\AppData\Local\Temp\ccBm0E7N.s:2082   .bss.htim1:00000000 htim1
C:\Users\honor\AppData\Local\Temp\ccBm0E7N.s:2078   .bss.htim1:00000000 $d
C:\Users\honor\AppData\Local\Temp\ccBm0E7N.s:2085   .bss.htim12:00000000 $d
C:\Users\honor\AppData\Local\Temp\ccBm0E7N.s:2092   .bss.htim2:00000000 $d
C:\Users\honor\AppData\Local\Temp\ccBm0E7N.s:2099   .bss.htim3:00000000 $d
C:\Users\honor\AppData\Local\Temp\ccBm0E7N.s:2106   .bss.htim4:00000000 $d
C:\Users\honor\AppData\Local\Temp\ccBm0E7N.s:2113   .bss.htim5:00000000 $d
C:\Users\honor\AppData\Local\Temp\ccBm0E7N.s:2120   .bss.htim9:00000000 $d

UNDEFINED SYMBOLS
memset
HAL_TIM_Encoder_Init
HAL_TIMEx_MasterConfigSynchronization
ARM GAS  C:\Users\honor\AppData\Local\Temp\ccBm0E7N.s 			page 60


Error_Handler
HAL_NVIC_SetPriority
HAL_NVIC_EnableIRQ
HAL_GPIO_Init
HAL_TIM_Base_Init
HAL_TIM_ConfigClockSource
HAL_TIM_PWM_Init
HAL_TIM_PWM_ConfigChannel
HAL_TIMEx_ConfigBreakDeadTime
HAL_NVIC_DisableIRQ
HAL_GPIO_DeInit
