ARM GAS  C:\Users\honor\AppData\Local\Temp\cckALqDy.s 			page 1


   1              		.cpu cortex-m4
   2              		.arch armv7e-m
   3              		.fpu fpv4-sp-d16
   4              		.eabi_attribute 27, 1
   5              		.eabi_attribute 28, 1
   6              		.eabi_attribute 20, 1
   7              		.eabi_attribute 21, 1
   8              		.eabi_attribute 23, 3
   9              		.eabi_attribute 24, 1
  10              		.eabi_attribute 25, 1
  11              		.eabi_attribute 26, 1
  12              		.eabi_attribute 30, 1
  13              		.eabi_attribute 34, 1
  14              		.eabi_attribute 18, 4
  15              		.file	"usart.c"
  16              		.text
  17              	.Ltext0:
  18              		.cfi_sections	.debug_frame
  19              		.section	.text.MX_UART4_Init,"ax",%progbits
  20              		.align	1
  21              		.global	MX_UART4_Init
  22              		.syntax unified
  23              		.thumb
  24              		.thumb_func
  26              	MX_UART4_Init:
  27              	.LFB239:
  28              		.file 1 "Core/Src/usart.c"
   1:Core/Src/usart.c **** /* USER CODE BEGIN Header */
   2:Core/Src/usart.c **** /**
   3:Core/Src/usart.c ****   ******************************************************************************
   4:Core/Src/usart.c ****   * @file    usart.c
   5:Core/Src/usart.c ****   * @brief   This file provides code for the configuration
   6:Core/Src/usart.c ****   *          of the USART instances.
   7:Core/Src/usart.c ****   ******************************************************************************
   8:Core/Src/usart.c ****   * @attention
   9:Core/Src/usart.c ****   *
  10:Core/Src/usart.c ****   * Copyright (c) 2026 STMicroelectronics.
  11:Core/Src/usart.c ****   * All rights reserved.
  12:Core/Src/usart.c ****   *
  13:Core/Src/usart.c ****   * This software is licensed under terms that can be found in the LICENSE file
  14:Core/Src/usart.c ****   * in the root directory of this software component.
  15:Core/Src/usart.c ****   * If no LICENSE file comes with this software, it is provided AS-IS.
  16:Core/Src/usart.c ****   *
  17:Core/Src/usart.c ****   ******************************************************************************
  18:Core/Src/usart.c ****   */
  19:Core/Src/usart.c **** /* USER CODE END Header */
  20:Core/Src/usart.c **** /* Includes ------------------------------------------------------------------*/
  21:Core/Src/usart.c **** #include "usart.h"
  22:Core/Src/usart.c **** 
  23:Core/Src/usart.c **** /* USER CODE BEGIN 0 */
  24:Core/Src/usart.c **** 
  25:Core/Src/usart.c **** /* USER CODE END 0 */
  26:Core/Src/usart.c **** 
  27:Core/Src/usart.c **** UART_HandleTypeDef huart4;
  28:Core/Src/usart.c **** UART_HandleTypeDef huart5;
  29:Core/Src/usart.c **** UART_HandleTypeDef huart1;
  30:Core/Src/usart.c **** UART_HandleTypeDef huart2;
ARM GAS  C:\Users\honor\AppData\Local\Temp\cckALqDy.s 			page 2


  31:Core/Src/usart.c **** UART_HandleTypeDef huart3;
  32:Core/Src/usart.c **** DMA_HandleTypeDef hdma_uart4_rx;
  33:Core/Src/usart.c **** DMA_HandleTypeDef hdma_uart5_rx;
  34:Core/Src/usart.c **** DMA_HandleTypeDef hdma_usart1_rx;
  35:Core/Src/usart.c **** DMA_HandleTypeDef hdma_usart2_rx;
  36:Core/Src/usart.c **** 
  37:Core/Src/usart.c **** /* UART4 init function */
  38:Core/Src/usart.c **** void MX_UART4_Init(void)
  39:Core/Src/usart.c **** {
  29              		.loc 1 39 1 view -0
  30              		.cfi_startproc
  31              		@ args = 0, pretend = 0, frame = 0
  32              		@ frame_needed = 0, uses_anonymous_args = 0
  33 0000 08B5     		push	{r3, lr}
  34              	.LCFI0:
  35              		.cfi_def_cfa_offset 8
  36              		.cfi_offset 3, -8
  37              		.cfi_offset 14, -4
  40:Core/Src/usart.c **** 
  41:Core/Src/usart.c ****   /* USER CODE BEGIN UART4_Init 0 */
  42:Core/Src/usart.c **** 
  43:Core/Src/usart.c ****   /* USER CODE END UART4_Init 0 */
  44:Core/Src/usart.c **** 
  45:Core/Src/usart.c ****   /* USER CODE BEGIN UART4_Init 1 */
  46:Core/Src/usart.c **** 
  47:Core/Src/usart.c ****   /* USER CODE END UART4_Init 1 */
  48:Core/Src/usart.c ****   huart4.Instance = UART4;
  38              		.loc 1 48 3 view .LVU1
  39              		.loc 1 48 19 is_stmt 0 view .LVU2
  40 0002 0A48     		ldr	r0, .L5
  41 0004 0A4B     		ldr	r3, .L5+4
  42 0006 0360     		str	r3, [r0]
  49:Core/Src/usart.c ****   huart4.Init.BaudRate = 115200;
  43              		.loc 1 49 3 is_stmt 1 view .LVU3
  44              		.loc 1 49 24 is_stmt 0 view .LVU4
  45 0008 4FF4E133 		mov	r3, #115200
  46 000c 4360     		str	r3, [r0, #4]
  50:Core/Src/usart.c ****   huart4.Init.WordLength = UART_WORDLENGTH_8B;
  47              		.loc 1 50 3 is_stmt 1 view .LVU5
  48              		.loc 1 50 26 is_stmt 0 view .LVU6
  49 000e 0023     		movs	r3, #0
  50 0010 8360     		str	r3, [r0, #8]
  51:Core/Src/usart.c ****   huart4.Init.StopBits = UART_STOPBITS_1;
  51              		.loc 1 51 3 is_stmt 1 view .LVU7
  52              		.loc 1 51 24 is_stmt 0 view .LVU8
  53 0012 C360     		str	r3, [r0, #12]
  52:Core/Src/usart.c ****   huart4.Init.Parity = UART_PARITY_NONE;
  54              		.loc 1 52 3 is_stmt 1 view .LVU9
  55              		.loc 1 52 22 is_stmt 0 view .LVU10
  56 0014 0361     		str	r3, [r0, #16]
  53:Core/Src/usart.c ****   huart4.Init.Mode = UART_MODE_TX_RX;
  57              		.loc 1 53 3 is_stmt 1 view .LVU11
  58              		.loc 1 53 20 is_stmt 0 view .LVU12
  59 0016 0C22     		movs	r2, #12
  60 0018 4261     		str	r2, [r0, #20]
  54:Core/Src/usart.c ****   huart4.Init.HwFlowCtl = UART_HWCONTROL_NONE;
  61              		.loc 1 54 3 is_stmt 1 view .LVU13
ARM GAS  C:\Users\honor\AppData\Local\Temp\cckALqDy.s 			page 3


  62              		.loc 1 54 25 is_stmt 0 view .LVU14
  63 001a 8361     		str	r3, [r0, #24]
  55:Core/Src/usart.c ****   huart4.Init.OverSampling = UART_OVERSAMPLING_16;
  64              		.loc 1 55 3 is_stmt 1 view .LVU15
  65              		.loc 1 55 28 is_stmt 0 view .LVU16
  66 001c C361     		str	r3, [r0, #28]
  56:Core/Src/usart.c ****   if (HAL_UART_Init(&huart4) != HAL_OK)
  67              		.loc 1 56 3 is_stmt 1 view .LVU17
  68              		.loc 1 56 7 is_stmt 0 view .LVU18
  69 001e FFF7FEFF 		bl	HAL_UART_Init
  70              	.LVL0:
  71              		.loc 1 56 6 view .LVU19
  72 0022 00B9     		cbnz	r0, .L4
  73              	.L1:
  57:Core/Src/usart.c ****   {
  58:Core/Src/usart.c ****     Error_Handler();
  59:Core/Src/usart.c ****   }
  60:Core/Src/usart.c ****   /* USER CODE BEGIN UART4_Init 2 */
  61:Core/Src/usart.c **** 
  62:Core/Src/usart.c ****   /* USER CODE END UART4_Init 2 */
  63:Core/Src/usart.c **** 
  64:Core/Src/usart.c **** }
  74              		.loc 1 64 1 view .LVU20
  75 0024 08BD     		pop	{r3, pc}
  76              	.L4:
  58:Core/Src/usart.c ****   }
  77              		.loc 1 58 5 is_stmt 1 view .LVU21
  78 0026 FFF7FEFF 		bl	Error_Handler
  79              	.LVL1:
  80              		.loc 1 64 1 is_stmt 0 view .LVU22
  81 002a FBE7     		b	.L1
  82              	.L6:
  83              		.align	2
  84              	.L5:
  85 002c 00000000 		.word	.LANCHOR0
  86 0030 004C0040 		.word	1073761280
  87              		.cfi_endproc
  88              	.LFE239:
  90              		.section	.text.MX_UART5_Init,"ax",%progbits
  91              		.align	1
  92              		.global	MX_UART5_Init
  93              		.syntax unified
  94              		.thumb
  95              		.thumb_func
  97              	MX_UART5_Init:
  98              	.LFB240:
  65:Core/Src/usart.c **** /* UART5 init function */
  66:Core/Src/usart.c **** void MX_UART5_Init(void)
  67:Core/Src/usart.c **** {
  99              		.loc 1 67 1 is_stmt 1 view -0
 100              		.cfi_startproc
 101              		@ args = 0, pretend = 0, frame = 0
 102              		@ frame_needed = 0, uses_anonymous_args = 0
 103 0000 08B5     		push	{r3, lr}
 104              	.LCFI1:
 105              		.cfi_def_cfa_offset 8
 106              		.cfi_offset 3, -8
ARM GAS  C:\Users\honor\AppData\Local\Temp\cckALqDy.s 			page 4


 107              		.cfi_offset 14, -4
  68:Core/Src/usart.c **** 
  69:Core/Src/usart.c ****   /* USER CODE BEGIN UART5_Init 0 */
  70:Core/Src/usart.c **** 
  71:Core/Src/usart.c ****   /* USER CODE END UART5_Init 0 */
  72:Core/Src/usart.c **** 
  73:Core/Src/usart.c ****   /* USER CODE BEGIN UART5_Init 1 */
  74:Core/Src/usart.c **** 
  75:Core/Src/usart.c ****   /* USER CODE END UART5_Init 1 */
  76:Core/Src/usart.c ****   huart5.Instance = UART5;
 108              		.loc 1 76 3 view .LVU24
 109              		.loc 1 76 19 is_stmt 0 view .LVU25
 110 0002 0D48     		ldr	r0, .L11
 111 0004 0D4B     		ldr	r3, .L11+4
 112 0006 0360     		str	r3, [r0]
  77:Core/Src/usart.c ****   huart5.Init.BaudRate = 100000;
 113              		.loc 1 77 3 is_stmt 1 view .LVU26
 114              		.loc 1 77 24 is_stmt 0 view .LVU27
 115 0008 0D4B     		ldr	r3, .L11+8
 116 000a 4360     		str	r3, [r0, #4]
  78:Core/Src/usart.c ****   huart5.Init.WordLength = UART_WORDLENGTH_9B;
 117              		.loc 1 78 3 is_stmt 1 view .LVU28
 118              		.loc 1 78 26 is_stmt 0 view .LVU29
 119 000c 4FF48053 		mov	r3, #4096
 120 0010 8360     		str	r3, [r0, #8]
  79:Core/Src/usart.c ****   huart5.Init.StopBits = UART_STOPBITS_2;
 121              		.loc 1 79 3 is_stmt 1 view .LVU30
 122              		.loc 1 79 24 is_stmt 0 view .LVU31
 123 0012 4FF40053 		mov	r3, #8192
 124 0016 C360     		str	r3, [r0, #12]
  80:Core/Src/usart.c ****   huart5.Init.Parity = UART_PARITY_EVEN;
 125              		.loc 1 80 3 is_stmt 1 view .LVU32
 126              		.loc 1 80 22 is_stmt 0 view .LVU33
 127 0018 4FF48063 		mov	r3, #1024
 128 001c 0361     		str	r3, [r0, #16]
  81:Core/Src/usart.c ****   huart5.Init.Mode = UART_MODE_RX;
 129              		.loc 1 81 3 is_stmt 1 view .LVU34
 130              		.loc 1 81 20 is_stmt 0 view .LVU35
 131 001e 0423     		movs	r3, #4
 132 0020 4361     		str	r3, [r0, #20]
  82:Core/Src/usart.c ****   huart5.Init.HwFlowCtl = UART_HWCONTROL_NONE;
 133              		.loc 1 82 3 is_stmt 1 view .LVU36
 134              		.loc 1 82 25 is_stmt 0 view .LVU37
 135 0022 0023     		movs	r3, #0
 136 0024 8361     		str	r3, [r0, #24]
  83:Core/Src/usart.c ****   huart5.Init.OverSampling = UART_OVERSAMPLING_16;
 137              		.loc 1 83 3 is_stmt 1 view .LVU38
 138              		.loc 1 83 28 is_stmt 0 view .LVU39
 139 0026 C361     		str	r3, [r0, #28]
  84:Core/Src/usart.c ****   if (HAL_UART_Init(&huart5) != HAL_OK)
 140              		.loc 1 84 3 is_stmt 1 view .LVU40
 141              		.loc 1 84 7 is_stmt 0 view .LVU41
 142 0028 FFF7FEFF 		bl	HAL_UART_Init
 143              	.LVL2:
 144              		.loc 1 84 6 view .LVU42
 145 002c 00B9     		cbnz	r0, .L10
 146              	.L7:
ARM GAS  C:\Users\honor\AppData\Local\Temp\cckALqDy.s 			page 5


  85:Core/Src/usart.c ****   {
  86:Core/Src/usart.c ****     Error_Handler();
  87:Core/Src/usart.c ****   }
  88:Core/Src/usart.c ****   /* USER CODE BEGIN UART5_Init 2 */
  89:Core/Src/usart.c **** 
  90:Core/Src/usart.c ****   /* USER CODE END UART5_Init 2 */
  91:Core/Src/usart.c **** 
  92:Core/Src/usart.c **** }
 147              		.loc 1 92 1 view .LVU43
 148 002e 08BD     		pop	{r3, pc}
 149              	.L10:
  86:Core/Src/usart.c ****   }
 150              		.loc 1 86 5 is_stmt 1 view .LVU44
 151 0030 FFF7FEFF 		bl	Error_Handler
 152              	.LVL3:
 153              		.loc 1 92 1 is_stmt 0 view .LVU45
 154 0034 FBE7     		b	.L7
 155              	.L12:
 156 0036 00BF     		.align	2
 157              	.L11:
 158 0038 00000000 		.word	.LANCHOR1
 159 003c 00500040 		.word	1073762304
 160 0040 A0860100 		.word	100000
 161              		.cfi_endproc
 162              	.LFE240:
 164              		.section	.text.MX_USART1_UART_Init,"ax",%progbits
 165              		.align	1
 166              		.global	MX_USART1_UART_Init
 167              		.syntax unified
 168              		.thumb
 169              		.thumb_func
 171              	MX_USART1_UART_Init:
 172              	.LFB241:
  93:Core/Src/usart.c **** /* USART1 init function */
  94:Core/Src/usart.c **** 
  95:Core/Src/usart.c **** void MX_USART1_UART_Init(void)
  96:Core/Src/usart.c **** {
 173              		.loc 1 96 1 is_stmt 1 view -0
 174              		.cfi_startproc
 175              		@ args = 0, pretend = 0, frame = 0
 176              		@ frame_needed = 0, uses_anonymous_args = 0
 177 0000 08B5     		push	{r3, lr}
 178              	.LCFI2:
 179              		.cfi_def_cfa_offset 8
 180              		.cfi_offset 3, -8
 181              		.cfi_offset 14, -4
  97:Core/Src/usart.c **** 
  98:Core/Src/usart.c ****   /* USER CODE BEGIN USART1_Init 0 */
  99:Core/Src/usart.c **** 
 100:Core/Src/usart.c ****   /* USER CODE END USART1_Init 0 */
 101:Core/Src/usart.c **** 
 102:Core/Src/usart.c ****   /* USER CODE BEGIN USART1_Init 1 */
 103:Core/Src/usart.c **** 
 104:Core/Src/usart.c ****   /* USER CODE END USART1_Init 1 */
 105:Core/Src/usart.c ****   huart1.Instance = USART1;
 182              		.loc 1 105 3 view .LVU47
 183              		.loc 1 105 19 is_stmt 0 view .LVU48
ARM GAS  C:\Users\honor\AppData\Local\Temp\cckALqDy.s 			page 6


 184 0002 0A48     		ldr	r0, .L17
 185 0004 0A4B     		ldr	r3, .L17+4
 186 0006 0360     		str	r3, [r0]
 106:Core/Src/usart.c ****   huart1.Init.BaudRate = 115200;
 187              		.loc 1 106 3 is_stmt 1 view .LVU49
 188              		.loc 1 106 24 is_stmt 0 view .LVU50
 189 0008 4FF4E133 		mov	r3, #115200
 190 000c 4360     		str	r3, [r0, #4]
 107:Core/Src/usart.c ****   huart1.Init.WordLength = UART_WORDLENGTH_8B;
 191              		.loc 1 107 3 is_stmt 1 view .LVU51
 192              		.loc 1 107 26 is_stmt 0 view .LVU52
 193 000e 0023     		movs	r3, #0
 194 0010 8360     		str	r3, [r0, #8]
 108:Core/Src/usart.c ****   huart1.Init.StopBits = UART_STOPBITS_1;
 195              		.loc 1 108 3 is_stmt 1 view .LVU53
 196              		.loc 1 108 24 is_stmt 0 view .LVU54
 197 0012 C360     		str	r3, [r0, #12]
 109:Core/Src/usart.c ****   huart1.Init.Parity = UART_PARITY_NONE;
 198              		.loc 1 109 3 is_stmt 1 view .LVU55
 199              		.loc 1 109 22 is_stmt 0 view .LVU56
 200 0014 0361     		str	r3, [r0, #16]
 110:Core/Src/usart.c ****   huart1.Init.Mode = UART_MODE_TX_RX;
 201              		.loc 1 110 3 is_stmt 1 view .LVU57
 202              		.loc 1 110 20 is_stmt 0 view .LVU58
 203 0016 0C22     		movs	r2, #12
 204 0018 4261     		str	r2, [r0, #20]
 111:Core/Src/usart.c ****   huart1.Init.HwFlowCtl = UART_HWCONTROL_NONE;
 205              		.loc 1 111 3 is_stmt 1 view .LVU59
 206              		.loc 1 111 25 is_stmt 0 view .LVU60
 207 001a 8361     		str	r3, [r0, #24]
 112:Core/Src/usart.c ****   huart1.Init.OverSampling = UART_OVERSAMPLING_16;
 208              		.loc 1 112 3 is_stmt 1 view .LVU61
 209              		.loc 1 112 28 is_stmt 0 view .LVU62
 210 001c C361     		str	r3, [r0, #28]
 113:Core/Src/usart.c ****   if (HAL_UART_Init(&huart1) != HAL_OK)
 211              		.loc 1 113 3 is_stmt 1 view .LVU63
 212              		.loc 1 113 7 is_stmt 0 view .LVU64
 213 001e FFF7FEFF 		bl	HAL_UART_Init
 214              	.LVL4:
 215              		.loc 1 113 6 view .LVU65
 216 0022 00B9     		cbnz	r0, .L16
 217              	.L13:
 114:Core/Src/usart.c ****   {
 115:Core/Src/usart.c ****     Error_Handler();
 116:Core/Src/usart.c ****   }
 117:Core/Src/usart.c ****   /* USER CODE BEGIN USART1_Init 2 */
 118:Core/Src/usart.c **** 
 119:Core/Src/usart.c ****   /* USER CODE END USART1_Init 2 */
 120:Core/Src/usart.c **** 
 121:Core/Src/usart.c **** }
 218              		.loc 1 121 1 view .LVU66
 219 0024 08BD     		pop	{r3, pc}
 220              	.L16:
 115:Core/Src/usart.c ****   }
 221              		.loc 1 115 5 is_stmt 1 view .LVU67
 222 0026 FFF7FEFF 		bl	Error_Handler
 223              	.LVL5:
ARM GAS  C:\Users\honor\AppData\Local\Temp\cckALqDy.s 			page 7


 224              		.loc 1 121 1 is_stmt 0 view .LVU68
 225 002a FBE7     		b	.L13
 226              	.L18:
 227              		.align	2
 228              	.L17:
 229 002c 00000000 		.word	.LANCHOR2
 230 0030 00100140 		.word	1073811456
 231              		.cfi_endproc
 232              	.LFE241:
 234              		.section	.text.MX_USART2_UART_Init,"ax",%progbits
 235              		.align	1
 236              		.global	MX_USART2_UART_Init
 237              		.syntax unified
 238              		.thumb
 239              		.thumb_func
 241              	MX_USART2_UART_Init:
 242              	.LFB242:
 122:Core/Src/usart.c **** /* USART2 init function */
 123:Core/Src/usart.c **** 
 124:Core/Src/usart.c **** void MX_USART2_UART_Init(void)
 125:Core/Src/usart.c **** {
 243              		.loc 1 125 1 is_stmt 1 view -0
 244              		.cfi_startproc
 245              		@ args = 0, pretend = 0, frame = 0
 246              		@ frame_needed = 0, uses_anonymous_args = 0
 247 0000 08B5     		push	{r3, lr}
 248              	.LCFI3:
 249              		.cfi_def_cfa_offset 8
 250              		.cfi_offset 3, -8
 251              		.cfi_offset 14, -4
 126:Core/Src/usart.c **** 
 127:Core/Src/usart.c ****   /* USER CODE BEGIN USART2_Init 0 */
 128:Core/Src/usart.c **** 
 129:Core/Src/usart.c ****   /* USER CODE END USART2_Init 0 */
 130:Core/Src/usart.c **** 
 131:Core/Src/usart.c ****   /* USER CODE BEGIN USART2_Init 1 */
 132:Core/Src/usart.c **** 
 133:Core/Src/usart.c ****   /* USER CODE END USART2_Init 1 */
 134:Core/Src/usart.c ****   huart2.Instance = USART2;
 252              		.loc 1 134 3 view .LVU70
 253              		.loc 1 134 19 is_stmt 0 view .LVU71
 254 0002 0A48     		ldr	r0, .L23
 255 0004 0A4B     		ldr	r3, .L23+4
 256 0006 0360     		str	r3, [r0]
 135:Core/Src/usart.c ****   huart2.Init.BaudRate = 230400;
 257              		.loc 1 135 3 is_stmt 1 view .LVU72
 258              		.loc 1 135 24 is_stmt 0 view .LVU73
 259 0008 4FF46133 		mov	r3, #230400
 260 000c 4360     		str	r3, [r0, #4]
 136:Core/Src/usart.c ****   huart2.Init.WordLength = UART_WORDLENGTH_8B;
 261              		.loc 1 136 3 is_stmt 1 view .LVU74
 262              		.loc 1 136 26 is_stmt 0 view .LVU75
 263 000e 0023     		movs	r3, #0
 264 0010 8360     		str	r3, [r0, #8]
 137:Core/Src/usart.c ****   huart2.Init.StopBits = UART_STOPBITS_1;
 265              		.loc 1 137 3 is_stmt 1 view .LVU76
 266              		.loc 1 137 24 is_stmt 0 view .LVU77
ARM GAS  C:\Users\honor\AppData\Local\Temp\cckALqDy.s 			page 8


 267 0012 C360     		str	r3, [r0, #12]
 138:Core/Src/usart.c ****   huart2.Init.Parity = UART_PARITY_NONE;
 268              		.loc 1 138 3 is_stmt 1 view .LVU78
 269              		.loc 1 138 22 is_stmt 0 view .LVU79
 270 0014 0361     		str	r3, [r0, #16]
 139:Core/Src/usart.c ****   huart2.Init.Mode = UART_MODE_TX_RX;
 271              		.loc 1 139 3 is_stmt 1 view .LVU80
 272              		.loc 1 139 20 is_stmt 0 view .LVU81
 273 0016 0C22     		movs	r2, #12
 274 0018 4261     		str	r2, [r0, #20]
 140:Core/Src/usart.c ****   huart2.Init.HwFlowCtl = UART_HWCONTROL_NONE;
 275              		.loc 1 140 3 is_stmt 1 view .LVU82
 276              		.loc 1 140 25 is_stmt 0 view .LVU83
 277 001a 8361     		str	r3, [r0, #24]
 141:Core/Src/usart.c ****   huart2.Init.OverSampling = UART_OVERSAMPLING_16;
 278              		.loc 1 141 3 is_stmt 1 view .LVU84
 279              		.loc 1 141 28 is_stmt 0 view .LVU85
 280 001c C361     		str	r3, [r0, #28]
 142:Core/Src/usart.c ****   if (HAL_UART_Init(&huart2) != HAL_OK)
 281              		.loc 1 142 3 is_stmt 1 view .LVU86
 282              		.loc 1 142 7 is_stmt 0 view .LVU87
 283 001e FFF7FEFF 		bl	HAL_UART_Init
 284              	.LVL6:
 285              		.loc 1 142 6 view .LVU88
 286 0022 00B9     		cbnz	r0, .L22
 287              	.L19:
 143:Core/Src/usart.c ****   {
 144:Core/Src/usart.c ****     Error_Handler();
 145:Core/Src/usart.c ****   }
 146:Core/Src/usart.c ****   /* USER CODE BEGIN USART2_Init 2 */
 147:Core/Src/usart.c **** 
 148:Core/Src/usart.c ****   /* USER CODE END USART2_Init 2 */
 149:Core/Src/usart.c **** 
 150:Core/Src/usart.c **** }
 288              		.loc 1 150 1 view .LVU89
 289 0024 08BD     		pop	{r3, pc}
 290              	.L22:
 144:Core/Src/usart.c ****   }
 291              		.loc 1 144 5 is_stmt 1 view .LVU90
 292 0026 FFF7FEFF 		bl	Error_Handler
 293              	.LVL7:
 294              		.loc 1 150 1 is_stmt 0 view .LVU91
 295 002a FBE7     		b	.L19
 296              	.L24:
 297              		.align	2
 298              	.L23:
 299 002c 00000000 		.word	.LANCHOR3
 300 0030 00440040 		.word	1073759232
 301              		.cfi_endproc
 302              	.LFE242:
 304              		.section	.text.MX_USART3_UART_Init,"ax",%progbits
 305              		.align	1
 306              		.global	MX_USART3_UART_Init
 307              		.syntax unified
 308              		.thumb
 309              		.thumb_func
 311              	MX_USART3_UART_Init:
ARM GAS  C:\Users\honor\AppData\Local\Temp\cckALqDy.s 			page 9


 312              	.LFB243:
 151:Core/Src/usart.c **** /* USART3 init function */
 152:Core/Src/usart.c **** 
 153:Core/Src/usart.c **** void MX_USART3_UART_Init(void)
 154:Core/Src/usart.c **** {
 313              		.loc 1 154 1 is_stmt 1 view -0
 314              		.cfi_startproc
 315              		@ args = 0, pretend = 0, frame = 0
 316              		@ frame_needed = 0, uses_anonymous_args = 0
 317 0000 08B5     		push	{r3, lr}
 318              	.LCFI4:
 319              		.cfi_def_cfa_offset 8
 320              		.cfi_offset 3, -8
 321              		.cfi_offset 14, -4
 155:Core/Src/usart.c **** 
 156:Core/Src/usart.c ****   /* USER CODE BEGIN USART3_Init 0 */
 157:Core/Src/usart.c **** 
 158:Core/Src/usart.c ****   /* USER CODE END USART3_Init 0 */
 159:Core/Src/usart.c **** 
 160:Core/Src/usart.c ****   /* USER CODE BEGIN USART3_Init 1 */
 161:Core/Src/usart.c **** 
 162:Core/Src/usart.c ****   /* USER CODE END USART3_Init 1 */
 163:Core/Src/usart.c ****   huart3.Instance = USART3;
 322              		.loc 1 163 3 view .LVU93
 323              		.loc 1 163 19 is_stmt 0 view .LVU94
 324 0002 0A48     		ldr	r0, .L29
 325 0004 0A4B     		ldr	r3, .L29+4
 326 0006 0360     		str	r3, [r0]
 164:Core/Src/usart.c ****   huart3.Init.BaudRate = 115200;
 327              		.loc 1 164 3 is_stmt 1 view .LVU95
 328              		.loc 1 164 24 is_stmt 0 view .LVU96
 329 0008 4FF4E133 		mov	r3, #115200
 330 000c 4360     		str	r3, [r0, #4]
 165:Core/Src/usart.c ****   huart3.Init.WordLength = UART_WORDLENGTH_8B;
 331              		.loc 1 165 3 is_stmt 1 view .LVU97
 332              		.loc 1 165 26 is_stmt 0 view .LVU98
 333 000e 0023     		movs	r3, #0
 334 0010 8360     		str	r3, [r0, #8]
 166:Core/Src/usart.c ****   huart3.Init.StopBits = UART_STOPBITS_1;
 335              		.loc 1 166 3 is_stmt 1 view .LVU99
 336              		.loc 1 166 24 is_stmt 0 view .LVU100
 337 0012 C360     		str	r3, [r0, #12]
 167:Core/Src/usart.c ****   huart3.Init.Parity = UART_PARITY_NONE;
 338              		.loc 1 167 3 is_stmt 1 view .LVU101
 339              		.loc 1 167 22 is_stmt 0 view .LVU102
 340 0014 0361     		str	r3, [r0, #16]
 168:Core/Src/usart.c ****   huart3.Init.Mode = UART_MODE_TX_RX;
 341              		.loc 1 168 3 is_stmt 1 view .LVU103
 342              		.loc 1 168 20 is_stmt 0 view .LVU104
 343 0016 0C22     		movs	r2, #12
 344 0018 4261     		str	r2, [r0, #20]
 169:Core/Src/usart.c ****   huart3.Init.HwFlowCtl = UART_HWCONTROL_NONE;
 345              		.loc 1 169 3 is_stmt 1 view .LVU105
 346              		.loc 1 169 25 is_stmt 0 view .LVU106
 347 001a 8361     		str	r3, [r0, #24]
 170:Core/Src/usart.c ****   huart3.Init.OverSampling = UART_OVERSAMPLING_16;
 348              		.loc 1 170 3 is_stmt 1 view .LVU107
ARM GAS  C:\Users\honor\AppData\Local\Temp\cckALqDy.s 			page 10


 349              		.loc 1 170 28 is_stmt 0 view .LVU108
 350 001c C361     		str	r3, [r0, #28]
 171:Core/Src/usart.c ****   if (HAL_UART_Init(&huart3) != HAL_OK)
 351              		.loc 1 171 3 is_stmt 1 view .LVU109
 352              		.loc 1 171 7 is_stmt 0 view .LVU110
 353 001e FFF7FEFF 		bl	HAL_UART_Init
 354              	.LVL8:
 355              		.loc 1 171 6 view .LVU111
 356 0022 00B9     		cbnz	r0, .L28
 357              	.L25:
 172:Core/Src/usart.c ****   {
 173:Core/Src/usart.c ****     Error_Handler();
 174:Core/Src/usart.c ****   }
 175:Core/Src/usart.c ****   /* USER CODE BEGIN USART3_Init 2 */
 176:Core/Src/usart.c **** 
 177:Core/Src/usart.c ****   /* USER CODE END USART3_Init 2 */
 178:Core/Src/usart.c **** 
 179:Core/Src/usart.c **** }
 358              		.loc 1 179 1 view .LVU112
 359 0024 08BD     		pop	{r3, pc}
 360              	.L28:
 173:Core/Src/usart.c ****   }
 361              		.loc 1 173 5 is_stmt 1 view .LVU113
 362 0026 FFF7FEFF 		bl	Error_Handler
 363              	.LVL9:
 364              		.loc 1 179 1 is_stmt 0 view .LVU114
 365 002a FBE7     		b	.L25
 366              	.L30:
 367              		.align	2
 368              	.L29:
 369 002c 00000000 		.word	.LANCHOR4
 370 0030 00480040 		.word	1073760256
 371              		.cfi_endproc
 372              	.LFE243:
 374              		.section	.text.HAL_UART_MspInit,"ax",%progbits
 375              		.align	1
 376              		.global	HAL_UART_MspInit
 377              		.syntax unified
 378              		.thumb
 379              		.thumb_func
 381              	HAL_UART_MspInit:
 382              	.LVL10:
 383              	.LFB244:
 180:Core/Src/usart.c **** 
 181:Core/Src/usart.c **** void HAL_UART_MspInit(UART_HandleTypeDef* uartHandle)
 182:Core/Src/usart.c **** {
 384              		.loc 1 182 1 is_stmt 1 view -0
 385              		.cfi_startproc
 386              		@ args = 0, pretend = 0, frame = 64
 387              		@ frame_needed = 0, uses_anonymous_args = 0
 388              		.loc 1 182 1 is_stmt 0 view .LVU116
 389 0000 2DE9F041 		push	{r4, r5, r6, r7, r8, lr}
 390              	.LCFI5:
 391              		.cfi_def_cfa_offset 24
 392              		.cfi_offset 4, -24
 393              		.cfi_offset 5, -20
 394              		.cfi_offset 6, -16
ARM GAS  C:\Users\honor\AppData\Local\Temp\cckALqDy.s 			page 11


 395              		.cfi_offset 7, -12
 396              		.cfi_offset 8, -8
 397              		.cfi_offset 14, -4
 398 0004 90B0     		sub	sp, sp, #64
 399              	.LCFI6:
 400              		.cfi_def_cfa_offset 88
 401 0006 0446     		mov	r4, r0
 183:Core/Src/usart.c **** 
 184:Core/Src/usart.c ****   GPIO_InitTypeDef GPIO_InitStruct = {0};
 402              		.loc 1 184 3 is_stmt 1 view .LVU117
 403              		.loc 1 184 20 is_stmt 0 view .LVU118
 404 0008 0023     		movs	r3, #0
 405 000a 0B93     		str	r3, [sp, #44]
 406 000c 0C93     		str	r3, [sp, #48]
 407 000e 0D93     		str	r3, [sp, #52]
 408 0010 0E93     		str	r3, [sp, #56]
 409 0012 0F93     		str	r3, [sp, #60]
 185:Core/Src/usart.c ****   if(uartHandle->Instance==UART4)
 410              		.loc 1 185 3 is_stmt 1 view .LVU119
 411              		.loc 1 185 16 is_stmt 0 view .LVU120
 412 0014 0368     		ldr	r3, [r0]
 413              		.loc 1 185 5 view .LVU121
 414 0016 A04A     		ldr	r2, .L51
 415 0018 9342     		cmp	r3, r2
 416 001a 11D0     		beq	.L42
 186:Core/Src/usart.c ****   {
 187:Core/Src/usart.c ****   /* USER CODE BEGIN UART4_MspInit 0 */
 188:Core/Src/usart.c **** 
 189:Core/Src/usart.c ****   /* USER CODE END UART4_MspInit 0 */
 190:Core/Src/usart.c ****     /* UART4 clock enable */
 191:Core/Src/usart.c ****     __HAL_RCC_UART4_CLK_ENABLE();
 192:Core/Src/usart.c **** 
 193:Core/Src/usart.c ****     __HAL_RCC_GPIOC_CLK_ENABLE();
 194:Core/Src/usart.c ****     /**UART4 GPIO Configuration
 195:Core/Src/usart.c ****     PC10     ------> UART4_TX
 196:Core/Src/usart.c ****     PC11     ------> UART4_RX
 197:Core/Src/usart.c ****     */
 198:Core/Src/usart.c ****     GPIO_InitStruct.Pin = GPIO_PIN_10|GPIO_PIN_11;
 199:Core/Src/usart.c ****     GPIO_InitStruct.Mode = GPIO_MODE_AF_PP;
 200:Core/Src/usart.c ****     GPIO_InitStruct.Pull = GPIO_NOPULL;
 201:Core/Src/usart.c ****     GPIO_InitStruct.Speed = GPIO_SPEED_FREQ_VERY_HIGH;
 202:Core/Src/usart.c ****     GPIO_InitStruct.Alternate = GPIO_AF8_UART4;
 203:Core/Src/usart.c ****     HAL_GPIO_Init(GPIOC, &GPIO_InitStruct);
 204:Core/Src/usart.c **** 
 205:Core/Src/usart.c ****     /* UART4 DMA Init */
 206:Core/Src/usart.c ****     /* UART4_RX Init */
 207:Core/Src/usart.c ****     hdma_uart4_rx.Instance = DMA1_Stream2;
 208:Core/Src/usart.c ****     hdma_uart4_rx.Init.Channel = DMA_CHANNEL_4;
 209:Core/Src/usart.c ****     hdma_uart4_rx.Init.Direction = DMA_PERIPH_TO_MEMORY;
 210:Core/Src/usart.c ****     hdma_uart4_rx.Init.PeriphInc = DMA_PINC_DISABLE;
 211:Core/Src/usart.c ****     hdma_uart4_rx.Init.MemInc = DMA_MINC_ENABLE;
 212:Core/Src/usart.c ****     hdma_uart4_rx.Init.PeriphDataAlignment = DMA_PDATAALIGN_BYTE;
 213:Core/Src/usart.c ****     hdma_uart4_rx.Init.MemDataAlignment = DMA_MDATAALIGN_BYTE;
 214:Core/Src/usart.c ****     hdma_uart4_rx.Init.Mode = DMA_NORMAL;
 215:Core/Src/usart.c ****     hdma_uart4_rx.Init.Priority = DMA_PRIORITY_LOW;
 216:Core/Src/usart.c ****     hdma_uart4_rx.Init.FIFOMode = DMA_FIFOMODE_DISABLE;
 217:Core/Src/usart.c ****     if (HAL_DMA_Init(&hdma_uart4_rx) != HAL_OK)
ARM GAS  C:\Users\honor\AppData\Local\Temp\cckALqDy.s 			page 12


 218:Core/Src/usart.c ****     {
 219:Core/Src/usart.c ****       Error_Handler();
 220:Core/Src/usart.c ****     }
 221:Core/Src/usart.c **** 
 222:Core/Src/usart.c ****     __HAL_LINKDMA(uartHandle,hdmarx,hdma_uart4_rx);
 223:Core/Src/usart.c **** 
 224:Core/Src/usart.c ****     /* UART4 interrupt Init */
 225:Core/Src/usart.c ****     HAL_NVIC_SetPriority(UART4_IRQn, 5, 0);
 226:Core/Src/usart.c ****     HAL_NVIC_EnableIRQ(UART4_IRQn);
 227:Core/Src/usart.c ****   /* USER CODE BEGIN UART4_MspInit 1 */
 228:Core/Src/usart.c **** 
 229:Core/Src/usart.c ****   /* USER CODE END UART4_MspInit 1 */
 230:Core/Src/usart.c ****   }
 231:Core/Src/usart.c ****   else if(uartHandle->Instance==UART5)
 417              		.loc 1 231 8 is_stmt 1 view .LVU122
 418              		.loc 1 231 10 is_stmt 0 view .LVU123
 419 001c 9F4A     		ldr	r2, .L51+4
 420 001e 9342     		cmp	r3, r2
 421 0020 53D0     		beq	.L43
 232:Core/Src/usart.c ****   {
 233:Core/Src/usart.c ****   /* USER CODE BEGIN UART5_MspInit 0 */
 234:Core/Src/usart.c **** 
 235:Core/Src/usart.c ****   /* USER CODE END UART5_MspInit 0 */
 236:Core/Src/usart.c ****     /* UART5 clock enable */
 237:Core/Src/usart.c ****     __HAL_RCC_UART5_CLK_ENABLE();
 238:Core/Src/usart.c **** 
 239:Core/Src/usart.c ****     __HAL_RCC_GPIOC_CLK_ENABLE();
 240:Core/Src/usart.c ****     __HAL_RCC_GPIOD_CLK_ENABLE();
 241:Core/Src/usart.c ****     /**UART5 GPIO Configuration
 242:Core/Src/usart.c ****     PC12     ------> UART5_TX
 243:Core/Src/usart.c ****     PD2     ------> UART5_RX
 244:Core/Src/usart.c ****     */
 245:Core/Src/usart.c ****     GPIO_InitStruct.Pin = GPIO_PIN_12;
 246:Core/Src/usart.c ****     GPIO_InitStruct.Mode = GPIO_MODE_AF_PP;
 247:Core/Src/usart.c ****     GPIO_InitStruct.Pull = GPIO_NOPULL;
 248:Core/Src/usart.c ****     GPIO_InitStruct.Speed = GPIO_SPEED_FREQ_VERY_HIGH;
 249:Core/Src/usart.c ****     GPIO_InitStruct.Alternate = GPIO_AF8_UART5;
 250:Core/Src/usart.c ****     HAL_GPIO_Init(GPIOC, &GPIO_InitStruct);
 251:Core/Src/usart.c **** 
 252:Core/Src/usart.c ****     GPIO_InitStruct.Pin = GPIO_PIN_2;
 253:Core/Src/usart.c ****     GPIO_InitStruct.Mode = GPIO_MODE_AF_PP;
 254:Core/Src/usart.c ****     GPIO_InitStruct.Pull = GPIO_NOPULL;
 255:Core/Src/usart.c ****     GPIO_InitStruct.Speed = GPIO_SPEED_FREQ_VERY_HIGH;
 256:Core/Src/usart.c ****     GPIO_InitStruct.Alternate = GPIO_AF8_UART5;
 257:Core/Src/usart.c ****     HAL_GPIO_Init(GPIOD, &GPIO_InitStruct);
 258:Core/Src/usart.c **** 
 259:Core/Src/usart.c ****     /* UART5 DMA Init */
 260:Core/Src/usart.c ****     /* UART5_RX Init */
 261:Core/Src/usart.c ****     hdma_uart5_rx.Instance = DMA1_Stream0;
 262:Core/Src/usart.c ****     hdma_uart5_rx.Init.Channel = DMA_CHANNEL_4;
 263:Core/Src/usart.c ****     hdma_uart5_rx.Init.Direction = DMA_PERIPH_TO_MEMORY;
 264:Core/Src/usart.c ****     hdma_uart5_rx.Init.PeriphInc = DMA_PINC_DISABLE;
 265:Core/Src/usart.c ****     hdma_uart5_rx.Init.MemInc = DMA_MINC_ENABLE;
 266:Core/Src/usart.c ****     hdma_uart5_rx.Init.PeriphDataAlignment = DMA_PDATAALIGN_BYTE;
 267:Core/Src/usart.c ****     hdma_uart5_rx.Init.MemDataAlignment = DMA_MDATAALIGN_BYTE;
 268:Core/Src/usart.c ****     hdma_uart5_rx.Init.Mode = DMA_NORMAL;
 269:Core/Src/usart.c ****     hdma_uart5_rx.Init.Priority = DMA_PRIORITY_HIGH;
ARM GAS  C:\Users\honor\AppData\Local\Temp\cckALqDy.s 			page 13


 270:Core/Src/usart.c ****     hdma_uart5_rx.Init.FIFOMode = DMA_FIFOMODE_DISABLE;
 271:Core/Src/usart.c ****     if (HAL_DMA_Init(&hdma_uart5_rx) != HAL_OK)
 272:Core/Src/usart.c ****     {
 273:Core/Src/usart.c ****       Error_Handler();
 274:Core/Src/usart.c ****     }
 275:Core/Src/usart.c **** 
 276:Core/Src/usart.c ****     __HAL_LINKDMA(uartHandle,hdmarx,hdma_uart5_rx);
 277:Core/Src/usart.c **** 
 278:Core/Src/usart.c ****     /* UART5 interrupt Init */
 279:Core/Src/usart.c ****     HAL_NVIC_SetPriority(UART5_IRQn, 5, 0);
 280:Core/Src/usart.c ****     HAL_NVIC_EnableIRQ(UART5_IRQn);
 281:Core/Src/usart.c ****   /* USER CODE BEGIN UART5_MspInit 1 */
 282:Core/Src/usart.c **** 
 283:Core/Src/usart.c ****   /* USER CODE END UART5_MspInit 1 */
 284:Core/Src/usart.c ****   }
 285:Core/Src/usart.c ****   else if(uartHandle->Instance==USART1)
 422              		.loc 1 285 8 is_stmt 1 view .LVU124
 423              		.loc 1 285 10 is_stmt 0 view .LVU125
 424 0022 9F4A     		ldr	r2, .L51+8
 425 0024 9342     		cmp	r3, r2
 426 0026 00F0AE80 		beq	.L44
 286:Core/Src/usart.c ****   {
 287:Core/Src/usart.c ****   /* USER CODE BEGIN USART1_MspInit 0 */
 288:Core/Src/usart.c **** 
 289:Core/Src/usart.c ****   /* USER CODE END USART1_MspInit 0 */
 290:Core/Src/usart.c ****     /* USART1 clock enable */
 291:Core/Src/usart.c ****     __HAL_RCC_USART1_CLK_ENABLE();
 292:Core/Src/usart.c **** 
 293:Core/Src/usart.c ****     __HAL_RCC_GPIOA_CLK_ENABLE();
 294:Core/Src/usart.c ****     /**USART1 GPIO Configuration
 295:Core/Src/usart.c ****     PA9     ------> USART1_TX
 296:Core/Src/usart.c ****     PA10     ------> USART1_RX
 297:Core/Src/usart.c ****     */
 298:Core/Src/usart.c ****     GPIO_InitStruct.Pin = GPIO_PIN_9|GPIO_PIN_10;
 299:Core/Src/usart.c ****     GPIO_InitStruct.Mode = GPIO_MODE_AF_PP;
 300:Core/Src/usart.c ****     GPIO_InitStruct.Pull = GPIO_NOPULL;
 301:Core/Src/usart.c ****     GPIO_InitStruct.Speed = GPIO_SPEED_FREQ_VERY_HIGH;
 302:Core/Src/usart.c ****     GPIO_InitStruct.Alternate = GPIO_AF7_USART1;
 303:Core/Src/usart.c ****     HAL_GPIO_Init(GPIOA, &GPIO_InitStruct);
 304:Core/Src/usart.c **** 
 305:Core/Src/usart.c ****     /* USART1 DMA Init */
 306:Core/Src/usart.c ****     /* USART1_RX Init */
 307:Core/Src/usart.c ****     hdma_usart1_rx.Instance = DMA2_Stream2;
 308:Core/Src/usart.c ****     hdma_usart1_rx.Init.Channel = DMA_CHANNEL_4;
 309:Core/Src/usart.c ****     hdma_usart1_rx.Init.Direction = DMA_PERIPH_TO_MEMORY;
 310:Core/Src/usart.c ****     hdma_usart1_rx.Init.PeriphInc = DMA_PINC_DISABLE;
 311:Core/Src/usart.c ****     hdma_usart1_rx.Init.MemInc = DMA_MINC_ENABLE;
 312:Core/Src/usart.c ****     hdma_usart1_rx.Init.PeriphDataAlignment = DMA_PDATAALIGN_BYTE;
 313:Core/Src/usart.c ****     hdma_usart1_rx.Init.MemDataAlignment = DMA_MDATAALIGN_BYTE;
 314:Core/Src/usart.c ****     hdma_usart1_rx.Init.Mode = DMA_NORMAL;
 315:Core/Src/usart.c ****     hdma_usart1_rx.Init.Priority = DMA_PRIORITY_LOW;
 316:Core/Src/usart.c ****     hdma_usart1_rx.Init.FIFOMode = DMA_FIFOMODE_DISABLE;
 317:Core/Src/usart.c ****     if (HAL_DMA_Init(&hdma_usart1_rx) != HAL_OK)
 318:Core/Src/usart.c ****     {
 319:Core/Src/usart.c ****       Error_Handler();
 320:Core/Src/usart.c ****     }
 321:Core/Src/usart.c **** 
ARM GAS  C:\Users\honor\AppData\Local\Temp\cckALqDy.s 			page 14


 322:Core/Src/usart.c ****     __HAL_LINKDMA(uartHandle,hdmarx,hdma_usart1_rx);
 323:Core/Src/usart.c **** 
 324:Core/Src/usart.c ****     /* USART1 interrupt Init */
 325:Core/Src/usart.c ****     HAL_NVIC_SetPriority(USART1_IRQn, 5, 0);
 326:Core/Src/usart.c ****     HAL_NVIC_EnableIRQ(USART1_IRQn);
 327:Core/Src/usart.c ****   /* USER CODE BEGIN USART1_MspInit 1 */
 328:Core/Src/usart.c **** 
 329:Core/Src/usart.c ****   /* USER CODE END USART1_MspInit 1 */
 330:Core/Src/usart.c ****   }
 331:Core/Src/usart.c ****   else if(uartHandle->Instance==USART2)
 427              		.loc 1 331 8 is_stmt 1 view .LVU126
 428              		.loc 1 331 10 is_stmt 0 view .LVU127
 429 002a 9E4A     		ldr	r2, .L51+12
 430 002c 9342     		cmp	r3, r2
 431 002e 00F0EF80 		beq	.L45
 332:Core/Src/usart.c ****   {
 333:Core/Src/usart.c ****   /* USER CODE BEGIN USART2_MspInit 0 */
 334:Core/Src/usart.c **** 
 335:Core/Src/usart.c ****   /* USER CODE END USART2_MspInit 0 */
 336:Core/Src/usart.c ****     /* USART2 clock enable */
 337:Core/Src/usart.c ****     __HAL_RCC_USART2_CLK_ENABLE();
 338:Core/Src/usart.c **** 
 339:Core/Src/usart.c ****     __HAL_RCC_GPIOA_CLK_ENABLE();
 340:Core/Src/usart.c ****     /**USART2 GPIO Configuration
 341:Core/Src/usart.c ****     PA2     ------> USART2_TX
 342:Core/Src/usart.c ****     PA3     ------> USART2_RX
 343:Core/Src/usart.c ****     */
 344:Core/Src/usart.c ****     GPIO_InitStruct.Pin = GPIO_PIN_2|GPIO_PIN_3;
 345:Core/Src/usart.c ****     GPIO_InitStruct.Mode = GPIO_MODE_AF_PP;
 346:Core/Src/usart.c ****     GPIO_InitStruct.Pull = GPIO_NOPULL;
 347:Core/Src/usart.c ****     GPIO_InitStruct.Speed = GPIO_SPEED_FREQ_VERY_HIGH;
 348:Core/Src/usart.c ****     GPIO_InitStruct.Alternate = GPIO_AF7_USART2;
 349:Core/Src/usart.c ****     HAL_GPIO_Init(GPIOA, &GPIO_InitStruct);
 350:Core/Src/usart.c **** 
 351:Core/Src/usart.c ****     /* USART2 DMA Init */
 352:Core/Src/usart.c ****     /* USART2_RX Init */
 353:Core/Src/usart.c ****     hdma_usart2_rx.Instance = DMA1_Stream5;
 354:Core/Src/usart.c ****     hdma_usart2_rx.Init.Channel = DMA_CHANNEL_4;
 355:Core/Src/usart.c ****     hdma_usart2_rx.Init.Direction = DMA_PERIPH_TO_MEMORY;
 356:Core/Src/usart.c ****     hdma_usart2_rx.Init.PeriphInc = DMA_PINC_DISABLE;
 357:Core/Src/usart.c ****     hdma_usart2_rx.Init.MemInc = DMA_MINC_ENABLE;
 358:Core/Src/usart.c ****     hdma_usart2_rx.Init.PeriphDataAlignment = DMA_PDATAALIGN_BYTE;
 359:Core/Src/usart.c ****     hdma_usart2_rx.Init.MemDataAlignment = DMA_MDATAALIGN_BYTE;
 360:Core/Src/usart.c ****     hdma_usart2_rx.Init.Mode = DMA_NORMAL;
 361:Core/Src/usart.c ****     hdma_usart2_rx.Init.Priority = DMA_PRIORITY_LOW;
 362:Core/Src/usart.c ****     hdma_usart2_rx.Init.FIFOMode = DMA_FIFOMODE_DISABLE;
 363:Core/Src/usart.c ****     if (HAL_DMA_Init(&hdma_usart2_rx) != HAL_OK)
 364:Core/Src/usart.c ****     {
 365:Core/Src/usart.c ****       Error_Handler();
 366:Core/Src/usart.c ****     }
 367:Core/Src/usart.c **** 
 368:Core/Src/usart.c ****     __HAL_LINKDMA(uartHandle,hdmarx,hdma_usart2_rx);
 369:Core/Src/usart.c **** 
 370:Core/Src/usart.c ****     /* USART2 interrupt Init */
 371:Core/Src/usart.c ****     HAL_NVIC_SetPriority(USART2_IRQn, 5, 0);
 372:Core/Src/usart.c ****     HAL_NVIC_EnableIRQ(USART2_IRQn);
 373:Core/Src/usart.c ****   /* USER CODE BEGIN USART2_MspInit 1 */
ARM GAS  C:\Users\honor\AppData\Local\Temp\cckALqDy.s 			page 15


 374:Core/Src/usart.c **** 
 375:Core/Src/usart.c ****   /* USER CODE END USART2_MspInit 1 */
 376:Core/Src/usart.c ****   }
 377:Core/Src/usart.c ****   else if(uartHandle->Instance==USART3)
 432              		.loc 1 377 8 is_stmt 1 view .LVU128
 433              		.loc 1 377 10 is_stmt 0 view .LVU129
 434 0032 9D4A     		ldr	r2, .L51+16
 435 0034 9342     		cmp	r3, r2
 436 0036 00F05181 		beq	.L46
 437              	.LVL11:
 438              	.L31:
 378:Core/Src/usart.c ****   {
 379:Core/Src/usart.c ****   /* USER CODE BEGIN USART3_MspInit 0 */
 380:Core/Src/usart.c **** 
 381:Core/Src/usart.c ****   /* USER CODE END USART3_MspInit 0 */
 382:Core/Src/usart.c ****     /* USART3 clock enable */
 383:Core/Src/usart.c ****     __HAL_RCC_USART3_CLK_ENABLE();
 384:Core/Src/usart.c **** 
 385:Core/Src/usart.c ****     __HAL_RCC_GPIOB_CLK_ENABLE();
 386:Core/Src/usart.c ****     /**USART3 GPIO Configuration
 387:Core/Src/usart.c ****     PB10     ------> USART3_TX
 388:Core/Src/usart.c ****     PB11     ------> USART3_RX
 389:Core/Src/usart.c ****     */
 390:Core/Src/usart.c ****     GPIO_InitStruct.Pin = GPIO_PIN_10|GPIO_PIN_11;
 391:Core/Src/usart.c ****     GPIO_InitStruct.Mode = GPIO_MODE_AF_PP;
 392:Core/Src/usart.c ****     GPIO_InitStruct.Pull = GPIO_NOPULL;
 393:Core/Src/usart.c ****     GPIO_InitStruct.Speed = GPIO_SPEED_FREQ_VERY_HIGH;
 394:Core/Src/usart.c ****     GPIO_InitStruct.Alternate = GPIO_AF7_USART3;
 395:Core/Src/usart.c ****     HAL_GPIO_Init(GPIOB, &GPIO_InitStruct);
 396:Core/Src/usart.c **** 
 397:Core/Src/usart.c ****     /* USART3 interrupt Init */
 398:Core/Src/usart.c ****     HAL_NVIC_SetPriority(USART3_IRQn, 5, 0);
 399:Core/Src/usart.c ****     HAL_NVIC_EnableIRQ(USART3_IRQn);
 400:Core/Src/usart.c ****   /* USER CODE BEGIN USART3_MspInit 1 */
 401:Core/Src/usart.c **** 
 402:Core/Src/usart.c ****   /* USER CODE END USART3_MspInit 1 */
 403:Core/Src/usart.c ****   }
 404:Core/Src/usart.c **** }
 439              		.loc 1 404 1 view .LVU130
 440 003a 10B0     		add	sp, sp, #64
 441              	.LCFI7:
 442              		.cfi_remember_state
 443              		.cfi_def_cfa_offset 24
 444              		@ sp needed
 445 003c BDE8F081 		pop	{r4, r5, r6, r7, r8, pc}
 446              	.LVL12:
 447              	.L42:
 448              	.LCFI8:
 449              		.cfi_restore_state
 191:Core/Src/usart.c **** 
 450              		.loc 1 191 5 is_stmt 1 view .LVU131
 451              	.LBB2:
 191:Core/Src/usart.c **** 
 452              		.loc 1 191 5 view .LVU132
 453 0040 0025     		movs	r5, #0
 454 0042 0095     		str	r5, [sp]
 191:Core/Src/usart.c **** 
ARM GAS  C:\Users\honor\AppData\Local\Temp\cckALqDy.s 			page 16


 455              		.loc 1 191 5 view .LVU133
 456 0044 994B     		ldr	r3, .L51+20
 457 0046 1A6C     		ldr	r2, [r3, #64]
 458 0048 42F40022 		orr	r2, r2, #524288
 459 004c 1A64     		str	r2, [r3, #64]
 191:Core/Src/usart.c **** 
 460              		.loc 1 191 5 view .LVU134
 461 004e 1A6C     		ldr	r2, [r3, #64]
 462 0050 02F40022 		and	r2, r2, #524288
 463 0054 0092     		str	r2, [sp]
 191:Core/Src/usart.c **** 
 464              		.loc 1 191 5 view .LVU135
 465 0056 009A     		ldr	r2, [sp]
 466              	.LBE2:
 191:Core/Src/usart.c **** 
 467              		.loc 1 191 5 view .LVU136
 193:Core/Src/usart.c ****     /**UART4 GPIO Configuration
 468              		.loc 1 193 5 view .LVU137
 469              	.LBB3:
 193:Core/Src/usart.c ****     /**UART4 GPIO Configuration
 470              		.loc 1 193 5 view .LVU138
 471 0058 0195     		str	r5, [sp, #4]
 193:Core/Src/usart.c ****     /**UART4 GPIO Configuration
 472              		.loc 1 193 5 view .LVU139
 473 005a 1A6B     		ldr	r2, [r3, #48]
 474 005c 42F00402 		orr	r2, r2, #4
 475 0060 1A63     		str	r2, [r3, #48]
 193:Core/Src/usart.c ****     /**UART4 GPIO Configuration
 476              		.loc 1 193 5 view .LVU140
 477 0062 1B6B     		ldr	r3, [r3, #48]
 478 0064 03F00403 		and	r3, r3, #4
 479 0068 0193     		str	r3, [sp, #4]
 193:Core/Src/usart.c ****     /**UART4 GPIO Configuration
 480              		.loc 1 193 5 view .LVU141
 481 006a 019B     		ldr	r3, [sp, #4]
 482              	.LBE3:
 193:Core/Src/usart.c ****     /**UART4 GPIO Configuration
 483              		.loc 1 193 5 view .LVU142
 198:Core/Src/usart.c ****     GPIO_InitStruct.Mode = GPIO_MODE_AF_PP;
 484              		.loc 1 198 5 view .LVU143
 198:Core/Src/usart.c ****     GPIO_InitStruct.Mode = GPIO_MODE_AF_PP;
 485              		.loc 1 198 25 is_stmt 0 view .LVU144
 486 006c 4FF44063 		mov	r3, #3072
 487 0070 0B93     		str	r3, [sp, #44]
 199:Core/Src/usart.c ****     GPIO_InitStruct.Pull = GPIO_NOPULL;
 488              		.loc 1 199 5 is_stmt 1 view .LVU145
 199:Core/Src/usart.c ****     GPIO_InitStruct.Pull = GPIO_NOPULL;
 489              		.loc 1 199 26 is_stmt 0 view .LVU146
 490 0072 0223     		movs	r3, #2
 491 0074 0C93     		str	r3, [sp, #48]
 200:Core/Src/usart.c ****     GPIO_InitStruct.Speed = GPIO_SPEED_FREQ_VERY_HIGH;
 492              		.loc 1 200 5 is_stmt 1 view .LVU147
 201:Core/Src/usart.c ****     GPIO_InitStruct.Alternate = GPIO_AF8_UART4;
 493              		.loc 1 201 5 view .LVU148
 201:Core/Src/usart.c ****     GPIO_InitStruct.Alternate = GPIO_AF8_UART4;
 494              		.loc 1 201 27 is_stmt 0 view .LVU149
 495 0076 0323     		movs	r3, #3
ARM GAS  C:\Users\honor\AppData\Local\Temp\cckALqDy.s 			page 17


 496 0078 0E93     		str	r3, [sp, #56]
 202:Core/Src/usart.c ****     HAL_GPIO_Init(GPIOC, &GPIO_InitStruct);
 497              		.loc 1 202 5 is_stmt 1 view .LVU150
 202:Core/Src/usart.c ****     HAL_GPIO_Init(GPIOC, &GPIO_InitStruct);
 498              		.loc 1 202 31 is_stmt 0 view .LVU151
 499 007a 0823     		movs	r3, #8
 500 007c 0F93     		str	r3, [sp, #60]
 203:Core/Src/usart.c **** 
 501              		.loc 1 203 5 is_stmt 1 view .LVU152
 502 007e 0BA9     		add	r1, sp, #44
 503 0080 8B48     		ldr	r0, .L51+24
 504              	.LVL13:
 203:Core/Src/usart.c **** 
 505              		.loc 1 203 5 is_stmt 0 view .LVU153
 506 0082 FFF7FEFF 		bl	HAL_GPIO_Init
 507              	.LVL14:
 207:Core/Src/usart.c ****     hdma_uart4_rx.Init.Channel = DMA_CHANNEL_4;
 508              		.loc 1 207 5 is_stmt 1 view .LVU154
 207:Core/Src/usart.c ****     hdma_uart4_rx.Init.Channel = DMA_CHANNEL_4;
 509              		.loc 1 207 28 is_stmt 0 view .LVU155
 510 0086 8B48     		ldr	r0, .L51+28
 511 0088 8B4B     		ldr	r3, .L51+32
 512 008a 0360     		str	r3, [r0]
 208:Core/Src/usart.c ****     hdma_uart4_rx.Init.Direction = DMA_PERIPH_TO_MEMORY;
 513              		.loc 1 208 5 is_stmt 1 view .LVU156
 208:Core/Src/usart.c ****     hdma_uart4_rx.Init.Direction = DMA_PERIPH_TO_MEMORY;
 514              		.loc 1 208 32 is_stmt 0 view .LVU157
 515 008c 4FF00063 		mov	r3, #134217728
 516 0090 4360     		str	r3, [r0, #4]
 209:Core/Src/usart.c ****     hdma_uart4_rx.Init.PeriphInc = DMA_PINC_DISABLE;
 517              		.loc 1 209 5 is_stmt 1 view .LVU158
 209:Core/Src/usart.c ****     hdma_uart4_rx.Init.PeriphInc = DMA_PINC_DISABLE;
 518              		.loc 1 209 34 is_stmt 0 view .LVU159
 519 0092 8560     		str	r5, [r0, #8]
 210:Core/Src/usart.c ****     hdma_uart4_rx.Init.MemInc = DMA_MINC_ENABLE;
 520              		.loc 1 210 5 is_stmt 1 view .LVU160
 210:Core/Src/usart.c ****     hdma_uart4_rx.Init.MemInc = DMA_MINC_ENABLE;
 521              		.loc 1 210 34 is_stmt 0 view .LVU161
 522 0094 C560     		str	r5, [r0, #12]
 211:Core/Src/usart.c ****     hdma_uart4_rx.Init.PeriphDataAlignment = DMA_PDATAALIGN_BYTE;
 523              		.loc 1 211 5 is_stmt 1 view .LVU162
 211:Core/Src/usart.c ****     hdma_uart4_rx.Init.PeriphDataAlignment = DMA_PDATAALIGN_BYTE;
 524              		.loc 1 211 31 is_stmt 0 view .LVU163
 525 0096 4FF48063 		mov	r3, #1024
 526 009a 0361     		str	r3, [r0, #16]
 212:Core/Src/usart.c ****     hdma_uart4_rx.Init.MemDataAlignment = DMA_MDATAALIGN_BYTE;
 527              		.loc 1 212 5 is_stmt 1 view .LVU164
 212:Core/Src/usart.c ****     hdma_uart4_rx.Init.MemDataAlignment = DMA_MDATAALIGN_BYTE;
 528              		.loc 1 212 44 is_stmt 0 view .LVU165
 529 009c 4561     		str	r5, [r0, #20]
 213:Core/Src/usart.c ****     hdma_uart4_rx.Init.Mode = DMA_NORMAL;
 530              		.loc 1 213 5 is_stmt 1 view .LVU166
 213:Core/Src/usart.c ****     hdma_uart4_rx.Init.Mode = DMA_NORMAL;
 531              		.loc 1 213 41 is_stmt 0 view .LVU167
 532 009e 8561     		str	r5, [r0, #24]
 214:Core/Src/usart.c ****     hdma_uart4_rx.Init.Priority = DMA_PRIORITY_LOW;
 533              		.loc 1 214 5 is_stmt 1 view .LVU168
ARM GAS  C:\Users\honor\AppData\Local\Temp\cckALqDy.s 			page 18


 214:Core/Src/usart.c ****     hdma_uart4_rx.Init.Priority = DMA_PRIORITY_LOW;
 534              		.loc 1 214 29 is_stmt 0 view .LVU169
 535 00a0 C561     		str	r5, [r0, #28]
 215:Core/Src/usart.c ****     hdma_uart4_rx.Init.FIFOMode = DMA_FIFOMODE_DISABLE;
 536              		.loc 1 215 5 is_stmt 1 view .LVU170
 215:Core/Src/usart.c ****     hdma_uart4_rx.Init.FIFOMode = DMA_FIFOMODE_DISABLE;
 537              		.loc 1 215 33 is_stmt 0 view .LVU171
 538 00a2 0562     		str	r5, [r0, #32]
 216:Core/Src/usart.c ****     if (HAL_DMA_Init(&hdma_uart4_rx) != HAL_OK)
 539              		.loc 1 216 5 is_stmt 1 view .LVU172
 216:Core/Src/usart.c ****     if (HAL_DMA_Init(&hdma_uart4_rx) != HAL_OK)
 540              		.loc 1 216 33 is_stmt 0 view .LVU173
 541 00a4 4562     		str	r5, [r0, #36]
 217:Core/Src/usart.c ****     {
 542              		.loc 1 217 5 is_stmt 1 view .LVU174
 217:Core/Src/usart.c ****     {
 543              		.loc 1 217 9 is_stmt 0 view .LVU175
 544 00a6 FFF7FEFF 		bl	HAL_DMA_Init
 545              	.LVL15:
 217:Core/Src/usart.c ****     {
 546              		.loc 1 217 8 view .LVU176
 547 00aa 58B9     		cbnz	r0, .L47
 548              	.L33:
 222:Core/Src/usart.c **** 
 549              		.loc 1 222 5 is_stmt 1 view .LVU177
 222:Core/Src/usart.c **** 
 550              		.loc 1 222 5 view .LVU178
 551 00ac 814B     		ldr	r3, .L51+28
 552 00ae E363     		str	r3, [r4, #60]
 222:Core/Src/usart.c **** 
 553              		.loc 1 222 5 view .LVU179
 554 00b0 9C63     		str	r4, [r3, #56]
 222:Core/Src/usart.c **** 
 555              		.loc 1 222 5 view .LVU180
 225:Core/Src/usart.c ****     HAL_NVIC_EnableIRQ(UART4_IRQn);
 556              		.loc 1 225 5 view .LVU181
 557 00b2 0022     		movs	r2, #0
 558 00b4 0521     		movs	r1, #5
 559 00b6 3420     		movs	r0, #52
 560 00b8 FFF7FEFF 		bl	HAL_NVIC_SetPriority
 561              	.LVL16:
 226:Core/Src/usart.c ****   /* USER CODE BEGIN UART4_MspInit 1 */
 562              		.loc 1 226 5 view .LVU182
 563 00bc 3420     		movs	r0, #52
 564 00be FFF7FEFF 		bl	HAL_NVIC_EnableIRQ
 565              	.LVL17:
 566 00c2 BAE7     		b	.L31
 567              	.L47:
 219:Core/Src/usart.c ****     }
 568              		.loc 1 219 7 view .LVU183
 569 00c4 FFF7FEFF 		bl	Error_Handler
 570              	.LVL18:
 571 00c8 F0E7     		b	.L33
 572              	.LVL19:
 573              	.L43:
 237:Core/Src/usart.c **** 
 574              		.loc 1 237 5 view .LVU184
ARM GAS  C:\Users\honor\AppData\Local\Temp\cckALqDy.s 			page 19


 575              	.LBB4:
 237:Core/Src/usart.c **** 
 576              		.loc 1 237 5 view .LVU185
 577 00ca 0025     		movs	r5, #0
 578 00cc 0295     		str	r5, [sp, #8]
 237:Core/Src/usart.c **** 
 579              		.loc 1 237 5 view .LVU186
 580 00ce 774B     		ldr	r3, .L51+20
 581 00d0 1A6C     		ldr	r2, [r3, #64]
 582 00d2 42F48012 		orr	r2, r2, #1048576
 583 00d6 1A64     		str	r2, [r3, #64]
 237:Core/Src/usart.c **** 
 584              		.loc 1 237 5 view .LVU187
 585 00d8 1A6C     		ldr	r2, [r3, #64]
 586 00da 02F48012 		and	r2, r2, #1048576
 587 00de 0292     		str	r2, [sp, #8]
 237:Core/Src/usart.c **** 
 588              		.loc 1 237 5 view .LVU188
 589 00e0 029A     		ldr	r2, [sp, #8]
 590              	.LBE4:
 237:Core/Src/usart.c **** 
 591              		.loc 1 237 5 view .LVU189
 239:Core/Src/usart.c ****     __HAL_RCC_GPIOD_CLK_ENABLE();
 592              		.loc 1 239 5 view .LVU190
 593              	.LBB5:
 239:Core/Src/usart.c ****     __HAL_RCC_GPIOD_CLK_ENABLE();
 594              		.loc 1 239 5 view .LVU191
 595 00e2 0395     		str	r5, [sp, #12]
 239:Core/Src/usart.c ****     __HAL_RCC_GPIOD_CLK_ENABLE();
 596              		.loc 1 239 5 view .LVU192
 597 00e4 1A6B     		ldr	r2, [r3, #48]
 598 00e6 42F00402 		orr	r2, r2, #4
 599 00ea 1A63     		str	r2, [r3, #48]
 239:Core/Src/usart.c ****     __HAL_RCC_GPIOD_CLK_ENABLE();
 600              		.loc 1 239 5 view .LVU193
 601 00ec 1A6B     		ldr	r2, [r3, #48]
 602 00ee 02F00402 		and	r2, r2, #4
 603 00f2 0392     		str	r2, [sp, #12]
 239:Core/Src/usart.c ****     __HAL_RCC_GPIOD_CLK_ENABLE();
 604              		.loc 1 239 5 view .LVU194
 605 00f4 039A     		ldr	r2, [sp, #12]
 606              	.LBE5:
 239:Core/Src/usart.c ****     __HAL_RCC_GPIOD_CLK_ENABLE();
 607              		.loc 1 239 5 view .LVU195
 240:Core/Src/usart.c ****     /**UART5 GPIO Configuration
 608              		.loc 1 240 5 view .LVU196
 609              	.LBB6:
 240:Core/Src/usart.c ****     /**UART5 GPIO Configuration
 610              		.loc 1 240 5 view .LVU197
 611 00f6 0495     		str	r5, [sp, #16]
 240:Core/Src/usart.c ****     /**UART5 GPIO Configuration
 612              		.loc 1 240 5 view .LVU198
 613 00f8 1A6B     		ldr	r2, [r3, #48]
 614 00fa 42F00802 		orr	r2, r2, #8
 615 00fe 1A63     		str	r2, [r3, #48]
 240:Core/Src/usart.c ****     /**UART5 GPIO Configuration
 616              		.loc 1 240 5 view .LVU199
ARM GAS  C:\Users\honor\AppData\Local\Temp\cckALqDy.s 			page 20


 617 0100 1B6B     		ldr	r3, [r3, #48]
 618 0102 03F00803 		and	r3, r3, #8
 619 0106 0493     		str	r3, [sp, #16]
 240:Core/Src/usart.c ****     /**UART5 GPIO Configuration
 620              		.loc 1 240 5 view .LVU200
 621 0108 049B     		ldr	r3, [sp, #16]
 622              	.LBE6:
 240:Core/Src/usart.c ****     /**UART5 GPIO Configuration
 623              		.loc 1 240 5 view .LVU201
 245:Core/Src/usart.c ****     GPIO_InitStruct.Mode = GPIO_MODE_AF_PP;
 624              		.loc 1 245 5 view .LVU202
 245:Core/Src/usart.c ****     GPIO_InitStruct.Mode = GPIO_MODE_AF_PP;
 625              		.loc 1 245 25 is_stmt 0 view .LVU203
 626 010a 4FF48053 		mov	r3, #4096
 627 010e 0B93     		str	r3, [sp, #44]
 246:Core/Src/usart.c ****     GPIO_InitStruct.Pull = GPIO_NOPULL;
 628              		.loc 1 246 5 is_stmt 1 view .LVU204
 246:Core/Src/usart.c ****     GPIO_InitStruct.Pull = GPIO_NOPULL;
 629              		.loc 1 246 26 is_stmt 0 view .LVU205
 630 0110 4FF00208 		mov	r8, #2
 631 0114 CDF83080 		str	r8, [sp, #48]
 247:Core/Src/usart.c ****     GPIO_InitStruct.Speed = GPIO_SPEED_FREQ_VERY_HIGH;
 632              		.loc 1 247 5 is_stmt 1 view .LVU206
 248:Core/Src/usart.c ****     GPIO_InitStruct.Alternate = GPIO_AF8_UART5;
 633              		.loc 1 248 5 view .LVU207
 248:Core/Src/usart.c ****     GPIO_InitStruct.Alternate = GPIO_AF8_UART5;
 634              		.loc 1 248 27 is_stmt 0 view .LVU208
 635 0118 0327     		movs	r7, #3
 636 011a 0E97     		str	r7, [sp, #56]
 249:Core/Src/usart.c ****     HAL_GPIO_Init(GPIOC, &GPIO_InitStruct);
 637              		.loc 1 249 5 is_stmt 1 view .LVU209
 249:Core/Src/usart.c ****     HAL_GPIO_Init(GPIOC, &GPIO_InitStruct);
 638              		.loc 1 249 31 is_stmt 0 view .LVU210
 639 011c 0826     		movs	r6, #8
 640 011e 0F96     		str	r6, [sp, #60]
 250:Core/Src/usart.c **** 
 641              		.loc 1 250 5 is_stmt 1 view .LVU211
 642 0120 0BA9     		add	r1, sp, #44
 643 0122 6348     		ldr	r0, .L51+24
 644              	.LVL20:
 250:Core/Src/usart.c **** 
 645              		.loc 1 250 5 is_stmt 0 view .LVU212
 646 0124 FFF7FEFF 		bl	HAL_GPIO_Init
 647              	.LVL21:
 252:Core/Src/usart.c ****     GPIO_InitStruct.Mode = GPIO_MODE_AF_PP;
 648              		.loc 1 252 5 is_stmt 1 view .LVU213
 252:Core/Src/usart.c ****     GPIO_InitStruct.Mode = GPIO_MODE_AF_PP;
 649              		.loc 1 252 25 is_stmt 0 view .LVU214
 650 0128 0423     		movs	r3, #4
 651 012a 0B93     		str	r3, [sp, #44]
 253:Core/Src/usart.c ****     GPIO_InitStruct.Pull = GPIO_NOPULL;
 652              		.loc 1 253 5 is_stmt 1 view .LVU215
 253:Core/Src/usart.c ****     GPIO_InitStruct.Pull = GPIO_NOPULL;
 653              		.loc 1 253 26 is_stmt 0 view .LVU216
 654 012c CDF83080 		str	r8, [sp, #48]
 254:Core/Src/usart.c ****     GPIO_InitStruct.Speed = GPIO_SPEED_FREQ_VERY_HIGH;
 655              		.loc 1 254 5 is_stmt 1 view .LVU217
ARM GAS  C:\Users\honor\AppData\Local\Temp\cckALqDy.s 			page 21


 254:Core/Src/usart.c ****     GPIO_InitStruct.Speed = GPIO_SPEED_FREQ_VERY_HIGH;
 656              		.loc 1 254 26 is_stmt 0 view .LVU218
 657 0130 0D95     		str	r5, [sp, #52]
 255:Core/Src/usart.c ****     GPIO_InitStruct.Alternate = GPIO_AF8_UART5;
 658              		.loc 1 255 5 is_stmt 1 view .LVU219
 255:Core/Src/usart.c ****     GPIO_InitStruct.Alternate = GPIO_AF8_UART5;
 659              		.loc 1 255 27 is_stmt 0 view .LVU220
 660 0132 0E97     		str	r7, [sp, #56]
 256:Core/Src/usart.c ****     HAL_GPIO_Init(GPIOD, &GPIO_InitStruct);
 661              		.loc 1 256 5 is_stmt 1 view .LVU221
 256:Core/Src/usart.c ****     HAL_GPIO_Init(GPIOD, &GPIO_InitStruct);
 662              		.loc 1 256 31 is_stmt 0 view .LVU222
 663 0134 0F96     		str	r6, [sp, #60]
 257:Core/Src/usart.c **** 
 664              		.loc 1 257 5 is_stmt 1 view .LVU223
 665 0136 0BA9     		add	r1, sp, #44
 666 0138 6048     		ldr	r0, .L51+36
 667 013a FFF7FEFF 		bl	HAL_GPIO_Init
 668              	.LVL22:
 261:Core/Src/usart.c ****     hdma_uart5_rx.Init.Channel = DMA_CHANNEL_4;
 669              		.loc 1 261 5 view .LVU224
 261:Core/Src/usart.c ****     hdma_uart5_rx.Init.Channel = DMA_CHANNEL_4;
 670              		.loc 1 261 28 is_stmt 0 view .LVU225
 671 013e 6048     		ldr	r0, .L51+40
 672 0140 604B     		ldr	r3, .L51+44
 673 0142 0360     		str	r3, [r0]
 262:Core/Src/usart.c ****     hdma_uart5_rx.Init.Direction = DMA_PERIPH_TO_MEMORY;
 674              		.loc 1 262 5 is_stmt 1 view .LVU226
 262:Core/Src/usart.c ****     hdma_uart5_rx.Init.Direction = DMA_PERIPH_TO_MEMORY;
 675              		.loc 1 262 32 is_stmt 0 view .LVU227
 676 0144 4FF00063 		mov	r3, #134217728
 677 0148 4360     		str	r3, [r0, #4]
 263:Core/Src/usart.c ****     hdma_uart5_rx.Init.PeriphInc = DMA_PINC_DISABLE;
 678              		.loc 1 263 5 is_stmt 1 view .LVU228
 263:Core/Src/usart.c ****     hdma_uart5_rx.Init.PeriphInc = DMA_PINC_DISABLE;
 679              		.loc 1 263 34 is_stmt 0 view .LVU229
 680 014a 8560     		str	r5, [r0, #8]
 264:Core/Src/usart.c ****     hdma_uart5_rx.Init.MemInc = DMA_MINC_ENABLE;
 681              		.loc 1 264 5 is_stmt 1 view .LVU230
 264:Core/Src/usart.c ****     hdma_uart5_rx.Init.MemInc = DMA_MINC_ENABLE;
 682              		.loc 1 264 34 is_stmt 0 view .LVU231
 683 014c C560     		str	r5, [r0, #12]
 265:Core/Src/usart.c ****     hdma_uart5_rx.Init.PeriphDataAlignment = DMA_PDATAALIGN_BYTE;
 684              		.loc 1 265 5 is_stmt 1 view .LVU232
 265:Core/Src/usart.c ****     hdma_uart5_rx.Init.PeriphDataAlignment = DMA_PDATAALIGN_BYTE;
 685              		.loc 1 265 31 is_stmt 0 view .LVU233
 686 014e 4FF48063 		mov	r3, #1024
 687 0152 0361     		str	r3, [r0, #16]
 266:Core/Src/usart.c ****     hdma_uart5_rx.Init.MemDataAlignment = DMA_MDATAALIGN_BYTE;
 688              		.loc 1 266 5 is_stmt 1 view .LVU234
 266:Core/Src/usart.c ****     hdma_uart5_rx.Init.MemDataAlignment = DMA_MDATAALIGN_BYTE;
 689              		.loc 1 266 44 is_stmt 0 view .LVU235
 690 0154 4561     		str	r5, [r0, #20]
 267:Core/Src/usart.c ****     hdma_uart5_rx.Init.Mode = DMA_NORMAL;
 691              		.loc 1 267 5 is_stmt 1 view .LVU236
 267:Core/Src/usart.c ****     hdma_uart5_rx.Init.Mode = DMA_NORMAL;
 692              		.loc 1 267 41 is_stmt 0 view .LVU237
ARM GAS  C:\Users\honor\AppData\Local\Temp\cckALqDy.s 			page 22


 693 0156 8561     		str	r5, [r0, #24]
 268:Core/Src/usart.c ****     hdma_uart5_rx.Init.Priority = DMA_PRIORITY_HIGH;
 694              		.loc 1 268 5 is_stmt 1 view .LVU238
 268:Core/Src/usart.c ****     hdma_uart5_rx.Init.Priority = DMA_PRIORITY_HIGH;
 695              		.loc 1 268 29 is_stmt 0 view .LVU239
 696 0158 C561     		str	r5, [r0, #28]
 269:Core/Src/usart.c ****     hdma_uart5_rx.Init.FIFOMode = DMA_FIFOMODE_DISABLE;
 697              		.loc 1 269 5 is_stmt 1 view .LVU240
 269:Core/Src/usart.c ****     hdma_uart5_rx.Init.FIFOMode = DMA_FIFOMODE_DISABLE;
 698              		.loc 1 269 33 is_stmt 0 view .LVU241
 699 015a 4FF40033 		mov	r3, #131072
 700 015e 0362     		str	r3, [r0, #32]
 270:Core/Src/usart.c ****     if (HAL_DMA_Init(&hdma_uart5_rx) != HAL_OK)
 701              		.loc 1 270 5 is_stmt 1 view .LVU242
 270:Core/Src/usart.c ****     if (HAL_DMA_Init(&hdma_uart5_rx) != HAL_OK)
 702              		.loc 1 270 33 is_stmt 0 view .LVU243
 703 0160 4562     		str	r5, [r0, #36]
 271:Core/Src/usart.c ****     {
 704              		.loc 1 271 5 is_stmt 1 view .LVU244
 271:Core/Src/usart.c ****     {
 705              		.loc 1 271 9 is_stmt 0 view .LVU245
 706 0162 FFF7FEFF 		bl	HAL_DMA_Init
 707              	.LVL23:
 271:Core/Src/usart.c ****     {
 708              		.loc 1 271 8 view .LVU246
 709 0166 58B9     		cbnz	r0, .L48
 710              	.L36:
 276:Core/Src/usart.c **** 
 711              		.loc 1 276 5 is_stmt 1 view .LVU247
 276:Core/Src/usart.c **** 
 712              		.loc 1 276 5 view .LVU248
 713 0168 554B     		ldr	r3, .L51+40
 714 016a E363     		str	r3, [r4, #60]
 276:Core/Src/usart.c **** 
 715              		.loc 1 276 5 view .LVU249
 716 016c 9C63     		str	r4, [r3, #56]
 276:Core/Src/usart.c **** 
 717              		.loc 1 276 5 view .LVU250
 279:Core/Src/usart.c ****     HAL_NVIC_EnableIRQ(UART5_IRQn);
 718              		.loc 1 279 5 view .LVU251
 719 016e 0022     		movs	r2, #0
 720 0170 0521     		movs	r1, #5
 721 0172 3520     		movs	r0, #53
 722 0174 FFF7FEFF 		bl	HAL_NVIC_SetPriority
 723              	.LVL24:
 280:Core/Src/usart.c ****   /* USER CODE BEGIN UART5_MspInit 1 */
 724              		.loc 1 280 5 view .LVU252
 725 0178 3520     		movs	r0, #53
 726 017a FFF7FEFF 		bl	HAL_NVIC_EnableIRQ
 727              	.LVL25:
 728 017e 5CE7     		b	.L31
 729              	.L48:
 273:Core/Src/usart.c ****     }
 730              		.loc 1 273 7 view .LVU253
 731 0180 FFF7FEFF 		bl	Error_Handler
 732              	.LVL26:
 733 0184 F0E7     		b	.L36
ARM GAS  C:\Users\honor\AppData\Local\Temp\cckALqDy.s 			page 23


 734              	.LVL27:
 735              	.L44:
 291:Core/Src/usart.c **** 
 736              		.loc 1 291 5 view .LVU254
 737              	.LBB7:
 291:Core/Src/usart.c **** 
 738              		.loc 1 291 5 view .LVU255
 739 0186 0025     		movs	r5, #0
 740 0188 0595     		str	r5, [sp, #20]
 291:Core/Src/usart.c **** 
 741              		.loc 1 291 5 view .LVU256
 742 018a 484B     		ldr	r3, .L51+20
 743 018c 5A6C     		ldr	r2, [r3, #68]
 744 018e 42F01002 		orr	r2, r2, #16
 745 0192 5A64     		str	r2, [r3, #68]
 291:Core/Src/usart.c **** 
 746              		.loc 1 291 5 view .LVU257
 747 0194 5A6C     		ldr	r2, [r3, #68]
 748 0196 02F01002 		and	r2, r2, #16
 749 019a 0592     		str	r2, [sp, #20]
 291:Core/Src/usart.c **** 
 750              		.loc 1 291 5 view .LVU258
 751 019c 059A     		ldr	r2, [sp, #20]
 752              	.LBE7:
 291:Core/Src/usart.c **** 
 753              		.loc 1 291 5 view .LVU259
 293:Core/Src/usart.c ****     /**USART1 GPIO Configuration
 754              		.loc 1 293 5 view .LVU260
 755              	.LBB8:
 293:Core/Src/usart.c ****     /**USART1 GPIO Configuration
 756              		.loc 1 293 5 view .LVU261
 757 019e 0695     		str	r5, [sp, #24]
 293:Core/Src/usart.c ****     /**USART1 GPIO Configuration
 758              		.loc 1 293 5 view .LVU262
 759 01a0 1A6B     		ldr	r2, [r3, #48]
 760 01a2 42F00102 		orr	r2, r2, #1
 761 01a6 1A63     		str	r2, [r3, #48]
 293:Core/Src/usart.c ****     /**USART1 GPIO Configuration
 762              		.loc 1 293 5 view .LVU263
 763 01a8 1B6B     		ldr	r3, [r3, #48]
 764 01aa 03F00103 		and	r3, r3, #1
 765 01ae 0693     		str	r3, [sp, #24]
 293:Core/Src/usart.c ****     /**USART1 GPIO Configuration
 766              		.loc 1 293 5 view .LVU264
 767 01b0 069B     		ldr	r3, [sp, #24]
 768              	.LBE8:
 293:Core/Src/usart.c ****     /**USART1 GPIO Configuration
 769              		.loc 1 293 5 view .LVU265
 298:Core/Src/usart.c ****     GPIO_InitStruct.Mode = GPIO_MODE_AF_PP;
 770              		.loc 1 298 5 view .LVU266
 298:Core/Src/usart.c ****     GPIO_InitStruct.Mode = GPIO_MODE_AF_PP;
 771              		.loc 1 298 25 is_stmt 0 view .LVU267
 772 01b2 4FF4C063 		mov	r3, #1536
 773 01b6 0B93     		str	r3, [sp, #44]
 299:Core/Src/usart.c ****     GPIO_InitStruct.Pull = GPIO_NOPULL;
 774              		.loc 1 299 5 is_stmt 1 view .LVU268
 299:Core/Src/usart.c ****     GPIO_InitStruct.Pull = GPIO_NOPULL;
ARM GAS  C:\Users\honor\AppData\Local\Temp\cckALqDy.s 			page 24


 775              		.loc 1 299 26 is_stmt 0 view .LVU269
 776 01b8 0223     		movs	r3, #2
 777 01ba 0C93     		str	r3, [sp, #48]
 300:Core/Src/usart.c ****     GPIO_InitStruct.Speed = GPIO_SPEED_FREQ_VERY_HIGH;
 778              		.loc 1 300 5 is_stmt 1 view .LVU270
 301:Core/Src/usart.c ****     GPIO_InitStruct.Alternate = GPIO_AF7_USART1;
 779              		.loc 1 301 5 view .LVU271
 301:Core/Src/usart.c ****     GPIO_InitStruct.Alternate = GPIO_AF7_USART1;
 780              		.loc 1 301 27 is_stmt 0 view .LVU272
 781 01bc 0323     		movs	r3, #3
 782 01be 0E93     		str	r3, [sp, #56]
 302:Core/Src/usart.c ****     HAL_GPIO_Init(GPIOA, &GPIO_InitStruct);
 783              		.loc 1 302 5 is_stmt 1 view .LVU273
 302:Core/Src/usart.c ****     HAL_GPIO_Init(GPIOA, &GPIO_InitStruct);
 784              		.loc 1 302 31 is_stmt 0 view .LVU274
 785 01c0 0723     		movs	r3, #7
 786 01c2 0F93     		str	r3, [sp, #60]
 303:Core/Src/usart.c **** 
 787              		.loc 1 303 5 is_stmt 1 view .LVU275
 788 01c4 0BA9     		add	r1, sp, #44
 789 01c6 4048     		ldr	r0, .L51+48
 790              	.LVL28:
 303:Core/Src/usart.c **** 
 791              		.loc 1 303 5 is_stmt 0 view .LVU276
 792 01c8 FFF7FEFF 		bl	HAL_GPIO_Init
 793              	.LVL29:
 307:Core/Src/usart.c ****     hdma_usart1_rx.Init.Channel = DMA_CHANNEL_4;
 794              		.loc 1 307 5 is_stmt 1 view .LVU277
 307:Core/Src/usart.c ****     hdma_usart1_rx.Init.Channel = DMA_CHANNEL_4;
 795              		.loc 1 307 29 is_stmt 0 view .LVU278
 796 01cc 3F48     		ldr	r0, .L51+52
 797 01ce 404B     		ldr	r3, .L51+56
 798 01d0 0360     		str	r3, [r0]
 308:Core/Src/usart.c ****     hdma_usart1_rx.Init.Direction = DMA_PERIPH_TO_MEMORY;
 799              		.loc 1 308 5 is_stmt 1 view .LVU279
 308:Core/Src/usart.c ****     hdma_usart1_rx.Init.Direction = DMA_PERIPH_TO_MEMORY;
 800              		.loc 1 308 33 is_stmt 0 view .LVU280
 801 01d2 4FF00063 		mov	r3, #134217728
 802 01d6 4360     		str	r3, [r0, #4]
 309:Core/Src/usart.c ****     hdma_usart1_rx.Init.PeriphInc = DMA_PINC_DISABLE;
 803              		.loc 1 309 5 is_stmt 1 view .LVU281
 309:Core/Src/usart.c ****     hdma_usart1_rx.Init.PeriphInc = DMA_PINC_DISABLE;
 804              		.loc 1 309 35 is_stmt 0 view .LVU282
 805 01d8 8560     		str	r5, [r0, #8]
 310:Core/Src/usart.c ****     hdma_usart1_rx.Init.MemInc = DMA_MINC_ENABLE;
 806              		.loc 1 310 5 is_stmt 1 view .LVU283
 310:Core/Src/usart.c ****     hdma_usart1_rx.Init.MemInc = DMA_MINC_ENABLE;
 807              		.loc 1 310 35 is_stmt 0 view .LVU284
 808 01da C560     		str	r5, [r0, #12]
 311:Core/Src/usart.c ****     hdma_usart1_rx.Init.PeriphDataAlignment = DMA_PDATAALIGN_BYTE;
 809              		.loc 1 311 5 is_stmt 1 view .LVU285
 311:Core/Src/usart.c ****     hdma_usart1_rx.Init.PeriphDataAlignment = DMA_PDATAALIGN_BYTE;
 810              		.loc 1 311 32 is_stmt 0 view .LVU286
 811 01dc 4FF48063 		mov	r3, #1024
 812 01e0 0361     		str	r3, [r0, #16]
 312:Core/Src/usart.c ****     hdma_usart1_rx.Init.MemDataAlignment = DMA_MDATAALIGN_BYTE;
 813              		.loc 1 312 5 is_stmt 1 view .LVU287
ARM GAS  C:\Users\honor\AppData\Local\Temp\cckALqDy.s 			page 25


 312:Core/Src/usart.c ****     hdma_usart1_rx.Init.MemDataAlignment = DMA_MDATAALIGN_BYTE;
 814              		.loc 1 312 45 is_stmt 0 view .LVU288
 815 01e2 4561     		str	r5, [r0, #20]
 313:Core/Src/usart.c ****     hdma_usart1_rx.Init.Mode = DMA_NORMAL;
 816              		.loc 1 313 5 is_stmt 1 view .LVU289
 313:Core/Src/usart.c ****     hdma_usart1_rx.Init.Mode = DMA_NORMAL;
 817              		.loc 1 313 42 is_stmt 0 view .LVU290
 818 01e4 8561     		str	r5, [r0, #24]
 314:Core/Src/usart.c ****     hdma_usart1_rx.Init.Priority = DMA_PRIORITY_LOW;
 819              		.loc 1 314 5 is_stmt 1 view .LVU291
 314:Core/Src/usart.c ****     hdma_usart1_rx.Init.Priority = DMA_PRIORITY_LOW;
 820              		.loc 1 314 30 is_stmt 0 view .LVU292
 821 01e6 C561     		str	r5, [r0, #28]
 315:Core/Src/usart.c ****     hdma_usart1_rx.Init.FIFOMode = DMA_FIFOMODE_DISABLE;
 822              		.loc 1 315 5 is_stmt 1 view .LVU293
 315:Core/Src/usart.c ****     hdma_usart1_rx.Init.FIFOMode = DMA_FIFOMODE_DISABLE;
 823              		.loc 1 315 34 is_stmt 0 view .LVU294
 824 01e8 0562     		str	r5, [r0, #32]
 316:Core/Src/usart.c ****     if (HAL_DMA_Init(&hdma_usart1_rx) != HAL_OK)
 825              		.loc 1 316 5 is_stmt 1 view .LVU295
 316:Core/Src/usart.c ****     if (HAL_DMA_Init(&hdma_usart1_rx) != HAL_OK)
 826              		.loc 1 316 34 is_stmt 0 view .LVU296
 827 01ea 4562     		str	r5, [r0, #36]
 317:Core/Src/usart.c ****     {
 828              		.loc 1 317 5 is_stmt 1 view .LVU297
 317:Core/Src/usart.c ****     {
 829              		.loc 1 317 9 is_stmt 0 view .LVU298
 830 01ec FFF7FEFF 		bl	HAL_DMA_Init
 831              	.LVL30:
 317:Core/Src/usart.c ****     {
 832              		.loc 1 317 8 view .LVU299
 833 01f0 58B9     		cbnz	r0, .L49
 834              	.L38:
 322:Core/Src/usart.c **** 
 835              		.loc 1 322 5 is_stmt 1 view .LVU300
 322:Core/Src/usart.c **** 
 836              		.loc 1 322 5 view .LVU301
 837 01f2 364B     		ldr	r3, .L51+52
 838 01f4 E363     		str	r3, [r4, #60]
 322:Core/Src/usart.c **** 
 839              		.loc 1 322 5 view .LVU302
 840 01f6 9C63     		str	r4, [r3, #56]
 322:Core/Src/usart.c **** 
 841              		.loc 1 322 5 view .LVU303
 325:Core/Src/usart.c ****     HAL_NVIC_EnableIRQ(USART1_IRQn);
 842              		.loc 1 325 5 view .LVU304
 843 01f8 0022     		movs	r2, #0
 844 01fa 0521     		movs	r1, #5
 845 01fc 2520     		movs	r0, #37
 846 01fe FFF7FEFF 		bl	HAL_NVIC_SetPriority
 847              	.LVL31:
 326:Core/Src/usart.c ****   /* USER CODE BEGIN USART1_MspInit 1 */
 848              		.loc 1 326 5 view .LVU305
 849 0202 2520     		movs	r0, #37
 850 0204 FFF7FEFF 		bl	HAL_NVIC_EnableIRQ
 851              	.LVL32:
 852 0208 17E7     		b	.L31
ARM GAS  C:\Users\honor\AppData\Local\Temp\cckALqDy.s 			page 26


 853              	.L49:
 319:Core/Src/usart.c ****     }
 854              		.loc 1 319 7 view .LVU306
 855 020a FFF7FEFF 		bl	Error_Handler
 856              	.LVL33:
 857 020e F0E7     		b	.L38
 858              	.LVL34:
 859              	.L45:
 337:Core/Src/usart.c **** 
 860              		.loc 1 337 5 view .LVU307
 861              	.LBB9:
 337:Core/Src/usart.c **** 
 862              		.loc 1 337 5 view .LVU308
 863 0210 0025     		movs	r5, #0
 864 0212 0795     		str	r5, [sp, #28]
 337:Core/Src/usart.c **** 
 865              		.loc 1 337 5 view .LVU309
 866 0214 254B     		ldr	r3, .L51+20
 867 0216 1A6C     		ldr	r2, [r3, #64]
 868 0218 42F40032 		orr	r2, r2, #131072
 869 021c 1A64     		str	r2, [r3, #64]
 337:Core/Src/usart.c **** 
 870              		.loc 1 337 5 view .LVU310
 871 021e 1A6C     		ldr	r2, [r3, #64]
 872 0220 02F40032 		and	r2, r2, #131072
 873 0224 0792     		str	r2, [sp, #28]
 337:Core/Src/usart.c **** 
 874              		.loc 1 337 5 view .LVU311
 875 0226 079A     		ldr	r2, [sp, #28]
 876              	.LBE9:
 337:Core/Src/usart.c **** 
 877              		.loc 1 337 5 view .LVU312
 339:Core/Src/usart.c ****     /**USART2 GPIO Configuration
 878              		.loc 1 339 5 view .LVU313
 879              	.LBB10:
 339:Core/Src/usart.c ****     /**USART2 GPIO Configuration
 880              		.loc 1 339 5 view .LVU314
 881 0228 0895     		str	r5, [sp, #32]
 339:Core/Src/usart.c ****     /**USART2 GPIO Configuration
 882              		.loc 1 339 5 view .LVU315
 883 022a 1A6B     		ldr	r2, [r3, #48]
 884 022c 42F00102 		orr	r2, r2, #1
 885 0230 1A63     		str	r2, [r3, #48]
 339:Core/Src/usart.c ****     /**USART2 GPIO Configuration
 886              		.loc 1 339 5 view .LVU316
 887 0232 1B6B     		ldr	r3, [r3, #48]
 888 0234 03F00103 		and	r3, r3, #1
 889 0238 0893     		str	r3, [sp, #32]
 339:Core/Src/usart.c ****     /**USART2 GPIO Configuration
 890              		.loc 1 339 5 view .LVU317
 891 023a 089B     		ldr	r3, [sp, #32]
 892              	.LBE10:
 339:Core/Src/usart.c ****     /**USART2 GPIO Configuration
 893              		.loc 1 339 5 view .LVU318
 344:Core/Src/usart.c ****     GPIO_InitStruct.Mode = GPIO_MODE_AF_PP;
 894              		.loc 1 344 5 view .LVU319
 344:Core/Src/usart.c ****     GPIO_InitStruct.Mode = GPIO_MODE_AF_PP;
ARM GAS  C:\Users\honor\AppData\Local\Temp\cckALqDy.s 			page 27


 895              		.loc 1 344 25 is_stmt 0 view .LVU320
 896 023c 0C23     		movs	r3, #12
 897 023e 0B93     		str	r3, [sp, #44]
 345:Core/Src/usart.c ****     GPIO_InitStruct.Pull = GPIO_NOPULL;
 898              		.loc 1 345 5 is_stmt 1 view .LVU321
 345:Core/Src/usart.c ****     GPIO_InitStruct.Pull = GPIO_NOPULL;
 899              		.loc 1 345 26 is_stmt 0 view .LVU322
 900 0240 0223     		movs	r3, #2
 901 0242 0C93     		str	r3, [sp, #48]
 346:Core/Src/usart.c ****     GPIO_InitStruct.Speed = GPIO_SPEED_FREQ_VERY_HIGH;
 902              		.loc 1 346 5 is_stmt 1 view .LVU323
 347:Core/Src/usart.c ****     GPIO_InitStruct.Alternate = GPIO_AF7_USART2;
 903              		.loc 1 347 5 view .LVU324
 347:Core/Src/usart.c ****     GPIO_InitStruct.Alternate = GPIO_AF7_USART2;
 904              		.loc 1 347 27 is_stmt 0 view .LVU325
 905 0244 0323     		movs	r3, #3
 906 0246 0E93     		str	r3, [sp, #56]
 348:Core/Src/usart.c ****     HAL_GPIO_Init(GPIOA, &GPIO_InitStruct);
 907              		.loc 1 348 5 is_stmt 1 view .LVU326
 348:Core/Src/usart.c ****     HAL_GPIO_Init(GPIOA, &GPIO_InitStruct);
 908              		.loc 1 348 31 is_stmt 0 view .LVU327
 909 0248 0723     		movs	r3, #7
 910 024a 0F93     		str	r3, [sp, #60]
 349:Core/Src/usart.c **** 
 911              		.loc 1 349 5 is_stmt 1 view .LVU328
 912 024c 0BA9     		add	r1, sp, #44
 913 024e 1E48     		ldr	r0, .L51+48
 914              	.LVL35:
 349:Core/Src/usart.c **** 
 915              		.loc 1 349 5 is_stmt 0 view .LVU329
 916 0250 FFF7FEFF 		bl	HAL_GPIO_Init
 917              	.LVL36:
 353:Core/Src/usart.c ****     hdma_usart2_rx.Init.Channel = DMA_CHANNEL_4;
 918              		.loc 1 353 5 is_stmt 1 view .LVU330
 353:Core/Src/usart.c ****     hdma_usart2_rx.Init.Channel = DMA_CHANNEL_4;
 919              		.loc 1 353 29 is_stmt 0 view .LVU331
 920 0254 1F48     		ldr	r0, .L51+60
 921 0256 204B     		ldr	r3, .L51+64
 922 0258 0360     		str	r3, [r0]
 354:Core/Src/usart.c ****     hdma_usart2_rx.Init.Direction = DMA_PERIPH_TO_MEMORY;
 923              		.loc 1 354 5 is_stmt 1 view .LVU332
 354:Core/Src/usart.c ****     hdma_usart2_rx.Init.Direction = DMA_PERIPH_TO_MEMORY;
 924              		.loc 1 354 33 is_stmt 0 view .LVU333
 925 025a 4FF00063 		mov	r3, #134217728
 926 025e 4360     		str	r3, [r0, #4]
 355:Core/Src/usart.c ****     hdma_usart2_rx.Init.PeriphInc = DMA_PINC_DISABLE;
 927              		.loc 1 355 5 is_stmt 1 view .LVU334
 355:Core/Src/usart.c ****     hdma_usart2_rx.Init.PeriphInc = DMA_PINC_DISABLE;
 928              		.loc 1 355 35 is_stmt 0 view .LVU335
 929 0260 8560     		str	r5, [r0, #8]
 356:Core/Src/usart.c ****     hdma_usart2_rx.Init.MemInc = DMA_MINC_ENABLE;
 930              		.loc 1 356 5 is_stmt 1 view .LVU336
 356:Core/Src/usart.c ****     hdma_usart2_rx.Init.MemInc = DMA_MINC_ENABLE;
 931              		.loc 1 356 35 is_stmt 0 view .LVU337
 932 0262 C560     		str	r5, [r0, #12]
 357:Core/Src/usart.c ****     hdma_usart2_rx.Init.PeriphDataAlignment = DMA_PDATAALIGN_BYTE;
 933              		.loc 1 357 5 is_stmt 1 view .LVU338
ARM GAS  C:\Users\honor\AppData\Local\Temp\cckALqDy.s 			page 28


 357:Core/Src/usart.c ****     hdma_usart2_rx.Init.PeriphDataAlignment = DMA_PDATAALIGN_BYTE;
 934              		.loc 1 357 32 is_stmt 0 view .LVU339
 935 0264 4FF48063 		mov	r3, #1024
 936 0268 0361     		str	r3, [r0, #16]
 358:Core/Src/usart.c ****     hdma_usart2_rx.Init.MemDataAlignment = DMA_MDATAALIGN_BYTE;
 937              		.loc 1 358 5 is_stmt 1 view .LVU340
 358:Core/Src/usart.c ****     hdma_usart2_rx.Init.MemDataAlignment = DMA_MDATAALIGN_BYTE;
 938              		.loc 1 358 45 is_stmt 0 view .LVU341
 939 026a 4561     		str	r5, [r0, #20]
 359:Core/Src/usart.c ****     hdma_usart2_rx.Init.Mode = DMA_NORMAL;
 940              		.loc 1 359 5 is_stmt 1 view .LVU342
 359:Core/Src/usart.c ****     hdma_usart2_rx.Init.Mode = DMA_NORMAL;
 941              		.loc 1 359 42 is_stmt 0 view .LVU343
 942 026c 8561     		str	r5, [r0, #24]
 360:Core/Src/usart.c ****     hdma_usart2_rx.Init.Priority = DMA_PRIORITY_LOW;
 943              		.loc 1 360 5 is_stmt 1 view .LVU344
 360:Core/Src/usart.c ****     hdma_usart2_rx.Init.Priority = DMA_PRIORITY_LOW;
 944              		.loc 1 360 30 is_stmt 0 view .LVU345
 945 026e C561     		str	r5, [r0, #28]
 361:Core/Src/usart.c ****     hdma_usart2_rx.Init.FIFOMode = DMA_FIFOMODE_DISABLE;
 946              		.loc 1 361 5 is_stmt 1 view .LVU346
 361:Core/Src/usart.c ****     hdma_usart2_rx.Init.FIFOMode = DMA_FIFOMODE_DISABLE;
 947              		.loc 1 361 34 is_stmt 0 view .LVU347
 948 0270 0562     		str	r5, [r0, #32]
 362:Core/Src/usart.c ****     if (HAL_DMA_Init(&hdma_usart2_rx) != HAL_OK)
 949              		.loc 1 362 5 is_stmt 1 view .LVU348
 362:Core/Src/usart.c ****     if (HAL_DMA_Init(&hdma_usart2_rx) != HAL_OK)
 950              		.loc 1 362 34 is_stmt 0 view .LVU349
 951 0272 4562     		str	r5, [r0, #36]
 363:Core/Src/usart.c ****     {
 952              		.loc 1 363 5 is_stmt 1 view .LVU350
 363:Core/Src/usart.c ****     {
 953              		.loc 1 363 9 is_stmt 0 view .LVU351
 954 0274 FFF7FEFF 		bl	HAL_DMA_Init
 955              	.LVL37:
 363:Core/Src/usart.c ****     {
 956              		.loc 1 363 8 view .LVU352
 957 0278 58B9     		cbnz	r0, .L50
 958              	.L40:
 368:Core/Src/usart.c **** 
 959              		.loc 1 368 5 is_stmt 1 view .LVU353
 368:Core/Src/usart.c **** 
 960              		.loc 1 368 5 view .LVU354
 961 027a 164B     		ldr	r3, .L51+60
 962 027c E363     		str	r3, [r4, #60]
 368:Core/Src/usart.c **** 
 963              		.loc 1 368 5 view .LVU355
 964 027e 9C63     		str	r4, [r3, #56]
 368:Core/Src/usart.c **** 
 965              		.loc 1 368 5 view .LVU356
 371:Core/Src/usart.c ****     HAL_NVIC_EnableIRQ(USART2_IRQn);
 966              		.loc 1 371 5 view .LVU357
 967 0280 0022     		movs	r2, #0
 968 0282 0521     		movs	r1, #5
 969 0284 2620     		movs	r0, #38
 970 0286 FFF7FEFF 		bl	HAL_NVIC_SetPriority
 971              	.LVL38:
ARM GAS  C:\Users\honor\AppData\Local\Temp\cckALqDy.s 			page 29


 372:Core/Src/usart.c ****   /* USER CODE BEGIN USART2_MspInit 1 */
 972              		.loc 1 372 5 view .LVU358
 973 028a 2620     		movs	r0, #38
 974 028c FFF7FEFF 		bl	HAL_NVIC_EnableIRQ
 975              	.LVL39:
 976 0290 D3E6     		b	.L31
 977              	.L50:
 365:Core/Src/usart.c ****     }
 978              		.loc 1 365 7 view .LVU359
 979 0292 FFF7FEFF 		bl	Error_Handler
 980              	.LVL40:
 981 0296 F0E7     		b	.L40
 982              	.L52:
 983              		.align	2
 984              	.L51:
 985 0298 004C0040 		.word	1073761280
 986 029c 00500040 		.word	1073762304
 987 02a0 00100140 		.word	1073811456
 988 02a4 00440040 		.word	1073759232
 989 02a8 00480040 		.word	1073760256
 990 02ac 00380240 		.word	1073887232
 991 02b0 00080240 		.word	1073874944
 992 02b4 00000000 		.word	.LANCHOR5
 993 02b8 40600240 		.word	1073897536
 994 02bc 000C0240 		.word	1073875968
 995 02c0 00000000 		.word	.LANCHOR6
 996 02c4 10600240 		.word	1073897488
 997 02c8 00000240 		.word	1073872896
 998 02cc 00000000 		.word	.LANCHOR7
 999 02d0 40640240 		.word	1073898560
 1000 02d4 00000000 		.word	.LANCHOR8
 1001 02d8 88600240 		.word	1073897608
 1002              	.LVL41:
 1003              	.L46:
 383:Core/Src/usart.c **** 
 1004              		.loc 1 383 5 view .LVU360
 1005              	.LBB11:
 383:Core/Src/usart.c **** 
 1006              		.loc 1 383 5 view .LVU361
 1007 02dc 0024     		movs	r4, #0
 1008 02de 0994     		str	r4, [sp, #36]
 383:Core/Src/usart.c **** 
 1009              		.loc 1 383 5 view .LVU362
 1010 02e0 144B     		ldr	r3, .L53
 1011 02e2 1A6C     		ldr	r2, [r3, #64]
 1012 02e4 42F48022 		orr	r2, r2, #262144
 1013 02e8 1A64     		str	r2, [r3, #64]
 383:Core/Src/usart.c **** 
 1014              		.loc 1 383 5 view .LVU363
 1015 02ea 1A6C     		ldr	r2, [r3, #64]
 1016 02ec 02F48022 		and	r2, r2, #262144
 1017 02f0 0992     		str	r2, [sp, #36]
 383:Core/Src/usart.c **** 
 1018              		.loc 1 383 5 view .LVU364
 1019 02f2 099A     		ldr	r2, [sp, #36]
 1020              	.LBE11:
 383:Core/Src/usart.c **** 
ARM GAS  C:\Users\honor\AppData\Local\Temp\cckALqDy.s 			page 30


 1021              		.loc 1 383 5 view .LVU365
 385:Core/Src/usart.c ****     /**USART3 GPIO Configuration
 1022              		.loc 1 385 5 view .LVU366
 1023              	.LBB12:
 385:Core/Src/usart.c ****     /**USART3 GPIO Configuration
 1024              		.loc 1 385 5 view .LVU367
 1025 02f4 0A94     		str	r4, [sp, #40]
 385:Core/Src/usart.c ****     /**USART3 GPIO Configuration
 1026              		.loc 1 385 5 view .LVU368
 1027 02f6 1A6B     		ldr	r2, [r3, #48]
 1028 02f8 42F00202 		orr	r2, r2, #2
 1029 02fc 1A63     		str	r2, [r3, #48]
 385:Core/Src/usart.c ****     /**USART3 GPIO Configuration
 1030              		.loc 1 385 5 view .LVU369
 1031 02fe 1B6B     		ldr	r3, [r3, #48]
 1032 0300 03F00203 		and	r3, r3, #2
 1033 0304 0A93     		str	r3, [sp, #40]
 385:Core/Src/usart.c ****     /**USART3 GPIO Configuration
 1034              		.loc 1 385 5 view .LVU370
 1035 0306 0A9B     		ldr	r3, [sp, #40]
 1036              	.LBE12:
 385:Core/Src/usart.c ****     /**USART3 GPIO Configuration
 1037              		.loc 1 385 5 view .LVU371
 390:Core/Src/usart.c ****     GPIO_InitStruct.Mode = GPIO_MODE_AF_PP;
 1038              		.loc 1 390 5 view .LVU372
 390:Core/Src/usart.c ****     GPIO_InitStruct.Mode = GPIO_MODE_AF_PP;
 1039              		.loc 1 390 25 is_stmt 0 view .LVU373
 1040 0308 4FF44063 		mov	r3, #3072
 1041 030c 0B93     		str	r3, [sp, #44]
 391:Core/Src/usart.c ****     GPIO_InitStruct.Pull = GPIO_NOPULL;
 1042              		.loc 1 391 5 is_stmt 1 view .LVU374
 391:Core/Src/usart.c ****     GPIO_InitStruct.Pull = GPIO_NOPULL;
 1043              		.loc 1 391 26 is_stmt 0 view .LVU375
 1044 030e 0223     		movs	r3, #2
 1045 0310 0C93     		str	r3, [sp, #48]
 392:Core/Src/usart.c ****     GPIO_InitStruct.Speed = GPIO_SPEED_FREQ_VERY_HIGH;
 1046              		.loc 1 392 5 is_stmt 1 view .LVU376
 393:Core/Src/usart.c ****     GPIO_InitStruct.Alternate = GPIO_AF7_USART3;
 1047              		.loc 1 393 5 view .LVU377
 393:Core/Src/usart.c ****     GPIO_InitStruct.Alternate = GPIO_AF7_USART3;
 1048              		.loc 1 393 27 is_stmt 0 view .LVU378
 1049 0312 0323     		movs	r3, #3
 1050 0314 0E93     		str	r3, [sp, #56]
 394:Core/Src/usart.c ****     HAL_GPIO_Init(GPIOB, &GPIO_InitStruct);
 1051              		.loc 1 394 5 is_stmt 1 view .LVU379
 394:Core/Src/usart.c ****     HAL_GPIO_Init(GPIOB, &GPIO_InitStruct);
 1052              		.loc 1 394 31 is_stmt 0 view .LVU380
 1053 0316 0723     		movs	r3, #7
 1054 0318 0F93     		str	r3, [sp, #60]
 395:Core/Src/usart.c **** 
 1055              		.loc 1 395 5 is_stmt 1 view .LVU381
 1056 031a 0BA9     		add	r1, sp, #44
 1057 031c 0648     		ldr	r0, .L53+4
 1058              	.LVL42:
 395:Core/Src/usart.c **** 
 1059              		.loc 1 395 5 is_stmt 0 view .LVU382
 1060 031e FFF7FEFF 		bl	HAL_GPIO_Init
ARM GAS  C:\Users\honor\AppData\Local\Temp\cckALqDy.s 			page 31


 1061              	.LVL43:
 398:Core/Src/usart.c ****     HAL_NVIC_EnableIRQ(USART3_IRQn);
 1062              		.loc 1 398 5 is_stmt 1 view .LVU383
 1063 0322 2246     		mov	r2, r4
 1064 0324 0521     		movs	r1, #5
 1065 0326 2720     		movs	r0, #39
 1066 0328 FFF7FEFF 		bl	HAL_NVIC_SetPriority
 1067              	.LVL44:
 399:Core/Src/usart.c ****   /* USER CODE BEGIN USART3_MspInit 1 */
 1068              		.loc 1 399 5 view .LVU384
 1069 032c 2720     		movs	r0, #39
 1070 032e FFF7FEFF 		bl	HAL_NVIC_EnableIRQ
 1071              	.LVL45:
 1072              		.loc 1 404 1 is_stmt 0 view .LVU385
 1073 0332 82E6     		b	.L31
 1074              	.L54:
 1075              		.align	2
 1076              	.L53:
 1077 0334 00380240 		.word	1073887232
 1078 0338 00040240 		.word	1073873920
 1079              		.cfi_endproc
 1080              	.LFE244:
 1082              		.section	.text.HAL_UART_MspDeInit,"ax",%progbits
 1083              		.align	1
 1084              		.global	HAL_UART_MspDeInit
 1085              		.syntax unified
 1086              		.thumb
 1087              		.thumb_func
 1089              	HAL_UART_MspDeInit:
 1090              	.LVL46:
 1091              	.LFB245:
 405:Core/Src/usart.c **** 
 406:Core/Src/usart.c **** void HAL_UART_MspDeInit(UART_HandleTypeDef* uartHandle)
 407:Core/Src/usart.c **** {
 1092              		.loc 1 407 1 is_stmt 1 view -0
 1093              		.cfi_startproc
 1094              		@ args = 0, pretend = 0, frame = 0
 1095              		@ frame_needed = 0, uses_anonymous_args = 0
 1096              		.loc 1 407 1 is_stmt 0 view .LVU387
 1097 0000 10B5     		push	{r4, lr}
 1098              	.LCFI9:
 1099              		.cfi_def_cfa_offset 8
 1100              		.cfi_offset 4, -8
 1101              		.cfi_offset 14, -4
 1102 0002 0446     		mov	r4, r0
 408:Core/Src/usart.c **** 
 409:Core/Src/usart.c ****   if(uartHandle->Instance==UART4)
 1103              		.loc 1 409 3 is_stmt 1 view .LVU388
 1104              		.loc 1 409 16 is_stmt 0 view .LVU389
 1105 0004 0368     		ldr	r3, [r0]
 1106              		.loc 1 409 5 view .LVU390
 1107 0006 354A     		ldr	r2, .L67
 1108 0008 9342     		cmp	r3, r2
 1109 000a 0CD0     		beq	.L62
 410:Core/Src/usart.c ****   {
 411:Core/Src/usart.c ****   /* USER CODE BEGIN UART4_MspDeInit 0 */
 412:Core/Src/usart.c **** 
ARM GAS  C:\Users\honor\AppData\Local\Temp\cckALqDy.s 			page 32


 413:Core/Src/usart.c ****   /* USER CODE END UART4_MspDeInit 0 */
 414:Core/Src/usart.c ****     /* Peripheral clock disable */
 415:Core/Src/usart.c ****     __HAL_RCC_UART4_CLK_DISABLE();
 416:Core/Src/usart.c **** 
 417:Core/Src/usart.c ****     /**UART4 GPIO Configuration
 418:Core/Src/usart.c ****     PC10     ------> UART4_TX
 419:Core/Src/usart.c ****     PC11     ------> UART4_RX
 420:Core/Src/usart.c ****     */
 421:Core/Src/usart.c ****     HAL_GPIO_DeInit(GPIOC, GPIO_PIN_10|GPIO_PIN_11);
 422:Core/Src/usart.c **** 
 423:Core/Src/usart.c ****     /* UART4 DMA DeInit */
 424:Core/Src/usart.c ****     HAL_DMA_DeInit(uartHandle->hdmarx);
 425:Core/Src/usart.c **** 
 426:Core/Src/usart.c ****     /* UART4 interrupt Deinit */
 427:Core/Src/usart.c ****     HAL_NVIC_DisableIRQ(UART4_IRQn);
 428:Core/Src/usart.c ****   /* USER CODE BEGIN UART4_MspDeInit 1 */
 429:Core/Src/usart.c **** 
 430:Core/Src/usart.c ****   /* USER CODE END UART4_MspDeInit 1 */
 431:Core/Src/usart.c ****   }
 432:Core/Src/usart.c ****   else if(uartHandle->Instance==UART5)
 1110              		.loc 1 432 8 is_stmt 1 view .LVU391
 1111              		.loc 1 432 10 is_stmt 0 view .LVU392
 1112 000c 344A     		ldr	r2, .L67+4
 1113 000e 9342     		cmp	r3, r2
 1114 0010 1BD0     		beq	.L63
 433:Core/Src/usart.c ****   {
 434:Core/Src/usart.c ****   /* USER CODE BEGIN UART5_MspDeInit 0 */
 435:Core/Src/usart.c **** 
 436:Core/Src/usart.c ****   /* USER CODE END UART5_MspDeInit 0 */
 437:Core/Src/usart.c ****     /* Peripheral clock disable */
 438:Core/Src/usart.c ****     __HAL_RCC_UART5_CLK_DISABLE();
 439:Core/Src/usart.c **** 
 440:Core/Src/usart.c ****     /**UART5 GPIO Configuration
 441:Core/Src/usart.c ****     PC12     ------> UART5_TX
 442:Core/Src/usart.c ****     PD2     ------> UART5_RX
 443:Core/Src/usart.c ****     */
 444:Core/Src/usart.c ****     HAL_GPIO_DeInit(GPIOC, GPIO_PIN_12);
 445:Core/Src/usart.c **** 
 446:Core/Src/usart.c ****     HAL_GPIO_DeInit(GPIOD, GPIO_PIN_2);
 447:Core/Src/usart.c **** 
 448:Core/Src/usart.c ****     /* UART5 DMA DeInit */
 449:Core/Src/usart.c ****     HAL_DMA_DeInit(uartHandle->hdmarx);
 450:Core/Src/usart.c **** 
 451:Core/Src/usart.c ****     /* UART5 interrupt Deinit */
 452:Core/Src/usart.c ****     HAL_NVIC_DisableIRQ(UART5_IRQn);
 453:Core/Src/usart.c ****   /* USER CODE BEGIN UART5_MspDeInit 1 */
 454:Core/Src/usart.c **** 
 455:Core/Src/usart.c ****   /* USER CODE END UART5_MspDeInit 1 */
 456:Core/Src/usart.c ****   }
 457:Core/Src/usart.c ****   else if(uartHandle->Instance==USART1)
 1115              		.loc 1 457 8 is_stmt 1 view .LVU393
 1116              		.loc 1 457 10 is_stmt 0 view .LVU394
 1117 0012 344A     		ldr	r2, .L67+8
 1118 0014 9342     		cmp	r3, r2
 1119 0016 2ED0     		beq	.L64
 458:Core/Src/usart.c ****   {
 459:Core/Src/usart.c ****   /* USER CODE BEGIN USART1_MspDeInit 0 */
ARM GAS  C:\Users\honor\AppData\Local\Temp\cckALqDy.s 			page 33


 460:Core/Src/usart.c **** 
 461:Core/Src/usart.c ****   /* USER CODE END USART1_MspDeInit 0 */
 462:Core/Src/usart.c ****     /* Peripheral clock disable */
 463:Core/Src/usart.c ****     __HAL_RCC_USART1_CLK_DISABLE();
 464:Core/Src/usart.c **** 
 465:Core/Src/usart.c ****     /**USART1 GPIO Configuration
 466:Core/Src/usart.c ****     PA9     ------> USART1_TX
 467:Core/Src/usart.c ****     PA10     ------> USART1_RX
 468:Core/Src/usart.c ****     */
 469:Core/Src/usart.c ****     HAL_GPIO_DeInit(GPIOA, GPIO_PIN_9|GPIO_PIN_10);
 470:Core/Src/usart.c **** 
 471:Core/Src/usart.c ****     /* USART1 DMA DeInit */
 472:Core/Src/usart.c ****     HAL_DMA_DeInit(uartHandle->hdmarx);
 473:Core/Src/usart.c **** 
 474:Core/Src/usart.c ****     /* USART1 interrupt Deinit */
 475:Core/Src/usart.c ****     HAL_NVIC_DisableIRQ(USART1_IRQn);
 476:Core/Src/usart.c ****   /* USER CODE BEGIN USART1_MspDeInit 1 */
 477:Core/Src/usart.c **** 
 478:Core/Src/usart.c ****   /* USER CODE END USART1_MspDeInit 1 */
 479:Core/Src/usart.c ****   }
 480:Core/Src/usart.c ****   else if(uartHandle->Instance==USART2)
 1120              		.loc 1 480 8 is_stmt 1 view .LVU395
 1121              		.loc 1 480 10 is_stmt 0 view .LVU396
 1122 0018 334A     		ldr	r2, .L67+12
 1123 001a 9342     		cmp	r3, r2
 1124 001c 3DD0     		beq	.L65
 481:Core/Src/usart.c ****   {
 482:Core/Src/usart.c ****   /* USER CODE BEGIN USART2_MspDeInit 0 */
 483:Core/Src/usart.c **** 
 484:Core/Src/usart.c ****   /* USER CODE END USART2_MspDeInit 0 */
 485:Core/Src/usart.c ****     /* Peripheral clock disable */
 486:Core/Src/usart.c ****     __HAL_RCC_USART2_CLK_DISABLE();
 487:Core/Src/usart.c **** 
 488:Core/Src/usart.c ****     /**USART2 GPIO Configuration
 489:Core/Src/usart.c ****     PA2     ------> USART2_TX
 490:Core/Src/usart.c ****     PA3     ------> USART2_RX
 491:Core/Src/usart.c ****     */
 492:Core/Src/usart.c ****     HAL_GPIO_DeInit(GPIOA, GPIO_PIN_2|GPIO_PIN_3);
 493:Core/Src/usart.c **** 
 494:Core/Src/usart.c ****     /* USART2 DMA DeInit */
 495:Core/Src/usart.c ****     HAL_DMA_DeInit(uartHandle->hdmarx);
 496:Core/Src/usart.c **** 
 497:Core/Src/usart.c ****     /* USART2 interrupt Deinit */
 498:Core/Src/usart.c ****     HAL_NVIC_DisableIRQ(USART2_IRQn);
 499:Core/Src/usart.c ****   /* USER CODE BEGIN USART2_MspDeInit 1 */
 500:Core/Src/usart.c **** 
 501:Core/Src/usart.c ****   /* USER CODE END USART2_MspDeInit 1 */
 502:Core/Src/usart.c ****   }
 503:Core/Src/usart.c ****   else if(uartHandle->Instance==USART3)
 1125              		.loc 1 503 8 is_stmt 1 view .LVU397
 1126              		.loc 1 503 10 is_stmt 0 view .LVU398
 1127 001e 334A     		ldr	r2, .L67+16
 1128 0020 9342     		cmp	r3, r2
 1129 0022 4BD0     		beq	.L66
 1130              	.LVL47:
 1131              	.L55:
 504:Core/Src/usart.c ****   {
ARM GAS  C:\Users\honor\AppData\Local\Temp\cckALqDy.s 			page 34


 505:Core/Src/usart.c ****   /* USER CODE BEGIN USART3_MspDeInit 0 */
 506:Core/Src/usart.c **** 
 507:Core/Src/usart.c ****   /* USER CODE END USART3_MspDeInit 0 */
 508:Core/Src/usart.c ****     /* Peripheral clock disable */
 509:Core/Src/usart.c ****     __HAL_RCC_USART3_CLK_DISABLE();
 510:Core/Src/usart.c **** 
 511:Core/Src/usart.c ****     /**USART3 GPIO Configuration
 512:Core/Src/usart.c ****     PB10     ------> USART3_TX
 513:Core/Src/usart.c ****     PB11     ------> USART3_RX
 514:Core/Src/usart.c ****     */
 515:Core/Src/usart.c ****     HAL_GPIO_DeInit(GPIOB, GPIO_PIN_10|GPIO_PIN_11);
 516:Core/Src/usart.c **** 
 517:Core/Src/usart.c ****     /* USART3 interrupt Deinit */
 518:Core/Src/usart.c ****     HAL_NVIC_DisableIRQ(USART3_IRQn);
 519:Core/Src/usart.c ****   /* USER CODE BEGIN USART3_MspDeInit 1 */
 520:Core/Src/usart.c **** 
 521:Core/Src/usart.c ****   /* USER CODE END USART3_MspDeInit 1 */
 522:Core/Src/usart.c ****   }
 523:Core/Src/usart.c **** }
 1132              		.loc 1 523 1 view .LVU399
 1133 0024 10BD     		pop	{r4, pc}
 1134              	.LVL48:
 1135              	.L62:
 415:Core/Src/usart.c **** 
 1136              		.loc 1 415 5 is_stmt 1 view .LVU400
 1137 0026 02F5F632 		add	r2, r2, #125952
 1138 002a 136C     		ldr	r3, [r2, #64]
 1139 002c 23F40023 		bic	r3, r3, #524288
 1140 0030 1364     		str	r3, [r2, #64]
 421:Core/Src/usart.c **** 
 1141              		.loc 1 421 5 view .LVU401
 1142 0032 4FF44061 		mov	r1, #3072
 1143 0036 2E48     		ldr	r0, .L67+20
 1144              	.LVL49:
 421:Core/Src/usart.c **** 
 1145              		.loc 1 421 5 is_stmt 0 view .LVU402
 1146 0038 FFF7FEFF 		bl	HAL_GPIO_DeInit
 1147              	.LVL50:
 424:Core/Src/usart.c **** 
 1148              		.loc 1 424 5 is_stmt 1 view .LVU403
 1149 003c E06B     		ldr	r0, [r4, #60]
 1150 003e FFF7FEFF 		bl	HAL_DMA_DeInit
 1151              	.LVL51:
 427:Core/Src/usart.c ****   /* USER CODE BEGIN UART4_MspDeInit 1 */
 1152              		.loc 1 427 5 view .LVU404
 1153 0042 3420     		movs	r0, #52
 1154 0044 FFF7FEFF 		bl	HAL_NVIC_DisableIRQ
 1155              	.LVL52:
 1156 0048 ECE7     		b	.L55
 1157              	.LVL53:
 1158              	.L63:
 438:Core/Src/usart.c **** 
 1159              		.loc 1 438 5 view .LVU405
 1160 004a 02F5F432 		add	r2, r2, #124928
 1161 004e 136C     		ldr	r3, [r2, #64]
 1162 0050 23F48013 		bic	r3, r3, #1048576
 1163 0054 1364     		str	r3, [r2, #64]
ARM GAS  C:\Users\honor\AppData\Local\Temp\cckALqDy.s 			page 35


 444:Core/Src/usart.c **** 
 1164              		.loc 1 444 5 view .LVU406
 1165 0056 4FF48051 		mov	r1, #4096
 1166 005a 2548     		ldr	r0, .L67+20
 1167              	.LVL54:
 444:Core/Src/usart.c **** 
 1168              		.loc 1 444 5 is_stmt 0 view .LVU407
 1169 005c FFF7FEFF 		bl	HAL_GPIO_DeInit
 1170              	.LVL55:
 446:Core/Src/usart.c **** 
 1171              		.loc 1 446 5 is_stmt 1 view .LVU408
 1172 0060 0421     		movs	r1, #4
 1173 0062 2448     		ldr	r0, .L67+24
 1174 0064 FFF7FEFF 		bl	HAL_GPIO_DeInit
 1175              	.LVL56:
 449:Core/Src/usart.c **** 
 1176              		.loc 1 449 5 view .LVU409
 1177 0068 E06B     		ldr	r0, [r4, #60]
 1178 006a FFF7FEFF 		bl	HAL_DMA_DeInit
 1179              	.LVL57:
 452:Core/Src/usart.c ****   /* USER CODE BEGIN UART5_MspDeInit 1 */
 1180              		.loc 1 452 5 view .LVU410
 1181 006e 3520     		movs	r0, #53
 1182 0070 FFF7FEFF 		bl	HAL_NVIC_DisableIRQ
 1183              	.LVL58:
 1184 0074 D6E7     		b	.L55
 1185              	.LVL59:
 1186              	.L64:
 463:Core/Src/usart.c **** 
 1187              		.loc 1 463 5 view .LVU411
 1188 0076 02F59432 		add	r2, r2, #75776
 1189 007a 536C     		ldr	r3, [r2, #68]
 1190 007c 23F01003 		bic	r3, r3, #16
 1191 0080 5364     		str	r3, [r2, #68]
 469:Core/Src/usart.c **** 
 1192              		.loc 1 469 5 view .LVU412
 1193 0082 4FF4C061 		mov	r1, #1536
 1194 0086 1C48     		ldr	r0, .L67+28
 1195              	.LVL60:
 469:Core/Src/usart.c **** 
 1196              		.loc 1 469 5 is_stmt 0 view .LVU413
 1197 0088 FFF7FEFF 		bl	HAL_GPIO_DeInit
 1198              	.LVL61:
 472:Core/Src/usart.c **** 
 1199              		.loc 1 472 5 is_stmt 1 view .LVU414
 1200 008c E06B     		ldr	r0, [r4, #60]
 1201 008e FFF7FEFF 		bl	HAL_DMA_DeInit
 1202              	.LVL62:
 475:Core/Src/usart.c ****   /* USER CODE BEGIN USART1_MspDeInit 1 */
 1203              		.loc 1 475 5 view .LVU415
 1204 0092 2520     		movs	r0, #37
 1205 0094 FFF7FEFF 		bl	HAL_NVIC_DisableIRQ
 1206              	.LVL63:
 1207 0098 C4E7     		b	.L55
 1208              	.LVL64:
 1209              	.L65:
 486:Core/Src/usart.c **** 
ARM GAS  C:\Users\honor\AppData\Local\Temp\cckALqDy.s 			page 36


 1210              		.loc 1 486 5 view .LVU416
 1211 009a 02F5FA32 		add	r2, r2, #128000
 1212 009e 136C     		ldr	r3, [r2, #64]
 1213 00a0 23F40033 		bic	r3, r3, #131072
 1214 00a4 1364     		str	r3, [r2, #64]
 492:Core/Src/usart.c **** 
 1215              		.loc 1 492 5 view .LVU417
 1216 00a6 0C21     		movs	r1, #12
 1217 00a8 1348     		ldr	r0, .L67+28
 1218              	.LVL65:
 492:Core/Src/usart.c **** 
 1219              		.loc 1 492 5 is_stmt 0 view .LVU418
 1220 00aa FFF7FEFF 		bl	HAL_GPIO_DeInit
 1221              	.LVL66:
 495:Core/Src/usart.c **** 
 1222              		.loc 1 495 5 is_stmt 1 view .LVU419
 1223 00ae E06B     		ldr	r0, [r4, #60]
 1224 00b0 FFF7FEFF 		bl	HAL_DMA_DeInit
 1225              	.LVL67:
 498:Core/Src/usart.c ****   /* USER CODE BEGIN USART2_MspDeInit 1 */
 1226              		.loc 1 498 5 view .LVU420
 1227 00b4 2620     		movs	r0, #38
 1228 00b6 FFF7FEFF 		bl	HAL_NVIC_DisableIRQ
 1229              	.LVL68:
 1230 00ba B3E7     		b	.L55
 1231              	.LVL69:
 1232              	.L66:
 509:Core/Src/usart.c **** 
 1233              		.loc 1 509 5 view .LVU421
 1234 00bc 02F5F832 		add	r2, r2, #126976
 1235 00c0 136C     		ldr	r3, [r2, #64]
 1236 00c2 23F48023 		bic	r3, r3, #262144
 1237 00c6 1364     		str	r3, [r2, #64]
 515:Core/Src/usart.c **** 
 1238              		.loc 1 515 5 view .LVU422
 1239 00c8 4FF44061 		mov	r1, #3072
 1240 00cc 0B48     		ldr	r0, .L67+32
 1241              	.LVL70:
 515:Core/Src/usart.c **** 
 1242              		.loc 1 515 5 is_stmt 0 view .LVU423
 1243 00ce FFF7FEFF 		bl	HAL_GPIO_DeInit
 1244              	.LVL71:
 518:Core/Src/usart.c ****   /* USER CODE BEGIN USART3_MspDeInit 1 */
 1245              		.loc 1 518 5 is_stmt 1 view .LVU424
 1246 00d2 2720     		movs	r0, #39
 1247 00d4 FFF7FEFF 		bl	HAL_NVIC_DisableIRQ
 1248              	.LVL72:
 1249              		.loc 1 523 1 is_stmt 0 view .LVU425
 1250 00d8 A4E7     		b	.L55
 1251              	.L68:
 1252 00da 00BF     		.align	2
 1253              	.L67:
 1254 00dc 004C0040 		.word	1073761280
 1255 00e0 00500040 		.word	1073762304
 1256 00e4 00100140 		.word	1073811456
 1257 00e8 00440040 		.word	1073759232
 1258 00ec 00480040 		.word	1073760256
ARM GAS  C:\Users\honor\AppData\Local\Temp\cckALqDy.s 			page 37


 1259 00f0 00080240 		.word	1073874944
 1260 00f4 000C0240 		.word	1073875968
 1261 00f8 00000240 		.word	1073872896
 1262 00fc 00040240 		.word	1073873920
 1263              		.cfi_endproc
 1264              	.LFE245:
 1266              		.global	hdma_usart2_rx
 1267              		.global	hdma_usart1_rx
 1268              		.global	hdma_uart5_rx
 1269              		.global	hdma_uart4_rx
 1270              		.global	huart3
 1271              		.global	huart2
 1272              		.global	huart1
 1273              		.global	huart5
 1274              		.global	huart4
 1275              		.section	.bss.hdma_uart4_rx,"aw",%nobits
 1276              		.align	2
 1277              		.set	.LANCHOR5,. + 0
 1280              	hdma_uart4_rx:
 1281 0000 00000000 		.space	96
 1281      00000000 
 1281      00000000 
 1281      00000000 
 1281      00000000 
 1282              		.section	.bss.hdma_uart5_rx,"aw",%nobits
 1283              		.align	2
 1284              		.set	.LANCHOR6,. + 0
 1287              	hdma_uart5_rx:
 1288 0000 00000000 		.space	96
 1288      00000000 
 1288      00000000 
 1288      00000000 
 1288      00000000 
 1289              		.section	.bss.hdma_usart1_rx,"aw",%nobits
 1290              		.align	2
 1291              		.set	.LANCHOR7,. + 0
 1294              	hdma_usart1_rx:
 1295 0000 00000000 		.space	96
 1295      00000000 
 1295      00000000 
 1295      00000000 
 1295      00000000 
 1296              		.section	.bss.hdma_usart2_rx,"aw",%nobits
 1297              		.align	2
 1298              		.set	.LANCHOR8,. + 0
 1301              	hdma_usart2_rx:
 1302 0000 00000000 		.space	96
 1302      00000000 
 1302      00000000 
 1302      00000000 
 1302      00000000 
 1303              		.section	.bss.huart1,"aw",%nobits
 1304              		.align	2
 1305              		.set	.LANCHOR2,. + 0
 1308              	huart1:
 1309 0000 00000000 		.space	72
 1309      00000000 
ARM GAS  C:\Users\honor\AppData\Local\Temp\cckALqDy.s 			page 38


 1309      00000000 
 1309      00000000 
 1309      00000000 
 1310              		.section	.bss.huart2,"aw",%nobits
 1311              		.align	2
 1312              		.set	.LANCHOR3,. + 0
 1315              	huart2:
 1316 0000 00000000 		.space	72
 1316      00000000 
 1316      00000000 
 1316      00000000 
 1316      00000000 
 1317              		.section	.bss.huart3,"aw",%nobits
 1318              		.align	2
 1319              		.set	.LANCHOR4,. + 0
 1322              	huart3:
 1323 0000 00000000 		.space	72
 1323      00000000 
 1323      00000000 
 1323      00000000 
 1323      00000000 
 1324              		.section	.bss.huart4,"aw",%nobits
 1325              		.align	2
 1326              		.set	.LANCHOR0,. + 0
 1329              	huart4:
 1330 0000 00000000 		.space	72
 1330      00000000 
 1330      00000000 
 1330      00000000 
 1330      00000000 
 1331              		.section	.bss.huart5,"aw",%nobits
 1332              		.align	2
 1333              		.set	.LANCHOR1,. + 0
 1336              	huart5:
 1337 0000 00000000 		.space	72
 1337      00000000 
 1337      00000000 
 1337      00000000 
 1337      00000000 
 1338              		.text
 1339              	.Letext0:
 1340              		.file 2 "e:\\ng_circumstance\\arm\\arm-none-eabi\\include\\machine\\_default_types.h"
 1341              		.file 3 "e:\\ng_circumstance\\arm\\arm-none-eabi\\include\\sys\\_stdint.h"
 1342              		.file 4 "Drivers/CMSIS/Device/ST/STM32F4xx/Include/stm32f407xx.h"
 1343              		.file 5 "Drivers/STM32F4xx_HAL_Driver/Inc/stm32f4xx_hal_def.h"
 1344              		.file 6 "Drivers/STM32F4xx_HAL_Driver/Inc/stm32f4xx_hal_gpio.h"
 1345              		.file 7 "Drivers/STM32F4xx_HAL_Driver/Inc/stm32f4xx_hal_dma.h"
 1346              		.file 8 "Drivers/STM32F4xx_HAL_Driver/Inc/stm32f4xx_hal_uart.h"
 1347              		.file 9 "Core/Inc/usart.h"
 1348              		.file 10 "Drivers/STM32F4xx_HAL_Driver/Inc/stm32f4xx_hal_cortex.h"
 1349              		.file 11 "Core/Inc/main.h"
ARM GAS  C:\Users\honor\AppData\Local\Temp\cckALqDy.s 			page 39


DEFINED SYMBOLS
                            *ABS*:00000000 usart.c
C:\Users\honor\AppData\Local\Temp\cckALqDy.s:20     .text.MX_UART4_Init:00000000 $t
C:\Users\honor\AppData\Local\Temp\cckALqDy.s:26     .text.MX_UART4_Init:00000000 MX_UART4_Init
C:\Users\honor\AppData\Local\Temp\cckALqDy.s:85     .text.MX_UART4_Init:0000002c $d
C:\Users\honor\AppData\Local\Temp\cckALqDy.s:91     .text.MX_UART5_Init:00000000 $t
C:\Users\honor\AppData\Local\Temp\cckALqDy.s:97     .text.MX_UART5_Init:00000000 MX_UART5_Init
C:\Users\honor\AppData\Local\Temp\cckALqDy.s:158    .text.MX_UART5_Init:00000038 $d
C:\Users\honor\AppData\Local\Temp\cckALqDy.s:165    .text.MX_USART1_UART_Init:00000000 $t
C:\Users\honor\AppData\Local\Temp\cckALqDy.s:171    .text.MX_USART1_UART_Init:00000000 MX_USART1_UART_Init
C:\Users\honor\AppData\Local\Temp\cckALqDy.s:229    .text.MX_USART1_UART_Init:0000002c $d
C:\Users\honor\AppData\Local\Temp\cckALqDy.s:235    .text.MX_USART2_UART_Init:00000000 $t
C:\Users\honor\AppData\Local\Temp\cckALqDy.s:241    .text.MX_USART2_UART_Init:00000000 MX_USART2_UART_Init
C:\Users\honor\AppData\Local\Temp\cckALqDy.s:299    .text.MX_USART2_UART_Init:0000002c $d
C:\Users\honor\AppData\Local\Temp\cckALqDy.s:305    .text.MX_USART3_UART_Init:00000000 $t
C:\Users\honor\AppData\Local\Temp\cckALqDy.s:311    .text.MX_USART3_UART_Init:00000000 MX_USART3_UART_Init
C:\Users\honor\AppData\Local\Temp\cckALqDy.s:369    .text.MX_USART3_UART_Init:0000002c $d
C:\Users\honor\AppData\Local\Temp\cckALqDy.s:375    .text.HAL_UART_MspInit:00000000 $t
C:\Users\honor\AppData\Local\Temp\cckALqDy.s:381    .text.HAL_UART_MspInit:00000000 HAL_UART_MspInit
C:\Users\honor\AppData\Local\Temp\cckALqDy.s:985    .text.HAL_UART_MspInit:00000298 $d
C:\Users\honor\AppData\Local\Temp\cckALqDy.s:1007   .text.HAL_UART_MspInit:000002dc $t
C:\Users\honor\AppData\Local\Temp\cckALqDy.s:1077   .text.HAL_UART_MspInit:00000334 $d
C:\Users\honor\AppData\Local\Temp\cckALqDy.s:1083   .text.HAL_UART_MspDeInit:00000000 $t
C:\Users\honor\AppData\Local\Temp\cckALqDy.s:1089   .text.HAL_UART_MspDeInit:00000000 HAL_UART_MspDeInit
C:\Users\honor\AppData\Local\Temp\cckALqDy.s:1254   .text.HAL_UART_MspDeInit:000000dc $d
C:\Users\honor\AppData\Local\Temp\cckALqDy.s:1301   .bss.hdma_usart2_rx:00000000 hdma_usart2_rx
C:\Users\honor\AppData\Local\Temp\cckALqDy.s:1294   .bss.hdma_usart1_rx:00000000 hdma_usart1_rx
C:\Users\honor\AppData\Local\Temp\cckALqDy.s:1287   .bss.hdma_uart5_rx:00000000 hdma_uart5_rx
C:\Users\honor\AppData\Local\Temp\cckALqDy.s:1280   .bss.hdma_uart4_rx:00000000 hdma_uart4_rx
C:\Users\honor\AppData\Local\Temp\cckALqDy.s:1322   .bss.huart3:00000000 huart3
C:\Users\honor\AppData\Local\Temp\cckALqDy.s:1315   .bss.huart2:00000000 huart2
C:\Users\honor\AppData\Local\Temp\cckALqDy.s:1308   .bss.huart1:00000000 huart1
C:\Users\honor\AppData\Local\Temp\cckALqDy.s:1336   .bss.huart5:00000000 huart5
C:\Users\honor\AppData\Local\Temp\cckALqDy.s:1329   .bss.huart4:00000000 huart4
C:\Users\honor\AppData\Local\Temp\cckALqDy.s:1276   .bss.hdma_uart4_rx:00000000 $d
C:\Users\honor\AppData\Local\Temp\cckALqDy.s:1283   .bss.hdma_uart5_rx:00000000 $d
C:\Users\honor\AppData\Local\Temp\cckALqDy.s:1290   .bss.hdma_usart1_rx:00000000 $d
C:\Users\honor\AppData\Local\Temp\cckALqDy.s:1297   .bss.hdma_usart2_rx:00000000 $d
C:\Users\honor\AppData\Local\Temp\cckALqDy.s:1304   .bss.huart1:00000000 $d
C:\Users\honor\AppData\Local\Temp\cckALqDy.s:1311   .bss.huart2:00000000 $d
C:\Users\honor\AppData\Local\Temp\cckALqDy.s:1318   .bss.huart3:00000000 $d
C:\Users\honor\AppData\Local\Temp\cckALqDy.s:1325   .bss.huart4:00000000 $d
C:\Users\honor\AppData\Local\Temp\cckALqDy.s:1332   .bss.huart5:00000000 $d

UNDEFINED SYMBOLS
HAL_UART_Init
Error_Handler
HAL_GPIO_Init
HAL_DMA_Init
HAL_NVIC_SetPriority
HAL_NVIC_EnableIRQ
HAL_GPIO_DeInit
HAL_DMA_DeInit
HAL_NVIC_DisableIRQ
